request_index,success,input_tokens,output_tokens,start_time_monotonic_s,e2e_ms,ttft_ms,tpot_ms,decode_tokens_s,e2e_tokens_s,pass_70,pass_80,itl_p50_ms,itl_p90_ms,itl_p99_ms,raw_chunk_gap_p90_ms,raw_chunk_gap_p99_ms,itl_samples
0,True,10000,500,3898127.655320062,6796.4293523691595,57.74891097098589,13.504369622040429,74.05010585373077,73.56804199336017,True,False,12.390743708238006,16.452129712949198,16.598508708799873,49.71102522686124,50.322810243815184,499
1,True,10000,500,3898127.656030275,6847.177644260228,77.27003190666437,13.566949122953034,73.70853910759976,73.02278777871845,True,False,12.389116338454187,16.461401867369812,17.0817490046223,49.847784359008074,51.14213334396481,499
2,True,10000,500,3898127.6564491,6846.840738784522,76.8868769519031,13.567041807279796,73.70803556184374,73.02638093620416,True,False,12.386716320179403,16.463955709089834,17.102056027700502,49.850114062428474,51.17950310930609,499
3,True,10000,500,3898127.656860806,6846.304554026574,76.42147084698081,13.56689996629177,73.70880617418817,73.03210017233762,True,False,12.390718795359135,16.46130857989192,17.07437929386894,49.852320086210966,51.12800143659114,499
4,True,10000,500,3898127.657223983,6846.0246860049665,76.09391398727894,13.566995535105587,73.70828695361676,73.03508575160829,True,False,12.391006341204047,16.458765758822363,17.10990568002065,49.836323875933886,51.19587766006588,499
5,True,10000,500,3898127.657576129,6845.831098034978,75.81235701218247,13.567171825696985,73.70732919486903,73.0371510543869,True,False,12.386703747324646,16.474122026314337,17.11900858208537,49.89374354481697,51.21796276420354,499
6,True,10000,500,3898127.657921365,6845.1992850750685,75.34232316538692,13.566847619057478,73.7090905771869,73.04389239480216,True,False,12.392451171763241,16.45902885744969,17.074396057675283,49.820244032889605,51.12760212272405,499
7,True,10000,500,3898127.658268792,6845.177694689482,75.21069282665849,13.56706814000566,73.70789249972638,73.04412278265649,True,False,12.384671252220869,16.473375260829926,17.125481894860666,49.9076409265399,51.22184919193386,499
8,True,10000,500,3898127.658650088,6844.869897700846,74.86782688647509,13.567138418465673,73.70751068913259,73.04740739746525,True,False,12.384958798065782,16.476981962720554,17.11478891472022,49.91467297077179,51.20096947997808,499
9,True,10000,500,3898127.658999074,6844.081636983901,74.24424402415752,13.566808402724938,73.70930364131527,73.05582056445832,True,False,12.392271193675697,16.458135719100635,17.068269196897745,49.8054089024663,51.115654818713665,499
10,True,10000,500,3898127.659352921,6843.245915137231,73.69882892817259,13.566226625669456,73.71246460735377,73.06474240447828,True,False,12.393291224725544,16.45492234577735,17.020073253661394,49.73462503403425,50.97007658332586,499
11,True,10000,500,3898127.659701777,6843.627250753343,73.65132961422205,13.567086014306856,73.707795391396,73.06067114408667,True,False,12.386383954435587,16.46717203160127,17.108389021207888,49.86390583217144,51.191817186772816,499
12,True,10000,500,3898127.660050074,6842.920477967709,73.14968388527632,13.566674938040947,73.71002877027743,73.06821723412689,True,False,12.39086373243481,16.45983538279931,17.130105445782345,49.80058064684272,51.17395125329494,499
13,True,10000,500,3898127.66039153,6842.519951984286,72.68742006272078,13.566798661165462,73.70935656784447,73.07249427237743,True,False,12.393508804962039,16.45454904064536,17.117048613727093,49.72962746396661,51.16384366527199,499
14,True,10000,500,3898127.660766166,6842.269714921713,72.45719200000167,13.56675856296936,73.70957442476441,73.07516669645356,True,False,12.393106240779161,16.459502279758453,17.106409029414255,49.780427012592554,51.187406908720725,499
15,True,10000,500,3898127.661110493,6842.25741494447,72.26090412586927,13.56712727618958,73.7075712229079,73.07529805995436,True,False,12.386608752422035,16.466548666357994,17.112492428471644,49.87902566790581,51.205163914710276,499
16,True,10000,500,3898127.661455289,6842.027808073908,72.04507617279887,13.567099663128475,73.70772123961882,73.07775034325013,True,False,12.411860981956124,16.52040844783187,16.969930691023666,49.991131108254194,50.938654728233814,499
17,True,10000,500,3898127.661795026,6842.532821930945,71.96974661201239,13.568262675989844,73.70140333217326,73.07235683217392,True,False,12.414438533596694,16.517315059900284,17.270307367046673,49.9860305339098,51.50252757593988,499
18,True,10000,500,3898127.662143692,6843.254244886339,71.68833026662469,13.570272373987404,73.69048847662637,73.06465346857863,True,False,12.411443400196731,16.518825044234593,17.59443727011482,49.99004462733865,52.12580380961296,499
19,True,10000,500,3898127.662521519,6841.579580679536,71.06440467759967,13.56816668537462,73.70192474698285,73.0825380460367,True,False,12.409561197273433,16.486958600580692,17.235667599985998,49.938059598207474,51.43518052995204,499
20,True,10000,500,3898127.662863305,6841.080747079104,70.673200301826,13.567950995545647,73.70309638708892,73.08786703233726,True,False,12.397571001201868,16.484685242176056,17.210838074485462,49.92449143901467,51.38694273307919,499
21,True,10000,500,3898127.663212151,6841.04048833251,70.51872229203582,13.568179891864677,73.70185300974586,73.08829714613691,True,False,12.416235986165702,16.511491655061644,17.258051006744306,49.984998255968094,51.4786136522889,499
22,True,10000,500,3898127.663551988,6840.442162938416,70.00105688348413,13.568018248607078,73.70273106042308,73.09469009313536,True,False,12.39604374859482,16.490388661623,17.220080985377233,49.9239650554955,51.40452701598405,499
23,True,10000,500,3898127.663890395,6840.170746203512,69.67901019379497,13.568119711442318,73.70217990903163,73.09759047718423,True,False,12.404743465594947,16.48740532497565,17.22914803152283,49.92469344288111,51.42216976732015,499
24,True,10000,500,3898127.664268561,6840.0945868343115,69.51289065182209,13.56829999234968,73.70120063411318,73.09840436452309,True,False,12.413643533363938,16.52063134436806,17.27582731594642,49.99312274158001,51.51304675266145,499
25,True,10000,500,3898127.664614637,6839.673621114343,69.13277599960566,13.56821812648244,73.70164532129688,73.10290339826746,True,False,12.41523609496653,16.51446847245097,17.26396071414153,49.98505795374513,51.49019448086618,499
26,True,10000,500,3898127.664958614,6839.179436210543,68.71908903121948,13.568056807974596,73.70252160296471,73.1081856622613,True,False,12.409323710016906,16.488118562847376,17.241037761171658,49.94579711928964,51.44519602879881,499
27,True,10000,500,3898127.66530382,6839.99644825235,68.49410198628902,13.570144982497116,73.6911802556132,73.09945316239927,True,False,12.412633514031768,16.521121685703594,17.580464016646147,49.99090312048793,52.09844961762426,499
28,True,10000,500,3898127.665645197,6838.569472078234,68.06892575696111,13.5681373673773,73.70208400191768,73.11470652473324,True,False,12.417048448696733,16.492615298678476,17.25243063022693,49.985492788255215,51.467685569077716,499
29,True,10000,500,3898127.665984623,6838.192245922983,67.71152978762984,13.568097627525756,73.7022998693117,73.1187398684362,True,False,12.410733848810196,16.48936529333393,17.246301130702097,49.98559048399329,51.455571763217435,499
30,True,10000,500,3898127.666359659,6838.993878103793,67.45499325916171,13.570218206101464,73.6907826250265,73.11016926054509,True,False,12.411228497512639,16.519325009236734,17.586134374141693,49.99025696888566,52.109721936285474,499
31,True,10000,500,3898127.666699876,6890.935328789055,85.6055379845202,13.637935452514098,73.32488142959014,72.55909047805054,True,False,12.40799855440855,16.49161505823334,22.26334053557366,49.961996637284756,52.90773119777438,499
32,True,10000,500,3898127.667044032,6890.770521014929,85.29130090028048,13.638234910049396,73.32327142005344,72.56082588661738,True,False,12.417630990967155,16.522724647074938,22.30773528572172,49.996510706841946,52.559255436062806,499
33,True,10000,500,3898127.667379949,6890.099617186934,84.8778854124248,13.63771890135172,73.32604574368253,72.56789129039302,True,False,12.42105569690466,16.52456121519208,22.314757574349642,49.9846207909286,55.89060945436348,499
34,True,10000,500,3898127.667718796,6889.521572738886,84.51767778024077,13.637282354626544,73.32839300351826,72.5739798795968,True,False,12.422403553500772,16.525435106207926,22.31813280377537,49.98541260138154,55.88635588064779,499
35,True,10000,500,3898127.668095572,6889.443464111537,84.17122205719352,13.6378201243574,73.32550150107798,72.57480268248054,True,False,12.420408194884658,16.523728302369516,22.31417258735746,49.99257056042552,55.892154760658634,499
36,True,10000,500,3898127.668436148,6889.246815815568,83.87702563777566,13.638015611578743,73.32445045384719,72.57687427487073,True,False,12.420000974088907,16.525474687417347,22.305714897811413,49.992106668651104,55.89248731732358,499
37,True,10000,500,3898127.668776335,6888.995697721839,83.55168765410781,13.63816434883313,73.3236507804336,72.57951985154351,True,False,12.418521102517843,16.523818330218393,22.30799023527652,49.992739129811525,55.891435407102,499
38,True,10000,500,3898127.669122921,6888.605582993478,83.19842210039496,13.63809050279175,73.32404780532126,72.58363016666176,True,False,12.419228442013264,16.52498170733452,22.30793028138578,49.99133460223675,55.892517250031126,499
39,True,10000,500,3898127.669460248,6888.127046637237,82.83614600077271,13.637857516305539,73.32530045899009,72.58867274291906,True,False,12.420930783264339,16.523031673083704,22.30833249632269,49.992002453655005,55.89298345148553,499
40,True,10000,500,3898134.453005721,6855.787287000567,58.420765213668346,13.621976997568934,73.41078319090293,72.93108421669714,True,False,12.401106301695108,16.489486675709486,16.956991059705466,49.844080209732056,50.3973657079041,499
41,True,10000,500,3898134.504479806,6855.688468087465,78.11282388865948,13.582315920238086,73.62514654146484,72.93213545619078,True,False,12.402411317452788,16.483658614257973,16.657697036862373,49.89598961547017,50.852828174829476,499
42,True,10000,500,3898134.505481216,6854.257432743907,76.99334574863315,13.581691557104756,73.62853115868967,72.94736226442537,True,False,12.407888541929424,16.477868737032015,16.64714701473713,49.875641614198685,50.662845689803355,499
43,True,10000,500,3898134.505885292,6854.106534272432,76.67921902611852,13.582018667828283,73.62675788163207,72.94896825718442,True,False,12.403671280480921,16.4834619499743,16.657053648183744,49.889927450567484,50.76902821660041,499
44,True,10000,500,3898134.506271658,6853.683778084815,76.28529286012053,13.581960892233855,73.62707107865393,72.95346797276945,True,False,12.402068474330008,16.483312007039785,16.65484703456362,49.88398002460599,50.75331360101699,499
45,True,10000,500,3898134.506635514,6853.6114688031375,75.971526093781,13.582444774968652,73.62444807012352,72.95423767103567,True,False,12.403020984493196,16.4855287099878,16.658300378670294,49.889344163239,50.883597992360585,499
46,True,10000,500,3898134.506992121,6852.69074793905,75.47193067148328,13.58160083620755,73.62902297452841,72.96403973145516,True,False,12.399068800732493,16.478812011579674,16.646013595163822,49.847852904349566,50.883702188730226,499
47,True,10000,500,3898134.507346267,6852.57296031341,75.20329393446445,13.581903139035962,73.62738415692895,72.96529389701412,True,False,12.40813871845603,16.47862233221531,16.65127696469426,49.86050594598055,50.72960874065756,499
48,True,10000,500,3898134.507697874,6851.678567938507,74.7302076779306,13.581058838197547,73.63196138930196,72.97481851231049,True,False,12.40102096926421,16.478508555640776,16.64604355270664,49.83371254056692,50.71764562278985,499
49,True,10000,500,3898134.508272858,6851.937585975975,74.32743208482862,13.582385077938168,73.62477166284273,72.97205990658205,True,False,12.39792350679636,16.48516533896327,16.65823037425677,49.89307392388582,50.86875973269343,499
50,True,10000,500,3898134.508637474,6851.4946810901165,73.94837588071823,13.582257124668132,73.62546525376827,72.97677707901931,True,False,12.404901091940701,16.479888775696356,16.657523345202208,49.90065898746252,50.838047936558716,499
51,True,10000,500,3898134.50899088,6850.839728023857,73.54166079312563,13.581759653769002,73.62816199758736,72.98375379513168,True,False,12.404065928421915,16.47766524304946,16.646453645080328,49.85765004530549,50.69663379341363,499
52,True,10000,500,3898134.509348127,6850.93980608508,73.27744271606207,13.582489706150335,73.62420451879206,72.98268765343617,True,False,12.400638428516686,16.48838197191556,16.65773692851265,49.887942895293236,50.89967651292681,499
53,True,10000,500,3898134.509701963,6850.392251741141,72.87654699757695,13.582195801089306,73.62579767255299,72.98852118620167,True,False,12.402263469994068,16.483542354156572,16.65748671318094,49.89610752090812,50.82417489960789,499
54,True,10000,500,3898134.51005333,6849.827567115426,72.48815102502704,13.581842517215229,73.62771278878267,72.994538198362,True,False,12.407238595187664,16.478098773707945,16.6474636644125,49.85692594200373,50.71808906272053,499
55,True,10000,500,3898134.510403036,6849.383932072669,72.0801348797977,13.581771136659063,73.62809974767303,72.99926605934859,True,False,12.401916086673737,16.478445380926132,16.646356942753,49.857915844768286,50.68009672686457,499
56,True,10000,500,3898134.510799812,6849.252112675458,71.77113881334662,13.582126200124472,73.62617496447909,73.0006709892724,True,False,12.412176001816988,16.505585052073002,16.655803347627323,49.96869042515755,50.62385253608227,499
57,True,10000,500,3898134.511878701,6849.191823974252,70.86974801495671,13.583811775469528,73.61703890846461,73.0013135637183,True,False,12.410973431542516,16.52301164964835,16.65608709057172,49.972900934517384,51.180232074111686,499
58,True,10000,500,3898134.512259787,6848.532490897924,70.41462184861302,13.583402543184992,73.61925679672328,73.00834166509796,True,False,12.399561004713178,16.491328676541645,16.695960114399593,49.944221042096615,51.08425352722405,499
59,True,10000,500,3898134.512614313,6848.2206938788295,70.06763573735952,13.583473062407755,73.61887459897858,73.01166570857112,True,False,12.40053353831172,16.493512007097404,16.68935005242626,49.94400683790445,51.100804712623344,499
60,True,10000,500,3898134.51296469,6848.201053682715,69.79908887296915,13.583971873366224,73.61617127319563,73.01187510128928,True,False,12.41412595845759,16.529145029683907,16.65607700124383,49.972722958773375,51.21623361483215,499
61,True,10000,500,3898134.513305226,6847.571210935712,69.38406312838197,13.583541378371404,73.61850434616888,73.01859076711604,True,False,12.40527129266411,16.496955417096615,16.689423471689224,49.94765315204859,51.116570010781274,499
62,True,10000,500,3898134.513645163,6847.2702843137085,69.05173603445292,13.58360430516885,73.61816330438003,73.02179981786921,True,False,12.409251066856086,16.50086836889386,16.656316972027223,49.95349645614624,51.13129317760466,499
63,True,10000,500,3898134.513987929,6847.002767026424,68.72385973110795,13.583725265120874,73.61750775155284,73.0246528317301,True,False,12.411988573148847,16.505915361146133,16.655603578935068,49.967670533806086,51.1492591165006,499
64,True,10000,500,3898134.514420415,6846.839918289334,68.35694331675768,13.584134218381916,73.61529148076363,73.02638968736453,True,False,12.413263437338173,16.52965834364295,16.656653334697086,49.971132446080446,51.23588571324943,499
65,True,10000,500,3898134.514767081,6845.973496790975,67.89944879710674,13.583314725438614,73.61973275398059,73.0356318548959,True,False,12.399566010572016,16.490938762823742,16.695102987190086,49.95305258780718,51.06274684891104,499
66,True,10000,500,3898134.515114788,6846.183424815536,67.67013994976878,13.584194959650835,73.61496231247433,73.03339232595452,True,False,12.412533513270319,16.52893501644333,16.656623377154272,49.97004633769393,51.24569561332463,499
67,True,10000,500,3898134.515452364,6845.751800108701,67.31790490448475,13.584035862132698,73.61582449790438,73.03799708193638,True,False,12.413788586854935,16.530608292669058,16.655957015852135,49.97182721272111,51.22693048790096,499
68,True,10000,500,3898134.515985269,6845.121815800667,66.77077990025282,13.583869811423675,73.6167243857878,73.04471906487402,True,False,12.413361226208508,16.52511504168312,16.656250227242708,49.972702749073505,51.19184553623198,499
69,True,10000,500,3898134.516361565,6844.671450089663,66.3567939773202,13.58379690603676,73.6171194929741,73.04952526150107,True,False,12.411475996486843,16.5163849790891,16.655676998198032,49.97003888711333,51.16684749722479,499
70,True,10000,500,3898134.516715022,6844.236944336444,65.98883727565408,13.58366354120399,73.61784226815183,73.05416280389683,True,False,12.411971110850573,16.50479156523943,16.65598697339495,49.966179206967354,51.14556662738322,499
71,True,10000,500,3898134.55812454,6856.519008986652,43.64833515137434,13.653047442555668,73.24372116975618,72.92330107225892,True,False,12.413473566994071,16.56019811828931,22.674786509014666,49.996878672391176,52.74165267124769,499
72,True,10000,500,3898134.558741583,6855.946246068925,43.037232011556625,13.653124276668073,73.24330898451628,72.92939326744153,True,False,12.40682101342827,16.54040797924002,22.696291212923825,49.981075152754784,52.726292442530365,499
73,True,10000,500,3898134.559156799,6855.193982832134,42.5613559782505,13.65257039449676,73.24628045156184,72.93739626510634,True,False,12.40748877171427,16.543861323346693,22.70054374821484,49.97160891070962,55.51331458613266,499
74,True,10000,500,3898134.559518805,6854.540870059282,42.17809112742543,13.65202961709791,73.24918184674843,72.94434586917501,True,False,12.407951056957245,16.545421288659174,22.70395599771291,49.971574917435646,55.506849549710644,499
75,True,10000,500,3898134.559870162,6854.727767873555,41.89643310382962,13.652968606752959,73.24414409811104,72.94235700261922,True,False,12.407158501446247,16.541168093681335,22.696551284752786,49.973883014172316,55.51318081095804,499
76,True,10000,500,3898134.560223118,6854.236333165318,41.507977060973644,13.652762236682053,73.24525122932367,72.947586820237,True,False,12.408283539116383,16.543054953217506,22.700636298395693,49.972402676939964,55.51284581422795,499
77,True,10000,500,3898134.560568295,6853.936436120421,41.185240261256695,13.652808007733794,73.24500567454974,72.95077867442528,True,False,12.407846050336957,16.542531394710142,22.696643718518317,49.97305106371641,55.51209591329087,499
78,True,10000,500,3898134.560909861,6853.502391371876,40.81503441557288,13.65268007406073,73.245692023498,72.95539877967624,True,False,12.408570968545973,16.543325036764145,22.70054630935192,49.97207885608077,55.51345804706205,499
79,True,10000,500,3898134.561256238,6853.2955422997475,40.504157077521086,13.652888547539531,73.24457359466368,72.95760075045821,True,False,12.407721020281315,16.541891420880955,22.69653114490211,49.97335718944669,55.51097426563491,499
80,True,10000,500,3898141.309981236,7021.792235318571,58.18484723567963,13.95512502621822,71.6582616150875,71.20689180820166,True,False,12.35209172591567,16.410269308835268,20.648056990467012,49.48444617912173,50.214464124292135,499
81,True,10000,500,3898141.361373412,7022.009362932295,78.31209199503064,13.915224991858246,71.86373203344516,71.2046900192692,True,False,12.385828769765794,16.41296794017156,16.574926280106105,49.57235464826226,50.738300755619996,499
82,True,10000,500,3898141.362364622,7020.525098312646,77.22415309399366,13.914430751941186,71.86783403701162,71.21974396476026,True,False,12.36994401551783,16.408702762176592,16.566511870672304,49.544785637408495,50.60272216796875,499
83,True,10000,500,3898141.362783418,7019.687005784363,76.72225777059793,13.913757010047625,71.87131407267383,71.22824701272151,True,False,12.358451494947076,16.409642683962982,16.568845168997843,49.48524571955204,50.48963138833642,499
84,True,10000,500,3898141.363162604,7019.619117025286,76.37255173176527,13.914321774135312,71.86839691021474,71.2289358816217,True,False,12.37017149105668,16.412747496118147,16.565543667723734,49.508324824273586,50.58181416243315,499
85,True,10000,500,3898141.36352733,7019.505648873746,76.08350506052375,13.914673634896237,71.86657957195106,71.23008727547975,True,False,12.372433906421065,16.409080071995657,16.579792800669868,49.58522506058216,50.63482206314802,499
86,True,10000,500,3898141.363886766,7019.046183675528,75.70976903662086,13.914501832943701,71.86746690653486,71.23474998111135,True,False,12.370016542263329,16.408909484744072,16.566884766022365,49.57078490406275,50.60565480962396,499
87,True,10000,500,3898141.364245293,7018.986103590578,75.39993058890104,13.915002350704762,71.86488185892058,71.23535972584757,True,False,12.377353967167437,16.41144333407283,16.57387939902643,49.56811387091875,50.6907932460308,499
88,True,10000,500,3898141.364593329,7018.599578179419,75.04541520029306,13.914938202362979,71.86521315848776,71.23928277009598,True,False,12.377756414934993,16.411311986545723,16.573860899855692,49.56414503976703,50.68053528666496,499
89,True,10000,500,3898141.365118454,7017.727116588503,74.42610058933496,13.914430893785909,71.86783330438568,71.2481394179748,True,False,12.369793839752674,16.40723800907532,16.56613498615722,49.53620536252856,50.595886539667845,499
90,True,10000,500,3898141.365479,7017.495818901807,74.12463519722223,13.914571510430031,71.86710702880242,71.25048776705175,True,False,12.370056472718716,16.408462760349114,16.579398363828656,49.58380525931716,50.61296597123146,499
91,True,10000,500,3898141.365831297,7017.437858972698,73.82079726085067,13.915064251927552,71.86456216768653,71.25107625437475,True,False,12.380123953334987,16.41199675699075,16.57424916823705,49.5669050142169,50.70117712020873,499
92,True,10000,500,3898141.366182583,7017.1630419790745,73.49593099206686,13.915164551076169,71.86404417493304,71.25386669923851,True,False,12.38229125738144,16.412196680903435,16.574387336149808,49.57133485004306,50.72744889184832,499
93,True,10000,500,3898141.36652975,7016.543797682971,73.08827480301261,13.914740526813542,71.8662340898856,71.26015520135596,True,False,12.374198995530605,16.409630700945854,16.58009862837692,49.54928485676646,50.6467298604548,499
94,True,10000,500,3898141.366875946,7016.237852163613,72.74882914498448,13.914807661359976,71.86588735803367,71.26326252548778,True,False,12.37387373112142,16.408125621577106,16.580544436971344,49.54923503100872,50.658337865024805,499
95,True,10000,500,3898141.367269502,7015.883915126324,72.36245321109891,13.914872669168787,71.86555161339723,71.26685761176785,True,False,12.374048703350127,16.408307664096355,16.58071167146166,49.5462347753346,50.66945143043995,499
96,True,10000,500,3898141.367616068,7015.692268032581,72.05414585769176,13.915106457264306,71.86434419824042,71.2688044027073,True,False,12.405518791638315,16.406047592560448,16.578674328823883,49.727673176676035,50.43082823976874,499
97,True,10000,500,3898141.368635438,7015.420089941472,71.13410485908389,13.916404779724225,71.85763965826644,71.27156942702364,True,False,12.400651001371443,16.40133025745551,16.581609050432842,49.65606424957514,50.991288479417555,499
98,True,10000,500,3898141.369019904,7015.336030628532,70.81943796947598,13.916866919156424,71.85525347113223,71.27242341878284,True,False,12.405886198394,16.402715661873422,16.58359090797603,49.732003826648,51.07235917821526,499
99,True,10000,500,3898141.36937694,7014.473209623247,70.33522380515933,13.9161081880122,71.85917114825489,71.2811903414277,True,False,12.3991584405303,16.41883933916688,16.579228322952986,49.61197404190898,50.92685874551534,499
100,True,10000,500,3898141.369718447,7014.374551363289,70.05818607285619,13.916465661904676,71.85732529326236,71.28219292236423,True,False,12.403568485751748,16.400867669532698,16.581849167123437,49.65432407334447,51.00063029676675,499
101,True,10000,500,3898141.370066863,7013.94896581769,69.69515001401305,13.916340312231817,71.85797253901922,71.28651811365293,True,False,12.399193830788136,16.417463247974712,16.580967527503766,49.65665424242616,50.98074292764067,499
102,True,10000,500,3898141.37041092,7013.719757087529,69.3723727017641,13.91652782442037,71.85700432008804,71.28884776081027,True,False,12.404758716002107,16.400799714028835,16.582024476180475,49.65220391750336,51.01006785407662,499
103,True,10000,500,3898141.370752126,7013.472990132868,69.06671682372689,13.916645838294873,71.85639496898516,71.29135603764942,True,False,12.404993525706232,16.401454309622444,16.582459251706798,49.74201321601868,51.04255005717277,499
104,True,10000,500,3898141.371918745,7012.36238097772,67.90715828537941,13.916743933251183,71.85588847479666,71.30264707316594,True,False,12.405531015247107,16.403819527477026,16.58285287829737,49.73506275564432,51.05179771780967,499
105,True,10000,500,3898141.372281091,7012.111844029278,67.56503134965897,13.916927480319877,71.85494078445936,71.30519465768982,True,False,12.406331021338701,16.404049564152956,16.57927960778276,49.72996283322573,51.06873381882905,499
106,True,10000,500,3898141.372641137,7011.524789966643,67.17049609869719,13.916541671078047,71.85693282392441,71.31116482900985,True,False,12.404856272041798,16.401280338565506,16.582495753342904,49.742132890969515,51.0199699550867,499
107,True,10000,500,3898141.372987394,7010.95066498965,66.73940969631076,13.916255020627935,71.85841295073347,71.3170044822642,True,False,12.399463797919452,16.417089259872835,16.579963071271777,49.661314114928246,50.95618236809968,499
108,True,10000,500,3898141.37334864,7010.625629220158,66.40635337680578,13.916271093874453,71.85832995450711,71.3203109742459,True,False,12.399263679981232,16.4170293447872,16.58060947433114,49.65891409665346,50.96726054325699,499
109,True,10000,500,3898141.373694866,7010.622530244291,66.13772688433528,13.916803213146204,71.85558239807342,71.32034250067905,True,False,12.405833578668535,16.402347292751074,16.583056018377345,49.73446298390627,51.062021870166056,499
110,True,10000,500,3898141.374042063,7009.856496937573,65.6774309463799,13.916190513008404,71.85874604585446,71.32813634893057,True,False,12.399536208249629,16.419063415378332,16.579787150646247,49.66334393247962,50.943544879555695,499
111,True,10000,500,3898141.414912656,7022.851075045764,44.59207598119974,13.984486972073276,71.50780732943431,71.19615589979483,True,False,12.40949600469321,16.40918602546056,22.378454450517893,49.74303301423788,52.71763298660515,499
112,True,10000,500,3898141.415598729,7022.113231942058,43.89948304742575,13.984396290370004,71.5082710212256,71.20363678067869,True,False,12.406786088831723,16.416639400025208,22.398186731152236,49.6840444393456,52.628925070166574,499
113,True,10000,500,3898141.415997995,7021.814934909344,43.52880688384175,13.984541338728462,71.50752933388121,71.2066616159623,True,False,12.406006106175482,16.41663598517577,22.392594255506992,49.671283923089504,55.00817559659477,499
114,True,10000,500,3898141.416371332,7021.268249955028,43.119209818542004,13.984266613499972,71.50893412133829,71.21220585799475,True,False,12.404436245560646,16.409755994876225,22.39850431215018,49.677923787385225,55.01910503953691,499
115,True,10000,500,3898141.416726958,7021.133741829544,42.80660394579172,13.98462352281313,71.50710910227215,71.21357011349447,True,False,12.40533881355077,16.416536023219425,22.392479237169027,49.66916423290968,55.00889178365465,499
116,True,10000,500,3898141.417080464,7020.246990956366,42.39015793427825,13.983681028100376,71.51192865387074,71.22256533767413,True,False,12.404248816892505,16.410485996554296,22.40162924863398,49.682783894240856,55.01316338777538,499
117,True,10000,500,3898141.417426351,7020.47964790836,42.113490868359804,13.98470171751503,71.50670927414617,71.22020503954698,True,False,12.404711218550801,16.416342618564766,22.392384242266417,49.66671299189329,55.00863147899504,499
118,True,10000,500,3898141.417767657,7020.18759213388,41.7785351164639,13.984787689413658,71.50626968452227,71.22316796209977,True,False,12.40403123665601,16.415789257735014,22.392291692085564,49.66379422694445,55.00811096280809,499
119,True,10000,500,3898141.418113434,7019.88518377766,41.438907850533724,13.984862276407066,71.50588831232423,71.22623617198985,True,False,12.403051019646227,16.415905983497698,22.39224419463426,49.66132389381528,55.007292982190805,499
120,True,10000,500,3898148.333200146,6835.7330318540335,57.96370981261134,13.58270405218722,73.62304266939913,73.14504496738466,True,False,12.3568867566064,16.424979238460462,16.633947379887104,49.645732529461384,52.026313003152566,499
121,True,10000,500,3898148.384467874,6836.202426813543,77.88495579734445,13.543722386806008,73.83494518273481,73.14002260068497,True,False,12.353596510365605,16.402630042284727,16.56705871224403,49.61159089580178,51.39677768573163,499
122,True,10000,500,3898148.385352035,6835.443223826587,77.02225493267179,13.543929797382596,73.83381448073165,73.14814615929063,True,False,12.353359255939722,16.403253407528005,16.580807703236736,49.63329182937741,51.423574425280066,499
123,True,10000,500,3898148.385766611,6834.815970156342,76.57013880088925,13.543578820351609,73.83572785778927,73.15485920662803,True,False,12.35336170066148,16.406205513825018,16.55981093334655,49.58221632987261,51.37596881017087,499
124,True,10000,500,3898148.386143617,6834.483844228089,76.20142307132483,13.543652146606743,73.83532810612995,73.15841421181555,True,False,12.353356811217964,16.405489295721054,16.562861201042928,49.599374644458294,51.3868906535208,499
125,True,10000,500,3898148.386519093,6834.39706498757,75.87792677804828,13.544126529478,73.83274202463765,73.15934313525422,True,False,12.356503983028233,16.39042564978202,16.578187961131334,49.62517395615578,51.37322686612603,499
126,True,10000,500,3898148.386876469,6833.186578005552,75.35529276356101,13.542748066617218,73.84025716796675,73.17230318419585,True,False,12.34997424762696,16.401749973495804,16.508781624337036,49.52806495130062,51.16413554176687,499
127,True,10000,500,3898148.387237046,6833.1498969346285,75.02747513353825,13.543331506615411,73.83707616634337,73.17269598085379,True,False,12.349959230050445,16.40134158854683,16.51384343082706,49.52917341142893,51.35713266208766,499
128,True,10000,500,3898148.387590332,6832.858371082693,74.68421896919608,13.543435174576146,73.8365109818821,73.17581791480525,True,False,12.353066704235971,16.402610329290233,16.505294454594452,49.52969532459974,51.32037468254564,499
129,True,10000,500,3898148.388122977,6832.592012826353,74.23736294731498,13.543796893545167,73.8345390040949,73.17867056329202,True,False,12.35335657838732,16.4003216351072,16.572001622989774,49.623026605695486,51.40609495341776,499
130,True,10000,500,3898148.388479843,6832.4746852740645,73.93548730760813,13.544166729391696,73.83252288455198,73.17992719060385,True,False,12.35670899040997,16.38928841178616,16.578053378810484,49.64208407327533,51.37677289545533,499
131,True,10000,500,3898148.38882661,6832.165436819196,73.59687006101012,13.544225584685742,73.83220205152854,73.18323957810682,True,False,12.360453954897821,16.385464339206617,16.57845460499326,49.6455542743206,51.29122722893951,499
132,True,10000,500,3898148.389181646,6831.574883777648,73.18556401878595,13.543866372262249,73.83416024009168,73.18956587701423,True,False,12.353371479548514,16.402379640688498,16.57635599374771,49.633124098181725,51.41560921445487,499
133,True,10000,500,3898148.389528482,6830.966589972377,72.75510858744383,13.543509982735337,73.83610314274183,73.19608336746703,True,False,12.353249010629952,16.406014251212277,16.55450983904302,49.564066994935274,51.32978342473505,499
134,True,10000,500,3898148.389872929,6830.966690089554,72.50820100307465,13.544004988149258,73.83340458564366,73.19608229467812,True,False,12.35342922154814,16.401407588273287,16.575624843438465,49.63288689032197,51.43263025209305,499
135,True,10000,500,3898148.390266435,6830.612082965672,72.12220458313823,13.544067892550167,73.83306167196962,73.19988222532953,True,False,12.353556812740862,16.397756431251764,16.577956546097994,49.62166203185916,51.44441751763222,499
136,True,10000,500,3898148.390614251,6829.926620703191,71.71433977782726,13.543511585020767,73.83609440745103,73.20722868154641,True,False,12.382051325403154,16.39326351384322,16.601739556839068,49.761312920600176,50.72233192622661,499
137,True,10000,500,3898148.391639501,6830.080049112439,70.88650809600949,13.545478038109078,73.82537531614484,73.2055841812534,True,False,12.367473915219307,16.39648967732986,16.575311130533613,49.717114958912134,51.50725716724989,499
138,True,10000,500,3898148.392022347,6829.771571792662,70.51823101937771,13.545597877301171,73.82472217603143,73.20889062600979,True,False,12.379196239635348,16.395966770748295,16.5802102163434,49.72629100084305,51.53431754559276,499
139,True,10000,500,3898148.392382633,6829.064220190048,70.06253628060222,13.54509355492875,73.82747088048889,73.21647357214124,True,False,12.366564013063908,16.39414693539341,16.568290935829282,49.66754335910082,51.44213899970052,499
140,True,10000,500,3898148.39273708,6828.758351970464,69.71605913713574,13.545174935537732,73.82702731851435,73.2197530251928,True,False,12.366773677058518,16.39517831305663,16.56837496906519,49.67405805364251,51.45737169310448,499
141,True,10000,500,3898148.393096956,6828.803081996739,69.48044197633862,13.545736753547898,73.82396529580276,73.21927342116302,True,False,12.383243767544627,16.39337173352639,16.600568350404497,49.75624093785882,51.62374323233959,499
142,True,10000,500,3898148.393458172,6828.078029677272,69.03244694694877,13.54518152851768,73.82699138395638,73.22704834754684,True,False,12.36638380214572,16.397507581859827,16.57478606638809,49.67740513384342,51.46611923351881,499
143,True,10000,500,3898148.393804939,6827.769812196493,68.69345996528864,13.545243190844097,73.82665529962206,73.23035394468725,True,False,12.366376467980444,16.399708235015474,16.574906492605802,49.685205798596144,51.47967461496589,499
144,True,10000,500,3898148.394247514,6827.510134782642,68.28596396371722,13.545539420478807,73.82504077232622,73.23313918682565,True,False,12.368308962322772,16.396668801705044,16.576903931175668,49.72176756709814,51.52090644463894,499
145,True,10000,500,3898148.394601191,6827.376046217978,67.98363709822297,13.545876571382275,73.82320329956735,73.23457747387077,True,False,12.383156339637935,16.39321306720376,16.601143718386687,49.76329244673252,51.65315302088854,499
146,True,10000,500,3898148.394945717,6826.736182905734,67.57391197606921,13.545415372604538,73.82571685638298,73.2414416792623,True,False,12.36821641214192,16.396688173214596,16.574997631832957,49.685969576239586,51.498865969479056,499
147,True,10000,500,3898148.395300134,6826.528545003384,67.26238410919905,13.545623568926224,73.82458215463838,73.24366941466471,True,False,12.382368789985776,16.39648638665676,16.59955384520193,49.74499875679612,51.59622637555,499
148,True,10000,500,3898148.39564287,6825.96777100116,66.86316896229982,13.545299803685092,73.8263467396966,73.24968660475602,True,False,12.366964016109705,16.39568169290821,16.575442360093195,49.69726800918579,51.48621935397384,499
149,True,10000,500,3898148.395984377,6825.879581272602,66.58601108938456,13.545678497361157,73.8242827920957,73.25063298388588,True,False,12.382863671518862,16.39676693206032,16.60023595827321,49.75101305171847,51.610330622643204,499
150,True,10000,500,3898148.396338123,6825.308968313038,66.17467617616057,13.545359302879515,73.8260224509081,73.25675692064404,True,False,12.368258787319064,16.396182899673782,16.575053138658404,49.67914558947086,51.49344673380253,499
151,True,10000,500,3898148.438359275,6836.9412291795015,43.881062883883715,13.613347026644524,73.45732082218757,73.13211906313326,True,False,12.382791144773364,16.40602604796489,23.67361879441887,49.76099105551839,53.01936833187936,499
152,True,10000,500,3898148.439139637,6836.07622794807,43.089210987091064,13.61320043479154,73.4581118371165,73.14137281790975,True,False,12.366956332698464,16.402613061169784,23.701958474703133,49.69901815056801,52.892887666821466,499
153,True,10000,500,3898148.439612172,6835.46274388209,42.58312610909343,13.612985205957909,73.45927325053849,73.14793726986699,True,False,12.368701165542006,16.404799340913694,23.149908985942602,49.70024162903428,55.904476195573686,499
154,True,10000,500,3898148.439998658,6834.960719104856,42.182570323348045,13.612781861285587,73.46037056863264,73.15330995281604,True,False,12.369876494631171,16.403426105777424,23.11497461050749,49.68771571293473,55.902949813753246,499
155,True,10000,500,3898148.440370824,6834.653352852911,41.81779362261295,13.612896912285166,73.45974970966942,73.15659978443395,True,False,12.368788942694664,16.404699223736923,23.136014584451914,49.693817645311356,55.90422961860883,499
156,True,10000,500,3898148.440724171,6834.531942848116,41.51046695187688,13.613269490774027,73.45773920642056,73.15789935303717,True,False,12.366826413199306,16.402489660928648,23.214973509311676,49.69533197581768,55.88275972753751,499
157,True,10000,500,3898148.441080027,6834.090098273009,41.143051348626614,13.6131203345178,73.45854406828188,73.16262923228817,True,False,12.366874027065933,16.403386214127142,23.179768351837993,49.70085797831416,55.90099202468979,499
158,True,10000,500,3898148.441427124,6833.258095663041,40.73423380032182,13.612272268261963,73.46312065264631,73.17153735453692,True,False,12.367221526801586,16.401966257641714,22.917576367035508,49.69257805496454,55.88051000609982,499
159,True,10000,500,3898148.44177385,6833.348955959082,40.443058125674725,13.613037871409633,73.45898905491326,73.17056442199848,True,False,12.367669027298689,16.40428276732564,23.164794081822038,49.70325995236635,55.90323871001589,499
160,True,10000,500,3898155.169889368,7028.554535936564,58.96091880276799,13.967121477222037,71.5967138705586,71.13838235778508,True,False,12.354118982329965,16.4764152529339,16.647873756786186,49.57682499662042,49.996546283364296,499
161,True,10000,500,3898155.222056866,7028.68365496397,77.16569397598505,13.930897717410792,71.78288293296441,71.13707552435906,True,False,12.359096552245319,16.490551953514416,16.647787299007177,49.637414049357176,51.26647744327782,499
162,True,10000,500,3898155.223023777,7027.40108827129,76.11572416499257,13.930431591395386,71.78528485920599,71.15005870868796,True,False,12.357349041849375,16.449722461402416,16.656596679240465,49.52756501734257,51.27495741471647,499
163,True,10000,500,3898155.223453562,7026.657166425139,75.65603917464614,13.929861978457902,71.78822026711168,71.15759146313646,True,False,12.35590921714902,16.453382403900225,16.661100399990875,49.53816486522555,51.103693712502704,499
164,True,10000,500,3898155.223829128,7027.061792090535,75.41722198948264,13.931151443088282,71.78157556360024,71.15349413360589,True,False,12.360761524178088,16.48570519561569,16.68111002072692,49.64590398594737,51.276991516351686,499
165,True,10000,500,3898155.224199165,7026.655864901841,75.04143472760916,13.931091042433328,71.78188678503756,71.15760464341237,True,False,12.360409018583596,16.490868603189785,16.677820434172947,49.63614419102669,51.24095613136886,499
166,True,10000,500,3898155.224571251,7025.913793127984,74.57733992487192,13.930533974354933,71.78475727067784,71.16512025653486,True,False,12.366821523755789,16.457405562202137,16.64714701473713,49.571634735912085,51.25467516481875,499
167,True,10000,500,3898155.224926967,7026.0024620220065,74.32549260556698,13.931216371576031,71.78124101498472,71.164222145192,True,False,12.35902402549982,16.486295343687136,16.683826688677073,49.65821374207735,51.28892092034219,499
168,True,10000,500,3898155.225296343,7025.727634783834,73.97776655852795,13.931362461373359,71.78048828839528,71.16700589481133,True,False,12.35970645211637,16.49477534616987,16.68995323901375,49.68338366597891,51.32444109767674,499
169,True,10000,500,3898155.225820948,7024.708984885365,73.33550322800875,13.930608179674062,71.78437488889284,71.17732579040916,True,False,12.353599187918007,16.485981953640778,16.648596928765375,49.602804239839315,51.19756059721111,499
170,True,10000,500,3898155.226189664,7024.588566739112,73.03903577849269,13.930960983889017,71.78255693605685,71.17854593896952,True,False,12.359101558104157,16.48676861077547,16.649406868964434,49.64860389009118,51.27949966117738,499
171,True,10000,500,3898155.226544291,7024.272910319269,72.69035931676626,13.93102715631764,71.78221596865568,71.18174455685747,True,False,12.35537906177342,16.485232083747785,16.651597029219072,49.625664949417114,51.229911670088754,499
172,True,10000,500,3898155.226898217,7023.71775591746,72.30448303744197,13.930687921603242,71.78396398136474,71.18737075941749,True,False,12.357308994978666,16.48859540000558,16.650970404346783,49.602214712649584,51.22287189587949,499
173,True,10000,500,3898155.227251003,7023.323529865593,71.9439871609211,13.930620326061465,71.7843122986559,71.19136657649724,True,False,12.354781501926482,16.49130865310629,16.6537103553613,49.61508372798562,51.18716191500424,499
174,True,10000,500,3898155.22760297,7023.05256202817,71.60645024850965,13.930753731021362,71.78362487114923,71.19411332664244,True,False,12.359043932519853,16.49142537886898,16.647856992979843,49.62631408125162,51.22640999034046,499
175,True,10000,500,3898155.227992896,7022.974763065577,71.2744239717722,13.931263204596803,71.78099970647578,71.19490199929845,True,False,12.35959678888321,16.490314931919176,16.68729990099867,49.67081407085061,51.30190104246138,499
176,True,10000,500,3898155.228350572,7022.347940132022,70.86554821580648,13.930826436705843,71.78325022879729,71.2012569389434,True,False,12.365169008262455,16.50475508843859,16.725759332378704,49.74776320159435,51.03950602933764,499
177,True,10000,500,3898155.229364142,7029.104821383953,70.04316616803408,13.946015341114066,71.7050695514376,71.13281316831402,True,False,12.372426455840468,16.504891992857058,16.731735939780872,49.77449309080839,55.60825727879996,499
178,True,10000,500,3898155.229747038,7028.794914018363,69.67220036312938,13.946137702715898,71.70444042046552,71.13594949296223,True,False,12.37195124849677,16.505594986180466,16.730042950560648,49.77729311212897,55.62703348696227,499
179,True,10000,500,3898155.230108484,7027.709174901247,69.19192476198077,13.944924348976485,71.71067945401919,71.14693957252805,True,False,12.364218942821026,16.504648607224226,16.718226329733927,49.6950838714838,55.345903895795296,499
180,True,10000,500,3898155.230471921,7028.145160060376,68.95980704575777,13.946263232494223,71.70379501155843,71.14252603110786,True,False,12.371886521577835,16.505102006097633,16.729142982512712,49.7856130823493,55.64568480476732,499
181,True,10000,500,3898155.230826927,7027.118410915136,68.52238206192851,13.945082222150717,71.70986761279723,71.15292083642082,True,False,12.364704045467079,16.504598471025627,16.728456287334364,49.74948288872838,55.37489326670761,499
182,True,10000,500,3898155.231178693,7027.038772124797,68.17728606984019,13.945614200510937,71.7071321221092,71.15372722624281,True,False,12.368321535177529,16.504361759871244,16.731393057852983,49.756653141230345,55.52427414804692,499
183,True,10000,500,3898155.23152593,7026.377877686173,67.79855908825994,13.945048734665157,71.71003981607896,71.16041987833609,True,False,12.365309055894613,16.504905341813963,16.723276271174353,49.70936290919781,55.37652364000673,499
184,True,10000,500,3898155.231966755,7026.344479061663,67.40231392905116,13.945775882029281,71.7063007794793,71.16075812821133,True,False,12.369493721053004,16.50476859261592,16.73228293657303,49.76647300645709,55.553647968918035,499
185,True,10000,500,3898155.232326182,7026.179289910942,67.08726612851024,13.946076199964793,71.70475663990166,71.16243115486134,True,False,12.372166500426829,16.506054904311895,16.731305979192257,49.77323208004236,55.61716482043261,499
186,True,10000,500,3898155.232674728,7025.593896862119,66.68776087462902,13.945703679333649,71.70667203275768,71.16836061693202,True,False,12.369796517305076,16.504438283542793,16.732259653508663,49.75556302815676,55.54097406566138,499
187,True,10000,500,3898155.233023285,7025.328609161079,66.35189289227128,13.945845122783181,71.70594475958366,71.17104804862743,True,False,12.36932398751378,16.504572083552677,16.731446298460167,49.76766277104616,55.564917996525715,499
188,True,10000,500,3898155.233368071,7025.2111912705,66.0573672503233,13.946200048136626,71.70411987124848,71.17223758643698,True,False,12.372101191431284,16.505421915402014,16.72958629205823,49.775602761656046,55.63663737848396,499
189,True,10000,500,3898155.233711888,7024.679164867848,65.688650123775,13.945872775038223,71.70580257909023,71.17762794073546,True,False,12.37199897877872,16.505564873417217,16.731982585042715,49.76865276694298,55.57548627257342,499
190,True,10000,500,3898155.234060974,7023.799925111234,65.2567851357162,13.944976232415867,71.71041264849522,71.18653796108545,True,False,12.364188907667994,16.504585432509582,16.72097637007634,49.707184080034494,55.36356978118415,499
191,True,10000,500,3898155.275522472,6982.233328279108,43.00775099545717,13.906263681931163,71.91004160947493,71.61032530593383,True,False,12.363994028419256,16.49719166258971,16.71521629517277,49.67854316346347,55.40283076465117,499
192,True,10000,500,3898155.276231904,6982.197809033096,42.349549010396004,13.907511543131664,71.90358943069567,71.61068959592262,True,False,12.372761499136686,16.498815268278122,16.70998629803459,49.758837232366204,55.53321011364447,499
193,True,10000,500,3898155.27666317,6982.372426893562,41.89816303551197,13.908766059835772,71.89710400606216,71.60889872820042,True,False,12.372396187856793,16.499565293391544,16.711219990005095,49.760600039735436,55.90814093127833,499
194,True,10000,500,3898155.277053476,6982.020851224661,41.534217074513435,13.908790850000296,71.89697586113165,71.6125045533628,True,False,12.373253935948014,16.498192058255274,16.70958970983823,49.757909728214145,55.91327161062495,499
195,True,10000,500,3898155.277412652,6981.699284166098,41.181320790201426,13.908853634019833,71.89665132100376,71.61580292264344,True,False,12.373223784379661,16.49738196283579,16.709023000051577,49.75660522468388,55.92330434825258,499
196,True,10000,500,3898155.277765669,6981.38176696375,40.83444410935044,13.9089124706501,71.89634718818964,71.61906004997824,True,False,12.372758705168962,16.496728640049696,16.708619737376768,49.755695229396224,55.93267919030026,499
197,True,10000,500,3898155.278120385,6981.0612900182605,40.48564797267318,13.908969222536246,71.896053834078,71.62234783913381,True,False,12.372523779049516,16.49586499358217,16.713182907551527,49.75482583977282,55.94210924115018,499
198,True,10000,500,3898155.278467442,6980.475996155292,40.081670973449945,13.908605862087859,71.8979321087676,71.62835317754694,True,False,12.371624005027115,16.500424904127915,16.71310622865955,49.77724403142929,55.87922181934105,499
199,True,10000,500,3898155.278814658,6980.175219010562,39.740865118801594,13.908686079943408,71.89751743998444,71.63143965759572,True,False,12.372013763524592,16.50003499041001,16.71192313854893,49.775245133787394,55.893770493566855,499
200,True,10000,500,3898162.19981815,6853.454950731248,59.41209476441145,13.615316344622917,73.44669596273677,72.95590378786267,True,False,12.381513719446957,16.446478975315888,18.56709768374761,49.810678977519274,54.45535281673069,499
201,True,10000,500,3898162.251301006,6801.884315907955,79.10526404157281,13.47250310995267,74.2252565717547,73.50904202099137,True,False,12.374511454254389,16.437952561924856,16.670926629255217,49.78527803905308,51.45154555793853,499
202,True,10000,500,3898162.252104727,6800.891017075628,78.26854288578033,13.472189327033764,74.22698536409114,73.51977832678153,True,False,12.375281425192952,16.444426029920578,16.66760367030899,49.753967905417085,51.445436570793404,499
203,True,10000,500,3898162.252518753,6800.093644764274,77.74650771170855,13.471637549203539,74.230025588769,73.52839918388102,True,False,12.370198965072632,16.427535718927782,16.611377398173016,49.68167282640934,51.46137173287572,499
204,True,10000,500,3898162.252894829,6799.966585822403,77.45301118120551,13.471971091465326,74.22818778415531,73.52977307895534,True,False,12.374128797091544,16.426839400082827,16.653800072769325,49.72664290107787,51.44365979358555,499
205,True,10000,500,3898162.253261016,6799.787636846304,77.11984356865287,13.472280146849,74.22648498249107,73.53170815079993,True,False,12.375573976896703,16.445322272678215,16.672393307089806,49.76796777918935,51.45131987519564,499
206,True,10000,500,3898162.253622042,6799.694559071213,76.81416720151901,13.472706196131652,74.22413770791832,73.53271469127523,True,False,12.385001289658248,16.438082326203585,16.68504998087883,49.80512335896492,51.49008210282774,499
207,True,10000,500,3898162.253977448,6798.712368588895,76.34284300729632,13.471682415995186,74.22977836923181,73.54333775173039,True,False,12.373216217383742,16.42516270900766,16.59502104545633,49.69996795989573,51.528101786971106,499
208,True,10000,500,3898162.254338645,6798.890876118094,76.08875399455428,13.472549342932945,74.22500185716909,73.54140684274093,True,False,12.377726496197283,16.43795908118288,16.6753934075435,49.78644731454551,51.463179197162404,499
209,True,10000,500,3898162.254688341,6798.219074029475,75.66912891343236,13.472043978188463,74.22778619332168,73.54867422706303,True,False,12.374546262435615,16.4308357052505,16.658737013737362,49.73244294524193,51.4442076906562,499
210,True,10000,500,3898162.255215336,6796.969575807452,75.03861468285322,13.470803529307814,74.23462140356702,73.56219480217433,True,False,12.368993950076401,16.427735953281324,16.606610734015703,49.67994871549308,51.20772644877435,499
211,True,10000,500,3898162.255570952,6797.179824206978,74.75945819169283,13.471784300631834,74.22921698301683,73.55991939765028,True,False,12.372338678687811,16.423312326272328,16.641367071618635,49.7167082503438,51.431147102266564,499
212,True,10000,500,3898162.255923069,6797.171594109386,74.46484081447124,13.472358223035902,74.22605481868318,73.56000846489054,True,False,12.371791526675224,16.44533236200611,16.662317017714184,49.78368221782148,51.450578612275436,499
213,True,10000,500,3898162.256278545,6796.526490710676,74.0607650950551,13.47187520163451,74.2287161239938,73.56699053308887,True,False,12.374026235193014,16.428335880239803,16.64861695220073,49.720403738319874,51.43856506329031,499
214,True,10000,500,3898162.256628671,6796.323952730745,73.73708859086037,13.472117964208186,74.22737855003442,73.56918291087365,True,False,12.375016580335796,16.43912602836887,16.66326044748227,49.746762961149216,51.443208847194924,499
215,True,10000,500,3898162.256978048,6796.162643935531,73.41801188886166,13.472434132358055,74.22563659808162,73.5709290957256,True,False,12.375078978948295,16.437989349166553,16.66634700571497,49.77254290133715,51.449083769693985,499
216,True,10000,500,3898162.257380354,6796.526750549674,72.83431757241488,13.474333533020559,74.21517342949642,73.5669877205386,True,False,12.390310992486775,16.45445901279648,16.755915867785614,49.84652763232589,51.88541242387147,499
217,True,10000,500,3898162.259970847,6793.973426800221,70.52430184558034,13.473845941792868,74.2178591264891,73.59463580290843,True,False,12.3904412612319,16.454828903079033,16.760955719898146,49.8566017486155,51.84418419376017,499
218,True,10000,500,3898162.260371703,6793.8735177740455,70.22543484345078,13.474244655171534,74.21566296231613,73.59571806744803,True,False,12.395351193845272,16.465918937077124,16.79709864159425,49.86665677279234,51.97515503969045,499
219,True,10000,500,3898162.26073586,6793.244454078376,69.75025869905949,13.473936263285204,74.21736161279576,73.60253313125236,True,False,12.39060377702117,16.45527221262455,16.76593239729603,49.857267178595066,51.86062853317709,499
220,True,10000,500,3898162.261096466,6792.771108914167,69.40579321235418,13.473677987378382,74.21878427974612,73.60766202527405,True,False,12.38958875183016,16.454068943858147,16.75041935717066,49.83171191997826,51.86716795433314,499
221,True,10000,500,3898162.261446642,6792.656210716814,69.11881593987346,13.474022835224329,74.21688475885317,73.60890710340192,True,False,12.390973744913936,16.456389023611944,16.781072442730267,49.85959152691066,51.91524589899929,499
222,True,10000,500,3898162.262163385,6792.1928451396525,68.45671217888594,13.474421108137808,74.21469107834659,73.6139287266835,True,False,12.39617879036814,16.466552391648293,16.798315724978846,49.86312659457326,52.00807391665877,499
223,True,10000,500,3898162.262540021,6791.854498907924,68.08756617829204,13.474482831121506,74.21435112079683,73.61759591292717,True,False,12.395941186696291,16.46640229349335,16.797402097533148,49.86327211372554,52.01725498773159,499
224,True,10000,500,3898162.262905197,6791.414732579142,67.70689086988568,13.474364412242997,74.21500335046497,73.62236289317549,True,False,12.39593350328505,16.466508619487286,16.79915562272072,49.86185161396861,51.99908269569279,499
225,True,10000,500,3898162.263261154,6790.916248224676,67.32054427266121,13.474139687278585,74.2162411262617,73.62776711179632,True,False,12.392353732138872,16.45729908098777,16.789762458453577,49.86572708003223,51.94671030621977,499
226,True,10000,500,3898162.26361217,6790.414923336357,66.89772941172123,13.47398235255438,74.217107743979,73.63320292574012,True,False,12.390516232699156,16.455618975063164,16.770939032236736,49.85838173888624,51.88202438876034,499
227,True,10000,500,3898162.263962867,6789.849518798292,66.51410181075335,13.473618070115307,74.21911433113986,73.63933451186308,True,False,12.385596288368106,16.4537257514894,16.677030206968386,49.83234778046608,51.810987479984774,499
228,True,10000,500,3898162.264318143,6789.748509880155,66.19864609092474,13.474047823224911,74.21674712155338,73.6404300207027,True,False,12.390528805553913,16.45609891662995,16.776382612685364,49.85916172154248,51.89920687116684,499
229,True,10000,500,3898162.264673719,6789.537831675261,65.91586861759424,13.474192310736807,74.21595127473115,73.64271507072952,True,False,12.39428122062236,16.457685735076666,16.79374525944392,49.8619768768549,51.961071370169535,499
230,True,10000,500,3898162.265179924,6788.959747646004,65.39344368502498,13.47408076946088,74.21656564999289,73.6489857924654,True,False,12.39112380426377,16.456912116458017,16.785445623099804,49.860161961987615,51.93127086386086,499
231,True,10000,500,3898162.265530091,6788.752020336688,65.07446710020304,13.47430371390077,74.21533767035024,73.65123935918969,True,False,12.395573779940605,16.466505359858274,16.798732336610556,49.87097205594182,51.98793336749078,499
232,True,10000,500,3898162.265878367,6789.927028119564,64.64624125510454,13.477516606942805,74.1976455428636,73.63849389386921,True,False,12.39183871075511,16.474488967408735,16.781579082210857,49.861301900818944,52.90179164148869,499
233,True,10000,500,3898162.266381992,6789.4821227528155,64.27147518843412,13.47737604722321,74.19841937303764,73.64331932245717,True,False,12.39128119777888,16.474762310584385,16.780362309267122,49.86091679893434,52.92644884902986,499
234,True,10000,500,3898162.266760098,6789.203796070069,63.885489013046026,13.477591797709465,74.19723159815179,73.6463383658368,True,False,12.391218799166381,16.47219868997733,16.776615598549444,49.860431579872966,52.9395441291854,499
235,True,10000,500,3898162.267118374,6788.891078904271,63.54156322777271,13.477654340033062,74.19688728992487,73.64973074228496,True,False,12.391438707709312,16.47147862240672,16.77596274142464,49.86064648255706,52.956854924559615,499
236,True,10000,500,3898162.267465721,6843.634941149503,79.49599996209145,13.555388659694213,73.77140007600183,73.06058904363718,True,False,12.392063508741558,16.4812922788163,18.384502734988928,49.86737645231187,54.87019983120263,499
237,True,10000,500,3898162.267813987,6842.927917838097,79.11283383145928,13.55473964730789,73.77493231296481,73.06813779180743,True,False,12.392166187055409,16.483345224211615,18.269423705836136,49.86719670705497,54.645652300678194,499
238,True,10000,500,3898162.268165304,6842.8865182213485,78.78907723352313,13.555305492961574,73.77185269039032,73.06857985567815,True,False,12.39314372651279,16.475625336170197,18.333256399879854,49.86882209777832,54.78717456571758,499
239,True,10000,500,3898162.26851291,6842.46224258095,78.43363098800182,13.555167558302502,73.77260337792747,73.07311056661409,True,False,12.392368749715388,16.48324867710471,18.354636306564014,49.86643698066473,54.811260453425355,499
240,True,10000,500,3898169.054859735,6968.527827877551,56.38673482462764,13.851986158422694,72.19181340229325,71.75116643715667,True,False,12.415943434461951,16.511725417027872,16.708492922286194,49.86477973870933,50.38763653021306,499
241,True,10000,500,3898169.056096442,6967.351960018277,55.15856808051467,13.85209096580714,72.19126718619059,71.76327575658864,True,False,12.417203513905406,16.51299822454651,16.708323111136753,49.8654929921031,50.41124407202005,499
242,True,10000,500,3898169.056574197,6966.656037140638,54.66360319405794,13.851688244381924,72.19336606175698,71.77044443336946,True,False,12.409806018695235,16.495442017912865,16.709472984075546,49.818082666024566,50.33874377608299,499
243,True,10000,500,3898169.056973063,6966.555357910693,54.290077183395624,13.85223503151763,72.19051638415938,71.77148164512005,True,False,12.425116030499339,16.512475286920864,16.707829665392637,49.88632998429239,50.43336537666618,499
244,True,10000,500,3898169.05734561,6966.3431299850345,53.932979702949524,13.852525351266703,72.18900342301542,71.77366814561059,True,False,12.437558267265558,16.508898542573053,16.713189737250406,49.890554836019874,50.46616962645202,499
245,True,10000,500,3898169.057704436,6965.143031906337,53.51795395836234,13.85095206001598,72.19720317181188,71.78603478917384,True,False,12.404188746586442,16.500825372835,16.70878954852621,49.80710670351982,50.24976975284517,499
246,True,10000,500,3898169.058070622,6965.513959061354,53.20022813975811,13.852332126095382,72.19001038216331,71.78221204331318,True,False,12.427283567376435,16.505791650464136,16.707723028957844,49.88819588907063,50.44569706544279,499
247,True,10000,500,3898169.058427328,7015.740797389299,94.26052030175924,13.870701958091262,72.09440466829909,71.26831142137695,True,False,12.439510668627918,16.533513615528744,16.760875753437475,49.89837375469506,50.54021042305976,499
248,True,10000,500,3898169.058943563,7014.863396063447,93.69575465098023,13.87007543369232,72.09766124060599,71.27722548105307,True,False,12.429678230546415,16.519673758496843,16.73552249247829,49.88944120705128,50.462585058994584,499
249,True,10000,500,3898169.059311539,7014.410940930247,93.31152029335499,13.869938718711207,72.09837190202956,71.2818231225116,True,False,12.420226004905999,16.52272293965022,16.71412905367712,49.865544168278575,50.43021541088819,499
250,True,10000,500,3898169.059664026,7014.453520067036,93.0153620429337,13.870617551150506,72.09484338475286,71.28139042757839,True,False,12.439458281733096,16.53373281781872,16.755042846004166,49.89799680188298,50.528946602717035,499
251,True,10000,500,3898169.060015742,7013.495249673724,92.52680698409677,13.869676237854964,72.09973634933648,71.29112977202922,True,False,12.412288575433195,16.52692829569181,16.718467803051073,49.82150266878307,50.36771182902157,499
252,True,10000,500,3898169.060367419,7012.830615974963,92.13331108912826,13.869132875522714,72.10256105952197,71.29788631441046,True,False,12.40958843845874,16.502589204659067,16.71587387410303,49.8095931019634,50.29246024787426,499
253,True,10000,500,3898169.060715015,7012.839846778661,91.87317406758666,13.869672690803755,72.09975478823281,71.29779246700954,True,False,12.412318494170904,16.52905223891139,16.71871202376981,49.85248586162925,50.36993588786572,499
254,True,10000,500,3898169.061073801,7012.524869758636,91.52473788708448,13.869739743229562,72.09940622628802,71.3009949035959,True,False,12.412581010721624,16.533835449566443,16.712687192484733,49.85414803959429,50.38418609183282,499
255,True,10000,500,3898169.061475067,7012.372832279652,91.17231098935008,13.870141325231067,72.09731873322067,71.30254080307579,True,False,12.433945783413947,16.53173562760154,16.7424683428059,49.89000288769603,50.46459392644464,499
256,True,10000,500,3898169.06218858,7012.065134942532,90.51459794864058,13.870842759506795,72.09367284584206,71.30566963909097,True,False,12.456215568818152,16.547377376506724,16.775309750810262,49.95778314769268,50.57064346969127,499
257,True,10000,500,3898169.062566466,7011.32158190012,90.08895186707377,13.87020567140891,72.09698426183625,71.31323162964895,True,False,12.45673291850835,16.547592046360176,16.768676141897835,49.955558869987726,50.576215153560035,499
258,True,10000,500,3898169.062934133,7010.830636601895,89.69722595065832,13.870006834972418,72.09801782350661,71.31822545956506,True,False,12.459850520826876,16.547769432266556,16.767851747572422,49.96542199514806,50.579956192523234,499
259,True,10000,500,3898169.063303909,7010.154774412513,89.22829106450081,13.86959215099802,72.10017346674773,71.32510138364279,True,False,12.442860752344131,16.54892200604081,16.79209742074211,49.94407962076366,50.58947524055838,499
260,True,10000,500,3898169.063658265,7010.552980005741,89.03720322996378,13.870773099751057,72.09403490407809,71.32105005496878,True,False,12.455940595827997,16.54674538100759,16.778511979306735,49.95769374072552,50.56880203075706,499
261,True,10000,500,3898169.064011512,7009.627888910472,88.59565714374185,13.869804071676816,72.09907182770341,71.33046260430189,True,False,12.448820751160383,16.553344422330458,16.79406111439069,49.935689149424434,50.58950871694832,499
262,True,10000,500,3898169.064360788,7009.32101206854,88.25411088764668,13.869873549460708,72.09871066480504,71.33358554118263,True,False,12.449680711142719,16.553175387283165,16.79374058110018,49.961363058537245,50.585996094159775,499
263,True,10000,500,3898169.064777604,7010.3228823281825,87.97863312065601,13.872433365145342,72.08540662465983,71.3233910039171,True,False,12.446558219380677,16.549091320484877,16.791761936619874,49.96646591462195,50.92678337823599,499
264,True,10000,500,3898169.06513818,7014.734207186848,87.63349708169699,13.881965350912125,72.03590952157896,71.27853817864289,True,False,12.450665468350053,16.550149954855442,16.793381435175736,49.9718795530498,53.784252144396234,499
265,True,10000,500,3898169.065485916,7014.329171739519,87.27827109396458,13.88186553235582,72.03642750098697,71.28265408679167,True,False,12.446808279491961,16.553508676588535,16.791596723099545,49.97201133519411,53.78697786480181,499
266,True,10000,500,3898169.065828933,7014.130842871964,86.95746399462223,13.882110979714112,72.03515383656686,71.28466964771832,True,False,12.453842908143997,16.550698690116405,16.7931940810134,49.970709811896086,53.824880830943506,499
267,True,10000,500,3898169.066183339,7014.088734053075,86.6919169202447,13.882558751769201,72.03283039393293,71.28509760256142,True,False,12.460280559025705,16.5476206690073,16.767044952139255,49.964510882273316,53.950780904851776,499
268,True,10000,500,3898169.066533516,7013.384930789471,86.24543063342571,13.88204308648506,72.03550614055906,71.29225116461943,True,False,12.455318006686866,16.551040733853974,16.79265686621268,49.981599068269134,53.78623868804418,499
269,True,10000,500,3898169.066880432,7013.116524089128,85.9451750293374,13.882106911943467,72.03517494449278,71.29497966882,True,False,12.454547919332981,16.551629919558764,16.769065034265317,49.993678694590926,53.8226426439359,499
270,True,10000,500,3898169.067278518,7013.067614287138,85.6198980472982,13.882660753987656,72.03230113598792,71.29547688680367,True,False,12.456577969715,16.547474047789972,16.77181413397193,49.96372205205262,53.97097595036022,499
271,True,10000,500,3898169.067627795,7012.417490128428,85.20662086084485,13.88218611075668,72.03476397893449,71.30208672028779,True,False,12.454093201085925,16.548211282740038,16.768441948418815,49.99959096312523,53.839796842075806,499
272,True,10000,500,3898169.068455766,7011.855287011713,84.42683005705476,13.882622158225768,72.0325013965375,71.30780364594321,True,False,12.45161797851324,16.548009899755318,16.786936462546386,49.94694907218218,53.81855706218622,499
273,True,10000,500,3898169.068832202,7006.212804000825,83.91451509669423,13.872341260328918,72.08588523263373,71.3652316861515,True,False,12.450987938791513,16.545335669070482,16.786172421028212,49.967470206320286,50.69448382593691,499
274,True,10000,500,3898169.069199769,7010.88542630896,83.6425069719553,13.882250339352716,72.03443069782783,71.31766811132105,True,False,12.460245518013835,16.546183389921982,16.790385007237393,49.965336825698614,53.74457037542008,499
275,True,10000,500,3898169.069558745,7010.564270429313,83.29103142023087,13.882311100218603,72.03411541355338,71.32093519333516,True,False,12.46006553992629,16.546196149041254,16.79121121143301,49.966087844222784,53.78058258909724,499
276,True,10000,500,3898169.111380499,6968.7790451571345,41.47521732375026,13.882372400467705,72.03379733325043,71.74857988178987,True,False,12.45323324110359,16.547656649102766,16.789248570178945,49.96248176321387,53.76456643920384,499
277,True,10000,500,3898169.112084532,6968.1495716795325,40.78324371948838,13.882497651222533,72.03314742948558,71.75506134830069,True,False,12.452112976461649,16.547898016870022,16.787360891078908,49.947666842490435,53.7842012383043,499
278,True,10000,500,3898169.112532507,6967.664446681738,40.32930871471763,13.882435146226493,72.0334717552647,71.76005730845989,True,False,12.452498078346252,16.547534583757322,16.788161809866622,49.96130494400859,53.774707703851085,499
279,True,10000,500,3898169.112916533,6969.186831265688,39.98831287026405,13.88616937554193,72.01410071818121,71.74438167690705,True,False,12.459880439564586,16.547600583483778,16.789972431336835,49.9632949475199,54.960635537281526,499
280,True,10000,500,3898176.02469866,6909.06114410609,57.68061242997646,13.730221506364957,72.8320369439362,72.3687328236391,True,False,12.422176077961922,16.540116257965565,17.065406448673393,50.05321498028934,50.9651354001835,499
281,True,10000,500,3898176.025559631,6908.35766075179,56.840729899704456,13.730494851406984,72.8305870124942,72.37610218715693,True,False,12.419165926985443,16.538673949738346,17.066416443170297,50.07404591888189,51.00708491168916,499
282,True,10000,500,3898176.026033856,6907.837246078998,56.35962588712573,13.7304160725288,72.83100488125447,72.38155477444235,True,False,12.422640691511333,16.53850469738245,17.065792378658987,50.071581127122045,50.990296518430114,499
283,True,10000,500,3898176.026433352,6907.174203079194,55.937270168215036,13.729933733288535,72.83356346982778,72.38850292455369,True,False,12.419595965184271,16.537942985693615,17.072498333485115,50.016927951946855,50.95489592291415,499
284,True,10000,500,3898176.026803368,6906.348892021924,55.554664228111506,13.729046548684995,72.83827004693073,72.39715337543835,True,False,12.413848424330354,16.513798541078963,17.06340003137781,49.967002822086215,50.83353531546891,499
285,True,10000,500,3898176.027177004,6906.8121067248285,55.2301867865026,13.730625090056765,72.82989619490556,72.39229796235144,True,False,12.418843456543982,16.539862596740324,17.06732834301262,50.07587508298457,51.025184192694724,499
286,True,10000,500,3898176.027532221,6906.290572136641,54.854261223226786,13.730333288403635,72.8314440003128,72.3977647302077,True,False,12.421660707332194,16.54041601965825,17.06577618606382,50.056765135377645,50.979581265710294,499
287,True,10000,500,3898176.074449683,6909.713407047093,78.24955182150006,13.690308327105397,73.04437388163883,72.36190136193767,True,False,12.420080951415002,16.524041537195444,16.682923461000126,50.00930903479457,50.952110714279115,499
288,True,10000,500,3898176.075324974,6908.795006107539,77.35345093533397,13.69026363761965,73.04461232229943,72.37152058470227,True,False,12.419730657711625,16.511861855785053,16.67813987781604,49.9836637172848,50.95107113011181,499
289,True,10000,500,3898176.075729239,6908.343562390655,76.92771730944514,13.690212114391203,73.04488722631231,72.37624989035336,True,False,12.420865939930081,16.534074985732634,16.69333005944888,50.02537528052926,50.97557813394815,499
290,True,10000,500,3898176.076106056,6908.2220220007,76.66861778125167,13.69048778400691,73.04341640538111,72.37752324804325,True,False,12.421173159964383,16.53999462723732,16.700996706883114,50.04256693646312,50.9626207081601,499
291,True,10000,500,3898176.076466972,6908.24155183509,76.40708098188043,13.691051043794008,73.04041134616091,72.37731863431746,True,False,12.418923550285399,16.511105311413605,16.717879567295313,50.076472060754895,51.04081758763641,499
292,True,10000,500,3898176.076822878,6907.38470107317,75.8962370455265,13.69035764334197,73.04411075676535,72.38629693266067,True,False,12.421051040291786,16.539834594974916,16.6976999801894,50.03107483498752,50.97780871205032,499
293,True,10000,500,3898176.077180195,6907.268132083118,75.67883795127273,13.690559707679048,73.04303267010326,72.38751854406559,True,False,12.421323452144861,16.52055497591694,16.717762996753056,50.07475991733372,51.02331731468439,499
294,True,10000,500,3898176.077539801,6906.47786995396,75.09106490761042,13.690153917928557,73.04519773809153,72.39580136428253,True,False,12.412965996190906,16.497398260980844,16.643313691020012,49.966042302548885,50.97105551511049,499
295,True,10000,500,3898176.077890217,6905.854637268931,74.63059015572071,13.689827749725872,73.04693808291519,72.40233486839448,True,False,12.413543532602489,16.503095005949337,16.655223599324625,49.95320402085781,50.95359013415873,499
296,True,10000,500,3898176.07864642,6905.602449085563,74.09023493528366,13.690405238778116,73.04385681495364,72.40497895534223,True,False,12.430566013790667,16.52250501016776,16.74852939322591,50.09192959405482,51.14023093134165,499
297,True,10000,500,3898176.079006986,6905.362611636519,73.83593777194619,13.69043421616147,73.04370220920431,72.4074937292111,True,False,12.427023495547473,16.523854962239664,16.768756012121838,50.069416873157024,51.13996172789484,499
298,True,10000,500,3898176.079360782,6905.392621643841,73.5201807692647,13.691127136021196,73.04000540386566,72.40717905493607,True,False,12.436438235454261,16.512982081621885,16.799655587722857,50.109284883365035,51.1355945141986,499
299,True,10000,500,3898176.080429322,6904.365991707891,72.45812099426985,13.691198137702647,73.03962662305008,72.41794548558079,True,False,12.437158264219761,16.515322029590607,16.829162059972685,50.113224843516946,51.13416821695864,499
300,True,10000,500,3898176.080824858,6903.584768995643,72.02597614377737,13.69049858286947,73.04335878981584,72.42614043728787,True,False,12.427305802702904,16.52365503832698,16.76461597283681,50.09221672080457,51.14096611738205,499
301,True,10000,500,3898176.081191764,6903.098064940423,71.56401081010699,13.690449006273179,73.04362329838739,72.4312468541348,True,False,12.43393577169627,16.52289181947708,16.75271273901065,50.09204372763634,51.14068630617112,499
302,True,10000,500,3898176.08154862,6903.11115514487,71.31800288334489,13.690968241005061,73.04085309357123,72.43110950449514,True,False,12.430195813067257,16.513618330160778,16.78762196873625,50.092753721401095,51.13800546620041,499
303,True,10000,500,3898176.082713048,6903.305932879448,70.29726402834058,13.693404145994204,73.02785993448785,72.42906585069224,True,False,12.427900801412761,16.524098192652065,16.77247571448485,50.08513922803104,51.41585427802056,499
304,True,10000,500,3898176.083111084,6908.585148863494,69.93399793282151,13.70471172531197,72.96760559750018,72.37371896360764,True,False,12.434885720722377,16.513288331528504,16.795425675809383,50.105553958565,54.90889842156318,499
305,True,10000,500,3898176.083819567,6902.238693553954,69.19818464666605,13.69346795372202,73.02751964510131,72.44026499213267,True,False,12.428008252754807,16.522501595318317,16.779555783917505,50.08389367721975,51.412112824618816,499
306,True,10000,500,3898176.084203123,6901.61104965955,68.76859907060862,13.693071043264412,73.02963643732043,72.44685282933534,True,False,12.425670749507844,16.5231516584754,16.75630904113253,50.10013799183071,51.34486251976341,499
307,True,10000,500,3898176.084563759,6901.106055825949,68.38503386825323,13.69282769931402,73.0309342934402,72.45215418445822,True,False,12.427650741301477,16.522074894358713,16.743899323046207,50.1057764980942,51.29942644853145,499
308,True,10000,500,3898176.084932836,6900.791658088565,68.0243163369596,13.692920524552315,73.03043921177616,72.45545508013409,True,False,12.425755732692778,16.523484606295824,16.760382801294327,50.10090689174831,51.273426436819136,499
309,True,10000,500,3898176.085289812,6906.3200717791915,67.74147972464561,13.704566316742577,72.96837980041158,72.39745549053174,True,False,12.428351095877588,16.517544941355784,16.783255618065596,50.08419081568718,54.89532808773217,499
310,True,10000,500,3898176.085638228,6906.136834062636,67.41976318880916,13.704843829406467,72.96690224621905,72.39937638273925,True,False,12.427910696715117,16.524831609179575,16.775749002893765,50.08492595516145,55.027752555906744,499
311,True,10000,500,3898176.085985045,6905.669519212097,67.05363700166345,13.704641046513895,72.96798191254882,72.40427573444718,True,False,12.432863237336278,16.513911696771782,16.791348966459434,50.099659664556384,54.89639167208222,499
312,True,10000,500,3898176.08647143,6899.383353069425,66.50728220120072,13.693138418573595,73.02927710447912,72.47024471796571,True,False,12.43637572042644,16.51065501694878,16.81270869448781,50.114187970757484,51.154173566028476,499
313,True,10000,500,3898176.086827206,6899.067886173725,66.15916593000293,13.693203848183812,73.0289281520215,72.47355849361033,True,False,12.43598572909832,16.50996847699086,16.81269860515992,50.11539361439645,51.16526160389185,499
314,True,10000,500,3898176.087175943,6904.376171994954,65.84885902702808,13.704463553041936,72.96892695796423,72.41783870758157,True,False,12.435123324394226,16.509908561905224,16.811435266087454,50.11526998132467,54.698270349763305,499
315,True,10000,500,3898176.087521329,6904.214353766292,65.53035182878375,13.704777558993003,72.96725508279448,72.41953600806829,True,False,12.434068252332509,16.511698253452778,16.81015531842907,50.119681283831596,54.77559904102233,499
316,True,10000,500,3898176.087864146,6898.108624853194,65.1351660490036,13.693333584777937,73.02823624421451,72.48363677523866,True,False,12.43546325713396,16.50937196488182,16.811865226676066,50.115483812987804,51.19997614994645,499
317,True,10000,500,3898176.088214252,6897.556841839105,64.75064996629953,13.692998380506625,73.0300239736829,72.48943523989638,True,False,12.436790741048753,16.511648272474606,16.813865397125483,50.113481283187866,51.12880555447191,499
318,True,10000,500,3898176.088553689,6897.38046284765,64.43909322842956,13.693269277794029,73.02857920289865,72.49128893109808,True,False,12.43490818887949,16.51057507842779,16.810955324520666,50.116219790652394,51.14775134250522,499
319,True,10000,500,3898176.089210912,6904.283072799444,63.852878753095865,13.70827694197665,72.94862835298147,72.41881520904495,True,False,12.434455682523549,16.51139821236332,16.810342048605282,50.116668781265616,55.8950995514169,499
320,True,10000,500,3898182.9350472,6842.320815194398,58.757142163813114,13.594315978017205,73.56015570162249,73.07462095166235,True,False,12.388558825477958,16.43812156592806,16.81521599879482,49.8431446030736,51.40833986923097,499
321,True,10000,500,3898182.935868082,6841.341583989561,57.92202986776829,13.594027162568722,73.56171854308995,73.0850804424273,True,False,12.386281276121736,16.44680369645357,16.805691648429814,49.846143927425146,51.364436298608766,499
322,True,10000,500,3898182.936346987,6840.708781033754,57.436085306108,13.59373285716963,73.56331116015556,73.09184121187526,True,False,12.384621542878449,16.455915073553722,16.80445348999146,49.81928067281842,51.40041776001453,499
323,True,10000,500,3898182.936751943,6840.152475982904,57.01328907161951,13.593465304431433,73.56475906654963,73.09778572270085,True,False,12.380011263303459,16.461626067757607,16.809806949458952,49.79163417592645,51.403655484318726,499
324,True,10000,500,3898182.937133159,6839.212235994637,56.6182229667902,13.59237277159889,73.57067208232316,73.10783504692398,True,False,12.386973714455962,16.461651710172493,16.809907366987254,49.78981660678983,51.21223436668514,499
325,True,10000,500,3898182.937498455,6839.759740978479,56.298736948519945,13.594110228516953,73.56126904887506,73.10198295480934,True,False,12.386713991872966,16.44297068317731,16.821877681650157,49.82921192422509,51.37179335579275,499
326,True,10000,500,3898182.937857612,6839.139466173947,55.91691005975008,13.593632376982358,73.56385491881232,73.10861292900603,True,False,12.384033761918545,16.45928267389536,16.804238531428012,49.818934220820665,51.39045458287,499
327,True,10000,500,3898182.98509984,6841.962648089975,78.77637818455696,13.553479498808453,73.78179161210333,73.07844630510833,True,False,12.387116206809878,16.436400668074686,16.747252574811373,49.829568434506655,51.40833439305423,499
328,True,10000,500,3898182.986187559,6841.029968112707,77.72171776741743,13.553723948587756,73.78046091193971,73.08840954221682,True,False,12.386808753944933,16.435737907886505,16.755191059783098,49.82623839750886,51.41014870256184,499
329,True,10000,500,3898182.986613615,6840.055766981095,77.02072523534298,13.553176436364232,73.7834414460157,73.09881922507752,True,False,12.382738757878542,16.45338429758946,16.738964493076004,49.77247687056661,51.44803717732429,499
330,True,10000,500,3898182.986981851,6840.199306141585,76.9194858148694,13.553666974602637,73.78077105434545,73.09728527223861,True,False,12.382701272144914,16.449896711856127,16.736891378338136,49.82086792588234,51.374541055411086,499
331,True,10000,500,3898182.987350727,6839.575932826847,76.40472194179893,13.553449320410916,73.78195589620442,73.10394751233449,True,False,12.383143766783178,16.44898559898138,16.737301622827843,49.82197908684611,51.36818341910838,499
332,True,10000,500,3898182.987709464,6839.01112806052,75.94969589263201,13.553229322981739,73.78315353259276,73.10998485563151,True,False,12.38420617301017,16.45202360426386,16.737308778489624,49.81095865368843,51.40340158715843,499
333,True,10000,500,3898182.9880678,6838.696210645139,75.61341999098659,13.553272125559424,73.78292051807556,73.11335152184391,True,False,12.3827513307333,16.449500899761915,16.737070328866437,49.80892986059189,51.40112925320862,499
334,True,10000,500,3898182.988418947,6838.605982251465,75.37343120202422,13.553572246592067,73.78128671955407,73.1143161775473,True,False,12.386818649247289,16.44563634569446,16.754923590148486,49.81446200981736,51.37616949155925,499
335,True,10000,500,3898182.988771113,6838.036367669702,74.92988603189588,13.553319602480572,73.78266205845074,73.12040666586749,True,False,12.382498709484935,16.45016462231676,16.73743180930614,49.81699055060744,51.3709851913154,499
336,True,10000,500,3898182.990284618,6836.682131048292,73.48900102078915,13.5534932465481,73.78171677288341,73.13489064078124,True,False,12.3955262824893,16.459361650049686,16.747336850191154,49.90969952195883,51.433161012828336,499
337,True,10000,500,3898182.990661874,6836.185946129262,73.0582750402391,13.553362066310669,73.7824308911278,73.14019892672852,True,False,12.40047870669514,16.45418641467889,16.74857779716452,49.90690499544144,51.42564149573444,499
338,True,10000,500,3898182.99102418,6836.077728308737,72.86069821566343,13.55354114247109,73.78145604077012,73.14135676507313,True,False,12.396370992064476,16.458807047456503,16.74752514498929,49.90890193730593,51.43533870577811,499
339,True,10000,500,3898182.991859961,6835.282686166465,72.03281624242663,13.553606953755589,73.78109778540602,73.1498641617151,True,False,12.396001257002354,16.459348363180954,16.747593764836587,49.90855390205979,51.43439708277582,499
340,True,10000,500,3898182.992257417,6834.128167945892,71.26182364299893,13.552838365336457,73.78528194932652,73.16222167812857,True,False,12.393903569318354,16.449337328473725,16.747382801646985,49.93221163749695,51.42336688935755,499
341,True,10000,500,3898182.992624004,6834.629002027214,71.29207300022244,13.553781420895774,73.78014805951545,73.15686043115075,True,False,12.39567098673433,16.45928965881467,16.745788374294833,49.91091163828969,51.43273472785948,499
342,True,10000,500,3898182.99298851,6833.900659810752,70.74896898120642,13.553410202063217,73.78216884838115,73.16465732966131,True,False,12.40113121457398,16.454502288252115,16.74763913576801,49.90923134610057,51.42679922282694,499
343,True,10000,500,3898182.994182898,6840.258864685893,69.85215796157718,13.567949312072777,73.70310553196119,73.09664880979035,True,False,12.401611194945872,16.456073615700006,16.746908354883388,49.91733692586422,54.95298361405724,499
344,True,10000,500,3898182.994568444,6839.463013224304,69.41498210653663,13.567230523282097,73.70701030574709,73.10515445923681,True,False,12.394448509439826,16.45345101132989,16.74800046098729,49.92685420438647,54.762300252914365,499
345,True,10000,500,3898182.99493456,6839.4645331427455,69.09308629110456,13.567878651005293,73.70348937532003,73.10513821324682,True,False,12.39559380337596,16.45494820550084,16.748956007262066,49.94011102244258,54.967404548078704,499
346,True,10000,500,3898182.995298396,6839.182337280363,68.74367035925388,13.568013360563345,73.70275761273867,73.108154650959,True,False,12.402213527821004,16.45479037736853,16.7463894529889,49.919719249010086,54.96471542865031,499
347,True,10000,500,3898182.995655003,6838.424353860319,68.33622278645635,13.567310883915557,73.7065737312417,73.11625809207759,True,False,12.396106263622642,16.453792961935203,16.748413750901815,49.939573276787996,54.77781040593975,499
348,True,10000,500,3898182.996013839,6838.506633415818,68.03540699183941,13.568078610068094,73.70240317283815,73.11537837176172,True,False,12.398185906931758,16.458598244935274,16.74614448100328,49.919195007532835,54.97658260166638,499
349,True,10000,500,3898182.996368265,6838.340105023235,67.71524017676711,13.568386502698333,73.70073072440344,73.11715888958423,True,False,12.39597622770816,16.459167531381052,16.747703636065122,49.92241561412811,55.05251700058572,499
350,True,10000,500,3898182.996720512,6837.839080020785,67.33527407050133,13.568143899699969,73.70204851837642,73.1225163606044,True,False,12.3961087083444,16.45885892212391,16.74580795690417,49.92423923686147,54.988740906119276,499
351,True,10000,500,3898182.997216647,6837.379363831133,66.84553902596235,13.568204057725792,73.70172174191292,73.12743280633752,True,False,12.395858531817794,16.458808879057564,16.745513016358014,49.92443947121501,55.00599460676305,499
352,True,10000,500,3898182.997568553,6837.24693628028,66.53507193550467,13.568560850390332,73.69978371517806,73.12884917858749,True,False,12.395951198413968,16.457546316087246,16.751155070960518,49.905911553651094,54.95270486921065,499
353,True,10000,500,3898182.998207757,6836.4261840470135,65.8614793792367,13.568265941217991,73.70138559579503,73.13762871699889,True,False,12.398128514178097,16.458230993400015,16.75023137591779,49.91710502654314,54.884733669459756,499
354,True,10000,500,3898182.998581253,6836.197596043348,65.51615195348859,13.56849988795563,73.70011484376924,73.14007428477342,True,False,12.396713835187256,16.458499555786453,16.75057736225426,49.91178568452597,54.94139792397611,499
355,True,10000,500,3898182.998939139,6835.4078149423,65.05929725244641,13.56783270078127,73.70373898717202,73.14852508243806,True,False,12.397311278618872,16.458431631326675,16.748589137569066,49.91750540211797,54.72235284745687,499
356,True,10000,500,3898182.999296386,6835.446574259549,64.79442911222577,13.568441172639927,73.70043376953642,73.14811030531133,True,False,12.39718624856323,16.45782499884566,16.749982340261337,49.91434896364808,54.92946999147528,499
357,True,10000,500,3898182.999644642,6834.320265799761,64.33039484545588,13.567113969848306,73.70764351375026,73.16016524746362,True,False,12.396391248330474,16.45883567010363,16.747852054735024,49.91883747279644,54.48927775025362,499
358,True,10000,500,3898183.000005468,6834.663643036038,64.07143827527761,13.56832105162477,73.70108624310984,73.1564896407827,True,False,12.398025952279568,16.45805360749364,16.75102001366516,49.915468879044056,54.89225169643753,499
359,True,10000,500,3898183.000618782,6834.2757862992585,63.490672968328,13.568707641945753,73.69898640225989,73.16064139558942,True,False,12.397591257467866,16.45840766529242,16.749141312514737,49.91707354784012,55.0631173886358,499
360,True,10000,500,3898189.778298735,6796.347502619028,57.021548971533775,13.505663233762514,74.04301311912782,73.56892798776416,True,False,12.380796484649181,16.437533653030794,16.797520338247146,49.86502672545612,52.14501810260118,499
361,True,10000,500,3898189.779179376,6795.072205830365,56.10466795042157,13.50494496569127,74.04695113830208,73.58273537858594,True,False,12.386181275360286,16.434629975507658,16.7669901911479,49.85086712986231,51.955650956369944,499
362,True,10000,500,3898189.779636981,6794.778739102185,55.66260311752558,13.505242757484288,74.04531839650372,73.58591341946574,True,False,12.386146234348416,16.43784859528144,16.7638066550716,49.85106200911105,52.027970016933985,499
363,True,10000,500,3898189.780036357,6794.524391647428,55.27766654267907,13.505504459127755,74.04388359030496,73.5886680478555,True,False,12.381761334836483,16.438002760211624,16.772652814785562,49.84807688742876,52.094609942287214,499
364,True,10000,500,3898189.780418014,6793.295152951032,54.853169713169336,13.503891749975676,74.05272631882592,73.60198383001189,True,False,12.385581154376268,16.42438859368364,16.765375760539047,49.848261987790465,51.698849000968046,499
365,True,10000,500,3898189.78078595,6793.713189195842,54.521254263818264,13.505394659182413,74.04448557303677,73.59745489332087,True,False,12.38219125661999,16.43414826442798,16.76972921704866,49.84888690523803,52.08386997692288,499
366,True,10000,500,3898189.781152126,6793.198535218835,54.140117950737476,13.505127088713621,74.04595258016569,73.60303065011084,True,False,12.387056252919137,16.434393947323162,16.76302809423449,49.85097725875676,51.988100353628404,499
367,True,10000,500,3898189.827496844,6797.96968633309,79.82457615435123,13.463216653664809,74.27645455945263,73.5513724053845,True,False,12.378376326523721,16.413699214657147,16.669883547971647,49.85171160660684,52.05154214054346,499
368,True,10000,500,3898189.828200207,6797.414470929652,79.1866728104651,13.463382360960296,74.27554036493052,73.55738010950172,True,False,12.384386267513037,16.432012741764385,16.68271670738856,49.86359691247344,52.03247631434352,499
369,True,10000,500,3898189.828588823,6797.361952252686,78.84862599894404,13.463954561630745,74.27238375044551,73.55794843826096,True,False,12.380326515994966,16.429979043702286,16.719669724504154,49.87626662477851,52.17528988141567,499
370,True,10000,500,3898189.828957259,6796.611389610916,78.42246070504189,13.46330446674524,74.27597009857644,73.56607158153606,True,False,12.385108741000295,16.42786944285035,16.679523202280205,49.86215149983764,51.99134116992355,499
371,True,10000,500,3898189.829323675,6796.0890349932015,77.98774493858218,13.463128837784808,74.276939042094,73.57172594789294,True,False,12.378626153804362,16.40538638457656,16.64358703419566,49.82875194400549,52.038375684060156,499
372,True,10000,500,3898189.829677952,6795.838667079806,77.69348798319697,13.463216791776773,74.27645379749008,73.57443643005898,True,False,12.383489054627717,16.41681930050254,16.673036850988865,49.847021931782365,52.08973668050021,499
373,True,10000,500,3898189.830035858,6795.72412930429,77.37346133217216,13.463628593130496,74.2741819623743,73.57567648220402,True,False,12.382264016196132,16.43160233894984,16.685296781361103,49.84922707080841,52.082500141114004,499
374,True,10000,500,3898189.830384844,6794.439741875976,76.87966711819172,13.462044237991552,74.28292333031237,73.58958486574902,True,False,12.378776329569519,16.4049092369775,16.63970046987136,49.827527487650514,51.61072693299502,499
375,True,10000,500,3898189.830737671,6795.1665739528835,76.69269805774093,13.463875502795876,74.27281987213432,73.58171349567668,True,False,12.381748761981726,16.42937259748578,16.71228293950359,49.84728689305484,52.12398595176638,499
376,True,10000,500,3898189.831421034,6794.4358619861305,76.0016948916018,13.46379592604114,74.27325885605855,73.58962688829348,True,False,12.390303774736822,16.430456036080916,16.775152180343866,49.95958576910198,52.56380813661964,499
377,True,10000,500,3898189.83177758,6794.227444101125,75.66682901233435,13.464049328835252,74.27186098155123,73.59188430380107,True,False,12.390470947138965,16.428032734741766,16.785478685051203,49.9651157297194,52.61131965089591,499
378,True,10000,500,3898189.832137076,6793.527501635253,75.25787362828851,13.463466188390711,74.27507790395617,73.5994665333505,True,False,12.389701209031045,16.43028265486161,16.769392726322014,49.93010126054287,52.5358424987644,499
379,True,10000,500,3898189.832492683,6793.221703730524,74.90934571251273,13.463551819675372,74.27460549738588,73.60277962449291,True,False,12.38997874315828,16.430065967142582,16.77216573928793,49.963675905019045,52.548548602499075,499
380,True,10000,500,3898189.832842919,6793.400933034718,74.60873015224934,13.464513432630199,74.2693009297,73.60083777311259,True,False,12.390963733196259,16.4278627683719,16.785678764184315,49.963970901444554,52.62451313901694,499
381,True,10000,500,3898189.833192076,6792.153604794294,74.10917384549975,13.46301489168095,74.27756769532498,73.61435401682776,True,False,12.389063835144043,16.430155994991463,16.750299371778965,49.94658590294421,52.43904921226204,499
382,True,10000,500,3898189.833595512,6792.210344225168,73.82039725780487,13.46370730855183,74.2737477191608,73.61373907171573,True,False,12.39115628413856,16.430952586233616,16.781142291923363,49.9668603297323,52.59075020439924,499
383,True,10000,500,3898189.835823429,6797.613910399377,71.72103924676776,13.478743228762745,74.19089324782642,73.55522196326442,True,False,12.389093753881752,16.43004920333624,16.756435701002676,49.94541592895985,56.575474655255704,499
384,True,10000,500,3898189.836228665,6797.256363090128,71.32188323885202,13.478826612928408,74.19043428014986,73.55909109373256,True,False,12.38929876126349,16.429985873401165,16.759262420237064,49.944136291742325,56.600576592609315,499
385,True,10000,500,3898189.836604531,6796.640769112855,70.91402728110552,13.478410304272042,74.19272580558298,73.56575358112732,True,False,12.389076291583478,16.430222584555548,16.753289382904768,49.94148085825145,56.45739941392097,499
386,True,10000,500,3898189.837339113,6796.1928951554,70.21741522476077,13.47890877741611,74.18998203144592,73.57060161674048,True,False,12.389628449454904,16.429992703100044,16.761006011317175,49.939891090616584,56.62055567372593,499
387,True,10000,500,3898189.83771916,6796.081374865025,69.89531684666872,13.479330777591896,74.18765935044823,73.57180887345251,True,False,12.389608658850193,16.430069071551163,16.764076116184395,49.937511095777154,56.78652536589655,499
388,True,10000,500,3898189.838087276,6795.579619705677,69.50746104121208,13.479102522373678,74.18891564480062,73.57724108626594,True,False,12.389496201649308,16.43031897644202,16.766779435177643,49.93681632913649,56.69657739344987,499
389,True,10000,500,3898189.838446952,6795.398232061416,69.17398516088724,13.479407308417892,74.18723814180612,73.57920506276534,True,False,12.391181313432753,16.42772601917386,16.784105605135363,49.96640607714653,56.77870113868269,499
390,True,10000,500,3898189.838799418,6794.955987017602,68.80867900326848,13.479253122273212,74.18808675293685,73.58399391479455,True,False,12.390846270136535,16.430872802933056,16.778312313059967,49.96119532734156,56.73089341726157,499
391,True,10000,500,3898189.839156615,6788.056926801801,68.34734277799726,13.46635187179119,74.25916161412376,73.65878120818522,True,False,12.388701201416552,16.42990593488018,16.747085998455685,49.938521813601255,52.75052606593818,499
392,True,10000,500,3898189.839508511,6794.202524702996,68.09330591931939,13.479176791149651,74.18850687206611,73.59215422002116,True,False,12.393361190333962,16.428009296456974,16.775198901693027,49.965951358899474,56.59127149265262,499
393,True,10000,500,3898189.839856438,6793.7208991497755,67.70636001601815,13.47898705237226,74.1895511965792,73.59737137016835,True,False,12.393408687785268,16.427519265562296,16.775598904738825,49.964950419962406,56.520557310432224,499
394,True,10000,500,3898189.840334513,6793.0082166567445,67.19743460416794,13.47857872154825,74.19179875407016,73.60509277376977,True,False,12.392781092785299,16.430192316571873,16.775382217019796,49.956646049395204,56.376893166452675,499
395,True,10000,500,3898189.840682479,6792.499291710556,66.82919897139072,13.478296779036402,74.1933507173814,73.61060760215184,True,False,12.39356875885278,16.428615897893906,16.77479889864723,49.96626079082489,56.239171396009645,499
396,True,10000,500,3898189.841038176,6792.255374137312,66.48685224354267,13.478494031851241,74.19226492491552,73.61325104233221,True,False,12.392108794301748,16.430256112168234,16.775459051132202,49.951621098443866,56.35241325944665,499
397,True,10000,500,3898189.841384552,6792.237615212798,66.18445599451661,13.479064447331226,74.18912521024366,73.6134435108886,True,False,12.393491226248443,16.427218914031982,16.77517235899965,49.96733088046312,56.544248526915936,499
398,True,10000,500,3898189.841732959,6791.655930224806,65.80521911382675,13.478658739701363,74.19135830292238,73.61974828183763,True,False,12.39317620638758,16.431485613187153,16.775705696394045,49.962125485762954,56.40312673058364,499
399,True,10000,500,3898189.842088965,6792.493712157011,65.53804222494364,13.480873086036206,74.17917175081358,73.61066806806376,True,False,12.393366196192801,16.42762264236808,16.775109029064577,49.96627615764737,57.162854215130245,499
400,True,10000,500,3898196.575766906,6785.2416560053825,59.12528792396188,13.47919111839964,74.18842801590368,73.68934304019479,True,False,12.383808731101453,16.4029059621195,17.02655665576458,49.82271185144782,51.03581182193011,499
401,True,10000,500,3898196.577036743,6783.476023934782,57.8356608748436,13.478237200520919,74.19367867790241,73.70852321668163,True,False,12.372233672067523,16.403409652411938,16.999666579067707,49.77940768003464,50.87513269390911,499
402,True,10000,500,3898196.577681127,6782.67665207386,57.17428680509329,13.477960651841217,74.19520102719625,73.7172101292962,True,False,12.369988951832056,16.413929251333077,16.982920467853546,49.744718009606004,50.808339193463326,499
403,True,10000,500,3898196.578169892,6782.012477982789,56.67045200243592,13.477639330621951,74.196969919498,73.72442938186951,True,False,12.370446580462158,16.40196641286214,16.977747126171987,49.75955770350993,50.74412047397345,499
404,True,10000,500,3898196.578589278,6781.837630085647,56.27547623589635,13.478080468636776,74.19454145024434,73.72633012944686,True,False,12.373186415061355,16.403065994381905,16.98756714661916,49.74968871101737,50.83474926650524,499
405,True,10000,500,3898196.578980044,6781.966639216989,55.90594979003072,13.479079537929778,74.18904215128534,73.72492767934456,True,False,12.383976252749562,16.400316264480352,17.021523012469213,49.81400701217353,51.014824165031314,499
406,True,10000,500,3898196.57936442,6781.4790438860655,55.515043903142214,13.478885771508866,74.19010865970542,73.73022857761121,True,False,12.376298778690398,16.393262892961502,17.011070003112156,49.79817755520344,50.9969083359465,499
407,True,10000,500,3898196.62642952,6785.30228510499,77.84261694177985,13.441802942210842,74.39478203178635,73.6886845995931,True,False,12.38264876883477,16.395149752497673,16.739722651739914,49.84677699394524,51.00963783916086,499
408,True,10000,500,3898196.627533679,6784.061887301505,76.70895801857114,13.441589036639146,74.39596592889393,73.70215783790336,True,False,12.375796446576715,16.39947931592663,16.725886302689712,49.77012239396572,51.06419718358666,499
409,True,10000,500,3898196.627950394,6783.418145030737,76.24324411153793,13.44123226637114,74.39794061902478,73.70915212801384,True,False,12.376583996228874,16.39321306720376,16.736516108115513,49.837737111374736,51.01020543370396,499
410,True,10000,500,3898196.628335061,6782.3685351759195,75.70735784247518,13.440202760187264,74.40363942739111,73.72055903580166,True,False,12.35977397300303,16.379409780104954,16.676379988590877,49.755532993003726,50.81803863868117,499
411,True,10000,500,3898196.628705667,6782.984778285027,75.55407006293535,13.441744906256694,74.39510323801284,73.71386142582755,True,False,12.359561515040696,16.39920969804128,16.689059945444267,49.75040769204497,51.454669330269105,499
412,True,10000,500,3898196.629076393,6782.102047931403,75.02686511725187,13.44103243048928,74.39904673778085,73.72345571717018,True,False,12.36554142087698,16.399786341935396,16.702969713757437,49.7389379888773,50.96481223590672,499
413,True,10000,500,3898196.629442839,6781.78290091455,74.67069895938039,13.441106617144628,74.39863610072574,73.7269251029214,True,False,12.369739008136094,16.401479641596477,16.708476313700277,49.74072310142219,50.983799691312015,499
414,True,10000,500,3898196.629806536,6781.465134117752,74.31584224104881,13.441180945644696,74.39822468307942,73.73037980900104,True,False,12.370178825221956,16.401339632769425,16.711143000672262,49.750312929973006,51.05104795657098,499
415,True,10000,500,3898196.630173922,6781.469803769141,74.07685508951545,13.441669235830913,74.39552204828404,73.73032903900862,True,False,12.374046258628368,16.396859660744667,16.718442862232525,49.808577401563525,50.98131934646517,499
416,True,10000,500,3898196.630862305,6780.458903871477,73.32144305109978,13.44115723611298,74.39835591784119,73.74132150768028,True,False,12.395760975778103,16.397409451504547,16.731879363457363,49.98902580700815,50.98917267750949,499
417,True,10000,500,3898196.631230741,6780.183867085725,72.97276612371206,13.44130481154712,74.3975390797568,73.74431280945647,True,False,12.40734092425555,16.39768636475007,16.732276417315006,49.99672505073249,50.995452026836574,499
418,True,10000,500,3898196.631597247,6779.863181058317,72.61704979464412,13.441375012552452,74.39715051965541,73.74780089912544,True,False,12.395470985211432,16.397092801829178,16.731239389628172,49.93539163842797,50.98069591913372,499
419,True,10000,500,3898196.631959784,6779.9894493073225,72.3216631449759,13.442220012349392,74.3924737938598,73.74642744482183,True,False,12.407353497110307,16.396766373266775,16.722516311953466,50.00409996137023,51.07516124844551,499
420,True,10000,500,3898196.63232401,6779.228087048978,71.90981693565845,13.441519579385409,74.3963503600925,73.75470976632265,True,False,12.40763592068106,16.39861597989996,16.721082696070273,50.00354559160769,51.02383620105684,499
421,True,10000,500,3898196.632684776,6778.433574829251,71.40651298686862,13.440935995676115,74.39958052933926,73.76335468664603,True,False,12.392593664117157,16.410632990300655,16.738272737711668,49.928855849429965,50.87509425356984,499
422,True,10000,500,3898196.633944793,6777.561873663217,70.27884386479855,13.44144895751186,74.39674124128874,73.77284181542323,True,False,12.407691334374249,16.3978796141843,16.719176278760035,50.00121984630823,51.003139675594866,499
423,True,10000,500,3898196.63524956,6784.547693096101,69.23129502683878,13.457547891922369,74.30774224479859,73.69688041382564,True,False,12.407308677211404,16.396756283938885,16.722096285472315,50.002319971099496,55.76015596743677,499
424,True,10000,500,3898196.636134471,6783.230166416615,68.26820410788059,13.456837599817103,74.31166442950841,73.71119477494238,True,False,12.40781124215573,16.397806350141764,16.71906964232524,50.00476003624499,55.57885910384361,499
425,True,10000,500,3898196.636526237,6783.228056039661,67.9474282078445,13.457476208079793,74.30813805931945,73.71121770774155,True,False,12.407298432663083,16.396812939395506,16.722522986431915,50.00179051421583,55.746802128851456,499
426,True,10000,500,3898196.636897203,6782.943130005151,67.59117217734456,13.45761915396354,74.30734876350546,73.71431403990266,True,False,12.402071035467088,16.396983060985804,16.722739674150944,50.00470555387437,55.773215577937705,499
427,True,10000,500,3898196.63726475,6782.144616823643,67.14636506512761,13.456910324165362,74.31126283157595,73.72299298362212,True,False,12.407773407176137,16.3980092232426,16.719169604281586,50.004200078547,55.59377064928417,499
428,True,10000,500,3898196.637630806,6781.593583058566,66.74417993053794,13.45661203031669,74.31291009557819,73.72898329517633,True,False,12.394818826578557,16.402155937006075,16.73113601282239,49.99672109261155,55.55764846503739,499
429,True,10000,500,3898196.637991562,6781.507634092122,66.43526302650571,13.457058859850935,74.31044260224608,73.72991773781845,True,False,12.407285976223648,16.39884974186619,16.721266011397045,50.002901116386056,55.62506029382352,499
430,True,10000,500,3898196.638357348,6781.314206309617,66.10051728785038,13.457342062167868,74.308878780102,73.73202078363796,True,False,12.407256057485938,16.39700634405017,16.72216954951485,50.00301054678857,55.70723027922217,499
431,True,10000,500,3898196.638834723,6780.620423145592,65.5836220830679,13.456987577279607,74.31083622967532,73.73956493616043,True,False,12.407198548316956,16.395799660434324,16.722479679932196,50.003031035885215,55.58176150079821,499
432,True,10000,500,3898196.63920744,6780.335776042193,65.22682495415211,13.4571321665091,74.31003780201476,73.74266061670757,True,False,12.40520121064037,16.38895630215605,16.708216319481533,49.94135559536517,55.57156740687791,499
433,True,10000,500,3898196.639573466,6779.7022219747305,64.81113005429506,13.456695574990853,74.31244873061489,73.74955176930537,True,False,12.40444858558476,16.39409301181634,16.707740103205044,49.93974161334336,55.37848363164816,499
434,True,10000,500,3898196.639933052,6779.6540427953005,64.50899317860603,13.45720450824989,74.30963833439209,73.75007586579541,True,False,12.405163492076099,16.38908963650465,16.708336304873228,49.95091096498072,55.60753981117163,499
435,True,10000,500,3898196.640297439,6779.415905009955,64.16802620515227,13.45741057876714,74.30850044642183,73.75266645471662,True,False,12.40477617830038,16.39394260322054,16.707856363306444,49.93986617773771,55.66985860932622,499
436,True,10000,500,3898196.640656205,6778.9726299233735,63.79360007122159,13.457272604914133,74.30926231180264,73.75748912053828,True,False,12.404866167344153,16.39371629183491,16.708179687460262,49.9404261354357,55.62132906634364,499
437,True,10000,500,3898196.641061171,6778.2608470879495,63.3334438316524,13.456768343198993,74.31204688199874,73.7652343690503,True,False,12.405168497934937,16.389029721419018,16.708286323895056,49.951066030189395,55.441523063927924,499
438,True,10000,500,3898196.641420167,6777.741472236812,62.94541899114847,13.456505116724776,74.31350052080933,73.77088696110866,True,False,12.405263492837548,16.389062938590843,16.70944302653273,49.951931461691856,55.34181753173474,499
439,True,10000,500,3898196.64208406,6778.115169145167,62.41288408637047,13.458321212542678,74.30347249165338,73.76681976075929,True,False,12.405431014485657,16.389059368520975,16.709689671794575,49.95406116358936,56.02403015363966,499
440,True,10000,500,3898203.362119561,6936.203088145703,58.247535955160856,13.783478060502087,72.55062877530152,72.08554790653744,True,False,12.35971157439053,16.48379794011513,16.85238898654152,49.794104136526585,50.47359670512378,499
441,True,10000,500,3898203.363089221,6934.960349928588,57.25598614662886,13.782974676917753,72.55327847875195,72.09846556731196,True,False,12.359174201264977,16.478894092142582,16.822919074135463,49.786386638879776,50.429170029237866,499
442,True,10000,500,3898203.363545236,6934.584263712168,56.808280758559704,13.78311820231184,72.55252297207102,72.10237571362985,True,False,12.357144267298281,16.47548337156574,16.822802263777646,49.774231016635895,50.447814455255866,499
443,True,10000,500,3898203.363950462,6934.512714855373,56.43015494570136,13.783732584989323,72.54928908654351,72.1031196509138,True,False,12.365814065560699,16.493719971428316,16.825716653062592,49.82821783050895,50.482190269976854,499
444,True,10000,500,3898203.364422817,6933.967781253159,55.95106026157737,13.783600643269704,72.54998355515204,72.10878616306985,True,False,12.364816502667964,16.485487452397745,16.82630164238308,49.81957487761974,50.46469290740788,499
445,True,10000,500,3898203.364809403,6932.67526384443,55.522365029901266,13.781869536702464,72.55909637926135,72.12223001524683,True,False,12.361091445200145,16.46988233551383,16.825221361747573,49.73445916548371,50.33288856968284,499
446,True,10000,500,3898203.36518888,6933.057829272002,55.17191719263792,13.783338501161051,72.55136336641259,72.11825031791231,True,False,12.356904335319996,16.484161280095577,16.851351632115684,49.813204910606146,50.44630616903305,499
447,True,10000,500,3898203.412092901,6936.705253086984,77.6868793182075,13.745527803143842,72.75093501839068,72.08032945864164,True,False,12.358516454696655,16.48395260175069,16.761775783573587,49.72818195819855,50.68263693712652,499
448,True,10000,500,3898203.412812504,6935.919931158423,76.95656595751643,13.74541756553288,72.75151847751322,72.08849077882752,True,False,12.363156420178711,16.47039673601588,16.785940276458856,49.74369928240776,50.665030144155025,499
449,True,10000,500,3898203.41323405,6934.907400980592,76.47520117461681,13.744353105823597,72.75715286856911,72.09901604876517,True,False,12.35928654205054,16.476059270401798,16.7610972498854,49.74799305200577,50.409315545111895,499
450,True,10000,500,3898203.413624946,6935.277447104454,76.17389410734177,13.745698503000225,72.75003156672857,72.09516905610674,True,False,12.36026908736676,16.4754048610727,16.76101199351251,49.785735830664635,50.631183348596096,499
451,True,10000,500,3898203.413998052,6935.335127171129,75.92197600752115,13.746318940207631,72.74674800939076,72.09456945218251,True,False,12.365539092570543,16.48921463638544,16.76380562906464,49.822720140218735,50.756504433229566,499
452,True,10000,500,3898203.414376338,6934.571994934231,75.43148193508387,13.745772571140575,72.74963955823864,72.10250327853754,True,False,12.365291477181017,16.47518929094076,16.761003850648798,49.78986093774438,50.64535935409367,499
453,True,10000,500,3898203.414746215,6934.44942496717,75.14731399714947,13.746096414769578,72.74792565295438,72.103777727439,True,False,12.35698175150901,16.484468771765627,16.789556040118136,49.79570470750332,50.75169303454459,499
454,True,10000,500,3898203.415118321,6933.875821065158,74.69830894842744,13.7458467176688,72.74924713910916,72.10974250230973,True,False,12.361889239400625,16.48374991491437,16.788371267418068,49.80080919340253,50.65992687828839,499
455,True,10000,500,3898203.415483497,6933.805392123759,74.4275520555675,13.746248176489361,72.7471224992381,72.11047494467606,True,False,12.362101464532316,16.484010064353544,16.764704811697204,49.81659669429064,50.77390942722559,499
456,True,10000,500,3898203.416223789,6933.196738827974,73.71227908879519,13.746461843164685,72.74599176203597,72.11680539798482,True,False,12.380896252579987,16.53401929264267,16.78332446453472,49.94250517338514,50.5261461623013,499
457,True,10000,500,3898203.416588676,6932.261687703431,73.20101372897625,13.745612573095098,72.75048635935984,72.12653280053016,True,False,12.372888741083443,16.519910997400682,16.78845897937814,49.92020511999726,50.554679073393345,499
458,True,10000,500,3898203.416959112,6932.283457834274,72.94321712106466,13.746172827080578,72.74752126133284,72.12630629449274,True,False,12.384286266751587,16.52555161466201,16.78398418240249,49.958658777177334,50.533480793237686,499
459,True,10000,500,3898203.417327788,6932.049639988691,72.60020961984992,13.746391644025731,72.74636325632453,72.1287391128399,True,False,12.38327391911298,16.534384433180094,16.783400420099497,49.9442289583385,50.528695629909635,499
460,True,10000,500,3898203.417688035,6931.370646227151,72.13769387453794,13.745957820345918,72.74865913816946,72.13580480971069,True,False,12.382979039102793,16.52301037684083,16.785740992054343,49.959040991961956,50.546751376241446,499
461,True,10000,500,3898203.418053641,6931.051999796182,71.7799779959023,13.746036115832224,72.74824477204984,72.13912116294946,True,False,12.385961250402033,16.523398303737245,16.78519457578659,49.95920490473509,50.543366419151425,499
462,True,10000,500,3898203.418746624,6930.4041266441345,71.1370948702097,13.746026115779408,72.74829769543905,72.14586492550065,True,False,12.386018759571016,16.5235483708481,16.78498279303312,49.95963526889682,50.54062535986304,499
463,True,10000,500,3898203.421454676,6928.529005963355,68.55188217014074,13.747449145878184,72.74076735172532,72.16539031151521,True,False,12.368219089694321,16.520048926273983,16.789318015798926,49.904393311589956,51.0343377571553,499
464,True,10000,500,3898203.421880942,6928.738384041935,68.22787504643202,13.748518054099206,72.73511196371044,72.16320956086106,True,False,12.383811292238533,16.52466900025805,16.78357724410792,49.95765471830964,51.26544707454742,499
465,True,10000,500,3898203.422262648,6927.830582950264,67.75994878262281,13.74763654141812,72.73977581435582,72.1726656004731,True,False,12.37711647991091,16.51851028824846,16.788003652667005,49.93294309824705,51.06194463558495,499
466,True,10000,500,3898203.422638324,6927.548695821315,67.40056304261088,13.74779184925592,72.73895407822337,72.17560236012474,True,False,12.381823733448982,16.518838983029127,16.78720392286777,49.9429352581501,51.10675336793066,499
467,True,10000,500,3898203.42300892,6927.483596839011,67.0794970355928,13.748304809225287,72.736240131146,72.17628060904373,True,False,12.385271256789565,16.523145387570064,16.784624497716624,49.95919093489647,51.22338756918908,499
468,True,10000,500,3898203.423373467,6926.988780964166,66.69469038024545,13.748084349867577,72.7374065034473,72.1814363802687,True,False,12.383213732391596,16.52219571794073,16.78624153137207,49.95796885341406,51.1914257798344,499
469,True,10000,500,3898203.423737943,6926.304957829416,66.27751374617219,13.747549988142772,72.7402337771092,72.18856273932983,True,False,12.370771495625377,16.51955029616753,16.789068179205056,49.90005372092128,51.05836292728782,499
470,True,10000,500,3898203.424100739,6926.131261046976,65.94494823366404,13.747868362351326,72.73854925309803,72.19037311811189,True,False,12.38499884493649,16.52017763505379,16.78685921554764,49.95068293064833,51.1220529768616,499
471,True,10000,500,3898203.425741242,6924.791514407843,64.35371516272426,13.748372343176591,72.73588284043723,72.2043398649174,True,False,12.384936213493347,16.52500421429674,16.78441279567778,49.959200993180275,51.23686603270472,499
472,True,10000,500,3898203.426119079,6924.02071133256,63.912197947502136,13.747712451673461,72.73937416972039,72.21237787195652,True,False,12.383791501633823,16.53930600732565,16.769956719751157,49.94094101712108,50.90746792033315,499
473,True,10000,500,3898203.426482905,6923.9678820595145,63.59864166006446,13.7482349507003,72.73660972378585,72.21292884612232,True,False,12.381676235236228,16.539666429162025,16.779067122067012,49.92789812386036,51.06161801144481,499
474,True,10000,500,3898203.426843031,6923.433457966894,63.20992624387145,13.747942949344734,72.73815462317312,72.21850300657441,True,False,12.382736545987427,16.539522198339306,16.770001516366996,49.94144653901458,50.97983540035784,499
475,True,10000,500,3898203.427215587,6923.1049520894885,62.84478027373552,13.748016376384275,72.73776613459343,72.22192982197866,True,False,12.380103813484311,16.539327272524435,16.779153930644192,49.92526900023222,50.954276537522674,499
476,True,10000,500,3898203.427584864,6922.822593711317,62.49024299904704,13.748161023471482,72.7370008463499,72.22487550875555,True,False,12.38251372706145,16.53887356321017,16.7716772450755,49.92858385667205,51.047724736854434,499
477,True,10000,500,3898203.428004729,6922.659665811807,62.11083708330989,13.748594847151296,72.73470570028469,72.22657535358789,True,False,12.379633961245418,16.538846710075937,16.7789207243671,49.927214719355106,51.153926532715566,499
478,True,10000,500,3898203.428373476,6922.2019598819315,61.72809097915888,13.748444627059666,72.73550042393899,72.23135107842596,True,False,12.381031294353306,16.539454646408558,16.77897436544299,49.927339144051075,51.12548248842359,499
479,True,10000,500,3898203.428828571,6928.940472193062,61.30057480186224,13.762805405593587,72.65960467577142,72.16110486250811,True,False,12.383246212266386,16.53926596045494,16.770203079407413,49.89689774811268,55.64790378324691,499
480,True,10000,500,3898210.299487507,6794.785648118705,58.88056010007858,13.498807791620493,74.08061626159008,73.58583859645914,True,False,12.376016471534967,16.44818236430486,19.04753316193819,49.78047264739871,53.0406703008339,499
481,True,10000,500,3898210.300640745,6793.337992858142,57.697631884366274,13.49827727650055,74.08352780994669,73.60151968379192,True,False,12.377576320432127,16.439598985016346,19.031570991501212,49.707618076354265,52.90427987929436,499
482,True,10000,500,3898210.301235229,6792.828568257391,57.112048380076885,13.498429899553736,74.08269016776984,73.6070393909953,True,False,12.375993770547211,16.442442312836647,19.037853460758924,49.71737810410559,52.91889156214894,499
483,True,10000,500,3898210.301720434,6792.469752021134,56.6411130130291,13.49865458719059,74.08145704750011,73.61092772643153,True,False,12.374036246910691,16.43764227628708,19.041808554902673,49.762692768126726,53.0153659405187,499
484,True,10000,500,3898210.302152139,6792.162646073848,56.223127990961075,13.498876789745264,74.08023760611499,73.61425602624824,True,False,12.375216232612729,16.441389297445614,19.049375783652067,49.77918742224574,53.05110465269538,499
485,True,10000,500,3898210.302575415,6791.533941868693,55.77925220131874,13.498506392118985,74.08227036021137,73.62107062700254,True,False,12.37796654459089,16.442525666207075,19.03976104222238,49.73100800998509,52.933101681992426,499
486,True,10000,500,3898210.302974761,6790.575611870736,55.3473262116313,13.497451474266743,74.08806039469948,73.63146050917103,True,False,12.37935374956578,16.43971897040804,19.02904373127967,49.69656839966774,52.740994561463616,499
487,True,10000,500,3898210.350737614,6794.281923677772,71.57133100554347,13.472365917178816,74.2260124277715,73.59129421131644,True,False,12.37466128077358,16.44880898917715,16.922267619520426,49.77995762601495,50.905803428031504,499
488,True,10000,500,3898210.351692005,6793.682069052011,70.68523904308677,13.472939539096041,74.22285219184576,73.59779202469655,True,False,12.378078768961132,16.44489572693904,16.983096798261005,49.731757724657655,51.126576331444085,499
489,True,10000,500,3898210.35215675,6793.175355065614,70.21150412037969,13.472873448788045,74.2232162872394,73.60328180357573,True,False,12.368713971227407,16.460102361937363,16.805705303947132,49.71248307265341,51.405509351752706,499
490,True,10000,500,3898210.352555256,6791.8536881916225,69.60859009996057,13.47143306230794,74.23115234844057,73.61760470036398,True,False,12.378848739899695,16.459958938260872,16.821168673535187,49.70797267742455,50.738140754401684,499
491,True,10000,500,3898210.352939892,6791.936236899346,69.29065380245447,13.47223563746872,74.22673021089531,73.6167099572566,True,False,12.377786450088024,16.453565719226997,16.937764051059883,49.700418720021844,50.91177932918072,499
492,True,10000,500,3898210.353306838,6791.616541333497,68.933947943151,13.472309806393477,74.22632157148254,73.62017524944477,True,False,12.377719045616686,16.449068983395893,16.93944400176406,49.70546835102141,50.92987709213048,499
493,True,10000,500,3898210.353671085,6791.395582724363,68.6467899940908,13.472442470401345,74.22559066011806,73.62257048785037,True,False,12.374341487884521,16.44286932423711,16.939787349353235,49.706913996487856,51.01001220755279,499
494,True,10000,500,3898210.354053471,6791.148105170578,68.2897842489183,13.472661965774869,74.2243813836003,73.6252533823132,True,False,12.37806654535234,16.445239384969074,16.98389695957303,49.75114297121763,51.002058922313154,499
495,True,10000,500,3898210.354720214,6790.525272022933,67.6313410513103,13.472733328600446,74.22398822940856,73.63200635744742,True,False,12.37462880089879,16.441892211635906,16.992893690864246,49.772417871281505,51.00083239376545,499
496,True,10000,500,3898210.35510121,6789.867928717285,67.14892573654652,13.472382771504487,74.22591956896487,73.63913484756957,True,False,12.393631273880601,16.462679021060467,16.7712092710038,49.84502703882754,50.86467855144293,499
497,True,10000,500,3898210.355465776,6789.822848979384,66.89291913062334,13.472805470638798,74.22359078658812,73.63962376060486,True,False,12.39503372926265,16.465172326813143,16.842258318016928,49.852036871016026,50.93957879580558,499
498,True,10000,500,3898210.355828823,6788.936518132687,66.38090312480927,13.47205534069715,74.2277235886304,73.64923779513057,True,False,12.394051300361753,16.463665757328272,16.736669776340324,49.84783194959164,50.82748315762729,499
499,True,10000,500,3898210.356205779,6788.950537797064,66.12866604700685,13.4725889213428,74.22478380646167,73.64908570423084,True,False,12.39278120920062,16.464592268069584,16.8095453021427,49.84659724868834,50.90424944646657,499
500,True,10000,500,3898210.356568565,6788.845848757774,65.81676891073585,13.473004168030135,74.22249615070136,73.65022142776894,True,False,12.393675977364182,16.464102392395336,16.866594708214205,49.849272007122636,50.96486625261605,499
501,True,10000,500,3898210.356955391,6788.154546171427,65.371114294976,13.472511887527958,74.22520821271199,73.65772193298162,True,False,12.39280600566417,16.46464892352621,16.800312014917534,49.878641963005066,50.895347213372595,499
502,True,10000,500,3898210.357370847,6787.452883087099,64.85014921054244,13.472149767287688,74.22720332490242,73.6653364100537,True,False,12.393656186759472,16.461595582465332,16.738813060025375,49.846261739730835,50.83022092003376,499
503,True,10000,500,3898210.358563535,6787.741600070149,63.9176182448864,13.474597157966457,74.2137214401827,73.66220305069254,True,False,12.395386234857142,16.46497566252947,17.053882746646803,49.847441259771585,51.42159422393888,499
504,True,10000,500,3898210.358954951,6786.985847633332,63.48202284425497,13.473955560699554,74.21725531860675,73.67040557103171,True,False,12.393433833494782,16.468165442347527,17.051842684547108,49.848522525280714,51.30305148195475,499
505,True,10000,500,3898210.359331557,6786.556932143867,63.097016885876656,13.473867565647277,74.217740016206,73.67506159593219,True,False,12.394041055813432,16.46846191336711,17.052936367690563,49.84825709834695,51.25487120822072,499
506,True,10000,500,3898210.359690963,6786.2951550632715,62.75514140725136,13.474028083478998,74.21685585071155,73.67790356523895,True,False,12.393686221912503,16.461925736318033,17.053792718797922,49.84590667299926,51.2831874191761,499
507,True,10000,500,3898210.36005432,6786.076596938074,62.40970268845558,13.474282353205648,74.21545532345857,73.68027649814675,True,False,12.393201235681772,16.464462038129568,17.054135911166668,49.8571468051523,51.35375375393778,499
508,True,10000,500,3898210.360412966,6785.98215803504,62.10130685940385,13.474711124600473,74.21309375414533,73.68130188906669,True,False,12.394176214002073,16.46379567682743,17.053913014630478,49.85059215687215,51.445051305927336,499
509,True,10000,500,3898210.360773012,6785.31255479902,61.681451741606,13.474210627369569,74.21585038671907,73.68857307042799,True,False,12.393068755045533,16.46436533580224,17.05415965989232,49.86943630501628,51.31219804752618,499
510,True,10000,500,3898210.361235277,6785.115878097713,61.269916128367186,13.474641206351395,74.21347883672338,73.69070904359866,True,False,12.394666206091642,16.4648521070679,17.054086395849783,49.8517423402518,51.42828207463026,499
511,True,10000,500,3898210.361596804,6784.837429877371,60.92612911015749,13.474772145826078,74.21275767618513,73.69373329392168,True,False,12.393153738230467,16.464495565742254,17.053659694890182,49.84962707385421,51.44934852141887,499
512,True,10000,500,3898210.36196427,6784.210746176541,60.5086931027472,13.47435281177113,74.21506724437295,73.70054066816704,True,False,12.386678718030453,16.462288952122133,17.038979722807806,49.86491706222296,51.2417443562299,499
513,True,10000,500,3898210.362329896,6835.320645943284,78.82641674950719,13.540068595578711,73.85486956296025,73.14945792583214,True,False,12.38662376999855,16.44873588035504,17.20292478178938,49.87611132673919,51.46162898745388,499
514,True,10000,500,3898210.362684123,6835.462903603911,78.51276965811849,13.5409822323563,73.84988642924964,73.14793556064525,True,False,12.385611305944622,16.449375543743372,17.309483606368303,49.87574182450771,51.71343395486474,499
515,True,10000,500,3898210.363039449,6835.2891663089395,78.20249302312732,13.541255858288201,73.84839415673028,73.14979481255807,True,False,12.385693727992475,16.450305624554556,17.348909905801218,49.87254203297198,51.79530638270081,499
516,True,10000,500,3898210.363393535,6834.670733194798,77.79140817001462,13.54084033071099,73.85066034136545,73.15641374961746,True,False,12.386518763378263,16.44886905948321,17.274367312590282,49.876296892762184,51.65833421051502,499
517,True,10000,500,3898210.363800871,6834.41417478025,77.40624062716961,13.54109806443503,73.84925470899931,73.15915998258575,True,False,12.385504087433219,16.44974248483777,17.317777033895254,49.87469222396612,51.73882127273828,499
518,True,10000,500,3898210.364162978,6834.222176112235,77.08912435919046,13.541348801108304,73.84788728860998,73.16121529493992,True,False,12.385168694891036,16.450689019014437,17.441325665762026,49.87280094064772,51.90142965875567,499
519,True,10000,500,3898210.36493522,6833.336755633354,76.29647199064493,13.541162893071562,73.84890115395167,73.17069506164812,True,False,12.38584378734231,16.44278597086668,17.03886299704512,49.852336989715695,55.787116545252545,499
520,True,10000,500,3898217.095289645,6856.207123026252,58.3982951939106,13.622863382429541,73.40600664686818,72.92661832236271,True,False,12.39621127024293,16.47651195526123,16.676740099986393,49.87333361059427,53.80105482414363,499
521,True,10000,500,3898217.096382384,6855.629847850651,57.32764583081007,13.623852108256193,73.40067934193075,72.93275907490221,True,False,12.39764376077801,16.472595743834972,16.739992735286553,49.94010543450713,54.042787086218574,499
522,True,10000,500,3898217.096951998,6854.775457177311,56.743721943348646,13.623310090649223,73.40359966454707,72.94184953592807,True,False,12.395191239193082,16.466802451759577,16.70321961864829,49.881517980247736,53.880018200725296,499
523,True,10000,500,3898217.097412563,6854.546000249684,56.29024701192975,13.623759024524556,73.40118084882951,72.94429127498553,True,False,12.398376245982945,16.479418613016605,16.731522977352142,49.90717712789774,54.02786575257776,499
524,True,10000,500,3898217.097813349,6854.288011789322,55.9030007570982,13.624018058180809,73.39978527109558,72.9470368242484,True,False,12.398331193253398,16.467608977109194,16.753795711944502,49.94040485471487,54.067204538732746,499
525,True,10000,500,3898217.098202325,6852.593480143696,55.46303512528539,13.621503897832486,73.41333288163023,72.96507540521945,True,False,12.380741303786635,16.475065456082422,16.653206975509722,49.85610395669937,53.5491041652858,499
526,True,10000,500,3898217.098579851,6852.819988038391,55.098879151046276,13.622687592960611,73.40695389041588,72.96266367316679,True,False,12.384976260364056,16.474915357927483,16.657566962142784,49.83467813581228,53.748760912567356,499
527,True,10000,500,3898217.146499273,6805.410410277545,73.33189295604825,13.491139313269533,74.12272431405597,73.4709547046419,True,False,12.397681246511638,16.471355687826872,16.72593628366788,49.88033138215542,52.0816031843424,499
528,True,10000,500,3898217.147347394,6804.709758143872,72.5233512930572,13.491355524751132,74.12153642867153,73.47851969756687,True,False,12.399286264553666,16.47125231102109,16.74729585647583,49.92877598851919,52.15639777015896,499
529,True,10000,500,3898217.14774431,6803.814637009054,71.92915678024292,13.4907524653884,74.12484978622057,73.48818665345051,True,False,12.395761208608747,16.468145263691742,16.69080990056197,49.83996204100549,51.949632004834726,499
530,True,10000,500,3898217.148127747,6803.646348416805,71.64703914895654,13.490980579695089,74.12359643487095,73.49000438806597,True,False,12.394665973260999,16.466425576557715,16.707839754720528,49.88440638408065,52.0372638013214,499
531,True,10000,500,3898217.148489983,6803.3739612437785,71.31291320547462,13.49110430468598,74.12291665795375,73.49294671266182,True,False,12.39634130615741,16.465378925204277,16.722089766214292,49.871406285092235,52.069275057874634,499
532,True,10000,500,3898217.148849569,6803.294762037694,71.03101629763842,13.491510512505121,74.12068493539785,73.49380226621874,True,False,12.395061319693923,16.467712353914976,16.760312641660374,49.932441441342235,52.1857369458303,499
533,True,10000,500,3898217.149213465,6802.606909070164,70.57022117078304,13.491055486772307,74.1231848746363,73.50123367165781,True,False,12.39431370049715,16.465628674874704,16.7189696803689,49.86422695219517,52.05527772195639,499
534,True,10000,500,3898217.149570632,6802.044194191694,70.05695626139641,13.490956388637873,74.12372934821754,73.50731423164714,True,False,12.395201018080115,16.469218923399847,16.695053316652775,49.86119200475514,51.97324813343586,499
535,True,10000,500,3898217.150241775,6801.427140831947,69.44288220256567,13.490950418094952,74.12376215234873,73.513983116614,True,False,12.393228709697723,16.46579895168543,16.69920329004526,49.868216970935464,51.99573277495803,499
536,True,10000,500,3898217.150618801,6802.198633085936,69.14490507915616,13.493093643300162,74.11198843169211,73.5056453023875,True,False,12.418471043929458,16.499521676450968,16.83908173193534,49.951085820794106,52.60533562395724,499
537,True,10000,500,3898217.150982777,6802.297251764685,68.8292789272964,13.4939237932613,74.10742904146144,73.5045796286376,True,False,12.422215775586665,16.51677830765645,16.864044902225334,49.95503113605082,52.76710302568974,499
538,True,10000,500,3898217.151350064,6801.64001788944,68.44336166977882,13.493380072584491,74.11041522737321,73.51168228323128,True,False,12.421218445524573,16.515151752779882,16.865205019712448,49.947055988013744,52.68300296738746,499
539,True,10000,500,3898217.15170835,6801.53134977445,68.15214594826102,13.49374589945128,74.10840603132038,73.51285677990455,True,False,12.422065949067473,16.517685105403263,16.864224647482235,49.958276096731424,52.75604750495406,499
540,True,10000,500,3898217.152074736,6801.124503836036,67.77615007013083,13.493684075683175,74.108745572463,73.51725434786339,True,False,12.422135914675891,16.515675000846386,16.864314675331116,49.95865118689835,52.74509785231205,499
541,True,10000,500,3898217.152435723,6800.8855558000505,67.40459287539124,13.49394982550032,74.10728607499641,73.51983736494158,True,False,12.422243249602616,16.515481596191723,16.86402161916097,49.95259107090533,52.780169784091434,499
542,True,10000,500,3898217.152848018,6800.188024062663,66.9747581705451,13.493413358501238,74.11023240979802,73.52737868875617,True,False,12.421246035955846,16.519121670474608,16.864611612011988,49.94768090546131,52.69798031076791,499
543,True,10000,500,3898217.153862858,6799.213922582567,66.16184581071138,13.493090334212134,74.1120066071499,73.53791271948735,True,False,12.421090970747173,16.506068563709658,16.864361707121134,49.947175895795226,52.7093719923869,499
544,True,10000,500,3898217.154265124,6799.096315167844,65.7862201333046,13.493607404878837,74.10916665905319,73.53918474203242,True,False,12.42226839531213,16.51404844596982,16.863984987139702,49.95167092420161,52.79123331420126,499
545,True,10000,500,3898217.15462815,6798.090214841068,65.33115496858954,13.49250312599695,74.11523204120887,73.55006835720397,True,False,12.412318494170904,16.489385316769283,16.8293082776169,49.96069520711899,52.56066303700211,499
546,True,10000,500,3898217.154985077,6798.13413368538,65.05650701001287,13.49314153642358,74.11172537548691,73.54959319241054,True,False,12.421128572896123,16.50973502546549,16.863938110570114,49.95785607025027,52.721706056036076,499
547,True,10000,500,3898217.155346693,6797.512791119516,64.63397108018398,13.492743126331327,74.11391372659295,73.55631616511494,True,False,12.418090947903693,16.500525331745546,16.846518342693646,49.94335095398128,52.62587810866537,499
548,True,10000,500,3898217.155700469,6797.202364075929,64.29916527122259,13.492791981572559,74.11364537196785,73.55967546921407,True,False,12.421888415701687,16.505411670853693,16.85504786049326,49.94458658620715,52.646221523173175,499
549,True,10000,500,3898217.156059026,6797.100315336138,63.974738121032715,13.49323762968959,74.11119758238519,73.56077986253369,True,False,12.422188417986035,16.51313155889511,16.86424467091759,49.9586455989629,52.73306516464802,499
550,True,10000,500,3898217.156501431,6796.271233819425,63.46841296181083,13.492590823361953,74.11475031678384,73.56975358957324,True,False,12.415793491527438,16.49500507240494,16.83083859582742,49.964380683377385,52.58288145996632,499
551,True,10000,500,3898217.156860077,6796.088156290352,63.155167270451784,13.492851681402607,74.11331745225618,73.57173546037772,True,False,12.421330786310136,16.511015128344297,16.8631913450857,49.94505597278476,52.667063707485816,499
552,True,10000,500,3898217.157217944,6798.043334856629,62.772070057690144,13.497537604807492,74.08758762367326,73.55057556580654,True,False,12.415280914865434,16.4967052017649,16.851508369048435,49.933966249227524,53.92776324879381,499
553,True,10000,500,3898217.19880186,6814.11002157256,42.53304656594992,13.570294539091403,73.69036811392266,73.37715393750129,True,False,12.415350996889174,16.498668274531763,16.852268017828465,49.961250741034746,57.022656407207265,499
554,True,10000,500,3898217.19974882,6813.826485071331,41.652726009488106,13.57149049912193,73.6838742999304,73.380207302823,True,False,12.411165982484818,16.494748337815206,16.851174645125866,49.963685451075435,57.3475274257362,499
555,True,10000,500,3898217.200286625,6813.176771160215,41.10197117552161,13.571292184338063,73.68495102876416,73.38720494035488,True,False,12.411518720909953,16.495471975455683,16.851594982047875,49.96232548728585,57.301336922682836,499
556,True,10000,500,3898217.200710931,6812.628875952214,40.653354953974485,13.571093228453385,73.68603127000726,73.39310699353399,True,False,12.41513341665268,16.497448707620304,16.85142843052745,49.96282118372619,57.275242567993715,499
557,True,10000,500,3898217.201109557,6812.2920002788305,40.26118898764253,13.571204030643663,73.68542965988931,73.39673636707509,True,False,12.41540105547756,16.49625537296136,16.85156160965562,49.962496384978294,57.275079307146385,499
558,True,10000,500,3898217.201487313,6812.03460181132,39.90805288776755,13.571395889626357,73.68438796810692,73.39950972460564,True,False,12.41148600820452,16.495178764065106,16.85142843052745,49.96282048523426,57.32595224399121,499
559,True,10000,500,3898217.201851169,6811.40847876668,39.50597671791911,13.57094689789331,73.68682579954942,73.40625680557238,True,False,12.415093602612615,16.497914989789326,16.85152156278491,49.96252083219588,57.23564180079849,499
560,True,10000,500,3898223.953772294,6817.1537313610315,59.949519112706184,13.541491407311273,73.8471095923809,73.34439264584047,True,False,12.392568751238286,16.476678662002087,16.635517434527475,49.895578157156706,51.09769629314542,499
561,True,10000,500,3898223.955432557,6815.9420331940055,58.31761611625552,13.542333501157815,73.84251760706557,73.35743138145439,True,False,12.394773541018367,16.48094862078627,16.647853578130405,49.93066070601344,51.3039986230433,499
562,True,10000,500,3898223.955965712,6814.717184752226,57.774480897933245,13.54096734239337,73.84996763630402,73.37061633588237,True,False,12.39281625021249,16.446006018668413,16.60097095494469,49.8010590672493,51.05259181931614,499
563,True,10000,500,3898223.956426617,6921.871823724359,106.34509660303593,13.65837019463191,73.21517763466578,72.23479612642866,True,False,12.398623512126505,16.4806319711109,16.644700275113184,49.891856871545315,56.047709318809176,499
564,True,10000,500,3898223.956832663,6921.511756721884,105.94954062253237,13.65844131482836,73.2147963995236,72.23855388447774,True,False,12.398738646879792,16.48375190173586,16.64985374857982,49.912191880866885,56.066724890843,499
565,True,10000,500,3898223.957228019,6921.021821908653,105.53217492997646,13.65829588572881,73.2155759669018,72.2436676066009,True,False,12.3989685671404,16.47812531640132,16.640333614001673,49.9154940713197,55.99137610290196,499
566,True,10000,500,3898223.957610025,6920.914922840893,105.21200811490417,13.658723276003986,73.21328500423074,72.24478346784247,True,False,12.403401196934283,16.481295228004456,16.66112368305524,49.91845930926502,56.14810424856838,499
567,True,10000,500,3898223.957983131,6920.630956068635,104.85659213736653,13.658866460784106,73.21251751535124,72.2477478099818,True,False,12.395161320455372,16.48127535978953,16.649326930443447,49.943624157458544,56.17630633525547,499
568,True,10000,500,3898223.958355848,6920.032801572233,104.43733492866158,13.658507949185514,73.21443921403085,72.25399276812675,True,False,12.39831605926156,16.486842030038435,16.65487652644515,49.91116705350578,56.08891924377527,499
569,True,10000,500,3898223.959163429,6918.48029801622,103.4440859220922,13.657387198585427,73.22044732711215,72.27020652835684,True,False,12.391931260935962,16.47000201046467,16.619983594864607,49.84107264317572,55.69151588249948,499
570,True,10000,500,3898223.959530156,6919.1311011090875,103.32069685682654,13.658938685876274,73.212130385652,72.26340890113407,True,False,12.39236374385655,16.45280576000611,16.58312091603875,49.75114795379341,56.074108537286484,499
571,True,10000,500,3898223.959895352,6918.537447229028,102.9063812457025,13.658579290547745,73.21405680106407,72.26960955458253,True,False,12.403261032886803,16.48444201176365,16.659023705869913,49.91034967824817,56.109383883886004,499
572,True,10000,500,3898223.960263698,6917.838674969971,102.40137716755271,13.658190977559958,73.21613833361778,72.27690952220281,True,False,12.391808559186757,16.47606569652756,16.625537381817896,49.84631617553532,55.923911617137456,499
573,True,10000,500,3898223.960625164,6917.85404458642,102.18785889446735,13.658649670725355,73.21367954427475,72.27674894229317,True,False,12.403370928950608,16.483545613785584,16.661650345971186,49.907493917271495,56.12961202859875,499
574,True,10000,500,3898223.960989611,6917.162970639765,101.68808372691274,13.658266306438582,73.21573452763873,72.28396990533176,True,False,12.392313801683486,16.476362012326717,16.63049062093099,49.85553412698209,55.9458850137889,499
575,True,10000,500,3898223.961409666,6917.16131195426,101.42074711620808,13.658798727130364,73.21288057446135,72.28398723850756,True,False,12.395598692819476,16.48136538763841,16.650503656516474,49.92406517267227,56.15766309667375,499
576,True,10000,500,3898223.962199568,6915.844205301255,100.45373719185591,13.658097130479758,73.21664141400595,72.29775355794325,True,False,12.398983701132238,16.47048567732175,16.700262979914744,49.94055205024779,56.03333022911098,499
577,True,10000,500,3898223.962586394,6915.615978185087,100.16294987872243,13.658222501615962,73.21596934606139,72.30013950705494,True,False,12.39894877653569,16.470449045300484,16.707549958179396,49.93986184708774,56.059160954318905,499
578,True,10000,500,3898223.962948771,6915.75859580189,99.9127016402781,13.659009807939103,73.21174917223973,72.29864852476454,True,False,12.407011003233492,16.472612041980028,16.711886351307232,49.92774608545005,56.30356290377673,499
579,True,10000,500,3898223.963314197,6923.794813919812,99.70939392223954,13.675521883762672,73.12335196416365,72.21473389055153,True,False,12.404358596540987,16.470275353640318,16.7130200813214,49.93748897686601,56.293953498825395,499
580,True,10000,500,3898223.963676033,6923.606235999614,99.38766807317734,13.675788713279431,73.12192524801019,72.21670079968249,True,False,12.403546017594635,16.474328624705475,16.711793063829344,49.97139908373356,56.34310317225751,499
581,True,10000,500,3898223.96404009,6923.45159733668,99.06390029937029,13.676127649373365,73.12011306400899,72.21831379486215,True,False,12.410686002112925,16.47313901533683,16.712362878024578,49.92870897985995,56.365816472098196,499
582,True,10000,500,3898223.964394186,6923.183579929173,98.72942371293902,13.67626083410067,73.11940099201526,72.22110958454682,True,False,12.404848472215235,16.4719686533014,16.711673078437645,49.93164879269898,56.38113052584227,499
583,True,10000,500,3898223.964813802,6922.512346878648,98.2588492333889,13.67585871271595,73.12155097582209,72.22811241722803,True,False,12.406993540935218,16.474481982489426,16.71167292321722,49.97108313255012,56.34589518886056,499
584,True,10000,500,3898223.965182278,6921.8817530199885,97.81361324712634,13.675487254053833,73.12353713053767,72.23469250711369,True,False,12.400523526594043,16.470162042727072,16.71378966420889,49.93570898659527,56.32108992431309,499
585,True,10000,500,3898223.965540884,6921.994843054563,97.57389593869448,13.676194282797331,73.11975680674959,72.23351235254,True,False,12.405598419718444,16.472685306022566,16.711792908608913,49.92774571292102,56.37890669982877,499
586,True,10000,500,3898223.965895601,6921.121411025524,97.09077002480626,13.675412106213864,73.12393895212985,72.24262808097647,True,False,12.39787123631686,16.470812261104584,16.692770024140675,49.9410136602819,56.24816404655572,499
587,True,10000,500,3898223.966256527,6920.896353665739,96.77690360695124,13.675590080278132,73.12298731753607,72.24497730487883,True,False,12.399998726323247,16.474192030727863,16.71325632681449,49.93403977714479,56.306644575670326,499
588,True,10000,500,3898223.966615004,6920.752753969282,96.46608680486679,13.675925184698228,73.1211955677327,72.2464763263264,True,False,12.410063529387116,16.47372900818785,16.71173997844259,49.97096164152026,56.363656609319115,499
589,True,10000,500,3898223.96697334,6920.262229628861,96.08022077009082,13.67571544861477,73.12231698278653,72.25159732520936,True,False,12.404378736391664,16.47431527574857,16.712689617027838,49.93214374408126,56.34044831618663,499
590,True,10000,500,3898223.968312256,6918.883284088224,94.73106497898698,13.67565574971791,73.1226361866141,72.26599719493467,True,False,12.410471332259476,16.473628891011078,16.712153020004433,49.930715980008245,56.39564844779667,499
591,True,10000,500,3898223.968692342,6918.207341339439,94.27640028297901,13.675212306726372,73.12500731766585,72.27305793688379,True,False,12.39676121622324,16.471138689666986,16.685886774212122,49.970218958333135,56.24328158330169,499
592,True,10000,500,3898223.969542144,6917.909014038742,93.55277614668012,13.676064604994112,73.12045013554764,72.27617463388626,True,False,12.407521018758416,16.46653873225053,16.696833384533722,49.967052694410086,56.458125556819105,499
593,True,10000,500,3898224.013901742,6873.508135788143,49.18591771274805,13.675996429008807,73.12081464710333,72.74305785668035,True,False,12.40769843570888,16.466555340836447,16.69696004440387,49.96393579058349,56.450556698255205,499
594,True,10000,500,3898224.014811902,6872.151501011103,48.164919950068,13.675323809741554,73.12441108616781,72.75741809918404,True,False,12.409326038323343,16.467612391958635,16.697526598970097,49.95419797487557,56.469892435707116,499
595,True,10000,500,3898224.015276018,6872.803512960672,47.88823192939162,13.677184931926416,73.1144606859645,72.75051571852802,True,False,12.40814127959311,16.46665871764223,16.697196289896965,49.96165968477726,56.38936239294704,499
596,True,10000,500,3898224.015666004,6872.314827982336,47.48482629656792,13.677014031434405,73.1153742843037,72.75568895128696,True,False,12.408821028657258,16.467002375672262,16.697206689665716,49.95672106742859,56.373339653946424,499
597,True,10000,500,3898224.01605029,6872.105970047414,47.12663032114506,13.677313306064669,73.11377443964739,72.75790015161105,True,False,12.40709878038615,16.46728239332636,16.694859911998112,49.972376273944974,56.42964486032721,499
598,True,10000,500,3898224.016418826,6871.616255957633,46.73908418044448,13.677108560675729,73.11486894789948,72.76308533185394,True,False,12.408558395691216,16.46673570697506,16.69699636598428,49.95968504808843,56.381182586774194,499
599,True,10000,500,3898224.016784832,6871.334369294345,46.38599790632725,13.677251245266568,73.1141061948453,72.76607033334454,True,False,12.40695093292743,16.46727571884791,16.695190065850813,49.9695401173085,56.422112998552585,499
600,True,10000,500,3898230.77237901,6877.666634041816,50.02475995570421,13.682649046264752,73.08526270159591,72.69907464330875,True,False,12.385906535200775,16.447385773062706,16.61620397741596,49.7175466734916,51.71055938117205,499
601,True,10000,500,3898230.77340712,6876.762013416737,48.96607110276818,13.682957800228396,73.08361354321417,72.70863802244244,True,False,12.387511203996837,16.44707564264536,16.617200647791226,49.71103579737246,51.77628788631409,499
602,True,10000,500,3898230.774062513,6875.445935875177,48.33287699148059,13.681589296360114,73.0909237471441,72.72255569505178,True,False,12.384273810312152,16.443112244208653,16.604071017354727,49.70220900140703,51.46700507961212,499
603,True,10000,500,3898230.879028353,6871.064112056047,61.397614888846874,13.646626246828056,73.27818479915021,72.76893241655166,True,False,12.397263431921601,16.44223229959607,16.618717461824417,49.739561369642615,52.108269669115536,499
604,True,10000,500,3898230.880052633,6869.701215066016,60.27772603556514,13.64613925657405,73.28079988032134,72.78336922476987,True,False,12.388296308927238,16.444525681436062,16.604527675857145,49.72145203500986,51.86175995040684,499
605,True,10000,500,3898230.880567138,6869.664315134287,59.88841876387596,13.646845483708239,73.27700758346033,72.78376017565657,True,False,12.39737099967897,16.44836567963163,16.618993909408648,49.740396020933986,52.15572258923202,499
606,True,10000,500,3898230.880982563,6868.5342483222485,59.25516691058874,13.645849862548417,73.28235398108403,72.79573514860658,True,False,12.387676164507866,16.45431558911999,16.624837337682646,49.701545014977455,51.75086340401321,499
607,True,10000,500,3898230.881384939,6868.416728917509,58.95542027428746,13.646215047381206,73.28039288021526,72.79698069205566,True,False,12.388403760269284,16.444859250138204,16.604694072157145,49.73390093073249,51.88951611053198,499
608,True,10000,500,3898230.881771535,6868.416178971529,58.67418181151152,13.646777549418871,73.2773723597908,72.79698652082402,True,False,12.391341151669621,16.442539325604837,16.618050634860992,49.73485502414405,52.11283526849001,499
609,True,10000,500,3898230.882162801,6867.738775908947,58.19702707231045,13.64637625017362,73.2795272288698,72.8041668902622,True,False,12.388611328788102,16.445472215612728,16.60287395740549,49.755559116601944,51.94832322653382,499
610,True,10000,500,3898230.882554087,6867.151832208037,57.765441946685314,13.64606491034339,73.28119912737803,72.81038954969952,True,False,12.388326227664948,16.443815703193348,16.604214285810787,49.709771666675806,51.82847293559461,499
611,True,10000,500,3898230.882950903,6866.135902237147,57.25204711779952,13.645057825890476,73.28660770514104,72.82116274993747,True,False,12.383433990180492,16.44400895262758,16.612017372002203,49.70070845447481,51.42600546125322,499
612,True,10000,500,3898230.883947893,6866.044222842902,56.429394986480474,13.646522701115073,73.27874081199373,72.82213510022716,True,False,12.388688744977117,16.4477724271516,16.61584060639143,49.729298474267125,51.9830347970128,499
613,True,10000,500,3898230.884346149,6865.797295235097,56.089458987116814,13.646709090677316,73.27773995586564,72.82475413991655,True,False,12.390976306051016,16.444162465631962,16.617554084708292,49.73446927033365,52.08751828409731,499
614,True,10000,500,3898230.884722325,6865.3193498030305,55.665332823991776,13.64660123643094,73.27831909753485,72.82982400729038,True,False,12.388826231472194,16.447839327156544,16.616723965853453,49.7261970769614,52.02810677699744,499
615,True,10000,500,3898230.885110011,6864.742035977542,55.24022690951824,13.646296210557162,73.27995703525559,72.83594887900253,True,False,12.388536240905523,16.44506600374977,16.603537369519472,49.75445088930428,51.91896127536892,499
616,True,10000,500,3898230.885481078,6864.165160804987,54.827510844916105,13.64596723438892,73.28172366411087,72.84207012602872,True,False,12.40274345036596,16.43832555661599,16.61923062056303,49.74035187624395,52.315035550855086,499
617,True,10000,500,3898230.885845414,6864.102702122182,54.52296417206526,13.646452380661556,73.2791184188723,72.84273293950199,True,False,12.404451263137162,16.443725675344467,16.621910656491917,49.778399895876646,52.48343978542833,499
618,True,10000,500,3898230.88627001,6863.317910116166,53.979388903826475,13.64596898038545,73.28171428774226,72.8510622046265,True,False,12.40134856197983,16.435212766130764,16.6179439984262,49.73875302821398,52.27570234332232,499
619,True,10000,500,3898230.889444937,6861.553737893701,51.0975387878716,13.648208815843345,73.26968787575723,72.86979292149151,True,False,12.40329840220511,16.44599266971151,16.620583987484377,49.76217886433005,52.68314349930733,499
620,True,10000,500,3898230.889885773,6860.896365251392,50.622334238141775,13.647843749525553,73.27164776741846,72.87677489669811,True,False,12.401953455992043,16.436115683366854,16.618740744888783,49.73911507986486,52.55758620798587,499
621,True,10000,500,3898230.890276269,6860.869744792581,50.28308695182204,13.648470256193905,73.26828437393438,72.87705766160353,True,False,12.406008434481919,16.443452332168818,16.62253386651476,49.79002997279167,52.764896275475614,499
622,True,10000,500,3898230.890644075,6860.201922245324,49.87297207117081,13.647953807964235,73.27105689766125,72.88415205078272,True,False,12.401578715071082,16.440455957005423,16.619804004828136,49.740560818463564,52.60615949984639,499
623,True,10000,500,3898230.891019981,6859.917375259101,49.513026140630245,13.64810490805305,73.27024570348598,72.88717526005404,True,False,12.40258349571377,16.444818892826635,16.62056070442001,49.74599098786712,52.65169294551014,499
624,True,10000,500,3898230.891390497,6859.711977187544,49.16027933359146,13.648400196100104,73.26866047536767,72.88935769647257,True,False,12.405505985952914,16.443395676712196,16.622480781128008,49.79171026498079,52.74596280418336,499
625,True,10000,500,3898230.891752664,6859.138411935419,48.77254320308566,13.648027793050767,73.27065969994396,72.89545274811225,True,False,12.402088730596006,16.442152361075085,16.619980645676453,49.74139756523073,52.6291907345876,499
626,True,10000,500,3898230.89212592,6858.585617970675,48.373287077993155,13.647720101989343,73.27231160420972,72.90132803619363,True,False,12.401123763993382,16.434856069584686,16.61873034512003,49.727976229041815,52.517560324631624,499
627,True,10000,500,3898230.892624875,6902.958275750279,70.62157988548279,13.692057506743078,73.0350423599608,72.4327136318458,True,False,12.4006737023592,16.434972640126944,16.61960392569502,49.728335766121745,52.497702310793095,499
628,True,10000,500,3898230.892985681,6903.163843788207,70.39190270006657,13.692929741659599,73.03039005287403,72.43055667147806,True,False,12.404891196638346,16.44401888673504,16.62224732960264,49.786337930709124,52.73380127269774,499
629,True,10000,500,3898230.893371707,6902.522190939635,69.91244805976748,13.692604695150035,73.03212370939207,72.43728975711346,True,False,12.403193744830787,16.439729370176792,16.619167290627956,49.74192404188216,52.594002978876226,499
630,True,10000,500,3898230.893726624,6902.543619740754,69.67634987086058,13.693120781302392,73.02937116902339,72.43706487707483,True,False,12.402833555825055,16.44579243535797,16.62037366380294,49.75128574296832,52.670189645141356,499
631,True,10000,500,3898230.89408784,6902.103825006634,69.29831393063068,13.692997016184375,73.03003125013863,72.44168049000906,True,False,12.404095963574946,16.443452332168818,16.620893962681293,49.770481837913394,52.70893095992505,499
632,True,10000,500,3898230.894444976,6901.400552131236,68.83037881925702,13.692525397418795,73.03254666144436,72.44906250885467,True,False,12.40598876029253,16.442299044380587,16.62312401458621,49.76486498489976,52.70016235765069,499
633,True,10000,500,3898230.894860152,6901.4517506584525,68.55165073648095,13.693186572989923,73.02902028462239,72.44852504435694,True,False,12.408758513629436,16.441309358924627,16.625297411034506,49.769896268844604,52.8380367392674,499
634,True,10000,500,3898230.895229558,6900.794907938689,68.12361581251025,13.692728040333023,73.03146583021442,72.45542095806948,True,False,12.407403555698693,16.442488878965378,16.62440737709403,49.76503564976156,52.77961848303675,499
635,True,10000,500,3898230.895705423,6900.359983090311,67.65534123405814,13.692794873459425,73.03110937112537,72.45998777241707,True,False,12.407776084728539,16.44198891396324,16.6249539082249,49.765536142513156,53.04151561111211,499
636,True,10000,500,3898230.896102699,6900.127745233476,67.29191495105624,13.693057776117072,73.0297071954347,72.46242656092764,True,False,12.40852358750999,16.441799389819305,16.62508367250363,49.76821765303612,53.062257198616855,499
637,True,10000,500,3898230.896471216,6899.506781250238,66.87225820496678,13.692654354800144,73.03185884111919,72.4689482672552,True,False,12.407046044245362,16.4423156529665,16.623610630631447,49.76410996168852,53.01843536552041,499
638,True,10000,500,3898230.896842982,6899.260954000056,66.52543181553483,13.692856757884812,73.03077930937721,72.47153040502256,True,False,12.408288544975221,16.44182934736212,16.624920380612213,49.76665982976556,53.05183938238769,499
639,True,10000,500,3898230.897224868,6898.71324878186,66.06914661824703,13.692673551430087,73.03175645311126,72.47728409182503,True,False,12.406321242451668,16.442762377361458,16.623243999977905,49.76394786499441,53.00616422668099,499
