{"tag": null, "backend": "sglang-oai", "dataset_name": "random", "request_rate": Infinity, "max_concurrency": 256, "sharegpt_output_len": null, "random_input_len": 1024, "random_output_len": 1024, "random_range_ratio": 1.0, "server_info": null, "duration": 334.47602334502153, "completed": 2560, "total_input_tokens": 2621440, "total_input_text_tokens": 2621440, "total_input_vision_tokens": 0, "total_output_tokens": 2621440, "total_output_tokens_retokenized": 2617938, "request_throughput": 7.653762366575637, "input_throughput": 7837.452663373452, "output_throughput": 7837.452663373452, "total_throughput": 15674.905326746904, "mean_e2e_latency_ms": 32684.092174760644, "median_e2e_latency_ms": 32549.249320523813, "std_e2e_latency_ms": 1949.4911976059348, "p90_e2e_latency_ms": 35386.23278357554, "p99_e2e_latency_ms": 36942.58225400234, "mean_ttft_ms": 3519.6887131185576, "median_ttft_ms": 3751.5524169430137, "std_ttft_ms": 1978.4908930369438, "p99_ttft_ms": 7540.846252266783, "mean_tpot_ms": 28.50870328606264, "median_tpot_ms": 28.52122733284804, "std_tpot_ms": 0.643124567323612, "p99_tpot_ms": 29.601758307668558, "mean_itl_ms": 833.3520357874708, "median_itl_ms": 864.723218139261, "std_itl_ms": 138.00324378146368, "p95_itl_ms": 917.9338414687663, "p99_itl_ms": 943.6988157685847, "concurrency": 250.15627467287229, "accept_length": null, "max_output_tokens_per_s": 465.0, "max_concurrent_requests": 380}
