{"tag": null, "backend": "sglang-oai", "dataset_name": "random", "request_rate": Infinity, "max_concurrency": 128, "sharegpt_output_len": null, "random_input_len": 1024, "random_output_len": 1024, "random_range_ratio": 1.0, "server_info": null, "duration": 264.8335114691872, "completed": 1280, "total_input_tokens": 1310720, "total_input_text_tokens": 1310720, "total_input_vision_tokens": 0, "total_output_tokens": 1310720, "total_output_tokens_retokenized": 1310663, "request_throughput": 4.833225194572573, "input_throughput": 4949.222599242315, "output_throughput": 4949.222599242315, "total_throughput": 9898.44519848463, "mean_e2e_latency_ms": 25566.722551730163, "median_e2e_latency_ms": 25653.52937905118, "std_e2e_latency_ms": 1771.493461085034, "p90_e2e_latency_ms": 28286.913269665092, "p99_e2e_latency_ms": 29042.21565605607, "mean_ttft_ms": 2575.6728522961566, "median_ttft_ms": 2726.4416854595765, "std_ttft_ms": 1423.7214966607087, "p99_ttft_ms": 5266.706994527485, "mean_tpot_ms": 22.47414437872337, "median_tpot_ms": 22.486565282062166, "std_tpot_ms": 0.7078481594897615, "p99_tpot_ms": 23.71143632670382, "mean_itl_ms": 656.9161258933666, "median_itl_ms": 679.5624949736521, "std_itl_ms": 116.04525332667842, "p95_itl_ms": 699.7541840188205, "p99_itl_ms": 720.389779077377, "concurrency": 123.56972757966899, "accept_length": null, "max_output_tokens_per_s": 273.0, "max_concurrent_requests": 192}
