{"tag": null, "backend": "sglang-oai", "dataset_name": "random", "request_rate": Infinity, "max_concurrency": 64, "sharegpt_output_len": null, "random_input_len": 1024, "random_output_len": 1024, "random_range_ratio": 1.0, "server_info": null, "duration": 222.39034313196316, "completed": 640, "total_input_tokens": 655360, "total_input_text_tokens": 655360, "total_input_vision_tokens": 0, "total_output_tokens": 655360, "total_output_tokens_retokenized": 655386, "request_throughput": 2.8778228001574395, "input_throughput": 2946.890547361218, "output_throughput": 2946.890547361218, "total_throughput": 5893.781094722436, "mean_e2e_latency_ms": 21517.656904042087, "median_e2e_latency_ms": 22225.045691011474, "std_e2e_latency_ms": 1414.7554141145974, "p90_e2e_latency_ms": 22664.056425890885, "p99_e2e_latency_ms": 23033.949718661606, "mean_ttft_ms": 2952.8565037726366, "median_ttft_ms": 3410.4595261160284, "std_ttft_ms": 1127.540340232389, "p99_ttft_ms": 4232.9722077422775, "mean_tpot_ms": 18.14740997093788, "median_tpot_ms": 18.315846738628572, "std_tpot_ms": 0.44047629523358195, "p99_tpot_ms": 18.50152903805211, "mean_itl_ms": 531.1339193527808, "median_itl_ms": 549.86140539404, "std_itl_ms": 134.19427405395464, "p95_itl_ms": 560.2745565236546, "p99_itl_ms": 569.920110211242, "concurrency": 61.92400364441746, "accept_length": null, "max_output_tokens_per_s": 142.0, "max_concurrent_requests": 127}
