{"tag": null, "backend": "sglang-oai", "dataset_name": "random", "request_rate": Infinity, "max_concurrency": 16, "sharegpt_output_len": null, "random_input_len": 1024, "random_output_len": 1024, "random_range_ratio": 1.0, "server_info": null, "duration": 149.09259304380976, "completed": 160, "total_input_tokens": 163840, "total_input_text_tokens": 163840, "total_input_vision_tokens": 0, "total_output_tokens": 163840, "total_output_tokens_retokenized": 163831, "request_throughput": 1.0731586105889592, "input_throughput": 1098.9144172430942, "output_throughput": 1098.9144172430942, "total_throughput": 2197.8288344861885, "mean_e2e_latency_ms": 14282.116077198589, "median_e2e_latency_ms": 14422.095639049076, "std_e2e_latency_ms": 1614.5127276195826, "p90_e2e_latency_ms": 16294.824750488622, "p99_e2e_latency_ms": 16733.633087005, "mean_ttft_ms": 2100.5259936326183, "median_ttft_ms": 2130.2769205067307, "std_ttft_ms": 1417.101306633062, "p99_ttft_ms": 4288.587479596026, "mean_tpot_ms": 11.907712691657839, "median_tpot_ms": 12.015513627619674, "std_tpot_ms": 0.28785270379456507, "p99_tpot_ms": 12.165201357249462, "mean_itl_ms": 348.04489652052456, "median_itl_ms": 360.7980344677344, "std_itl_ms": 55.413296424185894, "p95_itl_ms": 366.33920163149014, "p99_itl_ms": 375.05601482698694, "concurrency": 15.326975845676674, "accept_length": null, "max_output_tokens_per_s": 64.0, "max_concurrent_requests": 32}
