# sampler start 2026-09-15T23:17:24Z endpoints=p0,p1,d0
23:17:24 p0=<URLError> | p1=<URLError> | d0 run=0 q=0 prealloc=0 xfer=0 http=1 kv=0.000 hit=0.000 gen=0
# sampler start 2026-09-15T23:17:25Z endpoints=p0,p1,d0
23:17:25 p0=<URLError> | p1=<URLError> | d0 run=0 q=0 prealloc=0 xfer=0 http=1 kv=0.000 hit=0.000 gen=0
# sampler start 2026-09-15T23:17:34Z endpoints=p0,p1,d0
23:17:36 p0=<URLError> | p1=<URLError> | d0=<ConnectionResetError>
23:17:39 p0=<URLError> | p1=<URLError> | d0=<URLError>
23:17:40 p0=<URLError> | p1=<URLError> | d0=<URLError>
# sampler start 2026-09-15T23:17:43Z endpoints=p0,p1,d0
23:17:43 p0=<URLError> | p1=<URLError> | d0=<URLError>
23:17:51 p0=<URLError> | p1=<URLError> | d0=<URLError>
23:17:54 p0=<URLError> | p1=<URLError> | d0=<URLError>
23:17:55 p0=<URLError> | p1=<URLError> | d0=<URLError>
23:17:58 p0=<URLError> | p1=<URLError> | d0=<URLError>
23:18:06 p0=<URLError> | p1=<URLError> | d0=<URLError>
23:18:09 p0=<URLError> | p1=<URLError> | d0=<URLError>
23:18:10 p0=<URLError> | p1=<URLError> | d0=<URLError>
23:18:13 p0=<URLError> | p1=<URLError> | d0=<URLError>
23:18:21 p0=<URLError> | p1=<URLError> | d0=<URLError>
23:18:24 p0=<URLError> | p1=<URLError> | d0=<URLError>
23:18:25 p0=<URLError> | p1=<URLError> | d0=<URLError>
23:18:28 p0=<URLError> | p1=<URLError> | d0=<URLError>
23:18:36 p0=<URLError> | p1=<URLError> | d0=<URLError>
23:18:39 p0=<URLError> | p1=<URLError> | d0=<URLError>
23:18:40 p0=<URLError> | p1=<URLError> | d0=<URLError>
23:18:43 p0=<URLError> | p1=<URLError> | d0=<URLError>
23:18:51 p0=<URLError> | p1=<URLError> | d0=<URLError>
23:18:54 p0=<URLError> | p1=<URLError> | d0=<URLError>
23:18:55 p0=<URLError> | p1=<URLError> | d0=<URLError>
23:18:58 p0=<URLError> | p1=<URLError> | d0=<URLError>
23:19:06 p0=<URLError> | p1=<URLError> | d0=<URLError>
23:19:09 p0=<URLError> | p1=<URLError> | d0=<URLError>
23:19:10 p0=<URLError> | p1=<URLError> | d0=<URLError>
23:19:13 p0=<URLError> | p1=<URLError> | d0=<URLError>
23:19:21 p0=<URLError> | p1=<URLError> | d0=<URLError>
23:19:24 p0=<URLError> | p1=<URLError> | d0=<URLError>
23:19:25 p0=<URLError> | p1=<URLError> | d0=<URLError>
23:19:28 p0=<URLError> | p1=<URLError> | d0=<URLError>
23:19:36 p0=<URLError> | p1=<URLError> | d0=<URLError>
23:19:39 p0=<URLError> | p1=<URLError> | d0=<URLError>
23:19:40 p0=<URLError> | p1=<URLError> | d0=<URLError>
23:19:43 p0=<URLError> | p1=<URLError> | d0=<URLError>
23:19:51 p0=<URLError> | p1=<URLError> | d0=<URLError>
23:19:54 p0=<URLError> | p1=<URLError> | d0=<URLError>
23:19:55 p0=<URLError> | p1=<URLError> | d0=<URLError>
23:19:58 p0=<URLError> | p1=<URLError> | d0=<URLError>
23:20:06 p0=<URLError> | p1=<URLError> | d0=<URLError>
23:20:09 p0=<URLError> | p1=<URLError> | d0=<URLError>
23:20:10 p0=<URLError> | p1=<URLError> | d0=<URLError>
23:20:13 p0=<URLError> | p1=<URLError> | d0=<URLError>
23:20:21 p0=<URLError> | p1=<URLError> | d0=<URLError>
23:20:24 p0=<URLError> | p1=<URLError> | d0=<URLError>
23:20:25 p0=<URLError> | p1=<URLError> | d0=<URLError>
23:20:28 p0=<URLError> | p1=<URLError> | d0=<URLError>
23:20:36 p0=<URLError> | p1=<URLError> | d0=<URLError>
23:20:39 p0 run=0 q=0 prealloc=0 xfer=0 http=9 kv=0.000 hit=0.000 gen=0 | p1 run=0 q=0 prealloc=0 xfer=0 http=9 kv=0.000 hit=0.000 gen=0 | d0=<URLError>
23:20:40 p0 run=0 q=0 prealloc=0 xfer=0 http=9 kv=0.000 hit=0.000 gen=0 | p1 run=0 q=0 prealloc=0 xfer=0 http=9 kv=0.000 hit=0.000 gen=0 | d0=<URLError>
23:20:43 p0 run=0 q=0 prealloc=0 xfer=0 http=9 kv=0.000 hit=0.000 gen=0 | p1 run=0 q=0 prealloc=0 xfer=0 http=9 kv=0.000 hit=0.000 gen=0 | d0=<URLError>
23:20:51 p0 run=0 q=0 prealloc=0 xfer=0 http=9 kv=0.000 hit=0.000 gen=0 | p1 run=0 q=0 prealloc=0 xfer=0 http=9 kv=0.000 hit=0.000 gen=0 | d0=<URLError>
23:20:54 p0 run=0 q=0 prealloc=0 xfer=0 http=9 kv=0.000 hit=0.000 gen=0 | p1 run=0 q=0 prealloc=0 xfer=0 http=9 kv=0.000 hit=0.000 gen=0 | d0=<URLError>
23:20:55 p0 run=0 q=0 prealloc=0 xfer=0 http=9 kv=0.000 hit=0.000 gen=0 | p1 run=0 q=0 prealloc=0 xfer=0 http=9 kv=0.000 hit=0.000 gen=0 | d0=<URLError>
23:20:58 p0 run=0 q=0 prealloc=0 xfer=0 http=9 kv=0.000 hit=0.000 gen=0 | p1 run=0 q=0 prealloc=0 xfer=0 http=9 kv=0.000 hit=0.000 gen=0 | d0=<URLError>
23:21:06 p0 run=0 q=0 prealloc=0 xfer=0 http=9 kv=0.000 hit=0.000 gen=0 | p1 run=0 q=0 prealloc=0 xfer=0 http=9 kv=0.000 hit=0.000 gen=0 | d0=<URLError>
23:21:09 p0 run=0 q=0 prealloc=0 xfer=0 http=9 kv=0.000 hit=0.000 gen=0 | p1 run=0 q=0 prealloc=0 xfer=0 http=9 kv=0.000 hit=0.000 gen=0 | d0=<URLError>
23:21:10 p0 run=0 q=0 prealloc=0 xfer=0 http=9 kv=0.000 hit=0.000 gen=0 | p1 run=0 q=0 prealloc=0 xfer=0 http=9 kv=0.000 hit=0.000 gen=0 | d0=<URLError>
23:21:13 p0 run=0 q=0 prealloc=0 xfer=0 http=9 kv=0.000 hit=0.000 gen=0 | p1 run=0 q=0 prealloc=0 xfer=0 http=9 kv=0.000 hit=0.000 gen=0 | d0=<URLError>
23:21:21 p0 run=0 q=0 prealloc=0 xfer=0 http=9 kv=0.000 hit=0.000 gen=0 | p1 run=0 q=0 prealloc=0 xfer=0 http=9 kv=0.000 hit=0.000 gen=0 | d0=<URLError>
23:21:24 p0 run=0 q=0 prealloc=0 xfer=0 http=9 kv=0.000 hit=0.000 gen=0 | p1 run=0 q=0 prealloc=0 xfer=0 http=9 kv=0.000 hit=0.000 gen=0 | d0=<URLError>
23:21:25 p0 run=0 q=0 prealloc=0 xfer=0 http=9 kv=0.000 hit=0.000 gen=0 | p1 run=0 q=0 prealloc=0 xfer=0 http=9 kv=0.000 hit=0.000 gen=0 | d0=<URLError>
23:21:28 p0 run=0 q=0 prealloc=0 xfer=0 http=9 kv=0.000 hit=0.000 gen=0 | p1 run=0 q=0 prealloc=0 xfer=0 http=9 kv=0.000 hit=0.000 gen=0 | d0=<URLError>
23:21:36 p0 run=0 q=0 prealloc=0 xfer=0 http=9 kv=0.000 hit=0.000 gen=0 | p1 run=0 q=0 prealloc=0 xfer=0 http=9 kv=0.000 hit=0.000 gen=0 | d0=<URLError>
23:21:39 p0 run=0 q=0 prealloc=0 xfer=0 http=9 kv=0.000 hit=0.000 gen=0 | p1 run=0 q=0 prealloc=0 xfer=0 http=9 kv=0.000 hit=0.000 gen=0 | d0=<URLError>
23:21:40 p0 run=0 q=0 prealloc=0 xfer=0 http=9 kv=0.000 hit=0.000 gen=0 | p1 run=0 q=0 prealloc=0 xfer=0 http=9 kv=0.000 hit=0.000 gen=0 | d0=<URLError>
23:21:43 p0 run=0 q=0 prealloc=0 xfer=0 http=9 kv=0.000 hit=0.000 gen=0 | p1 run=0 q=0 prealloc=0 xfer=0 http=9 kv=0.000 hit=0.000 gen=0 | d0=<URLError>
23:21:51 p0 run=0 q=0 prealloc=0 xfer=0 http=9 kv=0.000 hit=0.000 gen=0 | p1 run=0 q=0 prealloc=0 xfer=0 http=9 kv=0.000 hit=0.000 gen=0 | d0=<URLError>
23:21:54 p0 run=0 q=0 prealloc=0 xfer=0 http=9 kv=0.000 hit=0.000 gen=0 | p1 run=0 q=0 prealloc=0 xfer=0 http=9 kv=0.000 hit=0.000 gen=0 | d0=<URLError>
23:21:55 p0 run=0 q=0 prealloc=0 xfer=0 http=9 kv=0.000 hit=0.000 gen=0 | p1 run=0 q=0 prealloc=0 xfer=0 http=9 kv=0.000 hit=0.000 gen=0 | d0=<URLError>
23:21:58 p0 run=0 q=0 prealloc=0 xfer=0 http=9 kv=0.000 hit=0.000 gen=0 | p1 run=0 q=0 prealloc=0 xfer=0 http=9 kv=0.000 hit=0.000 gen=0 | d0=<URLError>
23:22:06 p0 run=0 q=0 prealloc=0 xfer=0 http=9 kv=0.000 hit=0.000 gen=0 | p1 run=0 q=0 prealloc=0 xfer=0 http=9 kv=0.000 hit=0.000 gen=0 | d0=<URLError>
23:22:09 p0 run=0 q=0 prealloc=0 xfer=0 http=9 kv=0.000 hit=0.000 gen=0 | p1 run=0 q=0 prealloc=0 xfer=0 http=9 kv=0.000 hit=0.000 gen=0 | d0=<URLError>
23:22:10 p0 run=0 q=0 prealloc=0 xfer=0 http=9 kv=0.000 hit=0.000 gen=0 | p1 run=0 q=0 prealloc=0 xfer=0 http=9 kv=0.000 hit=0.000 gen=0 | d0=<URLError>
23:22:13 p0 run=0 q=0 prealloc=0 xfer=0 http=9 kv=0.000 hit=0.000 gen=0 | p1 run=0 q=0 prealloc=0 xfer=0 http=9 kv=0.000 hit=0.000 gen=0 | d0=<URLError>
23:22:21 p0 run=0 q=0 prealloc=0 xfer=0 http=9 kv=0.000 hit=0.000 gen=0 | p1 run=0 q=0 prealloc=0 xfer=0 http=9 kv=0.000 hit=0.000 gen=0 | d0=<URLError>
23:22:24 p0 run=0 q=0 prealloc=0 xfer=0 http=9 kv=0.000 hit=0.000 gen=0 | p1 run=0 q=0 prealloc=0 xfer=0 http=9 kv=0.000 hit=0.000 gen=0 | d0=<URLError>
23:22:25 p0 run=0 q=0 prealloc=0 xfer=0 http=9 kv=0.000 hit=0.000 gen=0 | p1 run=0 q=0 prealloc=0 xfer=0 http=9 kv=0.000 hit=0.000 gen=0 | d0=<URLError>
23:22:28 p0 run=0 q=0 prealloc=0 xfer=0 http=9 kv=0.000 hit=0.000 gen=0 | p1 run=0 q=0 prealloc=0 xfer=0 http=9 kv=0.000 hit=0.000 gen=0 | d0=<URLError>
23:22:36 p0 run=0 q=0 prealloc=0 xfer=0 http=9 kv=0.000 hit=0.000 gen=0 | p1 run=0 q=0 prealloc=0 xfer=0 http=9 kv=0.000 hit=0.000 gen=0 | d0=<URLError>
23:22:39 p0 run=0 q=0 prealloc=0 xfer=0 http=9 kv=0.000 hit=0.000 gen=0 | p1 run=0 q=0 prealloc=0 xfer=0 http=9 kv=0.000 hit=0.000 gen=0 | d0=<URLError>
23:22:40 p0 run=0 q=0 prealloc=0 xfer=0 http=9 kv=0.000 hit=0.000 gen=0 | p1 run=0 q=0 prealloc=0 xfer=0 http=9 kv=0.000 hit=0.000 gen=0 | d0=<URLError>
23:22:43 p0 run=0 q=0 prealloc=0 xfer=0 http=9 kv=0.000 hit=0.000 gen=0 | p1 run=0 q=0 prealloc=0 xfer=0 http=9 kv=0.000 hit=0.000 gen=0 | d0=<URLError>
23:22:51 p0 run=0 q=0 prealloc=0 xfer=0 http=9 kv=0.000 hit=0.000 gen=0 | p1 run=0 q=0 prealloc=0 xfer=0 http=9 kv=0.000 hit=0.000 gen=0 | d0=<URLError>
23:22:54 p0 run=0 q=0 prealloc=0 xfer=0 http=9 kv=0.000 hit=0.000 gen=0 | p1 run=0 q=0 prealloc=0 xfer=0 http=9 kv=0.000 hit=0.000 gen=0 | d0=<URLError>
23:22:55 p0 run=0 q=0 prealloc=0 xfer=0 http=9 kv=0.000 hit=0.000 gen=0 | p1 run=0 q=0 prealloc=0 xfer=0 http=9 kv=0.000 hit=0.000 gen=0 | d0=<URLError>
23:22:58 p0 run=0 q=0 prealloc=0 xfer=0 http=9 kv=0.000 hit=0.000 gen=0 | p1 run=0 q=0 prealloc=0 xfer=0 http=9 kv=0.000 hit=0.000 gen=0 | d0=<URLError>
23:23:06 p0 run=0 q=0 prealloc=0 xfer=0 http=9 kv=0.000 hit=0.000 gen=0 | p1 run=0 q=0 prealloc=0 xfer=0 http=9 kv=0.000 hit=0.000 gen=0 | d0=<URLError>
23:23:09 p0 run=0 q=0 prealloc=0 xfer=0 http=9 kv=0.000 hit=0.000 gen=0 | p1 run=0 q=0 prealloc=0 xfer=0 http=9 kv=0.000 hit=0.000 gen=0 | d0=<URLError>
23:23:10 p0 run=0 q=0 prealloc=0 xfer=0 http=9 kv=0.000 hit=0.000 gen=0 | p1 run=0 q=0 prealloc=0 xfer=0 http=9 kv=0.000 hit=0.000 gen=0 | d0=<URLError>
23:23:13 p0 run=0 q=0 prealloc=0 xfer=0 http=9 kv=0.000 hit=0.000 gen=0 | p1 run=0 q=0 prealloc=0 xfer=0 http=9 kv=0.000 hit=0.000 gen=0 | d0=<URLError>
23:23:21 p0 run=0 q=0 prealloc=0 xfer=0 http=9 kv=0.000 hit=0.000 gen=0 | p1 run=0 q=0 prealloc=0 xfer=0 http=9 kv=0.000 hit=0.000 gen=0 | d0=<URLError>
23:23:24 p0 run=0 q=0 prealloc=0 xfer=0 http=9 kv=0.000 hit=0.000 gen=0 | p1 run=0 q=0 prealloc=0 xfer=0 http=9 kv=0.000 hit=0.000 gen=0 | d0=<URLError>
23:23:26 p0 run=0 q=0 prealloc=0 xfer=0 http=9 kv=0.000 hit=0.000 gen=0 | p1 run=0 q=0 prealloc=0 xfer=0 http=9 kv=0.000 hit=0.000 gen=0 | d0=<URLError>
23:23:29 p0 run=0 q=0 prealloc=0 xfer=0 http=9 kv=0.000 hit=0.000 gen=0 | p1 run=0 q=0 prealloc=0 xfer=0 http=9 kv=0.000 hit=0.000 gen=0 | d0=<URLError>
23:23:36 p0 run=0 q=0 prealloc=0 xfer=0 http=9 kv=0.000 hit=0.000 gen=0 | p1 run=0 q=0 prealloc=0 xfer=0 http=9 kv=0.000 hit=0.000 gen=0 | d0=<URLError>
23:23:39 p0 run=0 q=0 prealloc=0 xfer=0 http=9 kv=0.000 hit=0.000 gen=0 | p1 run=0 q=0 prealloc=0 xfer=0 http=9 kv=0.000 hit=0.000 gen=0 | d0=<URLError>
23:23:41 p0 run=0 q=0 prealloc=0 xfer=0 http=9 kv=0.000 hit=0.000 gen=0 | p1 run=0 q=0 prealloc=0 xfer=0 http=9 kv=0.000 hit=0.000 gen=0 | d0=<URLError>
23:23:44 p0 run=0 q=0 prealloc=0 xfer=0 http=9 kv=0.000 hit=0.000 gen=0 | p1 run=0 q=0 prealloc=0 xfer=0 http=9 kv=0.000 hit=0.000 gen=0 | d0=<URLError>
23:23:51 p0 run=0 q=0 prealloc=0 xfer=0 http=9 kv=0.000 hit=0.000 gen=0 | p1 run=0 q=0 prealloc=0 xfer=0 http=9 kv=0.000 hit=0.000 gen=0 | d0=<URLError>
23:23:54 p0 run=0 q=0 prealloc=0 xfer=0 http=9 kv=0.000 hit=0.000 gen=0 | p1 run=0 q=0 prealloc=0 xfer=0 http=9 kv=0.000 hit=0.000 gen=0 | d0=<URLError>
23:23:56 p0 run=0 q=0 prealloc=0 xfer=0 http=9 kv=0.000 hit=0.000 gen=0 | p1 run=0 q=0 prealloc=0 xfer=0 http=9 kv=0.000 hit=0.000 gen=0 | d0=<URLError>
23:23:59 p0 run=0 q=0 prealloc=0 xfer=0 http=9 kv=0.000 hit=0.000 gen=0 | p1 run=0 q=0 prealloc=0 xfer=0 http=9 kv=0.000 hit=0.000 gen=0 | d0=<URLError>
23:24:06 p0 run=0 q=0 prealloc=0 xfer=0 http=9 kv=0.000 hit=0.000 gen=0 | p1 run=0 q=0 prealloc=0 xfer=0 http=9 kv=0.000 hit=0.000 gen=0 | d0=<URLError>
23:24:09 p0 run=0 q=0 prealloc=0 xfer=0 http=9 kv=0.000 hit=0.000 gen=0 | p1 run=0 q=0 prealloc=0 xfer=0 http=9 kv=0.000 hit=0.000 gen=0 | d0=<URLError>
23:24:11 p0 run=0 q=0 prealloc=0 xfer=0 http=9 kv=0.000 hit=0.000 gen=0 | p1 run=0 q=0 prealloc=0 xfer=0 http=9 kv=0.000 hit=0.000 gen=0 | d0=<URLError>
23:24:14 p0 run=0 q=0 prealloc=0 xfer=0 http=9 kv=0.000 hit=0.000 gen=0 | p1 run=0 q=0 prealloc=0 xfer=0 http=9 kv=0.000 hit=0.000 gen=0 | d0=<URLError>
23:24:21 p0 run=0 q=0 prealloc=0 xfer=0 http=9 kv=0.000 hit=0.000 gen=0 | p1 run=0 q=0 prealloc=0 xfer=0 http=9 kv=0.000 hit=0.000 gen=0 | d0=<URLError>
23:24:25 p0 run=0 q=0 prealloc=0 xfer=0 http=9 kv=0.000 hit=0.000 gen=0 | p1 run=0 q=0 prealloc=0 xfer=0 http=9 kv=0.000 hit=0.000 gen=0 | d0=<URLError>
23:24:26 p0 run=0 q=0 prealloc=0 xfer=0 http=9 kv=0.000 hit=0.000 gen=0 | p1 run=0 q=0 prealloc=0 xfer=0 http=9 kv=0.000 hit=0.000 gen=0 | d0=<URLError>
23:24:29 p0 run=0 q=0 prealloc=0 xfer=0 http=9 kv=0.000 hit=0.000 gen=0 | p1 run=0 q=0 prealloc=0 xfer=0 http=9 kv=0.000 hit=0.000 gen=0 | d0=<URLError>
23:24:36 p0 run=0 q=0 prealloc=0 xfer=0 http=9 kv=0.000 hit=0.000 gen=0 | p1 run=0 q=0 prealloc=0 xfer=0 http=9 kv=0.000 hit=0.000 gen=0 | d0=<URLError>
23:24:40 p0 run=0 q=0 prealloc=0 xfer=0 http=9 kv=0.000 hit=0.000 gen=0 | p1 run=0 q=0 prealloc=0 xfer=0 http=9 kv=0.000 hit=0.000 gen=0 | d0=<URLError>
23:24:41 p0 run=0 q=0 prealloc=0 xfer=0 http=9 kv=0.000 hit=0.000 gen=0 | p1 run=0 q=0 prealloc=0 xfer=0 http=9 kv=0.000 hit=0.000 gen=0 | d0=<URLError>
23:24:44 p0 run=0 q=0 prealloc=0 xfer=0 http=9 kv=0.000 hit=0.000 gen=0 | p1 run=0 q=0 prealloc=0 xfer=0 http=9 kv=0.000 hit=0.000 gen=0 | d0=<URLError>
23:24:51 p0 run=0 q=0 prealloc=0 xfer=0 http=9 kv=0.000 hit=0.000 gen=0 | p1 run=0 q=0 prealloc=0 xfer=0 http=9 kv=0.000 hit=0.000 gen=0 | d0=<URLError>
23:24:55 p0 run=0 q=0 prealloc=0 xfer=0 http=9 kv=0.000 hit=0.000 gen=0 | p1 run=0 q=0 prealloc=0 xfer=0 http=9 kv=0.000 hit=0.000 gen=0 | d0=<URLError>
23:24:56 p0 run=0 q=0 prealloc=0 xfer=0 http=9 kv=0.000 hit=0.000 gen=0 | p1 run=0 q=0 prealloc=0 xfer=0 http=9 kv=0.000 hit=0.000 gen=0 | d0=<URLError>
23:24:59 p0 run=0 q=0 prealloc=0 xfer=0 http=9 kv=0.000 hit=0.000 gen=0 | p1 run=0 q=0 prealloc=0 xfer=0 http=9 kv=0.000 hit=0.000 gen=0 | d0=<URLError>
23:25:06 p0 run=0 q=0 prealloc=0 xfer=0 http=9 kv=0.000 hit=0.000 gen=0 | p1 run=0 q=0 prealloc=0 xfer=0 http=9 kv=0.000 hit=0.000 gen=0 | d0=<URLError>
23:25:10 p0 run=0 q=0 prealloc=0 xfer=0 http=9 kv=0.000 hit=0.000 gen=0 | p1 run=0 q=0 prealloc=0 xfer=0 http=9 kv=0.000 hit=0.000 gen=0 | d0=<URLError>
23:25:11 p0 run=0 q=0 prealloc=0 xfer=0 http=9 kv=0.000 hit=0.000 gen=0 | p1 run=0 q=0 prealloc=0 xfer=0 http=9 kv=0.000 hit=0.000 gen=0 | d0=<URLError>
23:25:14 p0 run=0 q=0 prealloc=0 xfer=0 http=9 kv=0.000 hit=0.000 gen=0 | p1 run=0 q=0 prealloc=0 xfer=0 http=9 kv=0.000 hit=0.000 gen=0 | d0=<URLError>
23:25:21 p0 run=0 q=0 prealloc=0 xfer=0 http=9 kv=0.000 hit=0.000 gen=0 | p1 run=0 q=0 prealloc=0 xfer=0 http=9 kv=0.000 hit=0.000 gen=0 | d0=<URLError>
23:25:25 p0 run=0 q=0 prealloc=0 xfer=0 http=9 kv=0.000 hit=0.000 gen=0 | p1 run=0 q=0 prealloc=0 xfer=0 http=9 kv=0.000 hit=0.000 gen=0 | d0=<URLError>
23:25:26 p0 run=0 q=0 prealloc=0 xfer=0 http=9 kv=0.000 hit=0.000 gen=0 | p1 run=0 q=0 prealloc=0 xfer=0 http=9 kv=0.000 hit=0.000 gen=0 | d0=<URLError>
23:25:29 p0 run=0 q=0 prealloc=0 xfer=0 http=9 kv=0.000 hit=0.000 gen=0 | p1 run=0 q=0 prealloc=0 xfer=0 http=9 kv=0.000 hit=0.000 gen=0 | d0=<URLError>
23:25:36 p0 run=0 q=0 prealloc=0 xfer=0 http=9 kv=0.000 hit=0.000 gen=0 | p1 run=0 q=0 prealloc=0 xfer=0 http=9 kv=0.000 hit=0.000 gen=0 | d0=<URLError>
23:25:40 p0 run=0 q=0 prealloc=0 xfer=0 http=9 kv=0.000 hit=0.000 gen=0 | p1 run=0 q=0 prealloc=0 xfer=0 http=9 kv=0.000 hit=0.000 gen=0 | d0=<URLError>
23:25:41 p0 run=0 q=0 prealloc=0 xfer=0 http=9 kv=0.000 hit=0.000 gen=0 | p1 run=0 q=0 prealloc=0 xfer=0 http=9 kv=0.000 hit=0.000 gen=0 | d0=<URLError>
23:25:44 p0 run=0 q=0 prealloc=0 xfer=0 http=9 kv=0.000 hit=0.000 gen=0 | p1 run=0 q=0 prealloc=0 xfer=0 http=9 kv=0.000 hit=0.000 gen=0 | d0=<URLError>
23:25:51 p0 run=0 q=0 prealloc=0 xfer=0 http=9 kv=0.000 hit=0.000 gen=0 | p1 run=0 q=0 prealloc=0 xfer=0 http=9 kv=0.000 hit=0.000 gen=0 | d0=<URLError>
23:25:55 p0 run=0 q=0 prealloc=0 xfer=0 http=9 kv=0.000 hit=0.000 gen=0 | p1 run=0 q=0 prealloc=0 xfer=0 http=9 kv=0.000 hit=0.000 gen=0 | d0=<URLError>
23:25:56 p0 run=0 q=0 prealloc=0 xfer=0 http=9 kv=0.000 hit=0.000 gen=0 | p1 run=0 q=0 prealloc=0 xfer=0 http=9 kv=0.000 hit=0.000 gen=0 | d0=<URLError>
23:25:59 p0 run=0 q=0 prealloc=0 xfer=0 http=9 kv=0.000 hit=0.000 gen=0 | p1 run=0 q=0 prealloc=0 xfer=0 http=9 kv=0.000 hit=0.000 gen=0 | d0=<URLError>
23:26:06 p0 run=0 q=0 prealloc=0 xfer=0 http=9 kv=0.000 hit=0.000 gen=0 | p1 run=0 q=0 prealloc=0 xfer=0 http=9 kv=0.000 hit=0.000 gen=0 | d0=<URLError>
23:26:10 p0 run=0 q=0 prealloc=0 xfer=0 http=9 kv=0.000 hit=0.000 gen=0 | p1 run=0 q=0 prealloc=0 xfer=0 http=9 kv=0.000 hit=0.000 gen=0 | d0=<URLError>
23:26:11 p0 run=0 q=0 prealloc=0 xfer=0 http=9 kv=0.000 hit=0.000 gen=0 | p1 run=0 q=0 prealloc=0 xfer=0 http=9 kv=0.000 hit=0.000 gen=0 | d0=<URLError>
23:26:14 p0 run=0 q=0 prealloc=0 xfer=0 http=9 kv=0.000 hit=0.000 gen=0 | p1 run=0 q=0 prealloc=0 xfer=0 http=9 kv=0.000 hit=0.000 gen=0 | d0=<URLError>
23:26:21 p0 run=0 q=0 prealloc=0 xfer=0 http=9 kv=0.000 hit=0.000 gen=0 | p1 run=0 q=0 prealloc=0 xfer=0 http=9 kv=0.000 hit=0.000 gen=0 | d0=<URLError>
23:26:25 p0 run=0 q=0 prealloc=0 xfer=0 http=9 kv=0.000 hit=0.000 gen=0 | p1 run=0 q=0 prealloc=0 xfer=0 http=9 kv=0.000 hit=0.000 gen=0 | d0=<URLError>
23:26:26 p0 run=0 q=0 prealloc=0 xfer=0 http=9 kv=0.000 hit=0.000 gen=0 | p1 run=0 q=0 prealloc=0 xfer=0 http=9 kv=0.000 hit=0.000 gen=0 | d0=<URLError>
23:26:29 p0 run=0 q=0 prealloc=0 xfer=0 http=9 kv=0.000 hit=0.000 gen=0 | p1 run=0 q=0 prealloc=0 xfer=0 http=9 kv=0.000 hit=0.000 gen=0 | d0=<URLError>
23:26:36 p0 run=0 q=0 prealloc=0 xfer=0 http=9 kv=0.000 hit=0.000 gen=0 | p1 run=0 q=0 prealloc=0 xfer=0 http=9 kv=0.000 hit=0.000 gen=0 | d0=<URLError>
23:26:40 p0 run=0 q=0 prealloc=0 xfer=0 http=9 kv=0.000 hit=0.000 gen=0 | p1 run=0 q=0 prealloc=0 xfer=0 http=9 kv=0.000 hit=0.000 gen=0 | d0=<URLError>
23:26:41 p0 run=0 q=0 prealloc=0 xfer=0 http=9 kv=0.000 hit=0.000 gen=0 | p1 run=0 q=0 prealloc=0 xfer=0 http=9 kv=0.000 hit=0.000 gen=0 | d0=<URLError>
23:26:44 p0 run=0 q=0 prealloc=0 xfer=0 http=9 kv=0.000 hit=0.000 gen=0 | p1 run=0 q=0 prealloc=0 xfer=0 http=9 kv=0.000 hit=0.000 gen=0 | d0=<URLError>
23:26:51 p0 run=0 q=0 prealloc=0 xfer=0 http=9 kv=0.000 hit=0.000 gen=0 | p1 run=0 q=0 prealloc=0 xfer=0 http=9 kv=0.000 hit=0.000 gen=0 | d0=<URLError>
23:26:55 p0 run=0 q=0 prealloc=0 xfer=0 http=9 kv=0.000 hit=0.000 gen=0 | p1 run=0 q=0 prealloc=0 xfer=0 http=9 kv=0.000 hit=0.000 gen=0 | d0=<URLError>
23:26:56 p0 run=0 q=0 prealloc=0 xfer=0 http=9 kv=0.000 hit=0.000 gen=0 | p1 run=0 q=0 prealloc=0 xfer=0 http=9 kv=0.000 hit=0.000 gen=0 | d0=<URLError>
23:26:59 p0 run=0 q=0 prealloc=0 xfer=0 http=9 kv=0.000 hit=0.000 gen=0 | p1 run=0 q=0 prealloc=0 xfer=0 http=9 kv=0.000 hit=0.000 gen=0 | d0=<URLError>
23:27:06 p0 run=0 q=0 prealloc=0 xfer=0 http=9 kv=0.000 hit=0.000 gen=0 | p1 run=0 q=0 prealloc=0 xfer=0 http=9 kv=0.000 hit=0.000 gen=0 | d0=<URLError>
23:27:10 p0 run=0 q=0 prealloc=0 xfer=0 http=9 kv=0.000 hit=0.000 gen=0 | p1 run=0 q=0 prealloc=0 xfer=0 http=9 kv=0.000 hit=0.000 gen=0 | d0=<URLError>
23:27:11 p0 run=0 q=0 prealloc=0 xfer=0 http=9 kv=0.000 hit=0.000 gen=0 | p1 run=0 q=0 prealloc=0 xfer=0 http=9 kv=0.000 hit=0.000 gen=0 | d0=<URLError>
23:27:14 p0 run=0 q=0 prealloc=0 xfer=0 http=9 kv=0.000 hit=0.000 gen=0 | p1 run=0 q=0 prealloc=0 xfer=0 http=9 kv=0.000 hit=0.000 gen=0 | d0=<URLError>
23:27:21 p0 run=0 q=0 prealloc=0 xfer=0 http=9 kv=0.000 hit=0.000 gen=0 | p1 run=0 q=0 prealloc=0 xfer=0 http=9 kv=0.000 hit=0.000 gen=0 | d0=<URLError>
23:27:25 p0 run=0 q=0 prealloc=0 xfer=0 http=9 kv=0.000 hit=0.000 gen=0 | p1 run=0 q=0 prealloc=0 xfer=0 http=9 kv=0.000 hit=0.000 gen=0 | d0=<URLError>
23:27:26 p0 run=0 q=0 prealloc=0 xfer=0 http=9 kv=0.000 hit=0.000 gen=0 | p1 run=0 q=0 prealloc=0 xfer=0 http=9 kv=0.000 hit=0.000 gen=0 | d0=<URLError>
23:27:29 p0 run=0 q=0 prealloc=0 xfer=0 http=9 kv=0.000 hit=0.000 gen=0 | p1 run=0 q=0 prealloc=0 xfer=0 http=9 kv=0.000 hit=0.000 gen=0 | d0=<URLError>
23:27:36 p0 run=0 q=0 prealloc=0 xfer=0 http=9 kv=0.000 hit=0.000 gen=0 | p1 run=0 q=0 prealloc=0 xfer=0 http=9 kv=0.000 hit=0.000 gen=0 | d0=<URLError>
23:27:40 p0 run=0 q=0 prealloc=0 xfer=0 http=9 kv=0.000 hit=0.000 gen=0 | p1 run=0 q=0 prealloc=0 xfer=0 http=9 kv=0.000 hit=0.000 gen=0 | d0=<URLError>
23:27:41 p0 run=0 q=0 prealloc=0 xfer=0 http=9 kv=0.000 hit=0.000 gen=0 | p1 run=0 q=0 prealloc=0 xfer=0 http=9 kv=0.000 hit=0.000 gen=0 | d0=<URLError>
23:27:44 p0 run=0 q=0 prealloc=0 xfer=0 http=9 kv=0.000 hit=0.000 gen=0 | p1 run=0 q=0 prealloc=0 xfer=0 http=9 kv=0.000 hit=0.000 gen=0 | d0=<URLError>
23:27:51 p0 run=0 q=0 prealloc=0 xfer=0 http=9 kv=0.000 hit=0.000 gen=0 | p1 run=0 q=0 prealloc=0 xfer=0 http=9 kv=0.000 hit=0.000 gen=0 | d0=<URLError>
23:27:55 p0 run=0 q=0 prealloc=0 xfer=0 http=9 kv=0.000 hit=0.000 gen=0 | p1 run=0 q=0 prealloc=0 xfer=0 http=9 kv=0.000 hit=0.000 gen=0 | d0=<URLError>
23:27:56 p0 run=0 q=0 prealloc=0 xfer=0 http=9 kv=0.000 hit=0.000 gen=0 | p1 run=0 q=0 prealloc=0 xfer=0 http=9 kv=0.000 hit=0.000 gen=0 | d0=<URLError>
23:27:59 p0 run=0 q=0 prealloc=0 xfer=0 http=9 kv=0.000 hit=0.000 gen=0 | p1 run=0 q=0 prealloc=0 xfer=0 http=9 kv=0.000 hit=0.000 gen=0 | d0=<URLError>
23:28:06 p0 run=0 q=0 prealloc=0 xfer=0 http=9 kv=0.000 hit=0.000 gen=0 | p1 run=0 q=0 prealloc=0 xfer=0 http=9 kv=0.000 hit=0.000 gen=0 | d0=<URLError>
23:28:10 p0 run=0 q=0 prealloc=0 xfer=0 http=9 kv=0.000 hit=0.000 gen=0 | p1 run=0 q=0 prealloc=0 xfer=0 http=9 kv=0.000 hit=0.000 gen=0 | d0=<URLError>
23:28:11 p0 run=0 q=0 prealloc=0 xfer=0 http=9 kv=0.000 hit=0.000 gen=0 | p1 run=0 q=0 prealloc=0 xfer=0 http=9 kv=0.000 hit=0.000 gen=0 | d0=<URLError>
23:28:14 p0 run=0 q=0 prealloc=0 xfer=0 http=9 kv=0.000 hit=0.000 gen=0 | p1 run=0 q=0 prealloc=0 xfer=0 http=9 kv=0.000 hit=0.000 gen=0 | d0=<URLError>
23:28:21 p0 run=0 q=0 prealloc=0 xfer=0 http=1 kv=0.000 hit=0.000 gen=0 | p1 run=0 q=0 prealloc=0 xfer=0 http=9 kv=0.000 hit=0.000 gen=0 | d0=<URLError>
23:28:25 p0 run=0 q=0 prealloc=0 xfer=0 http=2 kv=0.000 hit=0.000 gen=0 | p1 run=0 q=0 prealloc=0 xfer=0 http=9 kv=0.000 hit=0.000 gen=0 | d0=<URLError>
23:28:26 p0 run=0 q=0 prealloc=0 xfer=0 http=2 kv=0.000 hit=0.000 gen=0 | p1 run=0 q=0 prealloc=0 xfer=0 http=9 kv=0.000 hit=0.000 gen=0 | d0=<URLError>
23:28:29 p0 run=0 q=0 prealloc=0 xfer=0 http=4 kv=0.000 hit=0.000 gen=0 | p1 run=1 q=0 prealloc=0 xfer=0 http=8 kv=0.000 hit=0.000 gen=0 | d0=<URLError>
23:28:37 p0 run=0 q=0 prealloc=0 xfer=0 http=5 kv=0.000 hit=0.000 gen=0 | p1 run=0 q=0 prealloc=0 xfer=0 http=2 kv=0.000 hit=0.000 gen=0 | d0=<URLError>
23:28:40 p0 run=0 q=0 prealloc=0 xfer=0 http=5 kv=0.000 hit=0.000 gen=0 | p1 run=0 q=0 prealloc=0 xfer=0 http=4 kv=0.000 hit=0.000 gen=0 | d0=<URLError>
23:28:41 p0 run=0 q=0 prealloc=0 xfer=0 http=5 kv=0.000 hit=0.000 gen=0 | p1 run=0 q=0 prealloc=0 xfer=0 http=4 kv=0.000 hit=0.000 gen=0 | d0=<URLError>
23:28:44 p0 run=0 q=0 prealloc=0 xfer=0 http=5 kv=0.000 hit=0.000 gen=0 | p1 run=0 q=0 prealloc=0 xfer=0 http=4 kv=0.000 hit=0.000 gen=0 | d0=<URLError>
23:28:52 p0 run=0 q=0 prealloc=0 xfer=0 http=5 kv=0.000 hit=0.000 gen=0 | p1 run=0 q=0 prealloc=0 xfer=0 http=5 kv=0.000 hit=0.000 gen=0 | d0=<URLError>
23:28:55 p0 run=0 q=0 prealloc=0 xfer=0 http=5 kv=0.000 hit=0.000 gen=0 | p1 run=0 q=0 prealloc=0 xfer=0 http=6 kv=0.000 hit=0.000 gen=0 | d0=<URLError>
23:28:56 p0 run=0 q=0 prealloc=0 xfer=0 http=4 kv=0.000 hit=0.000 gen=0 | p1 run=0 q=0 prealloc=0 xfer=0 http=6 kv=0.000 hit=0.000 gen=0 | d0=<URLError>
23:28:59 p0 run=0 q=0 prealloc=0 xfer=0 http=5 kv=0.000 hit=0.000 gen=0 | p1 run=0 q=0 prealloc=0 xfer=0 http=4 kv=0.000 hit=0.000 gen=0 | d0=<URLError>
23:29:07 p0 run=0 q=0 prealloc=0 xfer=0 http=5 kv=0.000 hit=0.000 gen=0 | p1 run=0 q=0 prealloc=0 xfer=0 http=4 kv=0.000 hit=0.000 gen=0 | d0=<URLError>
23:29:10 p0 run=0 q=0 prealloc=0 xfer=0 http=4 kv=0.000 hit=0.000 gen=0 | p1 run=0 q=0 prealloc=0 xfer=0 http=6 kv=0.000 hit=0.000 gen=0 | d0=<URLError>
23:29:11 p0 run=0 q=0 prealloc=0 xfer=0 http=5 kv=0.000 hit=0.000 gen=0 | p1 run=0 q=0 prealloc=0 xfer=0 http=6 kv=0.000 hit=0.000 gen=0 | d0=<URLError>
23:29:14 p0 run=0 q=0 prealloc=0 xfer=0 http=5 kv=0.000 hit=0.000 gen=0 | p1 run=0 q=0 prealloc=0 xfer=0 http=5 kv=0.000 hit=0.000 gen=0 | d0=<URLError>
23:29:22 p0 run=0 q=0 prealloc=0 xfer=0 http=5 kv=0.000 hit=0.000 gen=0 | p1 run=0 q=0 prealloc=0 xfer=0 http=5 kv=0.000 hit=0.000 gen=0 | d0=<URLError>
23:29:25 p0 run=0 q=0 prealloc=0 xfer=0 http=1 kv=0.000 hit=0.000 gen=0 | p1 run=0 q=0 prealloc=0 xfer=0 http=6 kv=0.000 hit=0.000 gen=0 | d0=<URLError>
23:29:26 p0 run=0 q=0 prealloc=0 xfer=0 http=1 kv=0.000 hit=0.000 gen=0 | p1 run=0 q=0 prealloc=0 xfer=0 http=6 kv=0.000 hit=0.000 gen=0 | d0=<URLError>
23:29:29 p0 run=0 q=0 prealloc=0 xfer=0 http=1 kv=0.000 hit=0.000 gen=0 | p1 run=0 q=0 prealloc=0 xfer=0 http=5 kv=0.000 hit=0.000 gen=0 | d0=<URLError>
23:29:37 p0 run=0 q=0 prealloc=0 xfer=0 http=1 kv=0.000 hit=0.000 gen=0 | p1 run=0 q=0 prealloc=0 xfer=0 http=5 kv=0.000 hit=0.000 gen=0 | d0=<URLError>
23:29:40 p0 run=0 q=0 prealloc=0 xfer=0 http=1 kv=0.000 hit=0.000 gen=0 | p1 run=0 q=0 prealloc=0 xfer=0 http=1 kv=0.000 hit=0.000 gen=0 | d0=<URLError>
23:29:41 p0 run=0 q=0 prealloc=0 xfer=0 http=1 kv=0.000 hit=0.000 gen=0 | p1 run=0 q=0 prealloc=0 xfer=0 http=2 kv=0.000 hit=0.000 gen=0 | d0=<URLError>
23:29:44 p0 run=0 q=0 prealloc=0 xfer=0 http=1 kv=0.000 hit=0.000 gen=0 | p1 run=0 q=0 prealloc=0 xfer=0 http=1 kv=0.000 hit=0.000 gen=0 | d0=<URLError>
23:29:52 p0 run=0 q=0 prealloc=0 xfer=0 http=1 kv=0.000 hit=0.000 gen=0 | p1 run=0 q=0 prealloc=0 xfer=0 http=1 kv=0.000 hit=0.000 gen=0 | d0=<URLError>
23:29:55 p0 run=0 q=0 prealloc=0 xfer=0 http=1 kv=0.000 hit=0.000 gen=0 | p1 run=0 q=0 prealloc=0 xfer=0 http=1 kv=0.000 hit=0.000 gen=0 | d0=<URLError>
23:29:56 p0 run=0 q=0 prealloc=0 xfer=0 http=1 kv=0.000 hit=0.000 gen=0 | p1 run=0 q=0 prealloc=0 xfer=0 http=1 kv=0.000 hit=0.000 gen=0 | d0=<URLError>
23:29:59 p0 run=0 q=0 prealloc=0 xfer=0 http=1 kv=0.000 hit=0.000 gen=0 | p1 run=0 q=0 prealloc=0 xfer=0 http=1 kv=0.000 hit=0.000 gen=0 | d0=<URLError>
23:30:07 p0 run=0 q=0 prealloc=0 xfer=0 http=1 kv=0.000 hit=0.000 gen=0 | p1 run=0 q=0 prealloc=0 xfer=0 http=1 kv=0.000 hit=0.000 gen=0 | d0=<URLError>
23:30:10 p0 run=0 q=0 prealloc=0 xfer=0 http=1 kv=0.000 hit=0.000 gen=0 | p1 run=0 q=0 prealloc=0 xfer=0 http=1 kv=0.000 hit=0.000 gen=0 | d0=<URLError>
23:30:11 p0 run=0 q=0 prealloc=0 xfer=0 http=1 kv=0.000 hit=0.000 gen=0 | p1 run=0 q=0 prealloc=0 xfer=0 http=1 kv=0.000 hit=0.000 gen=0 | d0=<URLError>
23:30:15 p0 run=0 q=0 prealloc=0 xfer=0 http=1 kv=0.000 hit=0.000 gen=0 | p1 run=0 q=0 prealloc=0 xfer=0 http=1 kv=0.000 hit=0.000 gen=0 | d0=<URLError>
23:30:22 p0 run=0 q=0 prealloc=0 xfer=0 http=1 kv=0.000 hit=0.000 gen=0 | p1 run=0 q=0 prealloc=0 xfer=0 http=1 kv=0.000 hit=0.000 gen=0 | d0=<URLError>
23:30:25 p0 run=0 q=0 prealloc=0 xfer=0 http=1 kv=0.000 hit=0.000 gen=0 | p1 run=0 q=0 prealloc=0 xfer=0 http=1 kv=0.000 hit=0.000 gen=0 | d0=<URLError>
23:30:27 p0 run=0 q=0 prealloc=0 xfer=0 http=1 kv=0.000 hit=0.000 gen=0 | p1 run=0 q=0 prealloc=0 xfer=0 http=1 kv=0.000 hit=0.000 gen=0 | d0=<URLError>
23:30:30 p0 run=0 q=0 prealloc=0 xfer=0 http=1 kv=0.000 hit=0.000 gen=0 | p1 run=0 q=0 prealloc=0 xfer=0 http=1 kv=0.000 hit=0.000 gen=0 | d0=<URLError>
23:30:37 p0 run=0 q=0 prealloc=0 xfer=0 http=1 kv=0.000 hit=0.000 gen=0 | p1 run=0 q=0 prealloc=0 xfer=0 http=1 kv=0.000 hit=0.000 gen=0 | d0=<URLError>
23:30:41 p0 run=0 q=0 prealloc=0 xfer=0 http=1 kv=0.000 hit=0.000 gen=0 | p1 run=0 q=0 prealloc=0 xfer=0 http=1 kv=0.000 hit=0.000 gen=0 | d0=<URLError>
23:30:42 p0 run=0 q=0 prealloc=0 xfer=0 http=1 kv=0.000 hit=0.000 gen=0 | p1 run=0 q=0 prealloc=0 xfer=0 http=1 kv=0.000 hit=0.000 gen=0 | d0=<URLError>
23:30:45 p0 run=0 q=0 prealloc=0 xfer=0 http=1 kv=0.000 hit=0.000 gen=0 | p1 run=0 q=0 prealloc=0 xfer=0 http=1 kv=0.000 hit=0.000 gen=0 | d0=<URLError>
23:30:52 p0 run=0 q=0 prealloc=0 xfer=0 http=1 kv=0.000 hit=0.000 gen=0 | p1 run=0 q=0 prealloc=0 xfer=0 http=1 kv=0.000 hit=0.000 gen=0 | d0=<URLError>
23:30:56 p0 run=0 q=0 prealloc=0 xfer=0 http=1 kv=0.000 hit=0.000 gen=0 | p1 run=0 q=0 prealloc=0 xfer=0 http=1 kv=0.000 hit=0.000 gen=0 | d0=<URLError>
23:30:57 p0 run=0 q=0 prealloc=0 xfer=0 http=1 kv=0.000 hit=0.000 gen=0 | p1 run=0 q=0 prealloc=0 xfer=0 http=1 kv=0.000 hit=0.000 gen=0 | d0=<URLError>
23:31:00 p0 run=0 q=0 prealloc=0 xfer=0 http=1 kv=0.000 hit=0.000 gen=0 | p1 run=0 q=0 prealloc=0 xfer=0 http=1 kv=0.000 hit=0.000 gen=0 | d0=<URLError>
23:31:07 p0 run=0 q=0 prealloc=0 xfer=0 http=1 kv=0.000 hit=0.000 gen=0 | p1 run=0 q=0 prealloc=0 xfer=0 http=1 kv=0.000 hit=0.000 gen=0 | d0=<URLError>
23:31:11 p0 run=0 q=0 prealloc=0 xfer=0 http=1 kv=0.000 hit=0.000 gen=0 | p1 run=0 q=0 prealloc=0 xfer=0 http=1 kv=0.000 hit=0.000 gen=0 | d0=<URLError>
23:31:12 p0 run=0 q=0 prealloc=0 xfer=0 http=1 kv=0.000 hit=0.000 gen=0 | p1 run=0 q=0 prealloc=0 xfer=0 http=1 kv=0.000 hit=0.000 gen=0 | d0=<URLError>
23:31:15 p0 run=0 q=0 prealloc=0 xfer=0 http=1 kv=0.000 hit=0.000 gen=0 | p1 run=0 q=0 prealloc=0 xfer=0 http=1 kv=0.000 hit=0.000 gen=0 | d0=<URLError>
23:31:22 p0 run=0 q=0 prealloc=0 xfer=0 http=1 kv=0.000 hit=0.000 gen=0 | p1 run=0 q=0 prealloc=0 xfer=0 http=1 kv=0.000 hit=0.000 gen=0 | d0=<URLError>
23:31:26 p0 run=0 q=0 prealloc=0 xfer=0 http=1 kv=0.000 hit=0.000 gen=0 | p1 run=0 q=0 prealloc=0 xfer=0 http=1 kv=0.000 hit=0.000 gen=0 | d0=<URLError>
23:31:27 p0 run=0 q=0 prealloc=0 xfer=0 http=1 kv=0.000 hit=0.000 gen=0 | p1 run=0 q=0 prealloc=0 xfer=0 http=1 kv=0.000 hit=0.000 gen=0 | d0=<URLError>
23:31:30 p0 run=0 q=0 prealloc=0 xfer=0 http=1 kv=0.000 hit=0.000 gen=0 | p1 run=0 q=0 prealloc=0 xfer=0 http=1 kv=0.000 hit=0.000 gen=0 | d0=<URLError>
23:31:37 p0 run=0 q=0 prealloc=0 xfer=0 http=1 kv=0.000 hit=0.000 gen=0 | p1 run=0 q=0 prealloc=0 xfer=0 http=1 kv=0.000 hit=0.000 gen=0 | d0=<URLError>
23:31:41 p0 run=0 q=0 prealloc=0 xfer=0 http=1 kv=0.000 hit=0.000 gen=0 | p1 run=0 q=0 prealloc=0 xfer=0 http=1 kv=0.000 hit=0.000 gen=0 | d0=<URLError>
23:31:42 p0 run=0 q=0 prealloc=0 xfer=0 http=1 kv=0.000 hit=0.000 gen=0 | p1 run=0 q=0 prealloc=0 xfer=0 http=1 kv=0.000 hit=0.000 gen=0 | d0=<URLError>
23:31:45 p0 run=0 q=0 prealloc=0 xfer=0 http=1 kv=0.000 hit=0.000 gen=0 | p1 run=0 q=0 prealloc=0 xfer=0 http=1 kv=0.000 hit=0.000 gen=0 | d0=<URLError>
23:31:52 p0 run=0 q=0 prealloc=0 xfer=0 http=1 kv=0.000 hit=0.000 gen=0 | p1 run=0 q=0 prealloc=0 xfer=0 http=1 kv=0.000 hit=0.000 gen=0 | d0=<URLError>
23:31:56 p0 run=0 q=0 prealloc=0 xfer=0 http=1 kv=0.000 hit=0.000 gen=0 | p1 run=0 q=0 prealloc=0 xfer=0 http=1 kv=0.000 hit=0.000 gen=0 | d0=<URLError>
23:31:57 p0 run=0 q=0 prealloc=0 xfer=0 http=1 kv=0.000 hit=0.000 gen=0 | p1 run=0 q=0 prealloc=0 xfer=0 http=1 kv=0.000 hit=0.000 gen=0 | d0=<URLError>
23:32:00 p0 run=0 q=0 prealloc=0 xfer=0 http=1 kv=0.000 hit=0.000 gen=0 | p1 run=0 q=0 prealloc=0 xfer=0 http=1 kv=0.000 hit=0.000 gen=0 | d0=<URLError>
23:32:07 p0 run=0 q=0 prealloc=0 xfer=0 http=1 kv=0.000 hit=0.000 gen=0 | p1 run=0 q=0 prealloc=0 xfer=0 http=1 kv=0.000 hit=0.000 gen=0 | d0=<URLError>
23:32:11 p0 run=0 q=0 prealloc=0 xfer=0 http=1 kv=0.000 hit=0.000 gen=0 | p1 run=0 q=0 prealloc=0 xfer=0 http=1 kv=0.000 hit=0.000 gen=0 | d0=<URLError>
23:32:12 p0 run=0 q=0 prealloc=0 xfer=0 http=1 kv=0.000 hit=0.000 gen=0 | p1 run=0 q=0 prealloc=0 xfer=0 http=1 kv=0.000 hit=0.000 gen=0 | d0=<URLError>
23:32:15 p0 run=0 q=0 prealloc=0 xfer=0 http=1 kv=0.000 hit=0.000 gen=0 | p1 run=0 q=0 prealloc=0 xfer=0 http=1 kv=0.000 hit=0.000 gen=0 | d0=<URLError>
23:32:22 p0 run=0 q=0 prealloc=0 xfer=0 http=1 kv=0.000 hit=0.000 gen=0 | p1 run=0 q=0 prealloc=0 xfer=0 http=1 kv=0.000 hit=0.000 gen=0 | d0=<URLError>
23:32:26 p0 run=0 q=0 prealloc=0 xfer=0 http=1 kv=0.000 hit=0.000 gen=0 | p1 run=0 q=0 prealloc=0 xfer=0 http=1 kv=0.000 hit=0.000 gen=0 | d0=<URLError>
23:32:27 p0 run=0 q=0 prealloc=0 xfer=0 http=1 kv=0.000 hit=0.000 gen=0 | p1 run=0 q=0 prealloc=0 xfer=0 http=1 kv=0.000 hit=0.000 gen=0 | d0=<URLError>
23:32:30 p0 run=0 q=0 prealloc=0 xfer=0 http=1 kv=0.000 hit=0.000 gen=0 | p1 run=0 q=0 prealloc=0 xfer=0 http=1 kv=0.000 hit=0.000 gen=0 | d0=<URLError>
23:32:38 p0 run=0 q=0 prealloc=0 xfer=0 http=1 kv=0.000 hit=0.000 gen=0 | p1 run=0 q=0 prealloc=0 xfer=0 http=1 kv=0.000 hit=0.000 gen=0 | d0=<URLError>
23:32:41 p0 run=0 q=0 prealloc=0 xfer=0 http=1 kv=0.000 hit=0.000 gen=0 | p1 run=0 q=0 prealloc=0 xfer=0 http=1 kv=0.000 hit=0.000 gen=0 | d0=<URLError>
23:32:42 p0 run=0 q=0 prealloc=0 xfer=0 http=1 kv=0.000 hit=0.000 gen=0 | p1 run=0 q=0 prealloc=0 xfer=0 http=1 kv=0.000 hit=0.000 gen=0 | d0=<URLError>
23:32:45 p0 run=0 q=0 prealloc=0 xfer=0 http=1 kv=0.000 hit=0.000 gen=0 | p1 run=0 q=0 prealloc=0 xfer=0 http=1 kv=0.000 hit=0.000 gen=0 | d0=<URLError>
23:32:53 p0 run=0 q=0 prealloc=0 xfer=0 http=1 kv=0.000 hit=0.000 gen=0 | p1 run=0 q=0 prealloc=0 xfer=0 http=1 kv=0.000 hit=0.000 gen=0 | d0=<URLError>
23:32:56 p0 run=0 q=0 prealloc=0 xfer=0 http=1 kv=0.000 hit=0.000 gen=0 | p1 run=0 q=0 prealloc=0 xfer=0 http=1 kv=0.000 hit=0.000 gen=0 | d0=<URLError>
23:32:57 p0 run=0 q=0 prealloc=0 xfer=0 http=1 kv=0.000 hit=0.000 gen=0 | p1 run=0 q=0 prealloc=0 xfer=0 http=1 kv=0.000 hit=0.000 gen=0 | d0=<URLError>
23:33:00 p0 run=0 q=0 prealloc=0 xfer=0 http=1 kv=0.000 hit=0.000 gen=0 | p1 run=0 q=0 prealloc=0 xfer=0 http=1 kv=0.000 hit=0.000 gen=0 | d0=<URLError>
23:33:08 p0 run=0 q=0 prealloc=0 xfer=0 http=1 kv=0.000 hit=0.000 gen=0 | p1 run=0 q=0 prealloc=0 xfer=0 http=1 kv=0.000 hit=0.000 gen=0 | d0=<URLError>
23:33:11 p0 run=0 q=0 prealloc=0 xfer=0 http=1 kv=0.000 hit=0.000 gen=0 | p1 run=0 q=0 prealloc=0 xfer=0 http=1 kv=0.000 hit=0.000 gen=0 | d0=<URLError>
23:33:12 p0 run=0 q=0 prealloc=0 xfer=0 http=1 kv=0.000 hit=0.000 gen=0 | p1 run=0 q=0 prealloc=0 xfer=0 http=1 kv=0.000 hit=0.000 gen=0 | d0=<URLError>
23:33:15 p0 run=0 q=0 prealloc=0 xfer=0 http=1 kv=0.000 hit=0.000 gen=0 | p1 run=0 q=0 prealloc=0 xfer=0 http=1 kv=0.000 hit=0.000 gen=0 | d0=<URLError>
23:33:23 p0 run=0 q=0 prealloc=0 xfer=0 http=1 kv=0.000 hit=0.000 gen=0 | p1 run=0 q=0 prealloc=0 xfer=0 http=1 kv=0.000 hit=0.000 gen=0 | d0 run=0 q=0 prealloc=0 xfer=0 http=9 kv=0.000 hit=0.000 gen=0
23:33:26 p0 run=0 q=0 prealloc=0 xfer=0 http=1 kv=0.000 hit=0.000 gen=0 | p1 run=0 q=0 prealloc=0 xfer=0 http=1 kv=0.000 hit=0.000 gen=0 | d0 run=0 q=0 prealloc=0 xfer=0 http=1 kv=0.000 hit=0.000 gen=0
23:33:27 p0 run=0 q=0 prealloc=0 xfer=0 http=1 kv=0.000 hit=0.000 gen=0 | p1 run=0 q=0 prealloc=0 xfer=0 http=1 kv=0.000 hit=0.000 gen=0 | d0 run=0 q=0 prealloc=0 xfer=0 http=1 kv=0.000 hit=0.000 gen=0
23:33:30 p0 run=0 q=0 prealloc=0 xfer=0 http=1 kv=0.000 hit=0.000 gen=0 | p1 run=0 q=0 prealloc=0 xfer=0 http=1 kv=0.000 hit=0.000 gen=0 | d0 run=0 q=0 prealloc=0 xfer=0 http=1 kv=0.000 hit=0.000 gen=0
23:33:38 p0 run=0 q=0 prealloc=0 xfer=0 http=1 kv=0.000 hit=0.000 gen=0 | p1 run=0 q=0 prealloc=0 xfer=0 http=1 kv=0.000 hit=0.000 gen=0 | d0 run=0 q=0 prealloc=0 xfer=0 http=1 kv=0.000 hit=0.000 gen=0
23:33:41 p0 run=0 q=0 prealloc=0 xfer=0 http=1 kv=0.000 hit=0.000 gen=0 | p1 run=0 q=0 prealloc=0 xfer=0 http=1 kv=0.000 hit=0.000 gen=0 | d0 run=0 q=0 prealloc=0 xfer=0 http=1 kv=0.000 hit=0.000 gen=0
23:33:42 p0 run=0 q=0 prealloc=0 xfer=0 http=1 kv=0.000 hit=0.000 gen=0 | p1 run=0 q=0 prealloc=0 xfer=0 http=1 kv=0.000 hit=0.000 gen=0 | d0 run=0 q=0 prealloc=0 xfer=0 http=1 kv=0.000 hit=0.000 gen=0
23:33:45 p0 run=0 q=0 prealloc=0 xfer=0 http=1 kv=0.000 hit=0.000 gen=0 | p1 run=0 q=0 prealloc=0 xfer=0 http=1 kv=0.000 hit=0.000 gen=0 | d0 run=0 q=0 prealloc=0 xfer=0 http=1 kv=0.000 hit=0.000 gen=0
23:33:53 p0 run=0 q=0 prealloc=0 xfer=0 http=1 kv=0.000 hit=0.000 gen=0 | p1 run=0 q=0 prealloc=0 xfer=0 http=1 kv=0.000 hit=0.000 gen=0 | d0 run=0 q=0 prealloc=0 xfer=0 http=1 kv=0.000 hit=0.000 gen=0
23:33:56 p0 run=0 q=0 prealloc=0 xfer=0 http=1 kv=0.000 hit=0.000 gen=0 | p1 run=0 q=0 prealloc=0 xfer=0 http=1 kv=0.000 hit=0.000 gen=0 | d0 run=0 q=0 prealloc=0 xfer=0 http=1 kv=0.000 hit=0.000 gen=0
23:33:57 p0 run=0 q=0 prealloc=0 xfer=0 http=1 kv=0.000 hit=0.000 gen=0 | p1 run=0 q=0 prealloc=0 xfer=0 http=1 kv=0.000 hit=0.000 gen=0 | d0 run=0 q=0 prealloc=0 xfer=0 http=1 kv=0.000 hit=0.000 gen=0
23:34:01 p0 run=0 q=0 prealloc=0 xfer=0 http=1 kv=0.000 hit=0.000 gen=0 | p1 run=0 q=0 prealloc=0 xfer=0 http=1 kv=0.000 hit=0.000 gen=0 | d0 run=0 q=0 prealloc=0 xfer=0 http=1 kv=0.000 hit=0.000 gen=0
23:34:08 p0 run=0 q=0 prealloc=0 xfer=0 http=1 kv=0.000 hit=0.000 gen=0 | p1 run=0 q=0 prealloc=0 xfer=0 http=1 kv=0.000 hit=0.000 gen=0 | d0 run=0 q=0 prealloc=0 xfer=0 http=1 kv=0.000 hit=0.000 gen=0
23:34:12 p0 run=0 q=0 prealloc=0 xfer=0 http=1 kv=0.000 hit=0.000 gen=0 | p1 run=0 q=0 prealloc=0 xfer=0 http=1 kv=0.000 hit=0.000 gen=0 | d0 run=0 q=0 prealloc=0 xfer=0 http=1 kv=0.000 hit=0.000 gen=0
23:34:13 p0 run=0 q=0 prealloc=0 xfer=0 http=1 kv=0.000 hit=0.000 gen=0 | p1 run=0 q=0 prealloc=0 xfer=0 http=1 kv=0.000 hit=0.000 gen=0 | d0 run=0 q=0 prealloc=0 xfer=0 http=1 kv=0.000 hit=0.000 gen=0
23:34:16 p0 run=0 q=0 prealloc=0 xfer=0 http=1 kv=0.000 hit=0.000 gen=0 | p1 run=0 q=0 prealloc=0 xfer=0 http=1 kv=0.000 hit=0.000 gen=0 | d0 run=0 q=0 prealloc=0 xfer=0 http=1 kv=0.000 hit=0.000 gen=0
23:34:23 p0 run=0 q=0 prealloc=0 xfer=0 http=1 kv=0.000 hit=0.000 gen=0 | p1 run=0 q=0 prealloc=0 xfer=0 http=1 kv=0.000 hit=0.000 gen=0 | d0 run=0 q=0 prealloc=0 xfer=0 http=1 kv=0.000 hit=0.000 gen=0
23:34:27 p0 run=0 q=0 prealloc=0 xfer=0 http=1 kv=0.000 hit=0.000 gen=0 | p1 run=0 q=0 prealloc=0 xfer=0 http=1 kv=0.000 hit=0.000 gen=0 | d0 run=0 q=0 prealloc=0 xfer=0 http=1 kv=0.000 hit=0.000 gen=0
23:34:28 p0 run=0 q=0 prealloc=0 xfer=0 http=1 kv=0.000 hit=0.000 gen=0 | p1 run=0 q=0 prealloc=0 xfer=0 http=1 kv=0.000 hit=0.000 gen=0 | d0 run=0 q=0 prealloc=0 xfer=0 http=1 kv=0.000 hit=0.000 gen=0
23:34:31 p0 run=0 q=0 prealloc=0 xfer=0 http=1 kv=0.000 hit=0.000 gen=0 | p1 run=0 q=0 prealloc=0 xfer=0 http=1 kv=0.000 hit=0.000 gen=0 | d0 run=0 q=0 prealloc=0 xfer=0 http=1 kv=0.000 hit=0.000 gen=0
23:34:38 p0 run=0 q=0 prealloc=0 xfer=0 http=1 kv=0.000 hit=0.000 gen=0 | p1 run=0 q=0 prealloc=0 xfer=0 http=1 kv=0.000 hit=0.000 gen=0 | d0 run=0 q=0 prealloc=0 xfer=0 http=1 kv=0.000 hit=0.000 gen=0
23:34:42 p0 run=0 q=0 prealloc=0 xfer=0 http=1 kv=0.000 hit=0.000 gen=0 | p1 run=0 q=0 prealloc=0 xfer=0 http=1 kv=0.000 hit=0.000 gen=0 | d0 run=0 q=0 prealloc=0 xfer=0 http=1 kv=0.000 hit=0.000 gen=0
23:34:43 p0 run=0 q=0 prealloc=0 xfer=0 http=1 kv=0.000 hit=0.000 gen=0 | p1 run=0 q=0 prealloc=0 xfer=0 http=1 kv=0.000 hit=0.000 gen=0 | d0 run=0 q=0 prealloc=0 xfer=0 http=1 kv=0.000 hit=0.000 gen=0
23:34:46 p0 run=0 q=0 prealloc=0 xfer=0 http=1 kv=0.000 hit=0.000 gen=0 | p1 run=0 q=0 prealloc=0 xfer=0 http=1 kv=0.000 hit=0.000 gen=0 | d0 run=0 q=0 prealloc=0 xfer=0 http=1 kv=0.000 hit=0.000 gen=0
23:34:53 p0 run=0 q=0 prealloc=0 xfer=0 http=1 kv=0.000 hit=0.000 gen=0 | p1 run=0 q=0 prealloc=0 xfer=0 http=1 kv=0.000 hit=0.000 gen=0 | d0 run=0 q=0 prealloc=0 xfer=0 http=1 kv=0.000 hit=0.000 gen=0
23:34:57 p0 run=0 q=0 prealloc=0 xfer=0 http=1 kv=0.000 hit=0.000 gen=0 | p1 run=0 q=0 prealloc=0 xfer=0 http=1 kv=0.000 hit=0.000 gen=0 | d0 run=0 q=0 prealloc=0 xfer=0 http=1 kv=0.000 hit=0.000 gen=0
23:34:58 p0 run=0 q=0 prealloc=0 xfer=0 http=1 kv=0.000 hit=0.000 gen=0 | p1 run=0 q=0 prealloc=0 xfer=0 http=1 kv=0.000 hit=0.000 gen=0 | d0 run=0 q=0 prealloc=0 xfer=0 http=1 kv=0.000 hit=0.000 gen=0
23:35:01 p0 run=0 q=0 prealloc=0 xfer=0 http=1 kv=0.000 hit=0.000 gen=0 | p1 run=0 q=0 prealloc=0 xfer=0 http=1 kv=0.000 hit=0.000 gen=0 | d0 run=0 q=0 prealloc=0 xfer=0 http=1 kv=0.000 hit=0.000 gen=0
23:35:08 p0 run=0 q=0 prealloc=0 xfer=0 http=1 kv=0.000 hit=0.000 gen=0 | p1 run=0 q=0 prealloc=0 xfer=0 http=1 kv=0.000 hit=0.000 gen=0 | d0 run=0 q=0 prealloc=0 xfer=0 http=1 kv=0.000 hit=0.000 gen=0
23:35:12 p0 run=0 q=0 prealloc=0 xfer=0 http=1 kv=0.000 hit=0.000 gen=0 | p1 run=0 q=0 prealloc=0 xfer=0 http=1 kv=0.000 hit=0.000 gen=0 | d0 run=0 q=0 prealloc=0 xfer=0 http=1 kv=0.000 hit=0.000 gen=0
23:35:13 p0 run=0 q=0 prealloc=0 xfer=0 http=1 kv=0.000 hit=0.000 gen=0 | p1 run=0 q=0 prealloc=0 xfer=0 http=1 kv=0.000 hit=0.000 gen=0 | d0 run=0 q=0 prealloc=0 xfer=0 http=1 kv=0.000 hit=0.000 gen=0
23:35:16 p0 run=0 q=0 prealloc=0 xfer=0 http=1 kv=0.000 hit=0.000 gen=0 | p1 run=0 q=0 prealloc=0 xfer=0 http=1 kv=0.000 hit=0.000 gen=0 | d0 run=0 q=0 prealloc=0 xfer=0 http=1 kv=0.000 hit=0.000 gen=0
23:35:23 p0 run=0 q=0 prealloc=0 xfer=0 http=1 kv=0.000 hit=0.000 gen=0 | p1 run=0 q=0 prealloc=0 xfer=0 http=1 kv=0.000 hit=0.000 gen=0 | d0 run=0 q=0 prealloc=0 xfer=0 http=1 kv=0.000 hit=0.000 gen=0
23:35:27 p0 run=0 q=0 prealloc=0 xfer=0 http=1 kv=0.000 hit=0.000 gen=0 | p1 run=0 q=0 prealloc=0 xfer=0 http=1 kv=0.000 hit=0.000 gen=0 | d0 run=0 q=0 prealloc=0 xfer=0 http=1 kv=0.000 hit=0.000 gen=0
23:35:28 p0 run=0 q=0 prealloc=0 xfer=0 http=1 kv=0.000 hit=0.000 gen=0 | p1 run=0 q=0 prealloc=0 xfer=0 http=1 kv=0.000 hit=0.000 gen=0 | d0 run=0 q=0 prealloc=0 xfer=0 http=1 kv=0.000 hit=0.000 gen=0
23:35:31 p0 run=0 q=0 prealloc=0 xfer=0 http=1 kv=0.000 hit=0.000 gen=0 | p1 run=0 q=0 prealloc=0 xfer=0 http=1 kv=0.000 hit=0.000 gen=0 | d0 run=0 q=0 prealloc=0 xfer=0 http=1 kv=0.000 hit=0.000 gen=0
23:35:39 p0 run=0 q=0 prealloc=0 xfer=0 http=1 kv=0.000 hit=0.000 gen=0 | p1 run=0 q=0 prealloc=0 xfer=0 http=1 kv=0.000 hit=0.000 gen=0 | d0 run=0 q=0 prealloc=0 xfer=0 http=1 kv=0.000 hit=0.000 gen=0
23:35:42 p0 run=0 q=0 prealloc=0 xfer=0 http=1 kv=0.000 hit=0.000 gen=0 | p1 run=0 q=0 prealloc=0 xfer=0 http=1 kv=0.000 hit=0.000 gen=0 | d0 run=0 q=0 prealloc=0 xfer=0 http=1 kv=0.000 hit=0.000 gen=0
23:35:43 p0 run=0 q=0 prealloc=0 xfer=0 http=1 kv=0.000 hit=0.000 gen=0 | p1 run=0 q=0 prealloc=0 xfer=0 http=1 kv=0.000 hit=0.000 gen=0 | d0 run=0 q=0 prealloc=0 xfer=0 http=1 kv=0.000 hit=0.000 gen=0
23:35:46 p0 run=0 q=0 prealloc=0 xfer=0 http=1 kv=0.000 hit=0.000 gen=0 | p1 run=0 q=0 prealloc=0 xfer=0 http=1 kv=0.000 hit=0.000 gen=0 | d0 run=0 q=0 prealloc=0 xfer=0 http=1 kv=0.000 hit=0.000 gen=0
23:35:54 p0 run=0 q=0 prealloc=0 xfer=0 http=1 kv=0.000 hit=0.000 gen=0 | p1 run=0 q=0 prealloc=0 xfer=0 http=1 kv=0.000 hit=0.000 gen=0 | d0 run=0 q=0 prealloc=0 xfer=0 http=1 kv=0.000 hit=0.000 gen=0
23:35:57 p0 run=0 q=0 prealloc=0 xfer=0 http=1 kv=0.000 hit=0.000 gen=0 | p1 run=0 q=0 prealloc=0 xfer=0 http=1 kv=0.000 hit=0.000 gen=0 | d0 run=0 q=0 prealloc=0 xfer=0 http=1 kv=0.000 hit=0.000 gen=0
23:35:58 p0 run=0 q=0 prealloc=0 xfer=0 http=1 kv=0.000 hit=0.000 gen=0 | p1 run=0 q=0 prealloc=0 xfer=0 http=1 kv=0.000 hit=0.000 gen=0 | d0 run=0 q=0 prealloc=0 xfer=0 http=1 kv=0.000 hit=0.000 gen=0
23:36:01 p0 run=0 q=0 prealloc=0 xfer=0 http=1 kv=0.000 hit=0.000 gen=0 | p1 run=0 q=0 prealloc=0 xfer=0 http=1 kv=0.000 hit=0.000 gen=0 | d0 run=0 q=0 prealloc=0 xfer=0 http=1 kv=0.000 hit=0.000 gen=0
23:36:09 p0 run=0 q=0 prealloc=0 xfer=0 http=1 kv=0.000 hit=0.000 gen=0 | p1 run=0 q=0 prealloc=0 xfer=0 http=1 kv=0.000 hit=0.000 gen=0 | d0 run=0 q=0 prealloc=0 xfer=0 http=1 kv=0.000 hit=0.000 gen=0
23:36:12 p0 run=0 q=0 prealloc=0 xfer=0 http=1 kv=0.000 hit=0.000 gen=0 | p1 run=0 q=0 prealloc=0 xfer=0 http=1 kv=0.000 hit=0.000 gen=0 | d0 run=0 q=0 prealloc=0 xfer=0 http=1 kv=0.000 hit=0.000 gen=0
23:36:13 p0 run=0 q=0 prealloc=0 xfer=0 http=1 kv=0.000 hit=0.000 gen=0 | p1 run=0 q=0 prealloc=0 xfer=0 http=1 kv=0.000 hit=0.000 gen=0 | d0 run=0 q=0 prealloc=0 xfer=0 http=1 kv=0.000 hit=0.000 gen=0
23:36:16 p0 run=0 q=0 prealloc=0 xfer=0 http=1 kv=0.000 hit=0.000 gen=0 | p1 run=0 q=0 prealloc=0 xfer=0 http=1 kv=0.000 hit=0.000 gen=0 | d0 run=0 q=0 prealloc=0 xfer=0 http=1 kv=0.000 hit=0.000 gen=0
23:36:24 p0 run=0 q=0 prealloc=0 xfer=0 http=1 kv=0.000 hit=0.000 gen=0 | p1 run=0 q=0 prealloc=0 xfer=0 http=1 kv=0.000 hit=0.000 gen=0 | d0 run=0 q=0 prealloc=0 xfer=0 http=1 kv=0.000 hit=0.000 gen=0
23:36:27 p0 run=0 q=0 prealloc=0 xfer=0 http=1 kv=0.000 hit=0.000 gen=0 | p1 run=0 q=0 prealloc=0 xfer=0 http=1 kv=0.000 hit=0.000 gen=0 | d0 run=0 q=0 prealloc=0 xfer=0 http=1 kv=0.000 hit=0.000 gen=0
23:36:28 p0 run=0 q=0 prealloc=0 xfer=0 http=1 kv=0.000 hit=0.000 gen=0 | p1 run=0 q=0 prealloc=0 xfer=0 http=1 kv=0.000 hit=0.000 gen=0 | d0 run=0 q=0 prealloc=0 xfer=0 http=1 kv=0.000 hit=0.000 gen=0
23:36:32 p0 run=0 q=0 prealloc=0 xfer=0 http=1 kv=0.000 hit=0.000 gen=0 | p1 run=0 q=0 prealloc=0 xfer=0 http=1 kv=0.000 hit=0.000 gen=0 | d0 run=0 q=0 prealloc=0 xfer=0 http=1 kv=0.000 hit=0.000 gen=0
23:36:39 p0 run=0 q=0 prealloc=0 xfer=0 http=1 kv=0.000 hit=0.000 gen=0 | p1 run=0 q=0 prealloc=0 xfer=0 http=1 kv=0.000 hit=0.000 gen=0 | d0 run=0 q=0 prealloc=0 xfer=0 http=1 kv=0.000 hit=0.000 gen=0
23:36:43 p0 run=0 q=0 prealloc=0 xfer=0 http=1 kv=0.000 hit=0.000 gen=0 | p1 run=0 q=0 prealloc=0 xfer=0 http=1 kv=0.000 hit=0.000 gen=0 | d0 run=0 q=0 prealloc=0 xfer=0 http=1 kv=0.000 hit=0.000 gen=0
23:36:56 p0 run=0 q=0 prealloc=0 xfer=0 http=5 kv=0.000 hit=0.000 gen=0 | p1 run=0 q=0 prealloc=0 xfer=0 http=32 kv=0.000 hit=0.000 gen=0 | d0=<TimeoutError>
23:37:11 p0=<TimeoutError> | p1=<TimeoutError> | d0=<TimeoutError>
23:37:18 p0=<TimeoutError> | p1=<TimeoutError> | d0=<TimeoutError>
23:37:22 p0=<TimeoutError> | p1=<TimeoutError> | d0=<TimeoutError>
23:37:35 p0=<TimeoutError> | p1=<TimeoutError> | d0=<TimeoutError>
23:37:36 p0 run=0 q=0 prealloc=0 xfer=0 http=143 kv=0.000 hit=0.000 gen=0 | p1 run=0 q=0 prealloc=0 xfer=0 http=138 kv=0.000 hit=0.000 gen=0 | d0=<TimeoutError>
23:37:41 p0 run=0 q=0 prealloc=0 xfer=0 http=143 kv=0.000 hit=0.000 gen=0 | p1 run=0 q=0 prealloc=0 xfer=0 http=138 kv=0.000 hit=0.000 gen=0 | d0=<TimeoutError>
23:37:45 p0 run=0 q=0 prealloc=0 xfer=0 http=143 kv=0.000 hit=0.000 gen=0 | p1 run=0 q=0 prealloc=0 xfer=0 http=138 kv=0.000 hit=0.000 gen=0 | d0=<TimeoutError>
23:37:58 p0 run=0 q=0 prealloc=0 xfer=0 http=143 kv=0.000 hit=0.000 gen=0 | p1 run=0 q=0 prealloc=0 xfer=0 http=138 kv=0.000 hit=0.000 gen=0 | d0 run=0 q=0 prealloc=0 xfer=0 http=286 kv=0.000 hit=0.000 gen=0
23:37:58 p0 run=0 q=0 prealloc=0 xfer=0 http=143 kv=0.000 hit=0.000 gen=0 | p1 run=0 q=0 prealloc=0 xfer=0 http=138 kv=0.000 hit=0.000 gen=0 | d0 run=0 q=0 prealloc=0 xfer=0 http=286 kv=0.000 hit=0.000 gen=0
23:37:58 p0 run=0 q=0 prealloc=0 xfer=0 http=143 kv=0.000 hit=0.000 gen=0 | p1 run=0 q=0 prealloc=0 xfer=0 http=138 kv=0.000 hit=0.000 gen=0 | d0 run=0 q=0 prealloc=0 xfer=0 http=286 kv=0.000 hit=0.000 gen=0
23:38:01 p0 run=0 q=0 prealloc=0 xfer=0 http=143 kv=0.000 hit=0.000 gen=0 | p1 run=0 q=0 prealloc=0 xfer=0 http=138 kv=0.000 hit=0.000 gen=0 | d0 run=0 q=0 prealloc=0 xfer=0 http=286 kv=0.000 hit=0.000 gen=0
23:38:13 p0 run=0 q=0 prealloc=0 xfer=0 http=143 kv=0.000 hit=0.000 gen=0 | p1 run=0 q=0 prealloc=0 xfer=0 http=138 kv=0.000 hit=0.000 gen=0 | d0 run=0 q=0 prealloc=0 xfer=0 http=286 kv=0.000 hit=0.000 gen=0
23:38:13 p0 run=0 q=0 prealloc=0 xfer=0 http=143 kv=0.000 hit=0.000 gen=0 | p1 run=0 q=0 prealloc=0 xfer=0 http=138 kv=0.000 hit=0.000 gen=0 | d0 run=0 q=0 prealloc=0 xfer=0 http=286 kv=0.000 hit=0.000 gen=0
23:38:13 p0 run=0 q=0 prealloc=0 xfer=0 http=143 kv=0.000 hit=0.000 gen=0 | p1 run=0 q=0 prealloc=0 xfer=0 http=138 kv=0.000 hit=0.000 gen=0 | d0 run=0 q=0 prealloc=0 xfer=0 http=286 kv=0.000 hit=0.000 gen=0
23:38:16 p0 run=0 q=0 prealloc=0 xfer=0 http=143 kv=0.000 hit=0.000 gen=0 | p1 run=0 q=0 prealloc=0 xfer=0 http=138 kv=0.000 hit=0.000 gen=0 | d0 run=0 q=0 prealloc=0 xfer=0 http=286 kv=0.000 hit=0.000 gen=0
23:38:28 p0 run=0 q=0 prealloc=0 xfer=0 http=143 kv=0.000 hit=0.000 gen=0 | p1 run=0 q=0 prealloc=0 xfer=0 http=138 kv=0.000 hit=0.000 gen=0 | d0 run=0 q=0 prealloc=0 xfer=0 http=286 kv=0.000 hit=0.000 gen=0
23:38:29 p0 run=0 q=0 prealloc=0 xfer=0 http=143 kv=0.000 hit=0.000 gen=0 | p1 run=0 q=0 prealloc=0 xfer=0 http=138 kv=0.000 hit=0.000 gen=0 | d0 run=0 q=0 prealloc=0 xfer=0 http=286 kv=0.000 hit=0.000 gen=0
23:38:29 p0 run=0 q=0 prealloc=0 xfer=0 http=143 kv=0.000 hit=0.000 gen=0 | p1 run=0 q=0 prealloc=0 xfer=0 http=138 kv=0.000 hit=0.000 gen=0 | d0 run=0 q=0 prealloc=0 xfer=0 http=286 kv=0.000 hit=0.000 gen=0
23:38:31 p0 run=0 q=0 prealloc=0 xfer=0 http=143 kv=0.000 hit=0.000 gen=0 | p1 run=0 q=0 prealloc=0 xfer=0 http=138 kv=0.000 hit=0.000 gen=0 | d0 run=0 q=0 prealloc=0 xfer=0 http=286 kv=0.000 hit=0.000 gen=0
23:38:43 p0 run=0 q=0 prealloc=0 xfer=0 http=143 kv=0.000 hit=0.000 gen=0 | p1 run=0 q=0 prealloc=0 xfer=0 http=138 kv=0.000 hit=0.000 gen=0 | d0 run=0 q=0 prealloc=0 xfer=0 http=286 kv=0.000 hit=0.000 gen=0
23:38:44 p0 run=0 q=0 prealloc=0 xfer=0 http=143 kv=0.000 hit=0.000 gen=0 | p1 run=0 q=0 prealloc=0 xfer=0 http=138 kv=0.000 hit=0.000 gen=0 | d0 run=0 q=0 prealloc=0 xfer=0 http=286 kv=0.000 hit=0.000 gen=0
23:38:44 p0 run=0 q=0 prealloc=0 xfer=0 http=143 kv=0.000 hit=0.000 gen=0 | p1 run=0 q=0 prealloc=0 xfer=0 http=138 kv=0.000 hit=0.000 gen=0 | d0 run=0 q=0 prealloc=0 xfer=0 http=286 kv=0.000 hit=0.000 gen=0
23:38:47 p0 run=0 q=0 prealloc=0 xfer=0 http=143 kv=0.000 hit=0.000 gen=0 | p1 run=0 q=0 prealloc=0 xfer=0 http=138 kv=0.000 hit=0.000 gen=0 | d0 run=0 q=0 prealloc=0 xfer=0 http=286 kv=0.000 hit=0.000 gen=0
23:38:59 p0 run=9 q=86 prealloc=0 xfer=0 http=142 kv=0.010 hit=0.000 gen=0 | p1 run=8 q=90 prealloc=0 xfer=0 http=138 kv=0.010 hit=0.000 gen=0 | d0 run=0 q=0 prealloc=0 xfer=0 http=285 kv=0.000 hit=0.000 gen=0
23:38:59 p0 run=9 q=86 prealloc=0 xfer=0 http=142 kv=0.010 hit=0.000 gen=0 | p1 run=8 q=90 prealloc=0 xfer=0 http=138 kv=0.010 hit=0.000 gen=0 | d0 run=0 q=0 prealloc=0 xfer=0 http=285 kv=0.000 hit=0.000 gen=0
23:39:00 p0 run=9 q=86 prealloc=0 xfer=0 http=142 kv=0.010 hit=0.000 gen=0 | p1 run=8 q=90 prealloc=0 xfer=0 http=138 kv=0.010 hit=0.000 gen=0 | d0 run=0 q=0 prealloc=0 xfer=0 http=285 kv=0.000 hit=0.000 gen=0
23:39:02 p0 run=8 q=86 prealloc=0 xfer=0 http=140 kv=0.010 hit=0.000 gen=0 | p1 run=8 q=90 prealloc=0 xfer=0 http=138 kv=0.010 hit=0.000 gen=0 | d0 run=0 q=0 prealloc=0 xfer=0 http=283 kv=0.000 hit=0.000 gen=0
23:39:14 p0 run=9 q=79 prealloc=0 xfer=0 http=132 kv=0.014 hit=0.000 gen=0 | p1 run=9 q=84 prealloc=0 xfer=0 http=133 kv=0.017 hit=0.000 gen=0 | d0 run=0 q=0 prealloc=0 xfer=0 http=269 kv=0.000 hit=0.000 gen=0
23:39:14 p0 run=8 q=79 prealloc=0 xfer=0 http=132 kv=0.014 hit=0.000 gen=0 | p1 run=9 q=84 prealloc=0 xfer=0 http=133 kv=0.017 hit=0.000 gen=0 | d0 run=0 q=0 prealloc=0 xfer=0 http=269 kv=0.000 hit=0.000 gen=0
23:39:15 p0 run=8 q=79 prealloc=0 xfer=0 http=132 kv=0.014 hit=0.000 gen=0 | p1 run=9 q=83 prealloc=0 xfer=0 http=132 kv=0.016 hit=0.000 gen=0 | d0 run=0 q=0 prealloc=0 xfer=0 http=269 kv=0.000 hit=0.000 gen=0
23:39:17 p0 run=8 q=79 prealloc=0 xfer=0 http=131 kv=0.013 hit=0.000 gen=0 | p1 run=9 q=82 prealloc=0 xfer=0 http=131 kv=0.016 hit=0.000 gen=0 | d0 run=0 q=0 prealloc=0 xfer=0 http=266 kv=0.000 hit=0.000 gen=0
23:39:29 p0 run=8 q=76 prealloc=0 xfer=0 http=128 kv=0.021 hit=0.000 gen=0 | p1 run=9 q=76 prealloc=0 xfer=0 http=125 kv=0.019 hit=0.000 gen=0 | d0 run=0 q=0 prealloc=0 xfer=0 http=257 kv=0.000 hit=0.000 gen=0
23:39:30 p0 run=8 q=76 prealloc=0 xfer=0 http=128 kv=0.021 hit=0.000 gen=0 | p1 run=9 q=76 prealloc=0 xfer=0 http=125 kv=0.019 hit=0.000 gen=0 | d0 run=0 q=0 prealloc=0 xfer=0 http=257 kv=0.000 hit=0.000 gen=0
23:39:30 p0 run=8 q=77 prealloc=0 xfer=0 http=127 kv=0.020 hit=0.000 gen=0 | p1 run=9 q=76 prealloc=0 xfer=0 http=125 kv=0.019 hit=0.000 gen=0 | d0 run=0 q=0 prealloc=0 xfer=0 http=256 kv=0.000 hit=0.000 gen=0
23:39:32 p0 run=9 q=75 prealloc=0 xfer=0 http=127 kv=0.022 hit=0.000 gen=0 | p1 run=8 q=77 prealloc=0 xfer=0 http=121 kv=0.013 hit=0.000 gen=0 | d0 run=0 q=0 prealloc=0 xfer=0 http=253 kv=0.000 hit=0.000 gen=0
23:39:45 p0 run=9 q=71 prealloc=0 xfer=0 http=121 kv=0.022 hit=0.000 gen=0 | p1 run=8 q=72 prealloc=0 xfer=0 http=117 kv=0.018 hit=0.000 gen=0 | d0 run=0 q=0 prealloc=0 xfer=0 http=243 kv=0.000 hit=0.000 gen=0
23:39:45 p0 run=9 q=71 prealloc=0 xfer=0 http=121 kv=0.022 hit=0.000 gen=0 | p1 run=8 q=71 prealloc=0 xfer=0 http=117 kv=0.016 hit=0.000 gen=0 | d0 run=0 q=0 prealloc=0 xfer=0 http=242 kv=0.000 hit=0.000 gen=0
23:39:45 p0 run=9 q=71 prealloc=0 xfer=0 http=121 kv=0.022 hit=0.000 gen=0 | p1 run=8 q=71 prealloc=0 xfer=0 http=117 kv=0.016 hit=0.000 gen=0 | d0 run=0 q=0 prealloc=0 xfer=0 http=242 kv=0.000 hit=0.000 gen=0
23:39:48 p0 run=9 q=70 prealloc=0 xfer=0 http=119 kv=0.021 hit=0.000 gen=0 | p1 run=8 q=70 prealloc=0 xfer=0 http=116 kv=0.019 hit=0.000 gen=0 | d0 run=0 q=0 prealloc=0 xfer=0 http=240 kv=0.000 hit=0.000 gen=0
23:40:00 p0 run=8 q=65 prealloc=0 xfer=0 http=114 kv=0.019 hit=0.000 gen=0 | p1 run=8 q=68 prealloc=0 xfer=0 http=112 kv=0.026 hit=0.000 gen=0 | d0 run=0 q=0 prealloc=0 xfer=0 http=231 kv=0.000 hit=0.000 gen=0
23:40:01 p0 run=8 q=66 prealloc=0 xfer=0 http=114 kv=0.020 hit=0.000 gen=0 | p1 run=8 q=68 prealloc=0 xfer=0 http=112 kv=0.026 hit=0.000 gen=0 | d0 run=0 q=0 prealloc=0 xfer=0 http=230 kv=0.000 hit=0.000 gen=0
23:40:01 p0 run=8 q=66 prealloc=0 xfer=0 http=114 kv=0.020 hit=0.000 gen=0 | p1 run=8 q=68 prealloc=0 xfer=0 http=112 kv=0.026 hit=0.000 gen=0 | d0 run=0 q=0 prealloc=0 xfer=0 http=230 kv=0.000 hit=0.000 gen=0
23:40:03 p0 run=9 q=64 prealloc=0 xfer=0 http=113 kv=0.021 hit=0.000 gen=0 | p1 run=8 q=67 prealloc=0 xfer=0 http=110 kv=0.020 hit=0.000 gen=0 | d0 run=0 q=0 prealloc=0 xfer=0 http=228 kv=0.000 hit=0.000 gen=0
23:40:15 p0 run=8 q=62 prealloc=0 xfer=0 http=109 kv=0.025 hit=0.000 gen=0 | p1 run=8 q=64 prealloc=0 xfer=0 http=104 kv=0.015 hit=0.000 gen=0 | d0 run=0 q=0 prealloc=0 xfer=0 http=217 kv=0.000 hit=0.000 gen=0
23:40:16 p0 run=9 q=62 prealloc=0 xfer=0 http=109 kv=0.022 hit=0.000 gen=0 | p1 run=8 q=64 prealloc=0 xfer=0 http=104 kv=0.015 hit=0.000 gen=0 | d0 run=0 q=0 prealloc=0 xfer=0 http=217 kv=0.000 hit=0.000 gen=0
23:40:16 p0 run=9 q=62 prealloc=0 xfer=0 http=109 kv=0.022 hit=0.000 gen=0 | p1 run=8 q=64 prealloc=0 xfer=0 http=104 kv=0.015 hit=0.000 gen=0 | d0 run=0 q=0 prealloc=0 xfer=0 http=217 kv=0.000 hit=0.000 gen=0
23:40:18 p0 run=8 q=62 prealloc=0 xfer=0 http=108 kv=0.023 hit=0.000 gen=0 | p1 run=8 q=64 prealloc=0 xfer=0 http=104 kv=0.019 hit=0.000 gen=0 | d0 run=0 q=0 prealloc=0 xfer=0 http=216 kv=0.000 hit=0.000 gen=0
23:40:30 p0 run=9 q=60 prealloc=0 xfer=0 http=105 kv=0.024 hit=0.000 gen=0 | p1 run=8 q=60 prealloc=0 xfer=0 http=100 kv=0.024 hit=0.000 gen=0 | d0 run=0 q=0 prealloc=0 xfer=0 http=209 kv=0.000 hit=0.000 gen=0
23:40:31 p0 run=8 q=60 prealloc=0 xfer=0 http=104 kv=0.024 hit=0.000 gen=0 | p1 run=8 q=60 prealloc=0 xfer=0 http=100 kv=0.023 hit=0.000 gen=0 | d0 run=0 q=0 prealloc=0 xfer=0 http=208 kv=0.000 hit=0.000 gen=0
23:40:31 p0 run=8 q=60 prealloc=0 xfer=0 http=104 kv=0.024 hit=0.000 gen=0 | p1 run=8 q=60 prealloc=0 xfer=0 http=100 kv=0.023 hit=0.000 gen=0 | d0 run=0 q=0 prealloc=0 xfer=0 http=208 kv=0.000 hit=0.000 gen=0
23:40:34 p0 run=9 q=59 prealloc=0 xfer=0 http=103 kv=0.021 hit=0.000 gen=0 | p1 run=8 q=60 prealloc=0 xfer=0 http=99 kv=0.022 hit=0.000 gen=0 | d0 run=0 q=0 prealloc=0 xfer=0 http=207 kv=0.000 hit=0.000 gen=0
23:40:46 p0 run=9 q=57 prealloc=0 xfer=0 http=101 kv=0.026 hit=0.000 gen=0 | p1 run=9 q=57 prealloc=0 xfer=0 http=94 kv=0.019 hit=0.000 gen=0 | d0 run=0 q=0 prealloc=0 xfer=0 http=200 kv=0.000 hit=0.000 gen=0
23:40:47 p0 run=9 q=57 prealloc=0 xfer=0 http=101 kv=0.028 hit=0.000 gen=0 | p1 run=8 q=57 prealloc=0 xfer=0 http=94 kv=0.019 hit=0.000 gen=0 | d0 run=0 q=0 prealloc=0 xfer=0 http=200 kv=0.000 hit=0.000 gen=0
23:40:47 p0 run=9 q=57 prealloc=0 xfer=0 http=101 kv=0.028 hit=0.000 gen=0 | p1 run=8 q=57 prealloc=0 xfer=0 http=94 kv=0.019 hit=0.000 gen=0 | d0 run=0 q=0 prealloc=0 xfer=0 http=200 kv=0.000 hit=0.000 gen=0
23:40:49 p0 run=8 q=57 prealloc=0 xfer=0 http=100 kv=0.027 hit=0.000 gen=0 | p1 run=8 q=57 prealloc=0 xfer=0 http=93 kv=0.018 hit=0.000 gen=0 | d0 run=0 q=0 prealloc=0 xfer=0 http=197 kv=0.000 hit=0.000 gen=0
23:41:01 p0 run=8 q=56 prealloc=0 xfer=0 http=95 kv=0.020 hit=0.000 gen=0 | p1 run=8 q=56 prealloc=0 xfer=0 http=92 kv=0.022 hit=0.000 gen=0 | d0 run=0 q=0 prealloc=0 xfer=0 http=192 kv=0.000 hit=0.000 gen=0
23:41:02 p0 run=8 q=55 prealloc=0 xfer=0 http=95 kv=0.020 hit=0.000 gen=0 | p1 run=8 q=55 prealloc=0 xfer=0 http=92 kv=0.025 hit=0.000 gen=0 | d0 run=0 q=0 prealloc=0 xfer=0 http=192 kv=0.000 hit=0.000 gen=0
23:41:02 p0 run=9 q=55 prealloc=0 xfer=0 http=95 kv=0.021 hit=0.000 gen=0 | p1 run=9 q=53 prealloc=0 xfer=0 http=92 kv=0.029 hit=0.000 gen=0 | d0 run=0 q=0 prealloc=0 xfer=0 http=192 kv=0.000 hit=0.000 gen=0
23:41:04 p0 run=8 q=55 prealloc=0 xfer=0 http=95 kv=0.022 hit=0.000 gen=0 | p1 run=10 q=53 prealloc=0 xfer=0 http=92 kv=0.030 hit=0.000 gen=0 | d0 run=0 q=0 prealloc=0 xfer=0 http=192 kv=0.000 hit=0.000 gen=0
23:41:16 p0 run=8 q=54 prealloc=0 xfer=0 http=91 kv=0.024 hit=0.000 gen=0 | p1 run=8 q=50 prealloc=0 xfer=0 http=85 kv=0.016 hit=0.000 gen=0 | d0 run=0 q=0 prealloc=0 xfer=0 http=181 kv=0.000 hit=0.000 gen=0
23:41:17 p0 run=8 q=51 prealloc=0 xfer=0 http=91 kv=0.025 hit=0.000 gen=0 | p1 run=8 q=50 prealloc=0 xfer=0 http=85 kv=0.016 hit=0.000 gen=0 | d0 run=0 q=0 prealloc=0 xfer=0 http=181 kv=0.000 hit=0.000 gen=0
23:41:18 p0 run=8 q=51 prealloc=0 xfer=0 http=91 kv=0.025 hit=0.000 gen=0 | p1 run=8 q=50 prealloc=0 xfer=0 http=85 kv=0.016 hit=0.000 gen=0 | d0 run=0 q=0 prealloc=0 xfer=0 http=181 kv=0.000 hit=0.000 gen=0
23:41:19 p0 run=11 q=50 prealloc=0 xfer=0 http=91 kv=0.025 hit=0.158 gen=0 | p1 run=8 q=50 prealloc=0 xfer=0 http=85 kv=0.018 hit=0.000 gen=0 | d0 run=0 q=0 prealloc=0 xfer=0 http=181 kv=0.000 hit=0.000 gen=0
23:41:31 p0 run=8 q=50 prealloc=0 xfer=0 http=86 kv=0.024 hit=0.000 gen=0 | p1 run=8 q=51 prealloc=0 xfer=0 http=83 kv=0.026 hit=0.000 gen=0 | d0 run=0 q=0 prealloc=0 xfer=0 http=173 kv=0.000 hit=0.000 gen=0
23:41:32 p0 run=8 q=50 prealloc=0 xfer=0 http=86 kv=0.024 hit=0.000 gen=0 | p1 run=8 q=51 prealloc=0 xfer=0 http=82 kv=0.024 hit=0.000 gen=0 | d0 run=0 q=0 prealloc=0 xfer=0 http=173 kv=0.000 hit=0.000 gen=0
23:41:33 p0 run=8 q=50 prealloc=0 xfer=0 http=86 kv=0.024 hit=0.000 gen=0 | p1 run=8 q=51 prealloc=0 xfer=0 http=82 kv=0.024 hit=0.000 gen=0 | d0 run=0 q=0 prealloc=0 xfer=0 http=173 kv=0.000 hit=0.000 gen=0
23:41:34 p0 run=8 q=50 prealloc=0 xfer=0 http=86 kv=0.024 hit=0.000 gen=0 | p1 run=8 q=51 prealloc=0 xfer=0 http=82 kv=0.025 hit=0.000 gen=0 | d0 run=0 q=0 prealloc=0 xfer=0 http=173 kv=0.000 hit=0.000 gen=0
23:41:47 p0 run=8 q=48 prealloc=0 xfer=0 http=84 kv=0.033 hit=0.000 gen=0 | p1 run=8 q=48 prealloc=0 xfer=0 http=80 kv=0.029 hit=0.000 gen=0 | d0 run=0 q=0 prealloc=0 xfer=0 http=169 kv=0.000 hit=0.000 gen=0
23:41:48 p0 run=8 q=47 prealloc=0 xfer=0 http=84 kv=0.033 hit=0.000 gen=0 | p1 run=9 q=48 prealloc=0 xfer=0 http=80 kv=0.031 hit=0.000 gen=0 | d0 run=0 q=0 prealloc=0 xfer=0 http=169 kv=0.000 hit=0.000 gen=0
23:41:48 p0 run=9 q=47 prealloc=0 xfer=0 http=84 kv=0.033 hit=0.000 gen=0 | p1 run=8 q=48 prealloc=0 xfer=0 http=80 kv=0.033 hit=0.000 gen=0 | d0 run=0 q=0 prealloc=0 xfer=0 http=169 kv=0.000 hit=0.000 gen=0
23:41:50 p0 run=8 q=47 prealloc=0 xfer=0 http=84 kv=0.033 hit=0.000 gen=0 | p1 run=8 q=49 prealloc=0 xfer=0 http=80 kv=0.034 hit=0.000 gen=0 | d0 run=0 q=0 prealloc=0 xfer=0 http=168 kv=0.000 hit=0.000 gen=0
23:42:02 p0 run=8 q=46 prealloc=0 xfer=0 http=81 kv=0.034 hit=0.000 gen=0 | p1 run=8 q=46 prealloc=0 xfer=0 http=77 kv=0.026 hit=0.000 gen=0 | d0 run=0 q=0 prealloc=0 xfer=0 http=162 kv=0.000 hit=0.000 gen=0
23:42:03 p0 run=9 q=46 prealloc=0 xfer=0 http=81 kv=0.035 hit=0.000 gen=0 | p1 run=8 q=46 prealloc=0 xfer=0 http=76 kv=0.026 hit=0.000 gen=0 | d0 run=0 q=0 prealloc=0 xfer=0 http=162 kv=0.000 hit=0.000 gen=0
23:42:03 p0 run=9 q=46 prealloc=0 xfer=0 http=81 kv=0.035 hit=0.000 gen=0 | p1 run=9 q=45 prealloc=0 xfer=0 http=76 kv=0.028 hit=0.000 gen=0 | d0 run=0 q=0 prealloc=0 xfer=0 http=162 kv=0.000 hit=0.000 gen=0
23:42:05 p0 run=8 q=46 prealloc=0 xfer=0 http=81 kv=0.035 hit=0.000 gen=0 | p1 run=9 q=45 prealloc=0 xfer=0 http=76 kv=0.028 hit=0.000 gen=0 | d0 run=0 q=0 prealloc=0 xfer=0 http=161 kv=0.000 hit=0.000 gen=0
23:42:18 p0 run=8 q=45 prealloc=0 xfer=0 http=77 kv=0.026 hit=0.000 gen=0 | p1 run=8 q=42 prealloc=0 xfer=0 http=72 kv=0.024 hit=0.000 gen=0 | d0 run=0 q=0 prealloc=0 xfer=0 http=152 kv=0.000 hit=0.000 gen=0
23:42:18 p0 run=8 q=45 prealloc=0 xfer=0 http=77 kv=0.021 hit=0.000 gen=0 | p1 run=8 q=42 prealloc=0 xfer=0 http=72 kv=0.021 hit=0.000 gen=0 | d0 run=0 q=0 prealloc=0 xfer=0 http=152 kv=0.000 hit=0.000 gen=0
23:42:19 p0 run=8 q=45 prealloc=0 xfer=0 http=76 kv=0.021 hit=0.000 gen=0 | p1 run=8 q=42 prealloc=0 xfer=0 http=71 kv=0.022 hit=0.000 gen=0 | d0 run=0 q=0 prealloc=0 xfer=0 http=152 kv=0.000 hit=0.000 gen=0
23:42:20 p0 run=8 q=45 prealloc=0 xfer=0 http=76 kv=0.024 hit=0.000 gen=0 | p1 run=8 q=42 prealloc=0 xfer=0 http=71 kv=0.022 hit=0.000 gen=0 | d0 run=0 q=0 prealloc=0 xfer=0 http=152 kv=0.000 hit=0.000 gen=0
23:42:33 p0 run=8 q=43 prealloc=0 xfer=0 http=73 kv=0.024 hit=0.000 gen=0 | p1 run=8 q=41 prealloc=0 xfer=0 http=71 kv=0.037 hit=0.000 gen=0 | d0 run=0 q=0 prealloc=0 xfer=0 http=149 kv=0.000 hit=0.000 gen=0
23:42:34 p0 run=8 q=44 prealloc=0 xfer=0 http=73 kv=0.024 hit=0.000 gen=0 | p1 run=8 q=41 prealloc=0 xfer=0 http=71 kv=0.036 hit=0.000 gen=0 | d0 run=0 q=0 prealloc=0 xfer=0 http=148 kv=0.000 hit=0.000 gen=0
23:42:34 p0 run=8 q=44 prealloc=0 xfer=0 http=73 kv=0.024 hit=0.000 gen=0 | p1 run=8 q=41 prealloc=0 xfer=0 http=71 kv=0.036 hit=0.000 gen=0 | d0 run=0 q=0 prealloc=0 xfer=0 http=148 kv=0.000 hit=0.000 gen=0
23:42:35 p0 run=8 q=44 prealloc=0 xfer=0 http=73 kv=0.025 hit=0.000 gen=0 | p1 run=8 q=41 prealloc=0 xfer=0 http=70 kv=0.035 hit=0.000 gen=0 | d0 run=0 q=0 prealloc=0 xfer=0 http=148 kv=0.000 hit=0.000 gen=0
23:42:48 p0 run=8 q=44 prealloc=0 xfer=0 http=73 kv=0.040 hit=0.000 gen=0 | p1 run=8 q=38 prealloc=0 xfer=0 http=67 kv=0.030 hit=0.000 gen=0 | d0 run=0 q=0 prealloc=0 xfer=0 http=144 kv=0.000 hit=0.000 gen=0
23:42:49 p0 run=8 q=44 prealloc=0 xfer=0 http=73 kv=0.041 hit=0.000 gen=0 | p1 run=9 q=38 prealloc=0 xfer=0 http=66 kv=0.029 hit=0.000 gen=0 | d0 run=0 q=0 prealloc=0 xfer=0 http=144 kv=0.000 hit=0.000 gen=0
23:42:49 p0 run=8 q=44 prealloc=0 xfer=0 http=73 kv=0.041 hit=0.000 gen=0 | p1 run=9 q=38 prealloc=0 xfer=0 http=66 kv=0.029 hit=0.000 gen=0 | d0 run=0 q=0 prealloc=0 xfer=0 http=144 kv=0.000 hit=0.000 gen=0
23:42:51 p0 run=8 q=44 prealloc=0 xfer=0 http=73 kv=0.045 hit=0.000 gen=0 | p1 run=8 q=38 prealloc=0 xfer=0 http=66 kv=0.029 hit=0.000 gen=0 | d0 run=0 q=0 prealloc=0 xfer=0 http=144 kv=0.000 hit=0.000 gen=0
23:43:04 p0 run=8 q=44 prealloc=0 xfer=0 http=72 kv=0.052 hit=0.000 gen=0 | p1 run=8 q=38 prealloc=0 xfer=0 http=63 kv=0.024 hit=0.000 gen=0 | d0 run=0 q=0 prealloc=0 xfer=0 http=140 kv=0.000 hit=0.000 gen=0
23:43:04 p0 run=8 q=44 prealloc=0 xfer=0 http=72 kv=0.052 hit=0.000 gen=0 | p1 run=8 q=38 prealloc=0 xfer=0 http=63 kv=0.024 hit=0.000 gen=0 | d0 run=0 q=0 prealloc=0 xfer=0 http=140 kv=0.000 hit=0.000 gen=0
23:43:04 p0 run=8 q=44 prealloc=0 xfer=0 http=72 kv=0.052 hit=0.000 gen=0 | p1 run=8 q=38 prealloc=0 xfer=0 http=63 kv=0.024 hit=0.000 gen=0 | d0 run=0 q=0 prealloc=0 xfer=0 http=140 kv=0.000 hit=0.000 gen=0
23:43:06 p0 run=9 q=42 prealloc=0 xfer=0 http=72 kv=0.052 hit=0.000 gen=0 | p1 run=8 q=38 prealloc=0 xfer=0 http=63 kv=0.026 hit=0.000 gen=0 | d0 run=0 q=0 prealloc=0 xfer=0 http=140 kv=0.000 hit=0.000 gen=0
23:43:19 p0 run=8 q=40 prealloc=0 xfer=0 http=68 kv=0.035 hit=0.000 gen=0 | p1 run=8 q=38 prealloc=0 xfer=0 http=62 kv=0.041 hit=0.000 gen=0 | d0 run=0 q=0 prealloc=0 xfer=0 http=135 kv=0.000 hit=0.000 gen=0
23:43:20 p0 run=8 q=40 prealloc=0 xfer=0 http=68 kv=0.035 hit=0.000 gen=0 | p1 run=8 q=38 prealloc=0 xfer=0 http=62 kv=0.037 hit=0.000 gen=0 | d0 run=0 q=0 prealloc=0 xfer=0 http=135 kv=0.000 hit=0.000 gen=0
23:43:20 p0 run=8 q=40 prealloc=0 xfer=0 http=68 kv=0.035 hit=0.000 gen=0 | p1 run=8 q=38 prealloc=0 xfer=0 http=62 kv=0.037 hit=0.000 gen=0 | d0 run=0 q=0 prealloc=0 xfer=0 http=135 kv=0.000 hit=0.000 gen=0
23:43:21 p0 run=9 q=38 prealloc=0 xfer=0 http=68 kv=0.039 hit=0.000 gen=0 | p1 run=8 q=36 prealloc=0 xfer=0 http=62 kv=0.039 hit=0.000 gen=0 | d0 run=0 q=0 prealloc=0 xfer=0 http=135 kv=0.000 hit=0.000 gen=0
23:43:34 p0 run=8 q=42 prealloc=0 xfer=0 http=65 kv=0.029 hit=0.000 gen=0 | p1 run=8 q=35 prealloc=0 xfer=0 http=59 kv=0.034 hit=0.000 gen=0 | d0 run=0 q=0 prealloc=0 xfer=0 http=129 kv=0.000 hit=0.000 gen=0
23:43:35 p0 run=8 q=42 prealloc=0 xfer=0 http=65 kv=0.029 hit=0.000 gen=0 | p1 run=8 q=35 prealloc=0 xfer=0 http=59 kv=0.030 hit=0.000 gen=0 | d0 run=0 q=0 prealloc=0 xfer=0 http=128 kv=0.000 hit=0.000 gen=0
23:43:35 p0 run=8 q=42 prealloc=0 xfer=0 http=65 kv=0.029 hit=0.000 gen=0 | p1 run=8 q=35 prealloc=0 xfer=0 http=59 kv=0.030 hit=0.000 gen=0 | d0 run=0 q=0 prealloc=0 xfer=0 http=128 kv=0.000 hit=0.000 gen=0
23:43:36 p0 run=8 q=42 prealloc=0 xfer=0 http=65 kv=0.031 hit=0.000 gen=0 | p1 run=9 q=35 prealloc=0 xfer=0 http=58 kv=0.031 hit=0.000 gen=0 | d0 run=0 q=0 prealloc=0 xfer=0 http=128 kv=0.000 hit=0.000 gen=0
23:43:49 p0 run=8 q=41 prealloc=0 xfer=0 http=64 kv=0.041 hit=0.000 gen=0 | p1 run=9 q=35 prealloc=0 xfer=0 http=57 kv=0.037 hit=0.000 gen=0 | d0 run=0 q=0 prealloc=0 xfer=0 http=126 kv=0.000 hit=0.000 gen=0
23:43:50 p0 run=8 q=41 prealloc=0 xfer=0 http=64 kv=0.043 hit=0.000 gen=0 | p1 run=8 q=35 prealloc=0 xfer=0 http=57 kv=0.037 hit=0.000 gen=0 | d0 run=0 q=0 prealloc=0 xfer=0 http=125 kv=0.000 hit=0.000 gen=0
23:43:51 p0 run=8 q=41 prealloc=0 xfer=0 http=64 kv=0.043 hit=0.000 gen=0 | p1 run=8 q=35 prealloc=0 xfer=0 http=57 kv=0.037 hit=0.000 gen=0 | d0 run=0 q=0 prealloc=0 xfer=0 http=125 kv=0.000 hit=0.000 gen=0
23:43:52 p0 run=9 q=41 prealloc=0 xfer=0 http=64 kv=0.043 hit=0.000 gen=0 | p1 run=8 q=35 prealloc=0 xfer=0 http=56 kv=0.036 hit=0.000 gen=0 | d0 run=0 q=0 prealloc=0 xfer=0 http=125 kv=0.000 hit=0.000 gen=0
23:44:05 p0 run=8 q=40 prealloc=0 xfer=0 http=61 kv=0.036 hit=0.000 gen=0 | p1 run=8 q=36 prealloc=0 xfer=0 http=56 kv=0.049 hit=0.000 gen=0 | d0 run=0 q=0 prealloc=0 xfer=0 http=122 kv=0.000 hit=0.000 gen=0
23:44:06 p0 run=8 q=40 prealloc=0 xfer=0 http=61 kv=0.036 hit=0.000 gen=0 | p1 run=8 q=36 prealloc=0 xfer=0 http=56 kv=0.049 hit=0.000 gen=0 | d0 run=0 q=0 prealloc=0 xfer=0 http=122 kv=0.000 hit=0.000 gen=0
23:44:06 p0 run=8 q=39 prealloc=0 xfer=0 http=61 kv=0.040 hit=0.000 gen=0 | p1 run=8 q=36 prealloc=0 xfer=0 http=56 kv=0.049 hit=0.000 gen=0 | d0 run=0 q=0 prealloc=0 xfer=0 http=122 kv=0.000 hit=0.000 gen=0
23:44:07 p0 run=8 q=39 prealloc=0 xfer=0 http=61 kv=0.040 hit=0.000 gen=0 | p1 run=8 q=36 prealloc=0 xfer=0 http=56 kv=0.049 hit=0.000 gen=0 | d0 run=0 q=0 prealloc=0 xfer=0 http=122 kv=0.000 hit=0.000 gen=0
23:44:20 p0 run=8 q=38 prealloc=0 xfer=0 http=59 kv=0.040 hit=0.000 gen=0 | p1 run=8 q=34 prealloc=0 xfer=0 http=53 kv=0.040 hit=0.000 gen=0 | d0 run=0 q=0 prealloc=0 xfer=0 http=117 kv=0.000 hit=0.000 gen=0
23:44:21 p0 run=8 q=38 prealloc=0 xfer=0 http=59 kv=0.036 hit=0.000 gen=0 | p1 run=8 q=34 prealloc=0 xfer=0 http=53 kv=0.043 hit=0.000 gen=0 | d0 run=0 q=0 prealloc=0 xfer=0 http=116 kv=0.000 hit=0.000 gen=0
23:44:21 p0 run=8 q=38 prealloc=0 xfer=0 http=59 kv=0.036 hit=0.000 gen=0 | p1 run=8 q=34 prealloc=0 xfer=0 http=53 kv=0.043 hit=0.000 gen=0 | d0 run=0 q=0 prealloc=0 xfer=0 http=116 kv=0.000 hit=0.000 gen=0
23:44:22 p0 run=8 q=38 prealloc=0 xfer=0 http=58 kv=0.036 hit=0.000 gen=0 | p1 run=8 q=34 prealloc=0 xfer=0 http=53 kv=0.043 hit=0.000 gen=0 | d0 run=0 q=0 prealloc=0 xfer=0 http=116 kv=0.000 hit=0.000 gen=0
23:44:35 p0 run=8 q=38 prealloc=0 xfer=0 http=57 kv=0.035 hit=0.000 gen=0 | p1 run=8 q=31 prealloc=0 xfer=0 http=51 kv=0.037 hit=0.000 gen=0 | d0 run=0 q=0 prealloc=0 xfer=0 http=113 kv=0.000 hit=0.000 gen=0
23:44:36 p0 run=8 q=36 prealloc=0 xfer=0 http=57 kv=0.036 hit=0.000 gen=0 | p1 run=8 q=31 prealloc=0 xfer=0 http=51 kv=0.037 hit=0.000 gen=0 | d0 run=0 q=0 prealloc=0 xfer=0 http=112 kv=0.000 hit=0.000 gen=0
23:44:37 p0 run=8 q=36 prealloc=0 xfer=0 http=57 kv=0.036 hit=0.000 gen=0 | p1 run=8 q=31 prealloc=0 xfer=0 http=51 kv=0.034 hit=0.000 gen=0 | d0 run=0 q=0 prealloc=0 xfer=0 http=112 kv=0.000 hit=0.000 gen=0
23:44:37 p0 run=10 q=36 prealloc=0 xfer=0 http=57 kv=0.039 hit=0.000 gen=0 | p1 run=8 q=31 prealloc=0 xfer=0 http=50 kv=0.034 hit=0.000 gen=0 | d0 run=0 q=0 prealloc=0 xfer=0 http=112 kv=0.000 hit=0.000 gen=0
23:44:50 p0 run=8 q=34 prealloc=0 xfer=0 http=53 kv=0.039 hit=0.000 gen=0 | p1 run=8 q=28 prealloc=0 xfer=0 http=48 kv=0.031 hit=0.000 gen=0 | d0 run=0 q=0 prealloc=0 xfer=0 http=105 kv=0.000 hit=0.000 gen=0
23:44:51 p0 run=8 q=35 prealloc=0 xfer=0 http=53 kv=0.030 hit=0.000 gen=0 | p1 run=9 q=28 prealloc=0 xfer=0 http=48 kv=0.033 hit=0.000 gen=0 | d0 run=0 q=0 prealloc=0 xfer=0 http=105 kv=0.000 hit=0.000 gen=0
23:44:52 p0 run=8 q=35 prealloc=0 xfer=0 http=52 kv=0.030 hit=0.000 gen=0 | p1 run=8 q=28 prealloc=0 xfer=0 http=48 kv=0.034 hit=0.000 gen=0 | d0 run=0 q=0 prealloc=0 xfer=0 http=105 kv=0.000 hit=0.000 gen=0
23:44:53 p0 run=8 q=35 prealloc=0 xfer=0 http=52 kv=0.030 hit=0.000 gen=0 | p1 run=8 q=28 prealloc=0 xfer=0 http=48 kv=0.034 hit=0.000 gen=0 | d0 run=0 q=0 prealloc=0 xfer=0 http=104 kv=0.000 hit=0.000 gen=0
23:45:06 p0 run=8 q=33 prealloc=0 xfer=0 http=50 kv=0.033 hit=0.000 gen=0 | p1 run=8 q=26 prealloc=0 xfer=0 http=44 kv=0.031 hit=0.000 gen=0 | d0 run=0 q=0 prealloc=0 xfer=0 http=99 kv=0.000 hit=0.000 gen=0
23:45:07 p0 run=8 q=33 prealloc=0 xfer=0 http=50 kv=0.034 hit=0.000 gen=0 | p1 run=9 q=24 prealloc=0 xfer=0 http=44 kv=0.033 hit=0.880 gen=0 | d0 run=0 q=0 prealloc=0 xfer=0 http=99 kv=0.000 hit=0.000 gen=0
23:45:07 p0 run=8 q=32 prealloc=0 xfer=0 http=50 kv=0.036 hit=0.000 gen=0 | p1 run=9 q=24 prealloc=0 xfer=0 http=44 kv=0.033 hit=0.880 gen=0 | d0 run=0 q=0 prealloc=0 xfer=0 http=99 kv=0.000 hit=0.000 gen=0
23:45:08 p0 run=8 q=32 prealloc=0 xfer=0 http=50 kv=0.036 hit=0.000 gen=0 | p1 run=10 q=24 prealloc=0 xfer=0 http=44 kv=0.033 hit=0.000 gen=0 | d0 run=0 q=0 prealloc=0 xfer=0 http=99 kv=0.000 hit=0.000 gen=0
23:45:21 p0 run=8 q=31 prealloc=0 xfer=0 http=47 kv=0.030 hit=0.000 gen=0 | p1 run=8 q=24 prealloc=0 xfer=0 http=39 kv=0.029 hit=0.000 gen=0 | d0 run=0 q=0 prealloc=0 xfer=0 http=91 kv=0.000 hit=0.000 gen=0
23:45:22 p0 run=8 q=31 prealloc=0 xfer=0 http=47 kv=0.031 hit=0.000 gen=0 | p1 run=8 q=24 prealloc=0 xfer=0 http=39 kv=0.029 hit=0.000 gen=0 | d0 run=0 q=0 prealloc=0 xfer=0 http=91 kv=0.000 hit=0.000 gen=0
23:45:22 p0 run=8 q=31 prealloc=0 xfer=0 http=47 kv=0.031 hit=0.000 gen=0 | p1 run=8 q=24 prealloc=0 xfer=0 http=39 kv=0.029 hit=0.000 gen=0 | d0 run=0 q=0 prealloc=0 xfer=0 http=91 kv=0.000 hit=0.000 gen=0
23:45:23 p0 run=8 q=31 prealloc=0 xfer=0 http=47 kv=0.035 hit=0.000 gen=0 | p1 run=8 q=24 prealloc=0 xfer=0 http=39 kv=0.029 hit=0.000 gen=0 | d0 run=0 q=0 prealloc=0 xfer=0 http=91 kv=0.000 hit=0.000 gen=0
23:45:36 p0 run=9 q=29 prealloc=0 xfer=0 http=46 kv=0.041 hit=0.000 gen=0 | p1 run=8 q=24 prealloc=0 xfer=0 http=39 kv=0.045 hit=0.000 gen=0 | d0 run=0 q=0 prealloc=0 xfer=0 http=90 kv=0.000 hit=0.000 gen=0
23:45:37 p0 run=8 q=29 prealloc=0 xfer=0 http=46 kv=0.041 hit=0.000 gen=0 | p1 run=8 q=24 prealloc=0 xfer=0 http=39 kv=0.046 hit=0.000 gen=0 | d0 run=0 q=0 prealloc=0 xfer=0 http=90 kv=0.000 hit=0.000 gen=0
23:45:38 p0 run=8 q=30 prealloc=0 xfer=0 http=46 kv=0.033 hit=0.000 gen=0 | p1 run=8 q=24 prealloc=0 xfer=0 http=39 kv=0.048 hit=0.000 gen=0 | d0 run=0 q=0 prealloc=0 xfer=0 http=89 kv=0.000 hit=0.000 gen=0
23:45:38 p0 run=8 q=30 prealloc=0 xfer=0 http=46 kv=0.033 hit=0.000 gen=0 | p1 run=8 q=24 prealloc=0 xfer=0 http=39 kv=0.048 hit=0.000 gen=0 | d0 run=0 q=0 prealloc=0 xfer=0 http=89 kv=0.000 hit=0.000 gen=0
23:45:52 p0 run=8 q=27 prealloc=0 xfer=0 http=44 kv=0.039 hit=0.000 gen=0 | p1 run=8 q=21 prealloc=0 xfer=0 http=36 kv=0.040 hit=0.000 gen=0 | d0 run=0 q=0 prealloc=0 xfer=0 http=84 kv=0.000 hit=0.000 gen=0
23:45:52 p0 run=8 q=27 prealloc=0 xfer=0 http=43 kv=0.039 hit=0.000 gen=0 | p1 run=8 q=20 prealloc=0 xfer=0 http=36 kv=0.040 hit=0.000 gen=0 | d0 run=0 q=0 prealloc=0 xfer=0 http=84 kv=0.000 hit=0.000 gen=0
23:45:53 p0 run=9 q=27 prealloc=0 xfer=0 http=43 kv=0.041 hit=0.000 gen=0 | p1 run=8 q=20 prealloc=0 xfer=0 http=36 kv=0.040 hit=0.000 gen=0 | d0 run=0 q=0 prealloc=0 xfer=0 http=84 kv=0.000 hit=0.000 gen=0
23:45:54 p0 run=9 q=27 prealloc=0 xfer=0 http=43 kv=0.041 hit=0.000 gen=0 | p1 run=9 q=20 prealloc=0 xfer=0 http=36 kv=0.040 hit=0.000 gen=0 | d0 run=0 q=0 prealloc=0 xfer=0 http=84 kv=0.000 hit=0.000 gen=0
23:46:07 p0 run=8 q=25 prealloc=0 xfer=0 http=40 kv=0.038 hit=0.000 gen=0 | p1 run=8 q=21 prealloc=0 xfer=0 http=35 kv=0.048 hit=0.000 gen=0 | d0 run=0 q=0 prealloc=0 xfer=0 http=80 kv=0.000 hit=0.000 gen=0
23:46:08 p0 run=8 q=25 prealloc=0 xfer=0 http=40 kv=0.038 hit=0.000 gen=0 | p1 run=8 q=21 prealloc=0 xfer=0 http=35 kv=0.048 hit=0.000 gen=0 | d0 run=0 q=0 prealloc=0 xfer=0 http=80 kv=0.000 hit=0.000 gen=0
23:46:08 p0 run=8 q=24 prealloc=0 xfer=0 http=40 kv=0.040 hit=0.000 gen=0 | p1 run=8 q=21 prealloc=0 xfer=0 http=35 kv=0.048 hit=0.000 gen=0 | d0 run=0 q=0 prealloc=0 xfer=0 http=80 kv=0.000 hit=0.000 gen=0
23:46:09 p0 run=9 q=24 prealloc=0 xfer=0 http=40 kv=0.041 hit=0.000 gen=0 | p1 run=8 q=21 prealloc=0 xfer=0 http=35 kv=0.048 hit=0.000 gen=0 | d0 run=0 q=0 prealloc=0 xfer=0 http=80 kv=0.000 hit=0.000 gen=0
23:46:22 p0 run=8 q=22 prealloc=0 xfer=0 http=38 kv=0.044 hit=0.000 gen=0 | p1 run=8 q=22 prealloc=0 xfer=0 http=35 kv=0.060 hit=0.000 gen=0 | d0 run=0 q=0 prealloc=0 xfer=0 http=77 kv=0.000 hit=0.000 gen=0
23:46:23 p0 run=8 q=22 prealloc=0 xfer=0 http=37 kv=0.041 hit=0.000 gen=0 | p1 run=8 q=22 prealloc=0 xfer=0 http=35 kv=0.060 hit=0.000 gen=0 | d0 run=0 q=0 prealloc=0 xfer=0 http=77 kv=0.000 hit=0.000 gen=0
23:46:23 p0 run=8 q=22 prealloc=0 xfer=0 http=37 kv=0.041 hit=0.000 gen=0 | p1 run=8 q=22 prealloc=0 xfer=0 http=35 kv=0.061 hit=0.000 gen=0 | d0 run=0 q=0 prealloc=0 xfer=0 http=77 kv=0.000 hit=0.000 gen=0
23:46:24 p0 run=8 q=21 prealloc=0 xfer=0 http=37 kv=0.042 hit=0.000 gen=0 | p1 run=8 q=22 prealloc=0 xfer=0 http=35 kv=0.061 hit=0.000 gen=0 | d0 run=0 q=0 prealloc=0 xfer=0 http=77 kv=0.000 hit=0.000 gen=0
23:46:38 p0 run=8 q=21 prealloc=0 xfer=0 http=36 kv=0.048 hit=0.000 gen=0 | p1 run=8 q=21 prealloc=0 xfer=0 http=34 kv=0.065 hit=0.000 gen=0 | d0 run=0 q=0 prealloc=0 xfer=0 http=75 kv=0.000 hit=0.000 gen=0
23:46:38 p0 run=8 q=21 prealloc=0 xfer=0 http=36 kv=0.048 hit=0.000 gen=0 | p1 run=8 q=21 prealloc=0 xfer=0 http=34 kv=0.065 hit=0.000 gen=0 | d0 run=0 q=0 prealloc=0 xfer=0 http=75 kv=0.000 hit=0.000 gen=0
23:46:39 p0 run=8 q=21 prealloc=0 xfer=0 http=36 kv=0.048 hit=0.000 gen=0 | p1 run=8 q=21 prealloc=0 xfer=0 http=34 kv=0.065 hit=0.000 gen=0 | d0 run=0 q=0 prealloc=0 xfer=0 http=75 kv=0.000 hit=0.000 gen=0
23:46:39 p0 run=8 q=21 prealloc=0 xfer=0 http=36 kv=0.049 hit=0.000 gen=0 | p1 run=8 q=21 prealloc=0 xfer=0 http=34 kv=0.065 hit=0.000 gen=0 | d0 run=0 q=0 prealloc=0 xfer=0 http=75 kv=0.000 hit=0.000 gen=0
23:46:53 p0 run=8 q=22 prealloc=0 xfer=0 http=36 kv=0.061 hit=0.000 gen=0 | p1 run=8 q=18 prealloc=0 xfer=0 http=32 kv=0.056 hit=0.000 gen=0 | d0 run=0 q=0 prealloc=0 xfer=0 http=73 kv=0.000 hit=0.000 gen=0
23:46:53 p0 run=8 q=22 prealloc=0 xfer=0 http=36 kv=0.062 hit=0.000 gen=0 | p1 run=9 q=18 prealloc=0 xfer=0 http=32 kv=0.058 hit=0.000 gen=0 | d0 run=0 q=0 prealloc=0 xfer=0 http=73 kv=0.000 hit=0.000 gen=0
23:46:54 p0 run=8 q=22 prealloc=0 xfer=0 http=36 kv=0.062 hit=0.000 gen=0 | p1 run=9 q=18 prealloc=0 xfer=0 http=32 kv=0.058 hit=0.000 gen=0 | d0 run=0 q=0 prealloc=0 xfer=0 http=73 kv=0.000 hit=0.000 gen=0
23:46:54 p0 run=8 q=22 prealloc=0 xfer=0 http=36 kv=0.065 hit=0.000 gen=0 | p1 run=8 q=18 prealloc=0 xfer=0 http=32 kv=0.059 hit=0.000 gen=0 | d0 run=0 q=0 prealloc=0 xfer=0 http=73 kv=0.000 hit=0.000 gen=0
23:47:08 p0 run=8 q=22 prealloc=0 xfer=0 http=36 kv=0.075 hit=0.000 gen=0 | p1 run=8 q=18 prealloc=0 xfer=0 http=31 kv=0.059 hit=0.000 gen=0 | d0 run=0 q=0 prealloc=0 xfer=0 http=72 kv=0.000 hit=0.000 gen=0
23:47:09 p0 run=8 q=22 prealloc=0 xfer=0 http=36 kv=0.075 hit=0.000 gen=0 | p1 run=8 q=18 prealloc=0 xfer=0 http=31 kv=0.060 hit=0.000 gen=0 | d0 run=0 q=0 prealloc=0 xfer=0 http=72 kv=0.000 hit=0.000 gen=0
23:47:09 p0 run=8 q=22 prealloc=0 xfer=0 http=36 kv=0.075 hit=0.000 gen=0 | p1 run=8 q=18 prealloc=0 xfer=0 http=31 kv=0.060 hit=0.000 gen=0 | d0 run=0 q=0 prealloc=0 xfer=0 http=72 kv=0.000 hit=0.000 gen=0
23:47:10 p0 run=8 q=21 prealloc=0 xfer=0 http=36 kv=0.075 hit=0.000 gen=0 | p1 run=8 q=18 prealloc=0 xfer=0 http=31 kv=0.060 hit=0.000 gen=0 | d0 run=0 q=0 prealloc=0 xfer=0 http=72 kv=0.000 hit=0.000 gen=0
23:47:23 p0 run=8 q=21 prealloc=0 xfer=0 http=35 kv=0.080 hit=0.000 gen=0 | p1 run=8 q=16 prealloc=0 xfer=0 http=29 kv=0.051 hit=0.000 gen=0 | d0 run=0 q=0 prealloc=0 xfer=0 http=69 kv=0.000 hit=0.000 gen=0
23:47:24 p0 run=8 q=21 prealloc=0 xfer=0 http=35 kv=0.080 hit=0.000 gen=0 | p1 run=8 q=16 prealloc=0 xfer=0 http=29 kv=0.051 hit=0.000 gen=0 | d0 run=0 q=0 prealloc=0 xfer=0 http=68 kv=0.000 hit=0.000 gen=0
23:47:24 p0 run=8 q=21 prealloc=0 xfer=0 http=35 kv=0.080 hit=0.000 gen=0 | p1 run=8 q=16 prealloc=0 xfer=0 http=29 kv=0.051 hit=0.000 gen=0 | d0 run=0 q=0 prealloc=0 xfer=0 http=68 kv=0.000 hit=0.000 gen=0
23:47:25 p0 run=9 q=21 prealloc=0 xfer=0 http=35 kv=0.084 hit=0.000 gen=0 | p1 run=8 q=16 prealloc=0 xfer=0 http=29 kv=0.040 hit=0.000 gen=0 | d0 run=0 q=0 prealloc=0 xfer=0 http=68 kv=0.000 hit=0.000 gen=0
23:47:39 p0 run=8 q=21 prealloc=0 xfer=0 http=33 kv=0.073 hit=0.000 gen=0 | p1 run=8 q=16 prealloc=0 xfer=0 http=28 kv=0.050 hit=0.000 gen=0 | d0 run=0 q=0 prealloc=0 xfer=0 http=66 kv=0.000 hit=0.000 gen=0
23:47:39 p0 run=8 q=21 prealloc=0 xfer=0 http=33 kv=0.073 hit=0.000 gen=0 | p1 run=8 q=16 prealloc=0 xfer=0 http=28 kv=0.050 hit=0.000 gen=0 | d0 run=0 q=0 prealloc=0 xfer=0 http=66 kv=0.000 hit=0.000 gen=0
23:47:39 p0 run=8 q=21 prealloc=0 xfer=0 http=33 kv=0.073 hit=0.000 gen=0 | p1 run=8 q=16 prealloc=0 xfer=0 http=28 kv=0.050 hit=0.000 gen=0 | d0 run=0 q=0 prealloc=0 xfer=0 http=66 kv=0.000 hit=0.000 gen=0
23:47:40 p0 run=8 q=21 prealloc=0 xfer=0 http=33 kv=0.074 hit=0.000 gen=0 | p1 run=8 q=16 prealloc=0 xfer=0 http=28 kv=0.051 hit=0.000 gen=0 | d0 run=0 q=0 prealloc=0 xfer=0 http=66 kv=0.000 hit=0.000 gen=0
23:47:54 p0 run=8 q=21 prealloc=0 xfer=0 http=33 kv=0.076 hit=0.000 gen=0 | p1 run=8 q=15 prealloc=0 xfer=0 http=28 kv=0.062 hit=0.000 gen=0 | d0 run=0 q=0 prealloc=0 xfer=0 http=66 kv=0.000 hit=0.000 gen=0
23:47:54 p0 run=8 q=21 prealloc=0 xfer=0 http=33 kv=0.076 hit=0.000 gen=0 | p1 run=9 q=15 prealloc=0 xfer=0 http=28 kv=0.062 hit=0.000 gen=0 | d0 run=0 q=0 prealloc=0 xfer=0 http=66 kv=0.000 hit=0.000 gen=0
23:47:55 p0 run=8 q=21 prealloc=0 xfer=0 http=33 kv=0.076 hit=0.000 gen=0 | p1 run=9 q=15 prealloc=0 xfer=0 http=28 kv=0.062 hit=0.000 gen=0 | d0 run=0 q=0 prealloc=0 xfer=0 http=66 kv=0.000 hit=0.000 gen=0
23:47:55 p0 run=8 q=21 prealloc=0 xfer=0 http=33 kv=0.076 hit=0.000 gen=0 | p1 run=9 q=15 prealloc=0 xfer=0 http=28 kv=0.062 hit=0.000 gen=0 | d0 run=0 q=0 prealloc=0 xfer=0 http=66 kv=0.000 hit=0.000 gen=0
23:48:09 p0 run=8 q=21 prealloc=0 xfer=0 http=33 kv=0.076 hit=0.000 gen=0 | p1 run=9 q=14 prealloc=0 xfer=0 http=27 kv=0.066 hit=0.000 gen=0 | d0 run=0 q=0 prealloc=0 xfer=0 http=65 kv=0.000 hit=0.000 gen=0
23:48:09 p0 run=8 q=21 prealloc=0 xfer=0 http=33 kv=0.076 hit=0.000 gen=0 | p1 run=8 q=14 prealloc=0 xfer=0 http=27 kv=0.066 hit=0.000 gen=0 | d0 run=0 q=0 prealloc=0 xfer=0 http=65 kv=0.000 hit=0.000 gen=0
23:48:10 p0 run=8 q=21 prealloc=0 xfer=0 http=33 kv=0.076 hit=0.000 gen=0 | p1 run=8 q=14 prealloc=0 xfer=0 http=27 kv=0.066 hit=0.000 gen=0 | d0 run=0 q=0 prealloc=0 xfer=0 http=64 kv=0.000 hit=0.000 gen=0
23:48:11 p0 run=8 q=21 prealloc=0 xfer=0 http=33 kv=0.076 hit=0.000 gen=0 | p1 run=8 q=14 prealloc=0 xfer=0 http=27 kv=0.066 hit=0.000 gen=0 | d0 run=0 q=0 prealloc=0 xfer=0 http=64 kv=0.000 hit=0.000 gen=0
23:48:24 p0 run=8 q=23 prealloc=0 xfer=0 http=33 kv=0.086 hit=0.000 gen=0 | p1 run=8 q=13 prealloc=0 xfer=0 http=24 kv=0.044 hit=0.000 gen=0 | d0 run=0 q=0 prealloc=0 xfer=0 http=62 kv=0.000 hit=0.000 gen=0
23:48:25 p0 run=8 q=23 prealloc=0 xfer=0 http=33 kv=0.086 hit=0.000 gen=0 | p1 run=8 q=13 prealloc=0 xfer=0 http=24 kv=0.044 hit=0.000 gen=0 | d0 run=0 q=0 prealloc=0 xfer=0 http=62 kv=0.000 hit=0.000 gen=0
23:48:25 p0 run=8 q=23 prealloc=0 xfer=0 http=33 kv=0.086 hit=0.000 gen=0 | p1 run=8 q=13 prealloc=0 xfer=0 http=24 kv=0.044 hit=0.000 gen=0 | d0 run=0 q=0 prealloc=0 xfer=0 http=62 kv=0.000 hit=0.000 gen=0
23:48:26 p0 run=8 q=23 prealloc=0 xfer=0 http=33 kv=0.086 hit=0.000 gen=0 | p1 run=8 q=12 prealloc=0 xfer=0 http=24 kv=0.045 hit=0.000 gen=0 | d0 run=0 q=0 prealloc=0 xfer=0 http=62 kv=0.000 hit=0.000 gen=0
23:48:39 p0 run=8 q=23 prealloc=0 xfer=0 http=33 kv=0.096 hit=0.000 gen=0 | p1 run=8 q=12 prealloc=0 xfer=0 http=23 kv=0.049 hit=0.000 gen=0 | d0 run=0 q=0 prealloc=0 xfer=0 http=61 kv=0.000 hit=0.000 gen=0
23:48:40 p0 run=8 q=22 prealloc=0 xfer=0 http=33 kv=0.099 hit=0.000 gen=0 | p1 run=8 q=12 prealloc=0 xfer=0 http=23 kv=0.049 hit=0.000 gen=0 | d0 run=0 q=0 prealloc=0 xfer=0 http=61 kv=0.000 hit=0.000 gen=0
23:48:40 p0 run=8 q=22 prealloc=0 xfer=0 http=33 kv=0.099 hit=0.000 gen=0 | p1 run=8 q=11 prealloc=0 xfer=0 http=23 kv=0.050 hit=0.000 gen=0 | d0 run=0 q=0 prealloc=0 xfer=0 http=61 kv=0.000 hit=0.000 gen=0
23:48:41 p0 run=8 q=22 prealloc=0 xfer=0 http=33 kv=0.099 hit=0.000 gen=0 | p1 run=8 q=11 prealloc=0 xfer=0 http=23 kv=0.050 hit=0.000 gen=0 | d0 run=0 q=0 prealloc=0 xfer=0 http=61 kv=0.000 hit=0.000 gen=0
23:48:54 p0 run=8 q=21 prealloc=0 xfer=0 http=31 kv=0.081 hit=0.000 gen=0 | p1 run=8 q=12 prealloc=0 xfer=0 http=22 kv=0.052 hit=0.000 gen=0 | d0 run=0 q=0 prealloc=0 xfer=0 http=58 kv=0.000 hit=0.000 gen=0
23:48:55 p0 run=8 q=21 prealloc=0 xfer=0 http=31 kv=0.081 hit=0.000 gen=0 | p1 run=8 q=12 prealloc=0 xfer=0 http=22 kv=0.052 hit=0.000 gen=0 | d0 run=0 q=0 prealloc=0 xfer=0 http=58 kv=0.000 hit=0.000 gen=0
23:48:56 p0 run=8 q=21 prealloc=0 xfer=0 http=31 kv=0.076 hit=0.000 gen=0 | p1 run=8 q=11 prealloc=0 xfer=0 http=22 kv=0.054 hit=0.000 gen=0 | d0 run=0 q=0 prealloc=0 xfer=0 http=58 kv=0.000 hit=0.000 gen=0
23:48:56 p0 run=8 q=21 prealloc=0 xfer=0 http=31 kv=0.076 hit=0.000 gen=0 | p1 run=8 q=11 prealloc=0 xfer=0 http=22 kv=0.054 hit=0.000 gen=0 | d0 run=0 q=0 prealloc=0 xfer=0 http=58 kv=0.000 hit=0.000 gen=0
23:49:10 p0 run=8 q=21 prealloc=0 xfer=0 http=31 kv=0.086 hit=0.000 gen=0 | p1 run=8 q=10 prealloc=0 xfer=0 http=20 kv=0.046 hit=0.000 gen=0 | d0 run=0 q=0 prealloc=0 xfer=0 http=56 kv=0.000 hit=0.000 gen=0
23:49:10 p0 run=8 q=21 prealloc=0 xfer=0 http=31 kv=0.086 hit=0.000 gen=0 | p1 run=8 q=10 prealloc=0 xfer=0 http=20 kv=0.046 hit=0.000 gen=0 | d0 run=0 q=0 prealloc=0 xfer=0 http=56 kv=0.000 hit=0.000 gen=0
23:49:11 p0 run=8 q=21 prealloc=0 xfer=0 http=31 kv=0.087 hit=0.000 gen=0 | p1 run=8 q=10 prealloc=0 xfer=0 http=20 kv=0.048 hit=0.000 gen=0 | d0 run=0 q=0 prealloc=0 xfer=0 http=56 kv=0.000 hit=0.000 gen=0
23:49:11 p0 run=8 q=21 prealloc=0 xfer=0 http=31 kv=0.087 hit=0.000 gen=0 | p1 run=8 q=10 prealloc=0 xfer=0 http=20 kv=0.048 hit=0.000 gen=0 | d0 run=0 q=0 prealloc=0 xfer=0 http=56 kv=0.000 hit=0.000 gen=0
23:49:25 p0 run=8 q=20 prealloc=0 xfer=0 http=30 kv=0.085 hit=0.000 gen=0 | p1 run=8 q=9 prealloc=0 xfer=0 http=19 kv=0.048 hit=0.000 gen=0 | d0 run=0 q=0 prealloc=0 xfer=0 http=54 kv=0.000 hit=0.000 gen=0
23:49:25 p0 run=8 q=20 prealloc=0 xfer=0 http=30 kv=0.085 hit=0.000 gen=0 | p1 run=8 q=9 prealloc=0 xfer=0 http=19 kv=0.048 hit=0.000 gen=0 | d0 run=0 q=0 prealloc=0 xfer=0 http=54 kv=0.000 hit=0.000 gen=0
23:49:26 p0 run=8 q=20 prealloc=0 xfer=0 http=30 kv=0.085 hit=0.000 gen=0 | p1 run=8 q=9 prealloc=0 xfer=0 http=19 kv=0.048 hit=0.000 gen=0 | d0 run=0 q=0 prealloc=0 xfer=0 http=54 kv=0.000 hit=0.000 gen=0
23:49:26 p0 run=9 q=20 prealloc=0 xfer=0 http=30 kv=0.085 hit=0.000 gen=0 | p1 run=8 q=9 prealloc=0 xfer=0 http=19 kv=0.049 hit=0.000 gen=0 | d0 run=0 q=0 prealloc=0 xfer=0 http=54 kv=0.000 hit=0.000 gen=0
23:49:40 p0 run=8 q=20 prealloc=0 xfer=0 http=29 kv=0.077 hit=0.000 gen=0 | p1 run=8 q=9 prealloc=0 xfer=0 http=19 kv=0.062 hit=0.000 gen=0 | d0 run=0 q=0 prealloc=0 xfer=0 http=53 kv=0.000 hit=0.000 gen=0
23:49:41 p0 run=8 q=20 prealloc=0 xfer=0 http=29 kv=0.077 hit=0.000 gen=0 | p1 run=8 q=9 prealloc=0 xfer=0 http=19 kv=0.062 hit=0.000 gen=0 | d0 run=0 q=0 prealloc=0 xfer=0 http=53 kv=0.000 hit=0.000 gen=0
23:49:41 p0 run=8 q=20 prealloc=0 xfer=0 http=29 kv=0.077 hit=0.000 gen=0 | p1 run=8 q=9 prealloc=0 xfer=0 http=19 kv=0.066 hit=0.000 gen=0 | d0 run=0 q=0 prealloc=0 xfer=0 http=53 kv=0.000 hit=0.000 gen=0
23:49:42 p0 run=8 q=19 prealloc=0 xfer=0 http=29 kv=0.077 hit=0.000 gen=0 | p1 run=8 q=9 prealloc=0 xfer=0 http=19 kv=0.066 hit=0.000 gen=0 | d0 run=0 q=0 prealloc=0 xfer=0 http=53 kv=0.000 hit=0.000 gen=0
23:49:56 p0 run=8 q=17 prealloc=0 xfer=0 http=27 kv=0.040 hit=0.000 gen=0 | p1 run=8 q=10 prealloc=0 xfer=0 http=19 kv=0.079 hit=0.000 gen=0 | d0 run=0 q=0 prealloc=0 xfer=0 http=50 kv=0.000 hit=0.000 gen=0
23:49:56 p0 run=8 q=17 prealloc=0 xfer=0 http=27 kv=0.040 hit=0.000 gen=0 | p1 run=8 q=10 prealloc=0 xfer=0 http=19 kv=0.079 hit=0.000 gen=0 | d0 run=0 q=0 prealloc=0 xfer=0 http=50 kv=0.000 hit=0.000 gen=0
23:49:56 p0 run=8 q=17 prealloc=0 xfer=0 http=26 kv=0.040 hit=0.000 gen=0 | p1 run=8 q=10 prealloc=0 xfer=0 http=19 kv=0.079 hit=0.000 gen=0 | d0 run=0 q=0 prealloc=0 xfer=0 http=50 kv=0.000 hit=0.000 gen=0
23:49:57 p0 run=8 q=17 prealloc=0 xfer=0 http=26 kv=0.039 hit=0.000 gen=0 | p1 run=8 q=10 prealloc=0 xfer=0 http=19 kv=0.079 hit=0.000 gen=0 | d0 run=0 q=0 prealloc=0 xfer=0 http=50 kv=0.000 hit=0.000 gen=0
23:50:11 p0 run=8 q=16 prealloc=0 xfer=0 http=25 kv=0.040 hit=0.000 gen=0 | p1 run=8 q=8 prealloc=0 xfer=0 http=17 kv=0.068 hit=0.000 gen=0 | d0 run=0 q=0 prealloc=0 xfer=0 http=47 kv=0.000 hit=0.000 gen=0
23:50:11 p0 run=8 q=16 prealloc=0 xfer=0 http=25 kv=0.040 hit=0.000 gen=0 | p1 run=8 q=8 prealloc=0 xfer=0 http=17 kv=0.068 hit=0.000 gen=0 | d0 run=0 q=0 prealloc=0 xfer=0 http=47 kv=0.000 hit=0.000 gen=0
23:50:11 p0 run=8 q=16 prealloc=0 xfer=0 http=25 kv=0.041 hit=0.000 gen=0 | p1 run=8 q=8 prealloc=0 xfer=0 http=17 kv=0.068 hit=0.000 gen=0 | d0 run=0 q=0 prealloc=0 xfer=0 http=47 kv=0.000 hit=0.000 gen=0
23:50:12 p0 run=8 q=16 prealloc=0 xfer=0 http=25 kv=0.041 hit=0.000 gen=0 | p1 run=8 q=8 prealloc=0 xfer=0 http=17 kv=0.070 hit=0.000 gen=0 | d0 run=0 q=0 prealloc=0 xfer=0 http=47 kv=0.000 hit=0.000 gen=0
23:50:26 p0 run=8 q=15 prealloc=0 xfer=0 http=25 kv=0.056 hit=0.000 gen=0 | p1 run=8 q=8 prealloc=0 xfer=0 http=17 kv=0.080 hit=0.000 gen=0 | d0 run=0 q=0 prealloc=0 xfer=0 http=47 kv=0.000 hit=0.000 gen=0
23:50:26 p0 run=8 q=15 prealloc=0 xfer=0 http=25 kv=0.056 hit=0.000 gen=0 | p1 run=8 q=8 prealloc=0 xfer=0 http=17 kv=0.080 hit=0.000 gen=0 | d0 run=0 q=0 prealloc=0 xfer=0 http=47 kv=0.000 hit=0.000 gen=0
23:50:27 p0 run=9 q=15 prealloc=0 xfer=0 http=25 kv=0.057 hit=0.000 gen=0 | p1 run=8 q=8 prealloc=0 xfer=0 http=17 kv=0.080 hit=0.000 gen=0 | d0 run=0 q=0 prealloc=0 xfer=0 http=47 kv=0.000 hit=0.000 gen=0
23:50:27 p0 run=9 q=15 prealloc=0 xfer=0 http=25 kv=0.057 hit=0.000 gen=0 | p1 run=8 q=8 prealloc=0 xfer=0 http=17 kv=0.080 hit=0.000 gen=0 | d0 run=0 q=0 prealloc=0 xfer=0 http=47 kv=0.000 hit=0.000 gen=0
23:50:41 p0 run=8 q=14 prealloc=0 xfer=0 http=23 kv=0.054 hit=0.000 gen=0 | p1 run=8 q=6 prealloc=0 xfer=0 http=15 kv=0.066 hit=0.000 gen=0 | d0 run=0 q=0 prealloc=0 xfer=0 http=43 kv=0.000 hit=0.000 gen=0
23:50:41 p0 run=8 q=14 prealloc=0 xfer=0 http=23 kv=0.054 hit=0.000 gen=0 | p1 run=8 q=6 prealloc=0 xfer=0 http=15 kv=0.066 hit=0.000 gen=0 | d0 run=0 q=0 prealloc=0 xfer=0 http=43 kv=0.000 hit=0.000 gen=0
23:50:42 p0 run=8 q=14 prealloc=0 xfer=0 http=23 kv=0.054 hit=0.000 gen=0 | p1 run=8 q=6 prealloc=0 xfer=0 http=15 kv=0.062 hit=0.000 gen=0 | d0 run=0 q=0 prealloc=0 xfer=0 http=43 kv=0.000 hit=0.000 gen=0
23:50:42 p0 run=8 q=14 prealloc=0 xfer=0 http=23 kv=0.054 hit=0.000 gen=0 | p1 run=8 q=6 prealloc=0 xfer=0 http=15 kv=0.062 hit=0.000 gen=0 | d0 run=0 q=0 prealloc=0 xfer=0 http=43 kv=0.000 hit=0.000 gen=0
23:50:56 p0 run=8 q=14 prealloc=0 xfer=0 http=23 kv=0.068 hit=0.000 gen=0 | p1 run=8 q=4 prealloc=0 xfer=0 http=14 kv=0.060 hit=0.000 gen=0 | d0 run=0 q=0 prealloc=0 xfer=0 http=42 kv=0.000 hit=0.000 gen=0
23:50:56 p0 run=8 q=14 prealloc=0 xfer=0 http=23 kv=0.068 hit=0.000 gen=0 | p1 run=8 q=4 prealloc=0 xfer=0 http=14 kv=0.060 hit=0.000 gen=0 | d0 run=0 q=0 prealloc=0 xfer=0 http=42 kv=0.000 hit=0.000 gen=0
23:50:57 p0 run=8 q=14 prealloc=0 xfer=0 http=23 kv=0.068 hit=0.000 gen=0 | p1 run=8 q=4 prealloc=0 xfer=0 http=14 kv=0.060 hit=0.000 gen=0 | d0 run=0 q=0 prealloc=0 xfer=0 http=41 kv=0.000 hit=0.000 gen=0
23:50:58 p0 run=8 q=14 prealloc=0 xfer=0 http=23 kv=0.069 hit=0.000 gen=0 | p1 run=8 q=4 prealloc=0 xfer=0 http=14 kv=0.054 hit=0.000 gen=0 | d0 run=0 q=0 prealloc=0 xfer=0 http=41 kv=0.000 hit=0.000 gen=0
23:51:11 p0 run=8 q=13 prealloc=0 xfer=0 http=23 kv=0.081 hit=0.000 gen=0 | p1 run=8 q=3 prealloc=0 xfer=0 http=12 kv=0.052 hit=0.000 gen=0 | d0 run=0 q=0 prealloc=0 xfer=0 http=40 kv=0.000 hit=0.000 gen=0
23:51:12 p0 run=8 q=13 prealloc=0 xfer=0 http=23 kv=0.081 hit=0.000 gen=0 | p1 run=8 q=3 prealloc=0 xfer=0 http=12 kv=0.052 hit=0.000 gen=0 | d0 run=0 q=0 prealloc=0 xfer=0 http=40 kv=0.000 hit=0.000 gen=0
23:51:12 p0 run=9 q=13 prealloc=0 xfer=0 http=23 kv=0.083 hit=0.000 gen=0 | p1 run=8 q=3 prealloc=0 xfer=0 http=12 kv=0.052 hit=0.000 gen=0 | d0 run=0 q=0 prealloc=0 xfer=0 http=40 kv=0.000 hit=0.000 gen=0
23:51:13 p0 run=9 q=13 prealloc=0 xfer=0 http=23 kv=0.083 hit=0.000 gen=0 | p1 run=8 q=3 prealloc=0 xfer=0 http=12 kv=0.052 hit=0.000 gen=0 | d0 run=0 q=0 prealloc=0 xfer=0 http=40 kv=0.000 hit=0.000 gen=0
23:51:27 p0 run=8 q=12 prealloc=0 xfer=0 http=21 kv=0.066 hit=0.000 gen=0 | p1 run=8 q=2 prealloc=0 xfer=0 http=11 kv=0.053 hit=0.000 gen=0 | d0 run=0 q=0 prealloc=0 xfer=0 http=37 kv=0.000 hit=0.000 gen=0
23:51:27 p0 run=8 q=12 prealloc=0 xfer=0 http=21 kv=0.066 hit=0.000 gen=0 | p1 run=8 q=2 prealloc=0 xfer=0 http=11 kv=0.053 hit=0.000 gen=0 | d0 run=0 q=0 prealloc=0 xfer=0 http=37 kv=0.000 hit=0.000 gen=0
23:51:27 p0 run=8 q=12 prealloc=0 xfer=0 http=21 kv=0.068 hit=0.000 gen=0 | p1 run=8 q=2 prealloc=0 xfer=0 http=11 kv=0.053 hit=0.000 gen=0 | d0 run=0 q=0 prealloc=0 xfer=0 http=37 kv=0.000 hit=0.000 gen=0
23:51:28 p0 run=8 q=12 prealloc=0 xfer=0 http=21 kv=0.068 hit=0.000 gen=0 | p1 run=8 q=2 prealloc=0 xfer=0 http=11 kv=0.053 hit=0.000 gen=0 | d0 run=0 q=0 prealloc=0 xfer=0 http=37 kv=0.000 hit=0.000 gen=0
23:51:42 p0 run=8 q=12 prealloc=0 xfer=0 http=21 kv=0.080 hit=0.000 gen=0 | p1 run=8 q=2 prealloc=0 xfer=0 http=11 kv=0.060 hit=0.000 gen=0 | d0 run=0 q=0 prealloc=0 xfer=0 http=37 kv=0.000 hit=0.000 gen=0
23:51:42 p0 run=8 q=11 prealloc=0 xfer=0 http=21 kv=0.081 hit=0.000 gen=0 | p1 run=8 q=2 prealloc=0 xfer=0 http=11 kv=0.060 hit=0.000 gen=0 | d0 run=0 q=0 prealloc=0 xfer=0 http=37 kv=0.000 hit=0.000 gen=0
23:51:42 p0 run=8 q=11 prealloc=0 xfer=0 http=21 kv=0.081 hit=0.000 gen=0 | p1 run=8 q=2 prealloc=0 xfer=0 http=11 kv=0.060 hit=0.000 gen=0 | d0 run=0 q=0 prealloc=0 xfer=0 http=37 kv=0.000 hit=0.000 gen=0
23:51:43 p0 run=8 q=11 prealloc=0 xfer=0 http=21 kv=0.081 hit=0.000 gen=0 | p1 run=8 q=2 prealloc=0 xfer=0 http=11 kv=0.060 hit=0.000 gen=0 | d0 run=0 q=0 prealloc=0 xfer=0 http=37 kv=0.000 hit=0.000 gen=0
23:51:57 p0 run=9 q=10 prealloc=0 xfer=0 http=20 kv=0.076 hit=0.000 gen=0 | p1 run=8 q=2 prealloc=0 xfer=0 http=11 kv=0.060 hit=0.000 gen=0 | d0 run=0 q=0 prealloc=0 xfer=0 http=35 kv=0.000 hit=0.000 gen=0
23:51:57 p0 run=9 q=10 prealloc=0 xfer=0 http=20 kv=0.076 hit=0.000 gen=0 | p1 run=8 q=2 prealloc=0 xfer=0 http=11 kv=0.060 hit=0.000 gen=0 | d0 run=0 q=0 prealloc=0 xfer=0 http=35 kv=0.000 hit=0.000 gen=0
23:51:58 p0 run=9 q=10 prealloc=0 xfer=0 http=20 kv=0.076 hit=0.000 gen=0 | p1 run=8 q=2 prealloc=0 xfer=0 http=11 kv=0.060 hit=0.000 gen=0 | d0 run=0 q=0 prealloc=0 xfer=0 http=35 kv=0.000 hit=0.000 gen=0
23:51:58 p0 run=9 q=10 prealloc=0 xfer=0 http=20 kv=0.076 hit=0.000 gen=0 | p1 run=8 q=2 prealloc=0 xfer=0 http=11 kv=0.060 hit=0.000 gen=0 | d0 run=0 q=0 prealloc=0 xfer=0 http=35 kv=0.000 hit=0.000 gen=0
23:52:13 p0 run=9 q=10 prealloc=0 xfer=0 http=20 kv=0.076 hit=0.000 gen=0 | p1 run=8 q=2 prealloc=0 xfer=0 http=11 kv=0.066 hit=0.000 gen=0 | d0 run=0 q=0 prealloc=0 xfer=0 http=35 kv=0.000 hit=0.000 gen=0
23:52:13 p0 run=9 q=10 prealloc=0 xfer=0 http=20 kv=0.076 hit=0.000 gen=0 | p1 run=8 q=2 prealloc=0 xfer=0 http=11 kv=0.066 hit=0.000 gen=0 | d0 run=0 q=0 prealloc=0 xfer=0 http=35 kv=0.000 hit=0.000 gen=0
23:52:13 p0 run=9 q=10 prealloc=0 xfer=0 http=20 kv=0.076 hit=0.000 gen=0 | p1 run=8 q=2 prealloc=0 xfer=0 http=11 kv=0.066 hit=0.000 gen=0 | d0 run=0 q=0 prealloc=0 xfer=0 http=35 kv=0.000 hit=0.000 gen=0
23:52:13 p0 run=9 q=10 prealloc=0 xfer=0 http=20 kv=0.076 hit=0.000 gen=0 | p1 run=8 q=2 prealloc=0 xfer=0 http=11 kv=0.068 hit=0.000 gen=0 | d0 run=0 q=0 prealloc=0 xfer=0 http=35 kv=0.000 hit=0.000 gen=0
23:52:28 p0 run=9 q=10 prealloc=0 xfer=0 http=20 kv=0.076 hit=0.000 gen=0 | p1 run=8 q=1 prealloc=0 xfer=0 http=10 kv=0.060 hit=0.000 gen=0 | d0 run=0 q=0 prealloc=0 xfer=0 http=34 kv=0.000 hit=0.000 gen=0
23:52:28 p0 run=9 q=10 prealloc=0 xfer=0 http=20 kv=0.076 hit=0.000 gen=0 | p1 run=8 q=1 prealloc=0 xfer=0 http=10 kv=0.060 hit=0.000 gen=0 | d0 run=0 q=0 prealloc=0 xfer=0 http=34 kv=0.000 hit=0.000 gen=0
23:52:28 p0 run=9 q=10 prealloc=0 xfer=0 http=20 kv=0.076 hit=0.000 gen=0 | p1 run=8 q=1 prealloc=0 xfer=0 http=10 kv=0.060 hit=0.000 gen=0 | d0 run=0 q=0 prealloc=0 xfer=0 http=34 kv=0.000 hit=0.000 gen=0
23:52:28 p0 run=9 q=10 prealloc=0 xfer=0 http=20 kv=0.076 hit=0.000 gen=0 | p1 run=8 q=1 prealloc=0 xfer=0 http=10 kv=0.060 hit=0.000 gen=0 | d0 run=0 q=0 prealloc=0 xfer=0 http=34 kv=0.000 hit=0.000 gen=0
23:52:43 p0 run=9 q=10 prealloc=0 xfer=0 http=20 kv=0.076 hit=0.000 gen=0 | p1 run=8 q=1 prealloc=0 xfer=0 http=10 kv=0.075 hit=0.000 gen=0 | d0 run=0 q=0 prealloc=0 xfer=0 http=34 kv=0.000 hit=0.000 gen=0
23:52:43 p0 run=9 q=10 prealloc=0 xfer=0 http=20 kv=0.076 hit=0.000 gen=0 | p1 run=8 q=1 prealloc=0 xfer=0 http=10 kv=0.075 hit=0.000 gen=0 | d0 run=0 q=0 prealloc=0 xfer=0 http=34 kv=0.000 hit=0.000 gen=0
23:52:43 p0 run=9 q=10 prealloc=0 xfer=0 http=20 kv=0.076 hit=0.000 gen=0 | p1 run=8 q=1 prealloc=0 xfer=0 http=10 kv=0.075 hit=0.000 gen=0 | d0 run=0 q=0 prealloc=0 xfer=0 http=34 kv=0.000 hit=0.000 gen=0
23:52:44 p0 run=9 q=10 prealloc=0 xfer=0 http=20 kv=0.076 hit=0.000 gen=0 | p1 run=8 q=1 prealloc=0 xfer=0 http=10 kv=0.075 hit=0.000 gen=0 | d0 run=0 q=0 prealloc=0 xfer=0 http=34 kv=0.000 hit=0.000 gen=0
23:52:59 p0 run=9 q=10 prealloc=0 xfer=0 http=20 kv=0.076 hit=0.000 gen=0 | p1 run=8 q=1 prealloc=0 xfer=0 http=10 kv=0.088 hit=0.000 gen=0 | d0 run=0 q=0 prealloc=0 xfer=0 http=34 kv=0.000 hit=0.000 gen=0
23:52:59 p0 run=9 q=10 prealloc=0 xfer=0 http=20 kv=0.076 hit=0.000 gen=0 | p1 run=8 q=1 prealloc=0 xfer=0 http=10 kv=0.088 hit=0.000 gen=0 | d0 run=0 q=0 prealloc=0 xfer=0 http=34 kv=0.000 hit=0.000 gen=0
23:52:59 p0 run=9 q=10 prealloc=0 xfer=0 http=20 kv=0.076 hit=0.000 gen=0 | p1 run=8 q=1 prealloc=0 xfer=0 http=10 kv=0.088 hit=0.000 gen=0 | d0 run=0 q=0 prealloc=0 xfer=0 http=34 kv=0.000 hit=0.000 gen=0
23:52:59 p0 run=9 q=10 prealloc=0 xfer=0 http=20 kv=0.076 hit=0.000 gen=0 | p1 run=8 q=1 prealloc=0 xfer=0 http=10 kv=0.088 hit=0.000 gen=0 | d0 run=0 q=0 prealloc=0 xfer=0 http=34 kv=0.000 hit=0.000 gen=0
23:53:14 p0 run=9 q=10 prealloc=0 xfer=0 http=20 kv=0.076 hit=0.000 gen=0 | p1 run=8 q=0 prealloc=0 xfer=0 http=9 kv=0.086 hit=0.000 gen=0 | d0 run=0 q=0 prealloc=0 xfer=0 http=33 kv=0.000 hit=0.000 gen=0
23:53:14 p0 run=9 q=10 prealloc=0 xfer=0 http=20 kv=0.076 hit=0.000 gen=0 | p1 run=8 q=0 prealloc=0 xfer=0 http=9 kv=0.086 hit=0.000 gen=0 | d0 run=0 q=0 prealloc=0 xfer=0 http=33 kv=0.000 hit=0.000 gen=0
23:53:14 p0 run=9 q=10 prealloc=0 xfer=0 http=20 kv=0.076 hit=0.000 gen=0 | p1 run=8 q=0 prealloc=0 xfer=0 http=9 kv=0.086 hit=0.000 gen=0 | d0 run=0 q=0 prealloc=0 xfer=0 http=33 kv=0.000 hit=0.000 gen=0
23:53:14 p0 run=9 q=10 prealloc=0 xfer=0 http=20 kv=0.076 hit=0.000 gen=0 | p1 run=8 q=0 prealloc=0 xfer=0 http=9 kv=0.086 hit=0.000 gen=0 | d0 run=0 q=0 prealloc=0 xfer=0 http=33 kv=0.000 hit=0.000 gen=0
23:53:29 p0 run=9 q=10 prealloc=0 xfer=0 http=20 kv=0.076 hit=0.000 gen=0 | p1 run=8 q=0 prealloc=0 xfer=0 http=9 kv=0.099 hit=0.000 gen=0 | d0 run=0 q=0 prealloc=0 xfer=0 http=33 kv=0.000 hit=0.000 gen=0
23:53:29 p0 run=9 q=10 prealloc=0 xfer=0 http=20 kv=0.076 hit=0.000 gen=0 | p1 run=8 q=0 prealloc=0 xfer=0 http=9 kv=0.099 hit=0.000 gen=0 | d0 run=0 q=0 prealloc=0 xfer=0 http=33 kv=0.000 hit=0.000 gen=0
23:53:29 p0 run=9 q=10 prealloc=0 xfer=0 http=20 kv=0.076 hit=0.000 gen=0 | p1 run=8 q=0 prealloc=0 xfer=0 http=9 kv=0.099 hit=0.000 gen=0 | d0 run=0 q=0 prealloc=0 xfer=0 http=33 kv=0.000 hit=0.000 gen=0
23:53:29 p0 run=9 q=10 prealloc=0 xfer=0 http=20 kv=0.076 hit=0.000 gen=0 | p1 run=8 q=0 prealloc=0 xfer=0 http=9 kv=0.099 hit=0.000 gen=0 | d0 run=0 q=0 prealloc=0 xfer=0 http=33 kv=0.000 hit=0.000 gen=0
23:53:44 p0 run=9 q=10 prealloc=0 xfer=0 http=20 kv=0.076 hit=0.000 gen=0 | p1 run=8 q=0 prealloc=0 xfer=0 http=9 kv=0.109 hit=0.000 gen=0 | d0 run=0 q=0 prealloc=0 xfer=0 http=33 kv=0.000 hit=0.000 gen=0
23:53:45 p0 run=9 q=10 prealloc=0 xfer=0 http=20 kv=0.076 hit=0.000 gen=0 | p1 run=8 q=0 prealloc=0 xfer=0 http=9 kv=0.109 hit=0.000 gen=0 | d0 run=0 q=0 prealloc=0 xfer=0 http=33 kv=0.000 hit=0.000 gen=0
23:53:45 p0 run=9 q=10 prealloc=0 xfer=0 http=20 kv=0.076 hit=0.000 gen=0 | p1 run=8 q=0 prealloc=0 xfer=0 http=9 kv=0.109 hit=0.000 gen=0 | d0 run=0 q=0 prealloc=0 xfer=0 http=33 kv=0.000 hit=0.000 gen=0
23:53:45 p0 run=9 q=10 prealloc=0 xfer=0 http=20 kv=0.076 hit=0.000 gen=0 | p1 run=8 q=0 prealloc=0 xfer=0 http=9 kv=0.109 hit=0.000 gen=0 | d0 run=0 q=0 prealloc=0 xfer=0 http=33 kv=0.000 hit=0.000 gen=0
23:54:00 p0 run=9 q=10 prealloc=0 xfer=0 http=20 kv=0.076 hit=0.000 gen=0 | p1 run=8 q=0 prealloc=0 xfer=0 http=9 kv=0.109 hit=0.000 gen=0 | d0 run=0 q=0 prealloc=0 xfer=0 http=33 kv=0.000 hit=0.000 gen=0
23:54:00 p0 run=9 q=10 prealloc=0 xfer=0 http=20 kv=0.076 hit=0.000 gen=0 | p1 run=8 q=0 prealloc=0 xfer=0 http=9 kv=0.109 hit=0.000 gen=0 | d0 run=0 q=0 prealloc=0 xfer=0 http=33 kv=0.000 hit=0.000 gen=0
23:54:00 p0 run=9 q=10 prealloc=0 xfer=0 http=20 kv=0.076 hit=0.000 gen=0 | p1 run=8 q=0 prealloc=0 xfer=0 http=9 kv=0.109 hit=0.000 gen=0 | d0 run=0 q=0 prealloc=0 xfer=0 http=33 kv=0.000 hit=0.000 gen=0
23:54:00 p0 run=9 q=10 prealloc=0 xfer=0 http=20 kv=0.076 hit=0.000 gen=0 | p1 run=8 q=0 prealloc=0 xfer=0 http=9 kv=0.109 hit=0.000 gen=0 | d0 run=0 q=0 prealloc=0 xfer=0 http=33 kv=0.000 hit=0.000 gen=0
23:54:15 p0 run=9 q=10 prealloc=0 xfer=0 http=20 kv=0.076 hit=0.000 gen=0 | p1 run=8 q=0 prealloc=0 xfer=0 http=9 kv=0.109 hit=0.000 gen=0 | d0 run=0 q=0 prealloc=0 xfer=0 http=33 kv=0.000 hit=0.000 gen=0
23:54:15 p0 run=9 q=10 prealloc=0 xfer=0 http=20 kv=0.076 hit=0.000 gen=0 | p1 run=8 q=0 prealloc=0 xfer=0 http=9 kv=0.109 hit=0.000 gen=0 | d0 run=0 q=0 prealloc=0 xfer=0 http=33 kv=0.000 hit=0.000 gen=0
23:54:15 p0 run=9 q=10 prealloc=0 xfer=0 http=20 kv=0.076 hit=0.000 gen=0 | p1 run=8 q=0 prealloc=0 xfer=0 http=9 kv=0.109 hit=0.000 gen=0 | d0 run=0 q=0 prealloc=0 xfer=0 http=33 kv=0.000 hit=0.000 gen=0
23:54:15 p0 run=9 q=10 prealloc=0 xfer=0 http=20 kv=0.076 hit=0.000 gen=0 | p1 run=8 q=0 prealloc=0 xfer=0 http=9 kv=0.109 hit=0.000 gen=0 | d0 run=0 q=0 prealloc=0 xfer=0 http=33 kv=0.000 hit=0.000 gen=0
23:54:30 p0 run=9 q=10 prealloc=0 xfer=0 http=20 kv=0.076 hit=0.000 gen=0 | p1 run=8 q=0 prealloc=0 xfer=0 http=9 kv=0.109 hit=0.000 gen=0 | d0 run=0 q=0 prealloc=0 xfer=0 http=33 kv=0.000 hit=0.000 gen=0
23:54:30 p0 run=9 q=10 prealloc=0 xfer=0 http=20 kv=0.076 hit=0.000 gen=0 | p1 run=8 q=0 prealloc=0 xfer=0 http=9 kv=0.109 hit=0.000 gen=0 | d0 run=0 q=0 prealloc=0 xfer=0 http=33 kv=0.000 hit=0.000 gen=0
23:54:30 p0 run=9 q=10 prealloc=0 xfer=0 http=20 kv=0.076 hit=0.000 gen=0 | p1 run=8 q=0 prealloc=0 xfer=0 http=9 kv=0.109 hit=0.000 gen=0 | d0 run=0 q=0 prealloc=0 xfer=0 http=33 kv=0.000 hit=0.000 gen=0
23:54:30 p0 run=9 q=10 prealloc=0 xfer=0 http=20 kv=0.076 hit=0.000 gen=0 | p1 run=8 q=0 prealloc=0 xfer=0 http=9 kv=0.109 hit=0.000 gen=0 | d0 run=0 q=0 prealloc=0 xfer=0 http=33 kv=0.000 hit=0.000 gen=0
23:54:45 p0 run=9 q=10 prealloc=0 xfer=0 http=20 kv=0.076 hit=0.000 gen=0 | p1 run=8 q=0 prealloc=0 xfer=0 http=9 kv=0.109 hit=0.000 gen=0 | d0 run=0 q=0 prealloc=0 xfer=0 http=33 kv=0.000 hit=0.000 gen=0
23:54:45 p0 run=9 q=10 prealloc=0 xfer=0 http=20 kv=0.076 hit=0.000 gen=0 | p1 run=8 q=0 prealloc=0 xfer=0 http=9 kv=0.109 hit=0.000 gen=0 | d0 run=0 q=0 prealloc=0 xfer=0 http=33 kv=0.000 hit=0.000 gen=0
23:54:46 p0 run=9 q=10 prealloc=0 xfer=0 http=20 kv=0.076 hit=0.000 gen=0 | p1 run=8 q=0 prealloc=0 xfer=0 http=9 kv=0.109 hit=0.000 gen=0 | d0 run=0 q=0 prealloc=0 xfer=0 http=33 kv=0.000 hit=0.000 gen=0
23:54:46 p0 run=9 q=10 prealloc=0 xfer=0 http=20 kv=0.076 hit=0.000 gen=0 | p1 run=8 q=0 prealloc=0 xfer=0 http=9 kv=0.109 hit=0.000 gen=0 | d0 run=0 q=0 prealloc=0 xfer=0 http=33 kv=0.000 hit=0.000 gen=0
23:55:00 p0 run=9 q=10 prealloc=0 xfer=0 http=20 kv=0.076 hit=0.000 gen=0 | p1 run=8 q=0 prealloc=0 xfer=0 http=9 kv=0.109 hit=0.000 gen=0 | d0 run=0 q=0 prealloc=0 xfer=0 http=33 kv=0.000 hit=0.000 gen=0
23:55:01 p0 run=9 q=10 prealloc=0 xfer=0 http=20 kv=0.076 hit=0.000 gen=0 | p1 run=8 q=0 prealloc=0 xfer=0 http=9 kv=0.109 hit=0.000 gen=0 | d0 run=0 q=0 prealloc=0 xfer=0 http=33 kv=0.000 hit=0.000 gen=0
23:55:01 p0 run=9 q=10 prealloc=0 xfer=0 http=20 kv=0.076 hit=0.000 gen=0 | p1 run=8 q=0 prealloc=0 xfer=0 http=9 kv=0.109 hit=0.000 gen=0 | d0 run=0 q=0 prealloc=0 xfer=0 http=33 kv=0.000 hit=0.000 gen=0
23:55:01 p0 run=9 q=10 prealloc=0 xfer=0 http=20 kv=0.076 hit=0.000 gen=0 | p1 run=8 q=0 prealloc=0 xfer=0 http=9 kv=0.109 hit=0.000 gen=0 | d0 run=0 q=0 prealloc=0 xfer=0 http=33 kv=0.000 hit=0.000 gen=0
23:55:15 p0 run=9 q=10 prealloc=0 xfer=0 http=20 kv=0.076 hit=0.000 gen=0 | p1 run=8 q=0 prealloc=0 xfer=0 http=9 kv=0.109 hit=0.000 gen=0 | d0 run=0 q=0 prealloc=0 xfer=0 http=33 kv=0.000 hit=0.000 gen=0
23:55:16 p0 run=9 q=10 prealloc=0 xfer=0 http=20 kv=0.076 hit=0.000 gen=0 | p1 run=8 q=0 prealloc=0 xfer=0 http=9 kv=0.109 hit=0.000 gen=0 | d0 run=0 q=0 prealloc=0 xfer=0 http=33 kv=0.000 hit=0.000 gen=0
23:55:16 p0 run=9 q=10 prealloc=0 xfer=0 http=20 kv=0.076 hit=0.000 gen=0 | p1 run=8 q=0 prealloc=0 xfer=0 http=9 kv=0.109 hit=0.000 gen=0 | d0 run=0 q=0 prealloc=0 xfer=0 http=33 kv=0.000 hit=0.000 gen=0
23:55:16 p0 run=9 q=10 prealloc=0 xfer=0 http=20 kv=0.076 hit=0.000 gen=0 | p1 run=8 q=0 prealloc=0 xfer=0 http=9 kv=0.109 hit=0.000 gen=0 | d0 run=0 q=0 prealloc=0 xfer=0 http=33 kv=0.000 hit=0.000 gen=0
23:55:31 p0 run=9 q=10 prealloc=0 xfer=0 http=20 kv=0.076 hit=0.000 gen=0 | p1 run=8 q=0 prealloc=0 xfer=0 http=9 kv=0.109 hit=0.000 gen=0 | d0 run=0 q=0 prealloc=0 xfer=0 http=33 kv=0.000 hit=0.000 gen=0
23:55:31 p0 run=9 q=10 prealloc=0 xfer=0 http=20 kv=0.076 hit=0.000 gen=0 | p1 run=8 q=0 prealloc=0 xfer=0 http=9 kv=0.109 hit=0.000 gen=0 | d0 run=0 q=0 prealloc=0 xfer=0 http=33 kv=0.000 hit=0.000 gen=0
23:55:32 p0 run=9 q=10 prealloc=0 xfer=0 http=20 kv=0.076 hit=0.000 gen=0 | p1 run=8 q=0 prealloc=0 xfer=0 http=9 kv=0.109 hit=0.000 gen=0 | d0 run=0 q=0 prealloc=0 xfer=0 http=33 kv=0.000 hit=0.000 gen=0
23:55:32 p0 run=9 q=10 prealloc=0 xfer=0 http=20 kv=0.076 hit=0.000 gen=0 | p1 run=8 q=0 prealloc=0 xfer=0 http=9 kv=0.109 hit=0.000 gen=0 | d0 run=0 q=0 prealloc=0 xfer=0 http=33 kv=0.000 hit=0.000 gen=0
23:55:46 p0 run=9 q=10 prealloc=0 xfer=0 http=20 kv=0.076 hit=0.000 gen=0 | p1 run=8 q=0 prealloc=0 xfer=0 http=9 kv=0.109 hit=0.000 gen=0 | d0 run=0 q=0 prealloc=0 xfer=0 http=33 kv=0.000 hit=0.000 gen=0
23:55:46 p0 run=9 q=10 prealloc=0 xfer=0 http=20 kv=0.076 hit=0.000 gen=0 | p1 run=8 q=0 prealloc=0 xfer=0 http=9 kv=0.109 hit=0.000 gen=0 | d0 run=0 q=0 prealloc=0 xfer=0 http=33 kv=0.000 hit=0.000 gen=0
23:55:47 p0 run=9 q=10 prealloc=0 xfer=0 http=20 kv=0.076 hit=0.000 gen=0 | p1 run=8 q=0 prealloc=0 xfer=0 http=9 kv=0.109 hit=0.000 gen=0 | d0 run=0 q=0 prealloc=0 xfer=0 http=33 kv=0.000 hit=0.000 gen=0
23:55:47 p0 run=9 q=10 prealloc=0 xfer=0 http=20 kv=0.076 hit=0.000 gen=0 | p1 run=8 q=0 prealloc=0 xfer=0 http=9 kv=0.109 hit=0.000 gen=0 | d0 run=0 q=0 prealloc=0 xfer=0 http=33 kv=0.000 hit=0.000 gen=0
23:56:01 p0 run=9 q=10 prealloc=0 xfer=0 http=20 kv=0.076 hit=0.000 gen=0 | p1 run=8 q=0 prealloc=0 xfer=0 http=9 kv=0.109 hit=0.000 gen=0 | d0 run=0 q=0 prealloc=0 xfer=0 http=33 kv=0.000 hit=0.000 gen=0
23:56:01 p0 run=9 q=10 prealloc=0 xfer=0 http=20 kv=0.076 hit=0.000 gen=0 | p1 run=8 q=0 prealloc=0 xfer=0 http=9 kv=0.109 hit=0.000 gen=0 | d0 run=0 q=0 prealloc=0 xfer=0 http=33 kv=0.000 hit=0.000 gen=0
23:56:02 p0 run=9 q=10 prealloc=0 xfer=0 http=20 kv=0.076 hit=0.000 gen=0 | p1 run=8 q=0 prealloc=0 xfer=0 http=9 kv=0.109 hit=0.000 gen=0 | d0 run=0 q=0 prealloc=0 xfer=0 http=33 kv=0.000 hit=0.000 gen=0
23:56:02 p0 run=9 q=10 prealloc=0 xfer=0 http=20 kv=0.076 hit=0.000 gen=0 | p1 run=8 q=0 prealloc=0 xfer=0 http=9 kv=0.109 hit=0.000 gen=0 | d0 run=0 q=0 prealloc=0 xfer=0 http=33 kv=0.000 hit=0.000 gen=0
23:56:16 p0 run=9 q=10 prealloc=0 xfer=0 http=20 kv=0.076 hit=0.000 gen=0 | p1 run=8 q=0 prealloc=0 xfer=0 http=9 kv=0.109 hit=0.000 gen=0 | d0 run=0 q=0 prealloc=0 xfer=0 http=33 kv=0.000 hit=0.000 gen=0
23:56:16 p0 run=9 q=10 prealloc=0 xfer=0 http=20 kv=0.076 hit=0.000 gen=0 | p1 run=8 q=0 prealloc=0 xfer=0 http=9 kv=0.109 hit=0.000 gen=0 | d0 run=0 q=0 prealloc=0 xfer=0 http=33 kv=0.000 hit=0.000 gen=0
23:56:18 p0 run=9 q=10 prealloc=0 xfer=0 http=20 kv=0.076 hit=0.000 gen=0 | p1 run=8 q=0 prealloc=0 xfer=0 http=9 kv=0.109 hit=0.000 gen=0 | d0 run=0 q=0 prealloc=0 xfer=0 http=33 kv=0.000 hit=0.000 gen=0
23:56:18 p0 run=9 q=10 prealloc=0 xfer=0 http=20 kv=0.076 hit=0.000 gen=0 | p1 run=8 q=0 prealloc=0 xfer=0 http=9 kv=0.109 hit=0.000 gen=0 | d0 run=0 q=0 prealloc=0 xfer=0 http=33 kv=0.000 hit=0.000 gen=0
23:56:31 p0 run=9 q=10 prealloc=0 xfer=0 http=20 kv=0.076 hit=0.000 gen=0 | p1 run=8 q=0 prealloc=0 xfer=0 http=9 kv=0.109 hit=0.000 gen=0 | d0 run=0 q=0 prealloc=0 xfer=0 http=33 kv=0.000 hit=0.000 gen=0
23:56:32 p0 run=9 q=10 prealloc=0 xfer=0 http=20 kv=0.076 hit=0.000 gen=0 | p1 run=8 q=0 prealloc=0 xfer=0 http=9 kv=0.109 hit=0.000 gen=0 | d0 run=0 q=0 prealloc=0 xfer=0 http=33 kv=0.000 hit=0.000 gen=0
23:56:33 p0 run=9 q=10 prealloc=0 xfer=0 http=20 kv=0.076 hit=0.000 gen=0 | p1 run=8 q=0 prealloc=0 xfer=0 http=9 kv=0.109 hit=0.000 gen=0 | d0 run=0 q=0 prealloc=0 xfer=0 http=33 kv=0.000 hit=0.000 gen=0
23:56:33 p0 run=9 q=10 prealloc=0 xfer=0 http=20 kv=0.076 hit=0.000 gen=0 | p1 run=8 q=0 prealloc=0 xfer=0 http=9 kv=0.109 hit=0.000 gen=0 | d0 run=0 q=0 prealloc=0 xfer=0 http=33 kv=0.000 hit=0.000 gen=0
23:56:46 p0 run=9 q=10 prealloc=0 xfer=0 http=20 kv=0.076 hit=0.000 gen=0 | p1 run=8 q=0 prealloc=0 xfer=0 http=9 kv=0.109 hit=0.000 gen=0 | d0 run=0 q=0 prealloc=0 xfer=0 http=33 kv=0.000 hit=0.000 gen=0
23:56:47 p0 run=9 q=10 prealloc=0 xfer=0 http=20 kv=0.076 hit=0.000 gen=0 | p1 run=8 q=0 prealloc=0 xfer=0 http=9 kv=0.109 hit=0.000 gen=0 | d0 run=0 q=0 prealloc=0 xfer=0 http=33 kv=0.000 hit=0.000 gen=0
23:56:48 p0 run=9 q=10 prealloc=0 xfer=0 http=20 kv=0.076 hit=0.000 gen=0 | p1 run=8 q=0 prealloc=0 xfer=0 http=9 kv=0.109 hit=0.000 gen=0 | d0 run=0 q=0 prealloc=0 xfer=0 http=33 kv=0.000 hit=0.000 gen=0
23:56:48 p0 run=9 q=10 prealloc=0 xfer=0 http=20 kv=0.076 hit=0.000 gen=0 | p1 run=8 q=0 prealloc=0 xfer=0 http=9 kv=0.109 hit=0.000 gen=0 | d0 run=0 q=0 prealloc=0 xfer=0 http=33 kv=0.000 hit=0.000 gen=0
23:57:02 p0 run=9 q=10 prealloc=0 xfer=0 http=20 kv=0.076 hit=0.000 gen=0 | p1 run=8 q=0 prealloc=0 xfer=0 http=9 kv=0.109 hit=0.000 gen=0 | d0 run=0 q=0 prealloc=0 xfer=0 http=33 kv=0.000 hit=0.000 gen=0
23:57:02 p0 run=9 q=10 prealloc=0 xfer=0 http=20 kv=0.076 hit=0.000 gen=0 | p1 run=8 q=0 prealloc=0 xfer=0 http=9 kv=0.109 hit=0.000 gen=0 | d0 run=0 q=0 prealloc=0 xfer=0 http=33 kv=0.000 hit=0.000 gen=0
23:57:03 p0 run=9 q=10 prealloc=0 xfer=0 http=20 kv=0.076 hit=0.000 gen=0 | p1 run=8 q=0 prealloc=0 xfer=0 http=9 kv=0.109 hit=0.000 gen=0 | d0 run=0 q=0 prealloc=0 xfer=0 http=33 kv=0.000 hit=0.000 gen=0
23:57:03 p0 run=9 q=10 prealloc=0 xfer=0 http=20 kv=0.076 hit=0.000 gen=0 | p1 run=8 q=0 prealloc=0 xfer=0 http=9 kv=0.109 hit=0.000 gen=0 | d0 run=0 q=0 prealloc=0 xfer=0 http=33 kv=0.000 hit=0.000 gen=0
23:57:17 p0 run=9 q=10 prealloc=0 xfer=0 http=20 kv=0.076 hit=0.000 gen=0 | p1 run=8 q=0 prealloc=0 xfer=0 http=9 kv=0.109 hit=0.000 gen=0 | d0 run=0 q=0 prealloc=0 xfer=0 http=33 kv=0.000 hit=0.000 gen=0
23:57:17 p0 run=9 q=10 prealloc=0 xfer=0 http=20 kv=0.076 hit=0.000 gen=0 | p1 run=8 q=0 prealloc=0 xfer=0 http=9 kv=0.109 hit=0.000 gen=0 | d0 run=0 q=0 prealloc=0 xfer=0 http=33 kv=0.000 hit=0.000 gen=0
23:57:19 p0 run=9 q=10 prealloc=0 xfer=0 http=20 kv=0.076 hit=0.000 gen=0 | p1 run=8 q=0 prealloc=0 xfer=0 http=9 kv=0.109 hit=0.000 gen=0 | d0 run=0 q=0 prealloc=0 xfer=0 http=33 kv=0.000 hit=0.000 gen=0
23:57:19 p0 run=9 q=10 prealloc=0 xfer=0 http=20 kv=0.076 hit=0.000 gen=0 | p1 run=8 q=0 prealloc=0 xfer=0 http=9 kv=0.109 hit=0.000 gen=0 | d0 run=0 q=0 prealloc=0 xfer=0 http=33 kv=0.000 hit=0.000 gen=0
23:57:32 p0 run=9 q=10 prealloc=0 xfer=0 http=20 kv=0.076 hit=0.000 gen=0 | p1 run=8 q=0 prealloc=0 xfer=0 http=9 kv=0.109 hit=0.000 gen=0 | d0 run=0 q=0 prealloc=0 xfer=0 http=33 kv=0.000 hit=0.000 gen=0
23:57:32 p0 run=9 q=10 prealloc=0 xfer=0 http=20 kv=0.076 hit=0.000 gen=0 | p1 run=8 q=0 prealloc=0 xfer=0 http=9 kv=0.109 hit=0.000 gen=0 | d0 run=0 q=0 prealloc=0 xfer=0 http=33 kv=0.000 hit=0.000 gen=0
23:57:34 p0 run=9 q=10 prealloc=0 xfer=0 http=20 kv=0.076 hit=0.000 gen=0 | p1 run=8 q=0 prealloc=0 xfer=0 http=9 kv=0.109 hit=0.000 gen=0 | d0 run=0 q=0 prealloc=0 xfer=0 http=33 kv=0.000 hit=0.000 gen=0
23:57:34 p0 run=9 q=10 prealloc=0 xfer=0 http=20 kv=0.076 hit=0.000 gen=0 | p1 run=8 q=0 prealloc=0 xfer=0 http=9 kv=0.109 hit=0.000 gen=0 | d0 run=0 q=0 prealloc=0 xfer=0 http=33 kv=0.000 hit=0.000 gen=0
23:57:47 p0 run=9 q=10 prealloc=0 xfer=0 http=20 kv=0.076 hit=0.000 gen=0 | p1 run=8 q=0 prealloc=0 xfer=0 http=9 kv=0.109 hit=0.000 gen=0 | d0 run=0 q=0 prealloc=0 xfer=0 http=33 kv=0.000 hit=0.000 gen=0
23:57:47 p0 run=9 q=10 prealloc=0 xfer=0 http=20 kv=0.076 hit=0.000 gen=0 | p1 run=8 q=0 prealloc=0 xfer=0 http=9 kv=0.109 hit=0.000 gen=0 | d0 run=0 q=0 prealloc=0 xfer=0 http=33 kv=0.000 hit=0.000 gen=0
23:57:49 p0 run=9 q=10 prealloc=0 xfer=0 http=20 kv=0.076 hit=0.000 gen=0 | p1 run=8 q=0 prealloc=0 xfer=0 http=9 kv=0.109 hit=0.000 gen=0 | d0 run=0 q=0 prealloc=0 xfer=0 http=33 kv=0.000 hit=0.000 gen=0
23:57:49 p0 run=9 q=10 prealloc=0 xfer=0 http=20 kv=0.076 hit=0.000 gen=0 | p1 run=8 q=0 prealloc=0 xfer=0 http=9 kv=0.109 hit=0.000 gen=0 | d0 run=0 q=0 prealloc=0 xfer=0 http=33 kv=0.000 hit=0.000 gen=0
23:58:02 p0 run=9 q=10 prealloc=0 xfer=0 http=20 kv=0.076 hit=0.000 gen=0 | p1 run=8 q=0 prealloc=0 xfer=0 http=9 kv=0.109 hit=0.000 gen=0 | d0 run=0 q=0 prealloc=0 xfer=0 http=33 kv=0.000 hit=0.000 gen=0
23:58:03 p0 run=9 q=10 prealloc=0 xfer=0 http=20 kv=0.076 hit=0.000 gen=0 | p1 run=8 q=0 prealloc=0 xfer=0 http=9 kv=0.109 hit=0.000 gen=0 | d0 run=0 q=0 prealloc=0 xfer=0 http=33 kv=0.000 hit=0.000 gen=0
23:58:05 p0 run=9 q=10 prealloc=0 xfer=0 http=20 kv=0.076 hit=0.000 gen=0 | p1 run=8 q=0 prealloc=0 xfer=0 http=9 kv=0.109 hit=0.000 gen=0 | d0 run=0 q=0 prealloc=0 xfer=0 http=33 kv=0.000 hit=0.000 gen=0
23:58:05 p0 run=9 q=10 prealloc=0 xfer=0 http=20 kv=0.076 hit=0.000 gen=0 | p1 run=8 q=0 prealloc=0 xfer=0 http=9 kv=0.109 hit=0.000 gen=0 | d0 run=0 q=0 prealloc=0 xfer=0 http=33 kv=0.000 hit=0.000 gen=0
23:58:18 p0 run=9 q=10 prealloc=0 xfer=0 http=20 kv=0.076 hit=0.000 gen=0 | p1 run=8 q=0 prealloc=0 xfer=0 http=9 kv=0.109 hit=0.000 gen=0 | d0 run=0 q=0 prealloc=0 xfer=0 http=33 kv=0.000 hit=0.000 gen=0
23:58:18 p0 run=9 q=10 prealloc=0 xfer=0 http=20 kv=0.076 hit=0.000 gen=0 | p1 run=8 q=0 prealloc=0 xfer=0 http=9 kv=0.109 hit=0.000 gen=0 | d0 run=0 q=0 prealloc=0 xfer=0 http=33 kv=0.000 hit=0.000 gen=0
23:58:20 p0 run=9 q=10 prealloc=0 xfer=0 http=20 kv=0.076 hit=0.000 gen=0 | p1 run=8 q=0 prealloc=0 xfer=0 http=9 kv=0.109 hit=0.000 gen=0 | d0 run=0 q=0 prealloc=0 xfer=0 http=33 kv=0.000 hit=0.000 gen=0
23:58:20 p0 run=9 q=10 prealloc=0 xfer=0 http=20 kv=0.076 hit=0.000 gen=0 | p1 run=8 q=0 prealloc=0 xfer=0 http=9 kv=0.109 hit=0.000 gen=0 | d0 run=0 q=0 prealloc=0 xfer=0 http=33 kv=0.000 hit=0.000 gen=0
23:58:33 p0 run=9 q=10 prealloc=0 xfer=0 http=20 kv=0.076 hit=0.000 gen=0 | p1 run=8 q=0 prealloc=0 xfer=0 http=9 kv=0.109 hit=0.000 gen=0 | d0 run=0 q=0 prealloc=0 xfer=0 http=33 kv=0.000 hit=0.000 gen=0
23:58:33 p0 run=9 q=10 prealloc=0 xfer=0 http=20 kv=0.076 hit=0.000 gen=0 | p1 run=8 q=0 prealloc=0 xfer=0 http=9 kv=0.109 hit=0.000 gen=0 | d0 run=0 q=0 prealloc=0 xfer=0 http=33 kv=0.000 hit=0.000 gen=0
23:58:35 p0 run=9 q=10 prealloc=0 xfer=0 http=20 kv=0.076 hit=0.000 gen=0 | p1 run=8 q=0 prealloc=0 xfer=0 http=9 kv=0.109 hit=0.000 gen=0 | d0 run=0 q=0 prealloc=0 xfer=0 http=33 kv=0.000 hit=0.000 gen=0
23:58:35 p0 run=9 q=10 prealloc=0 xfer=0 http=20 kv=0.076 hit=0.000 gen=0 | p1 run=8 q=0 prealloc=0 xfer=0 http=9 kv=0.109 hit=0.000 gen=0 | d0 run=0 q=0 prealloc=0 xfer=0 http=33 kv=0.000 hit=0.000 gen=0
23:58:48 p0 run=9 q=10 prealloc=0 xfer=0 http=20 kv=0.076 hit=0.000 gen=0 | p1 run=8 q=0 prealloc=0 xfer=0 http=9 kv=0.109 hit=0.000 gen=0 | d0 run=0 q=0 prealloc=0 xfer=0 http=33 kv=0.000 hit=0.000 gen=0
23:58:48 p0 run=9 q=10 prealloc=0 xfer=0 http=20 kv=0.076 hit=0.000 gen=0 | p1 run=8 q=0 prealloc=0 xfer=0 http=9 kv=0.109 hit=0.000 gen=0 | d0 run=0 q=0 prealloc=0 xfer=0 http=33 kv=0.000 hit=0.000 gen=0
23:58:50 p0 run=9 q=10 prealloc=0 xfer=0 http=20 kv=0.076 hit=0.000 gen=0 | p1 run=8 q=0 prealloc=0 xfer=0 http=9 kv=0.109 hit=0.000 gen=0 | d0 run=0 q=0 prealloc=0 xfer=0 http=33 kv=0.000 hit=0.000 gen=0
23:58:50 p0 run=9 q=10 prealloc=0 xfer=0 http=20 kv=0.076 hit=0.000 gen=0 | p1 run=8 q=0 prealloc=0 xfer=0 http=9 kv=0.109 hit=0.000 gen=0 | d0 run=0 q=0 prealloc=0 xfer=0 http=33 kv=0.000 hit=0.000 gen=0
23:59:03 p0 run=9 q=10 prealloc=0 xfer=0 http=20 kv=0.076 hit=0.000 gen=0 | p1 run=8 q=0 prealloc=0 xfer=0 http=9 kv=0.109 hit=0.000 gen=0 | d0 run=0 q=0 prealloc=0 xfer=0 http=33 kv=0.000 hit=0.000 gen=0
23:59:03 p0 run=9 q=10 prealloc=0 xfer=0 http=20 kv=0.076 hit=0.000 gen=0 | p1 run=8 q=0 prealloc=0 xfer=0 http=9 kv=0.109 hit=0.000 gen=0 | d0 run=0 q=0 prealloc=0 xfer=0 http=33 kv=0.000 hit=0.000 gen=0
23:59:06 p0 run=9 q=10 prealloc=0 xfer=0 http=20 kv=0.076 hit=0.000 gen=0 | p1 run=8 q=0 prealloc=0 xfer=0 http=9 kv=0.109 hit=0.000 gen=0 | d0 run=0 q=0 prealloc=0 xfer=0 http=33 kv=0.000 hit=0.000 gen=0
23:59:06 p0 run=9 q=10 prealloc=0 xfer=0 http=20 kv=0.076 hit=0.000 gen=0 | p1 run=8 q=0 prealloc=0 xfer=0 http=9 kv=0.109 hit=0.000 gen=0 | d0 run=0 q=0 prealloc=0 xfer=0 http=33 kv=0.000 hit=0.000 gen=0
23:59:18 p0 run=9 q=10 prealloc=0 xfer=0 http=20 kv=0.076 hit=0.000 gen=0 | p1 run=8 q=0 prealloc=0 xfer=0 http=9 kv=0.109 hit=0.000 gen=0 | d0 run=0 q=0 prealloc=0 xfer=0 http=33 kv=0.000 hit=0.000 gen=0
23:59:18 p0 run=9 q=10 prealloc=0 xfer=0 http=20 kv=0.076 hit=0.000 gen=0 | p1 run=8 q=0 prealloc=0 xfer=0 http=9 kv=0.109 hit=0.000 gen=0 | d0 run=0 q=0 prealloc=0 xfer=0 http=33 kv=0.000 hit=0.000 gen=0
23:59:21 p0 run=9 q=10 prealloc=0 xfer=0 http=20 kv=0.076 hit=0.000 gen=0 | p1 run=8 q=0 prealloc=0 xfer=0 http=9 kv=0.109 hit=0.000 gen=0 | d0 run=0 q=0 prealloc=0 xfer=0 http=33 kv=0.000 hit=0.000 gen=0
23:59:21 p0 run=9 q=10 prealloc=0 xfer=0 http=20 kv=0.076 hit=0.000 gen=0 | p1 run=8 q=0 prealloc=0 xfer=0 http=9 kv=0.109 hit=0.000 gen=0 | d0 run=0 q=0 prealloc=0 xfer=0 http=33 kv=0.000 hit=0.000 gen=0
23:59:34 p0 run=9 q=10 prealloc=0 xfer=0 http=20 kv=0.076 hit=0.000 gen=0 | p1 run=8 q=0 prealloc=0 xfer=0 http=9 kv=0.109 hit=0.000 gen=0 | d0 run=0 q=0 prealloc=0 xfer=0 http=33 kv=0.000 hit=0.000 gen=0
23:59:34 p0 run=9 q=10 prealloc=0 xfer=0 http=20 kv=0.076 hit=0.000 gen=0 | p1 run=8 q=0 prealloc=0 xfer=0 http=9 kv=0.109 hit=0.000 gen=0 | d0 run=0 q=0 prealloc=0 xfer=0 http=33 kv=0.000 hit=0.000 gen=0
23:59:36 p0 run=9 q=10 prealloc=0 xfer=0 http=20 kv=0.076 hit=0.000 gen=0 | p1 run=8 q=0 prealloc=0 xfer=0 http=9 kv=0.109 hit=0.000 gen=0 | d0 run=0 q=0 prealloc=0 xfer=0 http=33 kv=0.000 hit=0.000 gen=0
23:59:36 p0 run=9 q=10 prealloc=0 xfer=0 http=20 kv=0.076 hit=0.000 gen=0 | p1 run=8 q=0 prealloc=0 xfer=0 http=9 kv=0.109 hit=0.000 gen=0 | d0 run=0 q=0 prealloc=0 xfer=0 http=33 kv=0.000 hit=0.000 gen=0
23:59:49 p0 run=9 q=10 prealloc=0 xfer=0 http=20 kv=0.076 hit=0.000 gen=0 | p1 run=8 q=0 prealloc=0 xfer=0 http=9 kv=0.109 hit=0.000 gen=0 | d0 run=0 q=0 prealloc=0 xfer=0 http=33 kv=0.000 hit=0.000 gen=0
23:59:49 p0 run=9 q=10 prealloc=0 xfer=0 http=20 kv=0.076 hit=0.000 gen=0 | p1 run=8 q=0 prealloc=0 xfer=0 http=9 kv=0.109 hit=0.000 gen=0 | d0 run=0 q=0 prealloc=0 xfer=0 http=33 kv=0.000 hit=0.000 gen=0
23:59:52 p0 run=9 q=10 prealloc=0 xfer=0 http=20 kv=0.076 hit=0.000 gen=0 | p1 run=8 q=0 prealloc=0 xfer=0 http=9 kv=0.109 hit=0.000 gen=0 | d0 run=0 q=0 prealloc=0 xfer=0 http=33 kv=0.000 hit=0.000 gen=0
23:59:52 p0 run=9 q=10 prealloc=0 xfer=0 http=20 kv=0.076 hit=0.000 gen=0 | p1 run=8 q=0 prealloc=0 xfer=0 http=9 kv=0.109 hit=0.000 gen=0 | d0 run=0 q=0 prealloc=0 xfer=0 http=33 kv=0.000 hit=0.000 gen=0
00:00:04 p0 run=9 q=10 prealloc=0 xfer=0 http=20 kv=0.076 hit=0.000 gen=0 | p1 run=8 q=0 prealloc=0 xfer=0 http=9 kv=0.109 hit=0.000 gen=0 | d0 run=0 q=0 prealloc=0 xfer=0 http=33 kv=0.000 hit=0.000 gen=0
00:00:04 p0 run=9 q=10 prealloc=0 xfer=0 http=20 kv=0.076 hit=0.000 gen=0 | p1 run=8 q=0 prealloc=0 xfer=0 http=9 kv=0.109 hit=0.000 gen=0 | d0 run=0 q=0 prealloc=0 xfer=0 http=33 kv=0.000 hit=0.000 gen=0
00:00:07 p0 run=9 q=10 prealloc=0 xfer=0 http=20 kv=0.076 hit=0.000 gen=0 | p1 run=8 q=0 prealloc=0 xfer=0 http=9 kv=0.109 hit=0.000 gen=0 | d0 run=0 q=0 prealloc=0 xfer=0 http=33 kv=0.000 hit=0.000 gen=0
00:00:07 p0 run=9 q=10 prealloc=0 xfer=0 http=20 kv=0.076 hit=0.000 gen=0 | p1 run=8 q=0 prealloc=0 xfer=0 http=9 kv=0.109 hit=0.000 gen=0 | d0 run=0 q=0 prealloc=0 xfer=0 http=33 kv=0.000 hit=0.000 gen=0
00:00:20 p0 run=9 q=10 prealloc=0 xfer=0 http=20 kv=0.076 hit=0.000 gen=0 | p1 run=8 q=0 prealloc=0 xfer=0 http=9 kv=0.109 hit=0.000 gen=0 | d0 run=0 q=0 prealloc=0 xfer=0 http=33 kv=0.000 hit=0.000 gen=0
00:00:20 p0 run=9 q=10 prealloc=0 xfer=0 http=20 kv=0.076 hit=0.000 gen=0 | p1 run=8 q=0 prealloc=0 xfer=0 http=9 kv=0.109 hit=0.000 gen=0 | d0 run=0 q=0 prealloc=0 xfer=0 http=33 kv=0.000 hit=0.000 gen=0
00:00:22 p0 run=9 q=10 prealloc=0 xfer=0 http=20 kv=0.076 hit=0.000 gen=0 | p1 run=8 q=0 prealloc=0 xfer=0 http=9 kv=0.109 hit=0.000 gen=0 | d0 run=0 q=0 prealloc=0 xfer=0 http=33 kv=0.000 hit=0.000 gen=0
00:00:22 p0 run=9 q=10 prealloc=0 xfer=0 http=20 kv=0.076 hit=0.000 gen=0 | p1 run=8 q=0 prealloc=0 xfer=0 http=9 kv=0.109 hit=0.000 gen=0 | d0 run=0 q=0 prealloc=0 xfer=0 http=33 kv=0.000 hit=0.000 gen=0
00:00:35 p0 run=9 q=10 prealloc=0 xfer=0 http=20 kv=0.076 hit=0.000 gen=0 | p1 run=8 q=0 prealloc=0 xfer=0 http=9 kv=0.109 hit=0.000 gen=0 | d0 run=0 q=0 prealloc=0 xfer=0 http=33 kv=0.000 hit=0.000 gen=0
00:00:35 p0 run=9 q=10 prealloc=0 xfer=0 http=20 kv=0.076 hit=0.000 gen=0 | p1 run=8 q=0 prealloc=0 xfer=0 http=9 kv=0.109 hit=0.000 gen=0 | d0 run=0 q=0 prealloc=0 xfer=0 http=33 kv=0.000 hit=0.000 gen=0
00:00:38 p0 run=9 q=10 prealloc=0 xfer=0 http=20 kv=0.076 hit=0.000 gen=0 | p1 run=8 q=0 prealloc=0 xfer=0 http=9 kv=0.109 hit=0.000 gen=0 | d0 run=0 q=0 prealloc=0 xfer=0 http=33 kv=0.000 hit=0.000 gen=0
00:00:38 p0 run=9 q=10 prealloc=0 xfer=0 http=20 kv=0.076 hit=0.000 gen=0 | p1 run=8 q=0 prealloc=0 xfer=0 http=9 kv=0.109 hit=0.000 gen=0 | d0 run=0 q=0 prealloc=0 xfer=0 http=33 kv=0.000 hit=0.000 gen=0
00:00:50 p0 run=9 q=10 prealloc=0 xfer=0 http=20 kv=0.076 hit=0.000 gen=0 | p1 run=8 q=0 prealloc=0 xfer=0 http=9 kv=0.109 hit=0.000 gen=0 | d0 run=0 q=0 prealloc=0 xfer=0 http=33 kv=0.000 hit=0.000 gen=0
00:00:50 p0 run=9 q=10 prealloc=0 xfer=0 http=20 kv=0.076 hit=0.000 gen=0 | p1 run=8 q=0 prealloc=0 xfer=0 http=9 kv=0.109 hit=0.000 gen=0 | d0 run=0 q=0 prealloc=0 xfer=0 http=33 kv=0.000 hit=0.000 gen=0
00:00:53 p0 run=9 q=10 prealloc=0 xfer=0 http=20 kv=0.076 hit=0.000 gen=0 | p1 run=8 q=0 prealloc=0 xfer=0 http=9 kv=0.109 hit=0.000 gen=0 | d0 run=0 q=0 prealloc=0 xfer=0 http=33 kv=0.000 hit=0.000 gen=0
00:00:53 p0 run=9 q=10 prealloc=0 xfer=0 http=20 kv=0.076 hit=0.000 gen=0 | p1 run=8 q=0 prealloc=0 xfer=0 http=9 kv=0.109 hit=0.000 gen=0 | d0 run=0 q=0 prealloc=0 xfer=0 http=33 kv=0.000 hit=0.000 gen=0
00:01:05 p0 run=9 q=10 prealloc=0 xfer=0 http=20 kv=0.076 hit=0.000 gen=0 | p1 run=8 q=0 prealloc=0 xfer=0 http=9 kv=0.109 hit=0.000 gen=0 | d0 run=0 q=0 prealloc=0 xfer=0 http=33 kv=0.000 hit=0.000 gen=0
00:01:05 p0 run=9 q=10 prealloc=0 xfer=0 http=20 kv=0.076 hit=0.000 gen=0 | p1 run=8 q=0 prealloc=0 xfer=0 http=9 kv=0.109 hit=0.000 gen=0 | d0 run=0 q=0 prealloc=0 xfer=0 http=33 kv=0.000 hit=0.000 gen=0
00:01:08 p0 run=9 q=10 prealloc=0 xfer=0 http=20 kv=0.076 hit=0.000 gen=0 | p1 run=8 q=0 prealloc=0 xfer=0 http=9 kv=0.109 hit=0.000 gen=0 | d0 run=0 q=0 prealloc=0 xfer=0 http=33 kv=0.000 hit=0.000 gen=0
00:01:08 p0 run=9 q=10 prealloc=0 xfer=0 http=20 kv=0.076 hit=0.000 gen=0 | p1 run=8 q=0 prealloc=0 xfer=0 http=9 kv=0.109 hit=0.000 gen=0 | d0 run=0 q=0 prealloc=0 xfer=0 http=33 kv=0.000 hit=0.000 gen=0
00:01:21 p0 run=9 q=10 prealloc=0 xfer=0 http=20 kv=0.076 hit=0.000 gen=0 | p1 run=8 q=0 prealloc=0 xfer=0 http=9 kv=0.109 hit=0.000 gen=0 | d0 run=0 q=0 prealloc=0 xfer=0 http=33 kv=0.000 hit=0.000 gen=0
00:01:21 p0 run=9 q=10 prealloc=0 xfer=0 http=20 kv=0.076 hit=0.000 gen=0 | p1 run=8 q=0 prealloc=0 xfer=0 http=9 kv=0.109 hit=0.000 gen=0 | d0 run=0 q=0 prealloc=0 xfer=0 http=33 kv=0.000 hit=0.000 gen=0
00:01:23 p0 run=9 q=10 prealloc=0 xfer=0 http=20 kv=0.076 hit=0.000 gen=0 | p1 run=8 q=0 prealloc=0 xfer=0 http=9 kv=0.109 hit=0.000 gen=0 | d0 run=0 q=0 prealloc=0 xfer=0 http=33 kv=0.000 hit=0.000 gen=0
00:01:23 p0 run=9 q=10 prealloc=0 xfer=0 http=20 kv=0.076 hit=0.000 gen=0 | p1 run=8 q=0 prealloc=0 xfer=0 http=9 kv=0.109 hit=0.000 gen=0 | d0 run=0 q=0 prealloc=0 xfer=0 http=33 kv=0.000 hit=0.000 gen=0
00:01:36 p0 run=9 q=10 prealloc=0 xfer=0 http=20 kv=0.076 hit=0.000 gen=0 | p1 run=8 q=0 prealloc=0 xfer=0 http=9 kv=0.109 hit=0.000 gen=0 | d0 run=0 q=0 prealloc=0 xfer=0 http=33 kv=0.000 hit=0.000 gen=0
00:01:36 p0 run=9 q=10 prealloc=0 xfer=0 http=20 kv=0.076 hit=0.000 gen=0 | p1 run=8 q=0 prealloc=0 xfer=0 http=9 kv=0.109 hit=0.000 gen=0 | d0 run=0 q=0 prealloc=0 xfer=0 http=33 kv=0.000 hit=0.000 gen=0
00:01:39 p0 run=9 q=10 prealloc=0 xfer=0 http=20 kv=0.076 hit=0.000 gen=0 | p1 run=8 q=0 prealloc=0 xfer=0 http=9 kv=0.109 hit=0.000 gen=0 | d0 run=0 q=0 prealloc=0 xfer=0 http=33 kv=0.000 hit=0.000 gen=0
00:01:39 p0 run=9 q=10 prealloc=0 xfer=0 http=20 kv=0.076 hit=0.000 gen=0 | p1 run=8 q=0 prealloc=0 xfer=0 http=9 kv=0.109 hit=0.000 gen=0 | d0 run=0 q=0 prealloc=0 xfer=0 http=33 kv=0.000 hit=0.000 gen=0
00:01:51 p0 run=9 q=10 prealloc=0 xfer=0 http=20 kv=0.076 hit=0.000 gen=0 | p1 run=8 q=0 prealloc=0 xfer=0 http=9 kv=0.109 hit=0.000 gen=0 | d0 run=0 q=0 prealloc=0 xfer=0 http=33 kv=0.000 hit=0.000 gen=0
00:01:51 p0 run=9 q=10 prealloc=0 xfer=0 http=20 kv=0.076 hit=0.000 gen=0 | p1 run=8 q=0 prealloc=0 xfer=0 http=9 kv=0.109 hit=0.000 gen=0 | d0 run=0 q=0 prealloc=0 xfer=0 http=33 kv=0.000 hit=0.000 gen=0
00:01:54 p0 run=9 q=10 prealloc=0 xfer=0 http=20 kv=0.076 hit=0.000 gen=0 | p1 run=8 q=0 prealloc=0 xfer=0 http=9 kv=0.109 hit=0.000 gen=0 | d0 run=0 q=0 prealloc=0 xfer=0 http=33 kv=0.000 hit=0.000 gen=0
00:01:54 p0 run=9 q=10 prealloc=0 xfer=0 http=20 kv=0.076 hit=0.000 gen=0 | p1 run=8 q=0 prealloc=0 xfer=0 http=9 kv=0.109 hit=0.000 gen=0 | d0 run=0 q=0 prealloc=0 xfer=0 http=33 kv=0.000 hit=0.000 gen=0
00:02:07 p0 run=9 q=10 prealloc=0 xfer=0 http=20 kv=0.076 hit=0.000 gen=0 | p1 run=8 q=0 prealloc=0 xfer=0 http=9 kv=0.109 hit=0.000 gen=0 | d0 run=0 q=0 prealloc=0 xfer=0 http=33 kv=0.000 hit=0.000 gen=0
00:02:07 p0 run=9 q=10 prealloc=0 xfer=0 http=20 kv=0.076 hit=0.000 gen=0 | p1 run=8 q=0 prealloc=0 xfer=0 http=9 kv=0.109 hit=0.000 gen=0 | d0 run=0 q=0 prealloc=0 xfer=0 http=33 kv=0.000 hit=0.000 gen=0
00:02:09 p0 run=9 q=10 prealloc=0 xfer=0 http=20 kv=0.076 hit=0.000 gen=0 | p1 run=8 q=0 prealloc=0 xfer=0 http=9 kv=0.109 hit=0.000 gen=0 | d0 run=0 q=0 prealloc=0 xfer=0 http=33 kv=0.000 hit=0.000 gen=0
00:02:09 p0 run=9 q=10 prealloc=0 xfer=0 http=20 kv=0.076 hit=0.000 gen=0 | p1 run=8 q=0 prealloc=0 xfer=0 http=9 kv=0.109 hit=0.000 gen=0 | d0 run=0 q=0 prealloc=0 xfer=0 http=33 kv=0.000 hit=0.000 gen=0
00:02:22 p0 run=9 q=10 prealloc=0 xfer=0 http=20 kv=0.076 hit=0.000 gen=0 | p1 run=8 q=0 prealloc=0 xfer=0 http=9 kv=0.109 hit=0.000 gen=0 | d0 run=0 q=0 prealloc=0 xfer=0 http=33 kv=0.000 hit=0.000 gen=0
00:02:22 p0 run=9 q=10 prealloc=0 xfer=0 http=20 kv=0.076 hit=0.000 gen=0 | p1 run=8 q=0 prealloc=0 xfer=0 http=9 kv=0.109 hit=0.000 gen=0 | d0 run=0 q=0 prealloc=0 xfer=0 http=33 kv=0.000 hit=0.000 gen=0
00:02:24 p0 run=9 q=10 prealloc=0 xfer=0 http=20 kv=0.076 hit=0.000 gen=0 | p1 run=8 q=0 prealloc=0 xfer=0 http=9 kv=0.109 hit=0.000 gen=0 | d0 run=0 q=0 prealloc=0 xfer=0 http=33 kv=0.000 hit=0.000 gen=0
00:02:25 p0 run=9 q=10 prealloc=0 xfer=0 http=20 kv=0.076 hit=0.000 gen=0 | p1 run=8 q=0 prealloc=0 xfer=0 http=9 kv=0.109 hit=0.000 gen=0 | d0 run=0 q=0 prealloc=0 xfer=0 http=33 kv=0.000 hit=0.000 gen=0
00:02:37 p0 run=9 q=10 prealloc=0 xfer=0 http=20 kv=0.076 hit=0.000 gen=0 | p1 run=8 q=0 prealloc=0 xfer=0 http=9 kv=0.109 hit=0.000 gen=0 | d0 run=0 q=0 prealloc=0 xfer=0 http=33 kv=0.000 hit=0.000 gen=0
00:02:37 p0 run=9 q=10 prealloc=0 xfer=0 http=20 kv=0.076 hit=0.000 gen=0 | p1 run=8 q=0 prealloc=0 xfer=0 http=9 kv=0.109 hit=0.000 gen=0 | d0 run=0 q=0 prealloc=0 xfer=0 http=33 kv=0.000 hit=0.000 gen=0
00:02:40 p0 run=9 q=10 prealloc=0 xfer=0 http=20 kv=0.076 hit=0.000 gen=0 | p1 run=8 q=0 prealloc=0 xfer=0 http=9 kv=0.109 hit=0.000 gen=0 | d0 run=0 q=0 prealloc=0 xfer=0 http=33 kv=0.000 hit=0.000 gen=0
00:02:40 p0 run=9 q=10 prealloc=0 xfer=0 http=20 kv=0.076 hit=0.000 gen=0 | p1 run=8 q=0 prealloc=0 xfer=0 http=9 kv=0.109 hit=0.000 gen=0 | d0 run=0 q=0 prealloc=0 xfer=0 http=33 kv=0.000 hit=0.000 gen=0
00:02:52 p0 run=9 q=10 prealloc=0 xfer=0 http=20 kv=0.076 hit=0.000 gen=0 | p1 run=8 q=0 prealloc=0 xfer=0 http=9 kv=0.109 hit=0.000 gen=0 | d0 run=0 q=0 prealloc=0 xfer=0 http=33 kv=0.000 hit=0.000 gen=0
00:02:52 p0 run=9 q=10 prealloc=0 xfer=0 http=20 kv=0.076 hit=0.000 gen=0 | p1 run=8 q=0 prealloc=0 xfer=0 http=9 kv=0.109 hit=0.000 gen=0 | d0 run=0 q=0 prealloc=0 xfer=0 http=33 kv=0.000 hit=0.000 gen=0
00:02:55 p0 run=9 q=10 prealloc=0 xfer=0 http=20 kv=0.076 hit=0.000 gen=0 | p1 run=8 q=0 prealloc=0 xfer=0 http=9 kv=0.109 hit=0.000 gen=0 | d0 run=0 q=0 prealloc=0 xfer=0 http=33 kv=0.000 hit=0.000 gen=0
00:02:55 p0 run=9 q=10 prealloc=0 xfer=0 http=20 kv=0.076 hit=0.000 gen=0 | p1 run=8 q=0 prealloc=0 xfer=0 http=9 kv=0.109 hit=0.000 gen=0 | d0 run=0 q=0 prealloc=0 xfer=0 http=33 kv=0.000 hit=0.000 gen=0
00:03:07 p0 run=9 q=10 prealloc=0 xfer=0 http=20 kv=0.076 hit=0.000 gen=0 | p1 run=8 q=0 prealloc=0 xfer=0 http=9 kv=0.109 hit=0.000 gen=0 | d0 run=0 q=0 prealloc=0 xfer=0 http=33 kv=0.000 hit=0.000 gen=0
00:03:07 p0 run=9 q=10 prealloc=0 xfer=0 http=20 kv=0.076 hit=0.000 gen=0 | p1 run=8 q=0 prealloc=0 xfer=0 http=9 kv=0.109 hit=0.000 gen=0 | d0 run=0 q=0 prealloc=0 xfer=0 http=33 kv=0.000 hit=0.000 gen=0
00:03:10 p0 run=9 q=10 prealloc=0 xfer=0 http=20 kv=0.076 hit=0.000 gen=0 | p1 run=8 q=0 prealloc=0 xfer=0 http=9 kv=0.109 hit=0.000 gen=0 | d0 run=0 q=0 prealloc=0 xfer=0 http=33 kv=0.000 hit=0.000 gen=0
00:03:10 p0 run=9 q=10 prealloc=0 xfer=0 http=20 kv=0.076 hit=0.000 gen=0 | p1 run=8 q=0 prealloc=0 xfer=0 http=9 kv=0.109 hit=0.000 gen=0 | d0 run=0 q=0 prealloc=0 xfer=0 http=33 kv=0.000 hit=0.000 gen=0
00:03:22 p0 run=9 q=10 prealloc=0 xfer=0 http=20 kv=0.076 hit=0.000 gen=0 | p1 run=8 q=0 prealloc=0 xfer=0 http=9 kv=0.109 hit=0.000 gen=0 | d0 run=0 q=0 prealloc=0 xfer=0 http=33 kv=0.000 hit=0.000 gen=0
00:03:22 p0 run=9 q=10 prealloc=0 xfer=0 http=20 kv=0.076 hit=0.000 gen=0 | p1 run=8 q=0 prealloc=0 xfer=0 http=9 kv=0.109 hit=0.000 gen=0 | d0 run=0 q=0 prealloc=0 xfer=0 http=33 kv=0.000 hit=0.000 gen=0
00:03:25 p0 run=9 q=10 prealloc=0 xfer=0 http=20 kv=0.076 hit=0.000 gen=0 | p1 run=8 q=0 prealloc=0 xfer=0 http=9 kv=0.109 hit=0.000 gen=0 | d0 run=0 q=0 prealloc=0 xfer=0 http=33 kv=0.000 hit=0.000 gen=0
00:03:25 p0 run=9 q=10 prealloc=0 xfer=0 http=20 kv=0.076 hit=0.000 gen=0 | p1 run=8 q=0 prealloc=0 xfer=0 http=9 kv=0.109 hit=0.000 gen=0 | d0 run=0 q=0 prealloc=0 xfer=0 http=33 kv=0.000 hit=0.000 gen=0
00:03:38 p0 run=9 q=10 prealloc=0 xfer=0 http=20 kv=0.076 hit=0.000 gen=0 | p1 run=8 q=0 prealloc=0 xfer=0 http=9 kv=0.109 hit=0.000 gen=0 | d0 run=0 q=0 prealloc=0 xfer=0 http=33 kv=0.000 hit=0.000 gen=0
00:03:38 p0 run=9 q=10 prealloc=0 xfer=0 http=20 kv=0.076 hit=0.000 gen=0 | p1 run=8 q=0 prealloc=0 xfer=0 http=9 kv=0.109 hit=0.000 gen=0 | d0 run=0 q=0 prealloc=0 xfer=0 http=33 kv=0.000 hit=0.000 gen=0
00:03:40 p0 run=9 q=10 prealloc=0 xfer=0 http=20 kv=0.076 hit=0.000 gen=0 | p1 run=8 q=0 prealloc=0 xfer=0 http=9 kv=0.109 hit=0.000 gen=0 | d0 run=0 q=0 prealloc=0 xfer=0 http=33 kv=0.000 hit=0.000 gen=0
00:03:40 p0 run=9 q=10 prealloc=0 xfer=0 http=20 kv=0.076 hit=0.000 gen=0 | p1 run=8 q=0 prealloc=0 xfer=0 http=9 kv=0.109 hit=0.000 gen=0 | d0 run=0 q=0 prealloc=0 xfer=0 http=33 kv=0.000 hit=0.000 gen=0
00:03:53 p0 run=9 q=10 prealloc=0 xfer=0 http=20 kv=0.076 hit=0.000 gen=0 | p1 run=8 q=0 prealloc=0 xfer=0 http=9 kv=0.109 hit=0.000 gen=0 | d0 run=0 q=0 prealloc=0 xfer=0 http=33 kv=0.000 hit=0.000 gen=0
00:03:53 p0 run=9 q=10 prealloc=0 xfer=0 http=20 kv=0.076 hit=0.000 gen=0 | p1 run=8 q=0 prealloc=0 xfer=0 http=9 kv=0.109 hit=0.000 gen=0 | d0 run=0 q=0 prealloc=0 xfer=0 http=33 kv=0.000 hit=0.000 gen=0
00:03:55 p0 run=9 q=10 prealloc=0 xfer=0 http=20 kv=0.076 hit=0.000 gen=0 | p1 run=8 q=0 prealloc=0 xfer=0 http=9 kv=0.109 hit=0.000 gen=0 | d0 run=0 q=0 prealloc=0 xfer=0 http=33 kv=0.000 hit=0.000 gen=0
00:03:55 p0 run=9 q=10 prealloc=0 xfer=0 http=20 kv=0.076 hit=0.000 gen=0 | p1 run=8 q=0 prealloc=0 xfer=0 http=9 kv=0.109 hit=0.000 gen=0 | d0 run=0 q=0 prealloc=0 xfer=0 http=33 kv=0.000 hit=0.000 gen=0
00:04:08 p0 run=9 q=10 prealloc=0 xfer=0 http=20 kv=0.076 hit=0.000 gen=0 | p1 run=8 q=0 prealloc=0 xfer=0 http=9 kv=0.109 hit=0.000 gen=0 | d0 run=0 q=0 prealloc=0 xfer=0 http=33 kv=0.000 hit=0.000 gen=0
00:04:08 p0 run=9 q=10 prealloc=0 xfer=0 http=20 kv=0.076 hit=0.000 gen=0 | p1 run=8 q=0 prealloc=0 xfer=0 http=9 kv=0.109 hit=0.000 gen=0 | d0 run=0 q=0 prealloc=0 xfer=0 http=33 kv=0.000 hit=0.000 gen=0
00:04:11 p0 run=9 q=10 prealloc=0 xfer=0 http=20 kv=0.076 hit=0.000 gen=0 | p1 run=8 q=0 prealloc=0 xfer=0 http=9 kv=0.109 hit=0.000 gen=0 | d0 run=0 q=0 prealloc=0 xfer=0 http=33 kv=0.000 hit=0.000 gen=0
00:04:11 p0 run=9 q=10 prealloc=0 xfer=0 http=20 kv=0.076 hit=0.000 gen=0 | p1 run=8 q=0 prealloc=0 xfer=0 http=9 kv=0.109 hit=0.000 gen=0 | d0 run=0 q=0 prealloc=0 xfer=0 http=33 kv=0.000 hit=0.000 gen=0
00:04:24 p0 run=9 q=10 prealloc=0 xfer=0 http=20 kv=0.076 hit=0.000 gen=0 | p1 run=8 q=0 prealloc=0 xfer=0 http=9 kv=0.109 hit=0.000 gen=0 | d0 run=0 q=0 prealloc=0 xfer=0 http=33 kv=0.000 hit=0.000 gen=0
00:04:24 p0 run=9 q=10 prealloc=0 xfer=0 http=20 kv=0.076 hit=0.000 gen=0 | p1 run=8 q=0 prealloc=0 xfer=0 http=9 kv=0.109 hit=0.000 gen=0 | d0 run=0 q=0 prealloc=0 xfer=0 http=33 kv=0.000 hit=0.000 gen=0
00:04:26 p0 run=9 q=10 prealloc=0 xfer=0 http=20 kv=0.076 hit=0.000 gen=0 | p1 run=8 q=0 prealloc=0 xfer=0 http=9 kv=0.109 hit=0.000 gen=0 | d0 run=0 q=0 prealloc=0 xfer=0 http=33 kv=0.000 hit=0.000 gen=0
00:04:26 p0 run=9 q=10 prealloc=0 xfer=0 http=20 kv=0.076 hit=0.000 gen=0 | p1 run=8 q=0 prealloc=0 xfer=0 http=9 kv=0.109 hit=0.000 gen=0 | d0 run=0 q=0 prealloc=0 xfer=0 http=33 kv=0.000 hit=0.000 gen=0
00:04:39 p0 run=9 q=10 prealloc=0 xfer=0 http=20 kv=0.076 hit=0.000 gen=0 | p1 run=8 q=0 prealloc=0 xfer=0 http=9 kv=0.109 hit=0.000 gen=0 | d0 run=0 q=0 prealloc=0 xfer=0 http=33 kv=0.000 hit=0.000 gen=0
00:04:39 p0 run=9 q=10 prealloc=0 xfer=0 http=20 kv=0.076 hit=0.000 gen=0 | p1 run=8 q=0 prealloc=0 xfer=0 http=9 kv=0.109 hit=0.000 gen=0 | d0 run=0 q=0 prealloc=0 xfer=0 http=33 kv=0.000 hit=0.000 gen=0
00:04:41 p0 run=9 q=10 prealloc=0 xfer=0 http=20 kv=0.076 hit=0.000 gen=0 | p1 run=8 q=0 prealloc=0 xfer=0 http=9 kv=0.109 hit=0.000 gen=0 | d0 run=0 q=0 prealloc=0 xfer=0 http=33 kv=0.000 hit=0.000 gen=0
00:04:41 p0 run=9 q=10 prealloc=0 xfer=0 http=20 kv=0.076 hit=0.000 gen=0 | p1 run=8 q=0 prealloc=0 xfer=0 http=9 kv=0.109 hit=0.000 gen=0 | d0 run=0 q=0 prealloc=0 xfer=0 http=33 kv=0.000 hit=0.000 gen=0
00:04:54 p0 run=9 q=10 prealloc=0 xfer=0 http=20 kv=0.076 hit=0.000 gen=0 | p1 run=8 q=0 prealloc=0 xfer=0 http=9 kv=0.109 hit=0.000 gen=0 | d0 run=0 q=0 prealloc=0 xfer=0 http=33 kv=0.000 hit=0.000 gen=0
00:04:54 p0 run=9 q=10 prealloc=0 xfer=0 http=20 kv=0.076 hit=0.000 gen=0 | p1 run=8 q=0 prealloc=0 xfer=0 http=9 kv=0.109 hit=0.000 gen=0 | d0 run=0 q=0 prealloc=0 xfer=0 http=33 kv=0.000 hit=0.000 gen=0
00:04:56 p0 run=9 q=10 prealloc=0 xfer=0 http=20 kv=0.076 hit=0.000 gen=0 | p1 run=8 q=0 prealloc=0 xfer=0 http=9 kv=0.109 hit=0.000 gen=0 | d0 run=0 q=0 prealloc=0 xfer=0 http=33 kv=0.000 hit=0.000 gen=0
00:04:56 p0 run=9 q=10 prealloc=0 xfer=0 http=20 kv=0.076 hit=0.000 gen=0 | p1 run=8 q=0 prealloc=0 xfer=0 http=9 kv=0.109 hit=0.000 gen=0 | d0 run=0 q=0 prealloc=0 xfer=0 http=33 kv=0.000 hit=0.000 gen=0
00:05:10 p0 run=9 q=10 prealloc=0 xfer=0 http=20 kv=0.076 hit=0.000 gen=0 | p1 run=8 q=0 prealloc=0 xfer=0 http=9 kv=0.109 hit=0.000 gen=0 | d0 run=0 q=0 prealloc=0 xfer=0 http=33 kv=0.000 hit=0.000 gen=0
00:05:10 p0 run=9 q=10 prealloc=0 xfer=0 http=20 kv=0.076 hit=0.000 gen=0 | p1 run=8 q=0 prealloc=0 xfer=0 http=9 kv=0.109 hit=0.000 gen=0 | d0 run=0 q=0 prealloc=0 xfer=0 http=33 kv=0.000 hit=0.000 gen=0
00:05:11 p0 run=9 q=10 prealloc=0 xfer=0 http=20 kv=0.076 hit=0.000 gen=0 | p1 run=8 q=0 prealloc=0 xfer=0 http=9 kv=0.109 hit=0.000 gen=0 | d0 run=0 q=0 prealloc=0 xfer=0 http=33 kv=0.000 hit=0.000 gen=0
00:05:11 p0 run=9 q=10 prealloc=0 xfer=0 http=20 kv=0.076 hit=0.000 gen=0 | p1 run=8 q=0 prealloc=0 xfer=0 http=9 kv=0.109 hit=0.000 gen=0 | d0 run=0 q=0 prealloc=0 xfer=0 http=33 kv=0.000 hit=0.000 gen=0
00:05:25 p0 run=9 q=10 prealloc=0 xfer=0 http=20 kv=0.076 hit=0.000 gen=0 | p1 run=8 q=0 prealloc=0 xfer=0 http=9 kv=0.109 hit=0.000 gen=0 | d0 run=0 q=0 prealloc=0 xfer=0 http=33 kv=0.000 hit=0.000 gen=0
00:05:25 p0 run=9 q=10 prealloc=0 xfer=0 http=20 kv=0.076 hit=0.000 gen=0 | p1 run=8 q=0 prealloc=0 xfer=0 http=9 kv=0.109 hit=0.000 gen=0 | d0 run=0 q=0 prealloc=0 xfer=0 http=33 kv=0.000 hit=0.000 gen=0
00:05:26 p0 run=9 q=10 prealloc=0 xfer=0 http=20 kv=0.076 hit=0.000 gen=0 | p1 run=8 q=0 prealloc=0 xfer=0 http=9 kv=0.109 hit=0.000 gen=0 | d0 run=0 q=0 prealloc=0 xfer=0 http=33 kv=0.000 hit=0.000 gen=0
00:05:26 p0 run=9 q=10 prealloc=0 xfer=0 http=20 kv=0.076 hit=0.000 gen=0 | p1 run=8 q=0 prealloc=0 xfer=0 http=9 kv=0.109 hit=0.000 gen=0 | d0 run=0 q=0 prealloc=0 xfer=0 http=33 kv=0.000 hit=0.000 gen=0
00:05:40 p0 run=9 q=10 prealloc=0 xfer=0 http=20 kv=0.076 hit=0.000 gen=0 | p1 run=8 q=0 prealloc=0 xfer=0 http=9 kv=0.109 hit=0.000 gen=0 | d0 run=0 q=0 prealloc=0 xfer=0 http=33 kv=0.000 hit=0.000 gen=0
00:05:40 p0 run=9 q=10 prealloc=0 xfer=0 http=20 kv=0.076 hit=0.000 gen=0 | p1 run=8 q=0 prealloc=0 xfer=0 http=9 kv=0.109 hit=0.000 gen=0 | d0 run=0 q=0 prealloc=0 xfer=0 http=33 kv=0.000 hit=0.000 gen=0
00:05:41 p0 run=9 q=10 prealloc=0 xfer=0 http=20 kv=0.076 hit=0.000 gen=0 | p1 run=8 q=0 prealloc=0 xfer=0 http=9 kv=0.109 hit=0.000 gen=0 | d0 run=0 q=0 prealloc=0 xfer=0 http=33 kv=0.000 hit=0.000 gen=0
00:05:42 p0 run=9 q=10 prealloc=0 xfer=0 http=20 kv=0.076 hit=0.000 gen=0 | p1 run=8 q=0 prealloc=0 xfer=0 http=9 kv=0.109 hit=0.000 gen=0 | d0 run=0 q=0 prealloc=0 xfer=0 http=33 kv=0.000 hit=0.000 gen=0
00:05:56 p0 run=9 q=10 prealloc=0 xfer=0 http=20 kv=0.076 hit=0.000 gen=0 | p1 run=8 q=0 prealloc=0 xfer=0 http=9 kv=0.109 hit=0.000 gen=0 | d0 run=0 q=0 prealloc=0 xfer=0 http=33 kv=0.000 hit=0.000 gen=0
00:05:56 p0 run=9 q=10 prealloc=0 xfer=0 http=20 kv=0.076 hit=0.000 gen=0 | p1 run=8 q=0 prealloc=0 xfer=0 http=9 kv=0.109 hit=0.000 gen=0 | d0 run=0 q=0 prealloc=0 xfer=0 http=33 kv=0.000 hit=0.000 gen=0
00:05:57 p0 run=9 q=10 prealloc=0 xfer=0 http=20 kv=0.076 hit=0.000 gen=0 | p1 run=8 q=0 prealloc=0 xfer=0 http=9 kv=0.109 hit=0.000 gen=0 | d0 run=0 q=0 prealloc=0 xfer=0 http=33 kv=0.000 hit=0.000 gen=0
00:05:57 p0 run=9 q=10 prealloc=0 xfer=0 http=20 kv=0.076 hit=0.000 gen=0 | p1 run=8 q=0 prealloc=0 xfer=0 http=9 kv=0.109 hit=0.000 gen=0 | d0 run=0 q=0 prealloc=0 xfer=0 http=33 kv=0.000 hit=0.000 gen=0
00:06:11 p0 run=9 q=10 prealloc=0 xfer=0 http=20 kv=0.076 hit=0.000 gen=0 | p1 run=8 q=0 prealloc=0 xfer=0 http=9 kv=0.109 hit=0.000 gen=0 | d0 run=0 q=0 prealloc=0 xfer=0 http=33 kv=0.000 hit=0.000 gen=0
00:06:11 p0 run=9 q=10 prealloc=0 xfer=0 http=20 kv=0.076 hit=0.000 gen=0 | p1 run=8 q=0 prealloc=0 xfer=0 http=9 kv=0.109 hit=0.000 gen=0 | d0 run=0 q=0 prealloc=0 xfer=0 http=33 kv=0.000 hit=0.000 gen=0
00:06:12 p0 run=9 q=10 prealloc=0 xfer=0 http=20 kv=0.076 hit=0.000 gen=0 | p1 run=8 q=0 prealloc=0 xfer=0 http=9 kv=0.109 hit=0.000 gen=0 | d0 run=0 q=0 prealloc=0 xfer=0 http=33 kv=0.000 hit=0.000 gen=0
00:06:12 p0 run=9 q=10 prealloc=0 xfer=0 http=20 kv=0.076 hit=0.000 gen=0 | p1 run=8 q=0 prealloc=0 xfer=0 http=9 kv=0.109 hit=0.000 gen=0 | d0 run=0 q=0 prealloc=0 xfer=0 http=33 kv=0.000 hit=0.000 gen=0
00:06:26 p0 run=9 q=10 prealloc=0 xfer=0 http=20 kv=0.076 hit=0.000 gen=0 | p1 run=8 q=0 prealloc=0 xfer=0 http=9 kv=0.109 hit=0.000 gen=0 | d0 run=0 q=0 prealloc=0 xfer=0 http=33 kv=0.000 hit=0.000 gen=0
00:06:26 p0 run=9 q=10 prealloc=0 xfer=0 http=20 kv=0.076 hit=0.000 gen=0 | p1 run=8 q=0 prealloc=0 xfer=0 http=9 kv=0.109 hit=0.000 gen=0 | d0 run=0 q=0 prealloc=0 xfer=0 http=33 kv=0.000 hit=0.000 gen=0
00:06:27 p0 run=9 q=10 prealloc=0 xfer=0 http=20 kv=0.076 hit=0.000 gen=0 | p1 run=8 q=0 prealloc=0 xfer=0 http=9 kv=0.109 hit=0.000 gen=0 | d0 run=0 q=0 prealloc=0 xfer=0 http=33 kv=0.000 hit=0.000 gen=0
00:06:27 p0 run=9 q=10 prealloc=0 xfer=0 http=20 kv=0.076 hit=0.000 gen=0 | p1 run=8 q=0 prealloc=0 xfer=0 http=9 kv=0.109 hit=0.000 gen=0 | d0 run=0 q=0 prealloc=0 xfer=0 http=33 kv=0.000 hit=0.000 gen=0
00:06:42 p0 run=9 q=10 prealloc=0 xfer=0 http=20 kv=0.076 hit=0.000 gen=0 | p1 run=8 q=0 prealloc=0 xfer=0 http=9 kv=0.109 hit=0.000 gen=0 | d0 run=0 q=0 prealloc=0 xfer=0 http=33 kv=0.000 hit=0.000 gen=0
00:06:42 p0 run=9 q=10 prealloc=0 xfer=0 http=20 kv=0.076 hit=0.000 gen=0 | p1 run=8 q=0 prealloc=0 xfer=0 http=9 kv=0.109 hit=0.000 gen=0 | d0 run=0 q=0 prealloc=0 xfer=0 http=33 kv=0.000 hit=0.000 gen=0
00:06:42 p0 run=9 q=10 prealloc=0 xfer=0 http=20 kv=0.076 hit=0.000 gen=0 | p1 run=8 q=0 prealloc=0 xfer=0 http=9 kv=0.109 hit=0.000 gen=0 | d0 run=0 q=0 prealloc=0 xfer=0 http=33 kv=0.000 hit=0.000 gen=0
00:06:42 p0 run=9 q=10 prealloc=0 xfer=0 http=20 kv=0.076 hit=0.000 gen=0 | p1 run=8 q=0 prealloc=0 xfer=0 http=9 kv=0.109 hit=0.000 gen=0 | d0 run=0 q=0 prealloc=0 xfer=0 http=33 kv=0.000 hit=0.000 gen=0
00:06:57 p0 run=9 q=10 prealloc=0 xfer=0 http=20 kv=0.076 hit=0.000 gen=0 | p1 run=8 q=0 prealloc=0 xfer=0 http=9 kv=0.109 hit=0.000 gen=0 | d0 run=0 q=0 prealloc=0 xfer=0 http=33 kv=0.000 hit=0.000 gen=0
00:06:57 p0 run=9 q=10 prealloc=0 xfer=0 http=20 kv=0.076 hit=0.000 gen=0 | p1 run=8 q=0 prealloc=0 xfer=0 http=9 kv=0.109 hit=0.000 gen=0 | d0 run=0 q=0 prealloc=0 xfer=0 http=33 kv=0.000 hit=0.000 gen=0
00:06:57 p0 run=9 q=10 prealloc=0 xfer=0 http=20 kv=0.076 hit=0.000 gen=0 | p1 run=8 q=0 prealloc=0 xfer=0 http=9 kv=0.109 hit=0.000 gen=0 | d0 run=0 q=0 prealloc=0 xfer=0 http=33 kv=0.000 hit=0.000 gen=0
00:06:57 p0 run=9 q=10 prealloc=0 xfer=0 http=20 kv=0.076 hit=0.000 gen=0 | p1 run=8 q=0 prealloc=0 xfer=0 http=9 kv=0.109 hit=0.000 gen=0 | d0 run=0 q=0 prealloc=0 xfer=0 http=33 kv=0.000 hit=0.000 gen=0
00:07:12 p0 run=9 q=10 prealloc=0 xfer=0 http=20 kv=0.076 hit=0.000 gen=0 | p1 run=8 q=0 prealloc=0 xfer=0 http=9 kv=0.109 hit=0.000 gen=0 | d0 run=0 q=0 prealloc=0 xfer=0 http=33 kv=0.000 hit=0.000 gen=0
00:07:12 p0 run=9 q=10 prealloc=0 xfer=0 http=20 kv=0.076 hit=0.000 gen=0 | p1 run=8 q=0 prealloc=0 xfer=0 http=9 kv=0.109 hit=0.000 gen=0 | d0 run=0 q=0 prealloc=0 xfer=0 http=33 kv=0.000 hit=0.000 gen=0
00:07:12 p0 run=9 q=10 prealloc=0 xfer=0 http=20 kv=0.076 hit=0.000 gen=0 | p1 run=8 q=0 prealloc=0 xfer=0 http=9 kv=0.109 hit=0.000 gen=0 | d0 run=0 q=0 prealloc=0 xfer=0 http=33 kv=0.000 hit=0.000 gen=0
00:07:13 p0 run=9 q=10 prealloc=0 xfer=0 http=20 kv=0.076 hit=0.000 gen=0 | p1 run=8 q=0 prealloc=0 xfer=0 http=9 kv=0.109 hit=0.000 gen=0 | d0 run=0 q=0 prealloc=0 xfer=0 http=33 kv=0.000 hit=0.000 gen=0
00:07:28 p0 run=9 q=10 prealloc=0 xfer=0 http=20 kv=0.076 hit=0.000 gen=0 | p1 run=8 q=0 prealloc=0 xfer=0 http=9 kv=0.109 hit=0.000 gen=0 | d0 run=0 q=0 prealloc=0 xfer=0 http=31 kv=0.000 hit=0.000 gen=0
00:07:28 p0 run=9 q=10 prealloc=0 xfer=0 http=20 kv=0.076 hit=0.000 gen=0 | p1 run=8 q=0 prealloc=0 xfer=0 http=9 kv=0.109 hit=0.000 gen=0 | d0 run=0 q=0 prealloc=0 xfer=0 http=31 kv=0.000 hit=0.000 gen=0
00:07:28 p0 run=9 q=10 prealloc=0 xfer=0 http=20 kv=0.076 hit=0.000 gen=0 | p1 run=8 q=0 prealloc=0 xfer=0 http=9 kv=0.109 hit=0.000 gen=0 | d0 run=0 q=0 prealloc=0 xfer=0 http=31 kv=0.000 hit=0.000 gen=0
00:07:28 p0 run=9 q=10 prealloc=0 xfer=0 http=20 kv=0.076 hit=0.000 gen=0 | p1 run=8 q=0 prealloc=0 xfer=0 http=9 kv=0.109 hit=0.000 gen=0 | d0 run=0 q=0 prealloc=0 xfer=0 http=31 kv=0.000 hit=0.000 gen=0
00:07:43 p0 run=9 q=10 prealloc=0 xfer=0 http=20 kv=0.076 hit=0.000 gen=0 | p1 run=8 q=0 prealloc=0 xfer=0 http=9 kv=0.109 hit=0.000 gen=0 | d0 run=0 q=0 prealloc=0 xfer=0 http=31 kv=0.000 hit=0.000 gen=0
00:07:43 p0 run=9 q=10 prealloc=0 xfer=0 http=20 kv=0.076 hit=0.000 gen=0 | p1 run=8 q=0 prealloc=0 xfer=0 http=9 kv=0.109 hit=0.000 gen=0 | d0 run=0 q=0 prealloc=0 xfer=0 http=31 kv=0.000 hit=0.000 gen=0
00:07:43 p0 run=9 q=10 prealloc=0 xfer=0 http=20 kv=0.076 hit=0.000 gen=0 | p1 run=8 q=0 prealloc=0 xfer=0 http=9 kv=0.109 hit=0.000 gen=0 | d0 run=0 q=0 prealloc=0 xfer=0 http=31 kv=0.000 hit=0.000 gen=0
00:07:43 p0 run=9 q=10 prealloc=0 xfer=0 http=20 kv=0.076 hit=0.000 gen=0 | p1 run=8 q=0 prealloc=0 xfer=0 http=9 kv=0.109 hit=0.000 gen=0 | d0 run=0 q=0 prealloc=0 xfer=0 http=31 kv=0.000 hit=0.000 gen=0
00:07:58 p0 run=9 q=10 prealloc=0 xfer=0 http=20 kv=0.076 hit=0.000 gen=0 | p1 run=8 q=0 prealloc=0 xfer=0 http=9 kv=0.109 hit=0.000 gen=0 | d0 run=0 q=0 prealloc=0 xfer=0 http=31 kv=0.000 hit=0.000 gen=0
00:07:58 p0 run=9 q=10 prealloc=0 xfer=0 http=20 kv=0.076 hit=0.000 gen=0 | p1 run=8 q=0 prealloc=0 xfer=0 http=9 kv=0.109 hit=0.000 gen=0 | d0 run=0 q=0 prealloc=0 xfer=0 http=31 kv=0.000 hit=0.000 gen=0
00:07:58 p0 run=9 q=10 prealloc=0 xfer=0 http=20 kv=0.076 hit=0.000 gen=0 | p1 run=8 q=0 prealloc=0 xfer=0 http=9 kv=0.109 hit=0.000 gen=0 | d0 run=0 q=0 prealloc=0 xfer=0 http=31 kv=0.000 hit=0.000 gen=0
00:07:58 p0 run=9 q=10 prealloc=0 xfer=0 http=20 kv=0.076 hit=0.000 gen=0 | p1 run=8 q=0 prealloc=0 xfer=0 http=9 kv=0.109 hit=0.000 gen=0 | d0 run=0 q=0 prealloc=0 xfer=0 http=31 kv=0.000 hit=0.000 gen=0
00:08:13 p0 run=9 q=10 prealloc=0 xfer=0 http=20 kv=0.076 hit=0.000 gen=0 | p1 run=8 q=0 prealloc=0 xfer=0 http=9 kv=0.109 hit=0.000 gen=0 | d0 run=0 q=0 prealloc=0 xfer=0 http=31 kv=0.000 hit=0.000 gen=0
00:08:13 p0 run=9 q=10 prealloc=0 xfer=0 http=20 kv=0.076 hit=0.000 gen=0 | p1 run=8 q=0 prealloc=0 xfer=0 http=9 kv=0.109 hit=0.000 gen=0 | d0 run=0 q=0 prealloc=0 xfer=0 http=31 kv=0.000 hit=0.000 gen=0
00:08:13 p0 run=9 q=10 prealloc=0 xfer=0 http=20 kv=0.076 hit=0.000 gen=0 | p1 run=8 q=0 prealloc=0 xfer=0 http=9 kv=0.109 hit=0.000 gen=0 | d0 run=0 q=0 prealloc=0 xfer=0 http=31 kv=0.000 hit=0.000 gen=0
00:08:13 p0 run=9 q=10 prealloc=0 xfer=0 http=20 kv=0.076 hit=0.000 gen=0 | p1 run=8 q=0 prealloc=0 xfer=0 http=9 kv=0.109 hit=0.000 gen=0 | d0 run=0 q=0 prealloc=0 xfer=0 http=31 kv=0.000 hit=0.000 gen=0
00:08:29 p0 run=9 q=10 prealloc=0 xfer=0 http=20 kv=0.076 hit=0.000 gen=0 | p1 run=8 q=0 prealloc=0 xfer=0 http=9 kv=0.109 hit=0.000 gen=0 | d0 run=0 q=0 prealloc=0 xfer=0 http=31 kv=0.000 hit=0.000 gen=0
00:08:29 p0 run=9 q=10 prealloc=0 xfer=0 http=20 kv=0.076 hit=0.000 gen=0 | p1 run=8 q=0 prealloc=0 xfer=0 http=9 kv=0.109 hit=0.000 gen=0 | d0 run=0 q=0 prealloc=0 xfer=0 http=31 kv=0.000 hit=0.000 gen=0
00:08:29 p0 run=9 q=10 prealloc=0 xfer=0 http=20 kv=0.076 hit=0.000 gen=0 | p1 run=8 q=0 prealloc=0 xfer=0 http=9 kv=0.109 hit=0.000 gen=0 | d0 run=0 q=0 prealloc=0 xfer=0 http=31 kv=0.000 hit=0.000 gen=0
00:08:29 p0 run=9 q=10 prealloc=0 xfer=0 http=20 kv=0.076 hit=0.000 gen=0 | p1 run=8 q=0 prealloc=0 xfer=0 http=9 kv=0.109 hit=0.000 gen=0 | d0 run=0 q=0 prealloc=0 xfer=0 http=31 kv=0.000 hit=0.000 gen=0
00:08:44 p0 run=9 q=10 prealloc=0 xfer=0 http=20 kv=0.076 hit=0.000 gen=0 | p1 run=8 q=0 prealloc=0 xfer=0 http=9 kv=0.109 hit=0.000 gen=0 | d0 run=0 q=0 prealloc=0 xfer=0 http=31 kv=0.000 hit=0.000 gen=0
00:08:44 p0 run=9 q=10 prealloc=0 xfer=0 http=20 kv=0.076 hit=0.000 gen=0 | p1 run=8 q=0 prealloc=0 xfer=0 http=9 kv=0.109 hit=0.000 gen=0 | d0 run=0 q=0 prealloc=0 xfer=0 http=31 kv=0.000 hit=0.000 gen=0
00:08:44 p0 run=9 q=10 prealloc=0 xfer=0 http=20 kv=0.076 hit=0.000 gen=0 | p1 run=8 q=0 prealloc=0 xfer=0 http=9 kv=0.109 hit=0.000 gen=0 | d0 run=0 q=0 prealloc=0 xfer=0 http=31 kv=0.000 hit=0.000 gen=0
00:08:44 p0 run=9 q=10 prealloc=0 xfer=0 http=20 kv=0.076 hit=0.000 gen=0 | p1 run=8 q=0 prealloc=0 xfer=0 http=9 kv=0.109 hit=0.000 gen=0 | d0 run=0 q=0 prealloc=0 xfer=0 http=31 kv=0.000 hit=0.000 gen=0
00:08:59 p0 run=9 q=10 prealloc=0 xfer=0 http=20 kv=0.076 hit=0.000 gen=0 | p1 run=8 q=0 prealloc=0 xfer=0 http=9 kv=0.109 hit=0.000 gen=0 | d0 run=0 q=0 prealloc=0 xfer=0 http=31 kv=0.000 hit=0.000 gen=0
00:08:59 p0 run=9 q=10 prealloc=0 xfer=0 http=20 kv=0.076 hit=0.000 gen=0 | p1 run=8 q=0 prealloc=0 xfer=0 http=9 kv=0.109 hit=0.000 gen=0 | d0 run=0 q=0 prealloc=0 xfer=0 http=31 kv=0.000 hit=0.000 gen=0
00:08:59 p0 run=9 q=10 prealloc=0 xfer=0 http=20 kv=0.076 hit=0.000 gen=0 | p1 run=8 q=0 prealloc=0 xfer=0 http=9 kv=0.109 hit=0.000 gen=0 | d0 run=0 q=0 prealloc=0 xfer=0 http=31 kv=0.000 hit=0.000 gen=0
00:08:59 p0 run=9 q=10 prealloc=0 xfer=0 http=20 kv=0.076 hit=0.000 gen=0 | p1 run=8 q=0 prealloc=0 xfer=0 http=9 kv=0.109 hit=0.000 gen=0 | d0 run=0 q=0 prealloc=0 xfer=0 http=31 kv=0.000 hit=0.000 gen=0
00:09:14 p0 run=9 q=10 prealloc=0 xfer=0 http=20 kv=0.076 hit=0.000 gen=0 | p1 run=8 q=0 prealloc=0 xfer=0 http=9 kv=0.109 hit=0.000 gen=0 | d0 run=0 q=0 prealloc=0 xfer=0 http=31 kv=0.000 hit=0.000 gen=0
00:09:14 p0 run=9 q=10 prealloc=0 xfer=0 http=20 kv=0.076 hit=0.000 gen=0 | p1 run=8 q=0 prealloc=0 xfer=0 http=9 kv=0.109 hit=0.000 gen=0 | d0 run=0 q=0 prealloc=0 xfer=0 http=31 kv=0.000 hit=0.000 gen=0
00:09:15 p0 run=9 q=10 prealloc=0 xfer=0 http=20 kv=0.076 hit=0.000 gen=0 | p1 run=8 q=0 prealloc=0 xfer=0 http=9 kv=0.109 hit=0.000 gen=0 | d0 run=0 q=0 prealloc=0 xfer=0 http=31 kv=0.000 hit=0.000 gen=0
00:09:15 p0 run=9 q=10 prealloc=0 xfer=0 http=20 kv=0.076 hit=0.000 gen=0 | p1 run=8 q=0 prealloc=0 xfer=0 http=9 kv=0.109 hit=0.000 gen=0 | d0 run=0 q=0 prealloc=0 xfer=0 http=31 kv=0.000 hit=0.000 gen=0
00:09:29 p0 run=9 q=10 prealloc=0 xfer=0 http=20 kv=0.076 hit=0.000 gen=0 | p1 run=8 q=0 prealloc=0 xfer=0 http=9 kv=0.109 hit=0.000 gen=0 | d0 run=0 q=0 prealloc=0 xfer=0 http=30 kv=0.000 hit=0.000 gen=0
00:09:30 p0 run=9 q=10 prealloc=0 xfer=0 http=20 kv=0.076 hit=0.000 gen=0 | p1 run=8 q=0 prealloc=0 xfer=0 http=9 kv=0.109 hit=0.000 gen=0 | d0 run=0 q=0 prealloc=0 xfer=0 http=30 kv=0.000 hit=0.000 gen=0
00:09:30 p0 run=9 q=10 prealloc=0 xfer=0 http=20 kv=0.076 hit=0.000 gen=0 | p1 run=8 q=0 prealloc=0 xfer=0 http=9 kv=0.109 hit=0.000 gen=0 | d0 run=0 q=0 prealloc=0 xfer=0 http=30 kv=0.000 hit=0.000 gen=0
00:09:30 p0 run=9 q=10 prealloc=0 xfer=0 http=20 kv=0.076 hit=0.000 gen=0 | p1 run=8 q=0 prealloc=0 xfer=0 http=9 kv=0.109 hit=0.000 gen=0 | d0 run=0 q=0 prealloc=0 xfer=0 http=30 kv=0.000 hit=0.000 gen=0
00:09:45 p0 run=9 q=10 prealloc=0 xfer=0 http=20 kv=0.076 hit=0.000 gen=0 | p1 run=8 q=0 prealloc=0 xfer=0 http=9 kv=0.109 hit=0.000 gen=0 | d0 run=0 q=0 prealloc=0 xfer=0 http=28 kv=0.000 hit=0.000 gen=0
00:09:45 p0 run=9 q=10 prealloc=0 xfer=0 http=20 kv=0.076 hit=0.000 gen=0 | p1 run=8 q=0 prealloc=0 xfer=0 http=9 kv=0.109 hit=0.000 gen=0 | d0 run=0 q=0 prealloc=0 xfer=0 http=28 kv=0.000 hit=0.000 gen=0
00:09:45 p0 run=9 q=10 prealloc=0 xfer=0 http=20 kv=0.076 hit=0.000 gen=0 | p1 run=8 q=0 prealloc=0 xfer=0 http=9 kv=0.109 hit=0.000 gen=0 | d0 run=0 q=0 prealloc=0 xfer=0 http=28 kv=0.000 hit=0.000 gen=0
00:09:45 p0 run=9 q=10 prealloc=0 xfer=0 http=20 kv=0.076 hit=0.000 gen=0 | p1 run=8 q=0 prealloc=0 xfer=0 http=9 kv=0.109 hit=0.000 gen=0 | d0 run=0 q=0 prealloc=0 xfer=0 http=28 kv=0.000 hit=0.000 gen=0
00:10:00 p0 run=9 q=10 prealloc=0 xfer=0 http=20 kv=0.076 hit=0.000 gen=0 | p1 run=8 q=0 prealloc=0 xfer=0 http=9 kv=0.109 hit=0.000 gen=0 | d0 run=0 q=0 prealloc=0 xfer=0 http=27 kv=0.000 hit=0.000 gen=0
00:10:00 p0 run=9 q=10 prealloc=0 xfer=0 http=20 kv=0.076 hit=0.000 gen=0 | p1 run=8 q=0 prealloc=0 xfer=0 http=9 kv=0.109 hit=0.000 gen=0 | d0 run=0 q=0 prealloc=0 xfer=0 http=27 kv=0.000 hit=0.000 gen=0
00:10:00 p0 run=9 q=10 prealloc=0 xfer=0 http=20 kv=0.076 hit=0.000 gen=0 | p1 run=8 q=0 prealloc=0 xfer=0 http=9 kv=0.109 hit=0.000 gen=0 | d0 run=0 q=0 prealloc=0 xfer=0 http=27 kv=0.000 hit=0.000 gen=0
00:10:00 p0 run=9 q=10 prealloc=0 xfer=0 http=20 kv=0.076 hit=0.000 gen=0 | p1 run=8 q=0 prealloc=0 xfer=0 http=9 kv=0.109 hit=0.000 gen=0 | d0 run=0 q=0 prealloc=0 xfer=0 http=27 kv=0.000 hit=0.000 gen=0
00:10:15 p0 run=9 q=10 prealloc=0 xfer=0 http=20 kv=0.076 hit=0.000 gen=0 | p1 run=8 q=0 prealloc=0 xfer=0 http=9 kv=0.109 hit=0.000 gen=0 | d0 run=0 q=0 prealloc=0 xfer=0 http=27 kv=0.000 hit=0.000 gen=0
00:10:15 p0 run=9 q=10 prealloc=0 xfer=0 http=20 kv=0.076 hit=0.000 gen=0 | p1 run=8 q=0 prealloc=0 xfer=0 http=9 kv=0.109 hit=0.000 gen=0 | d0 run=0 q=0 prealloc=0 xfer=0 http=27 kv=0.000 hit=0.000 gen=0
00:10:16 p0 run=9 q=10 prealloc=0 xfer=0 http=20 kv=0.076 hit=0.000 gen=0 | p1 run=8 q=0 prealloc=0 xfer=0 http=9 kv=0.109 hit=0.000 gen=0 | d0 run=0 q=0 prealloc=0 xfer=0 http=27 kv=0.000 hit=0.000 gen=0
00:10:16 p0 run=9 q=10 prealloc=0 xfer=0 http=20 kv=0.076 hit=0.000 gen=0 | p1 run=8 q=0 prealloc=0 xfer=0 http=9 kv=0.109 hit=0.000 gen=0 | d0 run=0 q=0 prealloc=0 xfer=0 http=27 kv=0.000 hit=0.000 gen=0
00:10:30 p0 run=9 q=10 prealloc=0 xfer=0 http=20 kv=0.076 hit=0.000 gen=0 | p1 run=8 q=0 prealloc=0 xfer=0 http=9 kv=0.109 hit=0.000 gen=0 | d0 run=0 q=0 prealloc=0 xfer=0 http=27 kv=0.000 hit=0.000 gen=0
00:10:30 p0 run=9 q=10 prealloc=0 xfer=0 http=20 kv=0.076 hit=0.000 gen=0 | p1 run=8 q=0 prealloc=0 xfer=0 http=9 kv=0.109 hit=0.000 gen=0 | d0 run=0 q=0 prealloc=0 xfer=0 http=27 kv=0.000 hit=0.000 gen=0
00:10:31 p0 run=9 q=10 prealloc=0 xfer=0 http=20 kv=0.076 hit=0.000 gen=0 | p1 run=8 q=0 prealloc=0 xfer=0 http=9 kv=0.109 hit=0.000 gen=0 | d0 run=0 q=0 prealloc=0 xfer=0 http=27 kv=0.000 hit=0.000 gen=0
00:10:31 p0 run=9 q=10 prealloc=0 xfer=0 http=20 kv=0.076 hit=0.000 gen=0 | p1 run=8 q=0 prealloc=0 xfer=0 http=9 kv=0.109 hit=0.000 gen=0 | d0 run=0 q=0 prealloc=0 xfer=0 http=27 kv=0.000 hit=0.000 gen=0
00:10:45 p0 run=9 q=10 prealloc=0 xfer=0 http=20 kv=0.076 hit=0.000 gen=0 | p1 run=8 q=0 prealloc=0 xfer=0 http=9 kv=0.109 hit=0.000 gen=0 | d0 run=0 q=0 prealloc=0 xfer=0 http=27 kv=0.000 hit=0.000 gen=0
00:10:45 p0 run=9 q=10 prealloc=0 xfer=0 http=20 kv=0.076 hit=0.000 gen=0 | p1 run=8 q=0 prealloc=0 xfer=0 http=9 kv=0.109 hit=0.000 gen=0 | d0 run=0 q=0 prealloc=0 xfer=0 http=27 kv=0.000 hit=0.000 gen=0
00:10:46 p0 run=9 q=10 prealloc=0 xfer=0 http=20 kv=0.076 hit=0.000 gen=0 | p1 run=8 q=0 prealloc=0 xfer=0 http=9 kv=0.109 hit=0.000 gen=0 | d0 run=0 q=0 prealloc=0 xfer=0 http=27 kv=0.000 hit=0.000 gen=0
00:10:46 p0 run=9 q=10 prealloc=0 xfer=0 http=20 kv=0.076 hit=0.000 gen=0 | p1 run=8 q=0 prealloc=0 xfer=0 http=9 kv=0.109 hit=0.000 gen=0 | d0 run=0 q=0 prealloc=0 xfer=0 http=27 kv=0.000 hit=0.000 gen=0
00:11:00 p0 run=9 q=10 prealloc=0 xfer=0 http=20 kv=0.076 hit=0.000 gen=0 | p1 run=8 q=0 prealloc=0 xfer=0 http=9 kv=0.109 hit=0.000 gen=0 | d0 run=0 q=0 prealloc=0 xfer=0 http=27 kv=0.000 hit=0.000 gen=0
00:11:00 p0 run=9 q=10 prealloc=0 xfer=0 http=20 kv=0.076 hit=0.000 gen=0 | p1 run=8 q=0 prealloc=0 xfer=0 http=9 kv=0.109 hit=0.000 gen=0 | d0 run=0 q=0 prealloc=0 xfer=0 http=27 kv=0.000 hit=0.000 gen=0
00:11:02 p0 run=9 q=10 prealloc=0 xfer=0 http=20 kv=0.076 hit=0.000 gen=0 | p1 run=8 q=0 prealloc=0 xfer=0 http=9 kv=0.109 hit=0.000 gen=0 | d0 run=0 q=0 prealloc=0 xfer=0 http=27 kv=0.000 hit=0.000 gen=0
00:11:02 p0 run=9 q=10 prealloc=0 xfer=0 http=20 kv=0.076 hit=0.000 gen=0 | p1 run=8 q=0 prealloc=0 xfer=0 http=9 kv=0.109 hit=0.000 gen=0 | d0 run=0 q=0 prealloc=0 xfer=0 http=27 kv=0.000 hit=0.000 gen=0
00:11:16 p0 run=9 q=10 prealloc=0 xfer=0 http=20 kv=0.076 hit=0.000 gen=0 | p1 run=8 q=0 prealloc=0 xfer=0 http=9 kv=0.109 hit=0.000 gen=0 | d0 run=0 q=0 prealloc=0 xfer=0 http=27 kv=0.000 hit=0.000 gen=0
00:11:16 p0 run=9 q=10 prealloc=0 xfer=0 http=20 kv=0.076 hit=0.000 gen=0 | p1 run=8 q=0 prealloc=0 xfer=0 http=9 kv=0.109 hit=0.000 gen=0 | d0 run=0 q=0 prealloc=0 xfer=0 http=27 kv=0.000 hit=0.000 gen=0
00:11:17 p0 run=9 q=10 prealloc=0 xfer=0 http=20 kv=0.076 hit=0.000 gen=0 | p1 run=8 q=0 prealloc=0 xfer=0 http=9 kv=0.109 hit=0.000 gen=0 | d0 run=0 q=0 prealloc=0 xfer=0 http=27 kv=0.000 hit=0.000 gen=0
00:11:17 p0 run=9 q=10 prealloc=0 xfer=0 http=20 kv=0.076 hit=0.000 gen=0 | p1 run=8 q=0 prealloc=0 xfer=0 http=9 kv=0.109 hit=0.000 gen=0 | d0 run=0 q=0 prealloc=0 xfer=0 http=27 kv=0.000 hit=0.000 gen=0
00:11:31 p0 run=9 q=10 prealloc=0 xfer=0 http=20 kv=0.076 hit=0.000 gen=0 | p1 run=8 q=0 prealloc=0 xfer=0 http=9 kv=0.109 hit=0.000 gen=0 | d0 run=0 q=0 prealloc=0 xfer=0 http=27 kv=0.000 hit=0.000 gen=0
00:11:31 p0 run=9 q=10 prealloc=0 xfer=0 http=20 kv=0.076 hit=0.000 gen=0 | p1 run=8 q=0 prealloc=0 xfer=0 http=9 kv=0.109 hit=0.000 gen=0 | d0 run=0 q=0 prealloc=0 xfer=0 http=27 kv=0.000 hit=0.000 gen=0
00:11:32 p0 run=9 q=10 prealloc=0 xfer=0 http=20 kv=0.076 hit=0.000 gen=0 | p1 run=8 q=0 prealloc=0 xfer=0 http=9 kv=0.109 hit=0.000 gen=0 | d0 run=0 q=0 prealloc=0 xfer=0 http=27 kv=0.000 hit=0.000 gen=0
00:11:32 p0 run=9 q=10 prealloc=0 xfer=0 http=20 kv=0.076 hit=0.000 gen=0 | p1 run=8 q=0 prealloc=0 xfer=0 http=9 kv=0.109 hit=0.000 gen=0 | d0 run=0 q=0 prealloc=0 xfer=0 http=27 kv=0.000 hit=0.000 gen=0
00:11:46 p0 run=9 q=10 prealloc=0 xfer=0 http=20 kv=0.076 hit=0.000 gen=0 | p1 run=8 q=0 prealloc=0 xfer=0 http=9 kv=0.109 hit=0.000 gen=0 | d0 run=0 q=0 prealloc=0 xfer=0 http=27 kv=0.000 hit=0.000 gen=0
00:11:46 p0 run=9 q=10 prealloc=0 xfer=0 http=20 kv=0.076 hit=0.000 gen=0 | p1 run=8 q=0 prealloc=0 xfer=0 http=9 kv=0.109 hit=0.000 gen=0 | d0 run=0 q=0 prealloc=0 xfer=0 http=27 kv=0.000 hit=0.000 gen=0
00:11:47 p0 run=9 q=10 prealloc=0 xfer=0 http=20 kv=0.076 hit=0.000 gen=0 | p1 run=8 q=0 prealloc=0 xfer=0 http=9 kv=0.109 hit=0.000 gen=0 | d0 run=0 q=0 prealloc=0 xfer=0 http=27 kv=0.000 hit=0.000 gen=0
00:11:47 p0 run=9 q=10 prealloc=0 xfer=0 http=20 kv=0.076 hit=0.000 gen=0 | p1 run=8 q=0 prealloc=0 xfer=0 http=9 kv=0.109 hit=0.000 gen=0 | d0 run=0 q=0 prealloc=0 xfer=0 http=27 kv=0.000 hit=0.000 gen=0
00:12:01 p0 run=9 q=10 prealloc=0 xfer=0 http=20 kv=0.076 hit=0.000 gen=0 | p1 run=8 q=0 prealloc=0 xfer=0 http=9 kv=0.109 hit=0.000 gen=0 | d0 run=0 q=0 prealloc=0 xfer=0 http=27 kv=0.000 hit=0.000 gen=0
00:12:01 p0 run=9 q=10 prealloc=0 xfer=0 http=20 kv=0.076 hit=0.000 gen=0 | p1 run=8 q=0 prealloc=0 xfer=0 http=9 kv=0.109 hit=0.000 gen=0 | d0 run=0 q=0 prealloc=0 xfer=0 http=27 kv=0.000 hit=0.000 gen=0
00:12:03 p0 run=9 q=10 prealloc=0 xfer=0 http=20 kv=0.076 hit=0.000 gen=0 | p1 run=8 q=0 prealloc=0 xfer=0 http=9 kv=0.109 hit=0.000 gen=0 | d0 run=0 q=0 prealloc=0 xfer=0 http=27 kv=0.000 hit=0.000 gen=0
00:12:03 p0 run=9 q=10 prealloc=0 xfer=0 http=20 kv=0.076 hit=0.000 gen=0 | p1 run=8 q=0 prealloc=0 xfer=0 http=9 kv=0.109 hit=0.000 gen=0 | d0 run=0 q=0 prealloc=0 xfer=0 http=27 kv=0.000 hit=0.000 gen=0
00:12:17 p0 run=9 q=10 prealloc=0 xfer=0 http=20 kv=0.076 hit=0.000 gen=0 | p1 run=8 q=0 prealloc=0 xfer=0 http=9 kv=0.109 hit=0.000 gen=0 | d0 run=0 q=0 prealloc=0 xfer=0 http=26 kv=0.000 hit=0.000 gen=0
00:12:17 p0 run=9 q=10 prealloc=0 xfer=0 http=20 kv=0.076 hit=0.000 gen=0 | p1 run=8 q=0 prealloc=0 xfer=0 http=9 kv=0.109 hit=0.000 gen=0 | d0 run=0 q=0 prealloc=0 xfer=0 http=26 kv=0.000 hit=0.000 gen=0
00:12:18 p0 run=9 q=10 prealloc=0 xfer=0 http=20 kv=0.076 hit=0.000 gen=0 | p1 run=8 q=0 prealloc=0 xfer=0 http=9 kv=0.109 hit=0.000 gen=0 | d0 run=0 q=0 prealloc=0 xfer=0 http=26 kv=0.000 hit=0.000 gen=0
00:12:18 p0 run=9 q=10 prealloc=0 xfer=0 http=20 kv=0.076 hit=0.000 gen=0 | p1 run=8 q=0 prealloc=0 xfer=0 http=9 kv=0.109 hit=0.000 gen=0 | d0 run=0 q=0 prealloc=0 xfer=0 http=26 kv=0.000 hit=0.000 gen=0
00:12:32 p0 run=9 q=10 prealloc=0 xfer=0 http=20 kv=0.076 hit=0.000 gen=0 | p1 run=8 q=0 prealloc=0 xfer=0 http=9 kv=0.109 hit=0.000 gen=0 | d0 run=0 q=0 prealloc=0 xfer=0 http=26 kv=0.000 hit=0.000 gen=0
00:12:32 p0 run=9 q=10 prealloc=0 xfer=0 http=20 kv=0.076 hit=0.000 gen=0 | p1 run=8 q=0 prealloc=0 xfer=0 http=9 kv=0.109 hit=0.000 gen=0 | d0 run=0 q=0 prealloc=0 xfer=0 http=26 kv=0.000 hit=0.000 gen=0
00:12:33 p0 run=9 q=10 prealloc=0 xfer=0 http=20 kv=0.076 hit=0.000 gen=0 | p1 run=8 q=0 prealloc=0 xfer=0 http=9 kv=0.109 hit=0.000 gen=0 | d0 run=0 q=0 prealloc=0 xfer=0 http=26 kv=0.000 hit=0.000 gen=0
00:12:33 p0 run=9 q=10 prealloc=0 xfer=0 http=20 kv=0.076 hit=0.000 gen=0 | p1 run=8 q=0 prealloc=0 xfer=0 http=9 kv=0.109 hit=0.000 gen=0 | d0 run=0 q=0 prealloc=0 xfer=0 http=25 kv=0.000 hit=0.000 gen=0
00:12:47 p0 run=9 q=10 prealloc=0 xfer=0 http=20 kv=0.076 hit=0.000 gen=0 | p1 run=8 q=0 prealloc=0 xfer=0 http=9 kv=0.109 hit=0.000 gen=0 | d0 run=0 q=0 prealloc=0 xfer=0 http=25 kv=0.000 hit=0.000 gen=0
00:12:47 p0 run=9 q=10 prealloc=0 xfer=0 http=20 kv=0.076 hit=0.000 gen=0 | p1 run=8 q=0 prealloc=0 xfer=0 http=9 kv=0.109 hit=0.000 gen=0 | d0 run=0 q=0 prealloc=0 xfer=0 http=25 kv=0.000 hit=0.000 gen=0
00:12:48 p0 run=9 q=10 prealloc=0 xfer=0 http=20 kv=0.076 hit=0.000 gen=0 | p1 run=8 q=0 prealloc=0 xfer=0 http=9 kv=0.109 hit=0.000 gen=0 | d0 run=0 q=0 prealloc=0 xfer=0 http=25 kv=0.000 hit=0.000 gen=0
00:12:48 p0 run=9 q=10 prealloc=0 xfer=0 http=20 kv=0.076 hit=0.000 gen=0 | p1 run=8 q=0 prealloc=0 xfer=0 http=9 kv=0.109 hit=0.000 gen=0 | d0 run=0 q=0 prealloc=0 xfer=0 http=25 kv=0.000 hit=0.000 gen=0
00:13:03 p0 run=9 q=10 prealloc=0 xfer=0 http=20 kv=0.076 hit=0.000 gen=0 | p1 run=8 q=0 prealloc=0 xfer=0 http=9 kv=0.109 hit=0.000 gen=0 | d0 run=0 q=0 prealloc=0 xfer=0 http=25 kv=0.000 hit=0.000 gen=0
00:13:03 p0 run=9 q=10 prealloc=0 xfer=0 http=20 kv=0.076 hit=0.000 gen=0 | p1 run=8 q=0 prealloc=0 xfer=0 http=9 kv=0.109 hit=0.000 gen=0 | d0 run=0 q=0 prealloc=0 xfer=0 http=25 kv=0.000 hit=0.000 gen=0
00:13:04 p0 run=9 q=10 prealloc=0 xfer=0 http=20 kv=0.076 hit=0.000 gen=0 | p1 run=8 q=0 prealloc=0 xfer=0 http=9 kv=0.109 hit=0.000 gen=0 | d0 run=0 q=0 prealloc=0 xfer=0 http=25 kv=0.000 hit=0.000 gen=0
00:13:04 p0 run=9 q=10 prealloc=0 xfer=0 http=20 kv=0.076 hit=0.000 gen=0 | p1 run=8 q=0 prealloc=0 xfer=0 http=9 kv=0.109 hit=0.000 gen=0 | d0 run=0 q=0 prealloc=0 xfer=0 http=25 kv=0.000 hit=0.000 gen=0
00:13:18 p0 run=9 q=10 prealloc=0 xfer=0 http=20 kv=0.076 hit=0.000 gen=0 | p1 run=8 q=0 prealloc=0 xfer=0 http=9 kv=0.109 hit=0.000 gen=0 | d0 run=0 q=0 prealloc=0 xfer=0 http=25 kv=0.000 hit=0.000 gen=0
00:13:18 p0 run=9 q=10 prealloc=0 xfer=0 http=20 kv=0.076 hit=0.000 gen=0 | p1 run=8 q=0 prealloc=0 xfer=0 http=9 kv=0.109 hit=0.000 gen=0 | d0 run=0 q=0 prealloc=0 xfer=0 http=25 kv=0.000 hit=0.000 gen=0
00:13:19 p0 run=9 q=10 prealloc=0 xfer=0 http=20 kv=0.076 hit=0.000 gen=0 | p1 run=8 q=0 prealloc=0 xfer=0 http=9 kv=0.109 hit=0.000 gen=0 | d0 run=0 q=0 prealloc=0 xfer=0 http=25 kv=0.000 hit=0.000 gen=0
00:13:19 p0 run=9 q=10 prealloc=0 xfer=0 http=20 kv=0.076 hit=0.000 gen=0 | p1 run=8 q=0 prealloc=0 xfer=0 http=9 kv=0.109 hit=0.000 gen=0 | d0 run=0 q=0 prealloc=0 xfer=0 http=25 kv=0.000 hit=0.000 gen=0
00:13:33 p0 run=9 q=10 prealloc=0 xfer=0 http=20 kv=0.076 hit=0.000 gen=0 | p1 run=8 q=0 prealloc=0 xfer=0 http=9 kv=0.109 hit=0.000 gen=0 | d0 run=0 q=0 prealloc=0 xfer=0 http=22 kv=0.000 hit=0.000 gen=0
00:13:33 p0 run=9 q=10 prealloc=0 xfer=0 http=20 kv=0.076 hit=0.000 gen=0 | p1 run=8 q=0 prealloc=0 xfer=0 http=9 kv=0.109 hit=0.000 gen=0 | d0 run=0 q=0 prealloc=0 xfer=0 http=22 kv=0.000 hit=0.000 gen=0
00:13:34 p0 run=9 q=10 prealloc=0 xfer=0 http=20 kv=0.076 hit=0.000 gen=0 | p1 run=8 q=0 prealloc=0 xfer=0 http=9 kv=0.109 hit=0.000 gen=0 | d0 run=0 q=0 prealloc=0 xfer=0 http=22 kv=0.000 hit=0.000 gen=0
00:13:34 p0 run=9 q=10 prealloc=0 xfer=0 http=20 kv=0.076 hit=0.000 gen=0 | p1 run=8 q=0 prealloc=0 xfer=0 http=9 kv=0.109 hit=0.000 gen=0 | d0 run=0 q=0 prealloc=0 xfer=0 http=22 kv=0.000 hit=0.000 gen=0
00:13:49 p0 run=9 q=10 prealloc=0 xfer=0 http=20 kv=0.076 hit=0.000 gen=0 | p1 run=8 q=0 prealloc=0 xfer=0 http=9 kv=0.109 hit=0.000 gen=0 | d0 run=0 q=0 prealloc=0 xfer=0 http=22 kv=0.000 hit=0.000 gen=0
00:13:49 p0 run=9 q=10 prealloc=0 xfer=0 http=20 kv=0.076 hit=0.000 gen=0 | p1 run=8 q=0 prealloc=0 xfer=0 http=9 kv=0.109 hit=0.000 gen=0 | d0 run=0 q=0 prealloc=0 xfer=0 http=22 kv=0.000 hit=0.000 gen=0
00:13:50 p0 run=9 q=10 prealloc=0 xfer=0 http=20 kv=0.076 hit=0.000 gen=0 | p1 run=8 q=0 prealloc=0 xfer=0 http=9 kv=0.109 hit=0.000 gen=0 | d0 run=0 q=0 prealloc=0 xfer=0 http=22 kv=0.000 hit=0.000 gen=0
00:13:50 p0 run=9 q=10 prealloc=0 xfer=0 http=20 kv=0.076 hit=0.000 gen=0 | p1 run=8 q=0 prealloc=0 xfer=0 http=9 kv=0.109 hit=0.000 gen=0 | d0 run=0 q=0 prealloc=0 xfer=0 http=22 kv=0.000 hit=0.000 gen=0
00:14:04 p0 run=9 q=10 prealloc=0 xfer=0 http=20 kv=0.076 hit=0.000 gen=0 | p1 run=8 q=0 prealloc=0 xfer=0 http=9 kv=0.109 hit=0.000 gen=0 | d0 run=0 q=0 prealloc=0 xfer=0 http=20 kv=0.000 hit=0.000 gen=0
00:14:04 p0 run=9 q=10 prealloc=0 xfer=0 http=20 kv=0.076 hit=0.000 gen=0 | p1 run=8 q=0 prealloc=0 xfer=0 http=9 kv=0.109 hit=0.000 gen=0 | d0 run=0 q=0 prealloc=0 xfer=0 http=20 kv=0.000 hit=0.000 gen=0
00:14:05 p0 run=9 q=10 prealloc=0 xfer=0 http=20 kv=0.076 hit=0.000 gen=0 | p1 run=8 q=0 prealloc=0 xfer=0 http=9 kv=0.109 hit=0.000 gen=0 | d0 run=0 q=0 prealloc=0 xfer=0 http=20 kv=0.000 hit=0.000 gen=0
00:14:05 p0 run=9 q=10 prealloc=0 xfer=0 http=20 kv=0.076 hit=0.000 gen=0 | p1 run=8 q=0 prealloc=0 xfer=0 http=9 kv=0.109 hit=0.000 gen=0 | d0 run=0 q=0 prealloc=0 xfer=0 http=20 kv=0.000 hit=0.000 gen=0
00:14:19 p0 run=9 q=10 prealloc=0 xfer=0 http=20 kv=0.076 hit=0.000 gen=0 | p1 run=8 q=0 prealloc=0 xfer=0 http=9 kv=0.109 hit=0.000 gen=0 | d0 run=0 q=0 prealloc=0 xfer=0 http=20 kv=0.000 hit=0.000 gen=0
00:14:19 p0 run=9 q=10 prealloc=0 xfer=0 http=20 kv=0.076 hit=0.000 gen=0 | p1 run=8 q=0 prealloc=0 xfer=0 http=9 kv=0.109 hit=0.000 gen=0 | d0 run=0 q=0 prealloc=0 xfer=0 http=20 kv=0.000 hit=0.000 gen=0
00:14:20 p0 run=9 q=10 prealloc=0 xfer=0 http=20 kv=0.076 hit=0.000 gen=0 | p1 run=8 q=0 prealloc=0 xfer=0 http=9 kv=0.109 hit=0.000 gen=0 | d0 run=0 q=0 prealloc=0 xfer=0 http=20 kv=0.000 hit=0.000 gen=0
00:14:20 p0 run=9 q=10 prealloc=0 xfer=0 http=20 kv=0.076 hit=0.000 gen=0 | p1 run=8 q=0 prealloc=0 xfer=0 http=9 kv=0.109 hit=0.000 gen=0 | d0 run=0 q=0 prealloc=0 xfer=0 http=20 kv=0.000 hit=0.000 gen=0
00:14:34 p0 run=9 q=10 prealloc=0 xfer=0 http=20 kv=0.076 hit=0.000 gen=0 | p1 run=8 q=0 prealloc=0 xfer=0 http=9 kv=0.109 hit=0.000 gen=0 | d0 run=0 q=0 prealloc=0 xfer=0 http=19 kv=0.000 hit=0.000 gen=0
00:14:34 p0 run=9 q=10 prealloc=0 xfer=0 http=20 kv=0.076 hit=0.000 gen=0 | p1 run=8 q=0 prealloc=0 xfer=0 http=9 kv=0.109 hit=0.000 gen=0 | d0 run=0 q=0 prealloc=0 xfer=0 http=19 kv=0.000 hit=0.000 gen=0
00:14:35 p0 run=9 q=10 prealloc=0 xfer=0 http=20 kv=0.076 hit=0.000 gen=0 | p1 run=8 q=0 prealloc=0 xfer=0 http=9 kv=0.109 hit=0.000 gen=0 | d0 run=0 q=0 prealloc=0 xfer=0 http=19 kv=0.000 hit=0.000 gen=0
00:14:35 p0 run=9 q=10 prealloc=0 xfer=0 http=20 kv=0.076 hit=0.000 gen=0 | p1 run=8 q=0 prealloc=0 xfer=0 http=9 kv=0.109 hit=0.000 gen=0 | d0 run=0 q=0 prealloc=0 xfer=0 http=19 kv=0.000 hit=0.000 gen=0
00:14:50 p0 run=9 q=10 prealloc=0 xfer=0 http=20 kv=0.076 hit=0.000 gen=0 | p1 run=8 q=0 prealloc=0 xfer=0 http=9 kv=0.109 hit=0.000 gen=0 | d0 run=0 q=0 prealloc=0 xfer=0 http=18 kv=0.000 hit=0.000 gen=0
00:14:50 p0 run=9 q=10 prealloc=0 xfer=0 http=20 kv=0.076 hit=0.000 gen=0 | p1 run=8 q=0 prealloc=0 xfer=0 http=9 kv=0.109 hit=0.000 gen=0 | d0 run=0 q=0 prealloc=0 xfer=0 http=18 kv=0.000 hit=0.000 gen=0
00:14:50 p0 run=9 q=10 prealloc=0 xfer=0 http=20 kv=0.076 hit=0.000 gen=0 | p1 run=8 q=0 prealloc=0 xfer=0 http=9 kv=0.109 hit=0.000 gen=0 | d0 run=0 q=0 prealloc=0 xfer=0 http=17 kv=0.000 hit=0.000 gen=0
00:14:50 p0 run=9 q=10 prealloc=0 xfer=0 http=20 kv=0.076 hit=0.000 gen=0 | p1 run=8 q=0 prealloc=0 xfer=0 http=9 kv=0.109 hit=0.000 gen=0 | d0 run=0 q=0 prealloc=0 xfer=0 http=17 kv=0.000 hit=0.000 gen=0
00:15:05 p0 run=9 q=10 prealloc=0 xfer=0 http=20 kv=0.076 hit=0.000 gen=0 | p1 run=8 q=0 prealloc=0 xfer=0 http=9 kv=0.109 hit=0.000 gen=0 | d0 run=0 q=0 prealloc=0 xfer=0 http=17 kv=0.000 hit=0.000 gen=0
00:15:05 p0 run=9 q=10 prealloc=0 xfer=0 http=20 kv=0.076 hit=0.000 gen=0 | p1 run=8 q=0 prealloc=0 xfer=0 http=9 kv=0.109 hit=0.000 gen=0 | d0 run=0 q=0 prealloc=0 xfer=0 http=17 kv=0.000 hit=0.000 gen=0
00:15:06 p0 run=9 q=10 prealloc=0 xfer=0 http=20 kv=0.076 hit=0.000 gen=0 | p1 run=8 q=0 prealloc=0 xfer=0 http=9 kv=0.109 hit=0.000 gen=0 | d0 run=0 q=0 prealloc=0 xfer=0 http=17 kv=0.000 hit=0.000 gen=0
00:15:06 p0 run=9 q=10 prealloc=0 xfer=0 http=20 kv=0.076 hit=0.000 gen=0 | p1 run=8 q=0 prealloc=0 xfer=0 http=9 kv=0.109 hit=0.000 gen=0 | d0 run=0 q=0 prealloc=0 xfer=0 http=17 kv=0.000 hit=0.000 gen=0
00:15:20 p0 run=9 q=10 prealloc=0 xfer=0 http=20 kv=0.076 hit=0.000 gen=0 | p1 run=8 q=0 prealloc=0 xfer=0 http=9 kv=0.109 hit=0.000 gen=0 | d0 run=0 q=0 prealloc=0 xfer=0 http=14 kv=0.000 hit=0.000 gen=0
00:15:20 p0 run=9 q=10 prealloc=0 xfer=0 http=20 kv=0.076 hit=0.000 gen=0 | p1 run=8 q=0 prealloc=0 xfer=0 http=9 kv=0.109 hit=0.000 gen=0 | d0 run=0 q=0 prealloc=0 xfer=0 http=14 kv=0.000 hit=0.000 gen=0
00:15:21 p0 run=9 q=10 prealloc=0 xfer=0 http=20 kv=0.076 hit=0.000 gen=0 | p1 run=8 q=0 prealloc=0 xfer=0 http=9 kv=0.109 hit=0.000 gen=0 | d0 run=0 q=0 prealloc=0 xfer=0 http=14 kv=0.000 hit=0.000 gen=0
00:15:21 p0 run=9 q=10 prealloc=0 xfer=0 http=20 kv=0.076 hit=0.000 gen=0 | p1 run=8 q=0 prealloc=0 xfer=0 http=9 kv=0.109 hit=0.000 gen=0 | d0 run=0 q=0 prealloc=0 xfer=0 http=14 kv=0.000 hit=0.000 gen=0
00:15:36 p0 run=9 q=10 prealloc=0 xfer=0 http=20 kv=0.076 hit=0.000 gen=0 | p1 run=8 q=0 prealloc=0 xfer=0 http=9 kv=0.109 hit=0.000 gen=0 | d0 run=0 q=0 prealloc=0 xfer=0 http=14 kv=0.000 hit=0.000 gen=0
00:15:36 p0 run=9 q=10 prealloc=0 xfer=0 http=20 kv=0.076 hit=0.000 gen=0 | p1 run=8 q=0 prealloc=0 xfer=0 http=9 kv=0.109 hit=0.000 gen=0 | d0 run=0 q=0 prealloc=0 xfer=0 http=14 kv=0.000 hit=0.000 gen=0
00:15:36 p0 run=9 q=10 prealloc=0 xfer=0 http=20 kv=0.076 hit=0.000 gen=0 | p1 run=8 q=0 prealloc=0 xfer=0 http=9 kv=0.109 hit=0.000 gen=0 | d0 run=0 q=0 prealloc=0 xfer=0 http=14 kv=0.000 hit=0.000 gen=0
00:15:36 p0 run=9 q=10 prealloc=0 xfer=0 http=20 kv=0.076 hit=0.000 gen=0 | p1 run=8 q=0 prealloc=0 xfer=0 http=9 kv=0.109 hit=0.000 gen=0 | d0 run=0 q=0 prealloc=0 xfer=0 http=14 kv=0.000 hit=0.000 gen=0
00:15:51 p0 run=9 q=10 prealloc=0 xfer=0 http=20 kv=0.076 hit=0.000 gen=0 | p1 run=8 q=0 prealloc=0 xfer=0 http=9 kv=0.109 hit=0.000 gen=0 | d0 run=0 q=0 prealloc=0 xfer=0 http=13 kv=0.000 hit=0.000 gen=0
00:15:51 p0 run=9 q=10 prealloc=0 xfer=0 http=20 kv=0.076 hit=0.000 gen=0 | p1 run=8 q=0 prealloc=0 xfer=0 http=9 kv=0.109 hit=0.000 gen=0 | d0 run=0 q=0 prealloc=0 xfer=0 http=13 kv=0.000 hit=0.000 gen=0
00:15:51 p0 run=9 q=10 prealloc=0 xfer=0 http=20 kv=0.076 hit=0.000 gen=0 | p1 run=8 q=0 prealloc=0 xfer=0 http=9 kv=0.109 hit=0.000 gen=0 | d0 run=0 q=0 prealloc=0 xfer=0 http=13 kv=0.000 hit=0.000 gen=0
00:15:51 p0 run=9 q=10 prealloc=0 xfer=0 http=20 kv=0.076 hit=0.000 gen=0 | p1 run=8 q=0 prealloc=0 xfer=0 http=9 kv=0.109 hit=0.000 gen=0 | d0 run=0 q=0 prealloc=0 xfer=0 http=13 kv=0.000 hit=0.000 gen=0
00:16:06 p0 run=9 q=10 prealloc=0 xfer=0 http=20 kv=0.076 hit=0.000 gen=0 | p1 run=8 q=0 prealloc=0 xfer=0 http=9 kv=0.109 hit=0.000 gen=0 | d0 run=0 q=0 prealloc=0 xfer=0 http=12 kv=0.000 hit=0.000 gen=0
00:16:06 p0 run=9 q=10 prealloc=0 xfer=0 http=20 kv=0.076 hit=0.000 gen=0 | p1 run=8 q=0 prealloc=0 xfer=0 http=9 kv=0.109 hit=0.000 gen=0 | d0 run=0 q=0 prealloc=0 xfer=0 http=12 kv=0.000 hit=0.000 gen=0
00:16:06 p0 run=9 q=10 prealloc=0 xfer=0 http=20 kv=0.076 hit=0.000 gen=0 | p1 run=8 q=0 prealloc=0 xfer=0 http=9 kv=0.109 hit=0.000 gen=0 | d0 run=0 q=0 prealloc=0 xfer=0 http=12 kv=0.000 hit=0.000 gen=0
00:16:06 p0 run=9 q=10 prealloc=0 xfer=0 http=20 kv=0.076 hit=0.000 gen=0 | p1 run=8 q=0 prealloc=0 xfer=0 http=9 kv=0.109 hit=0.000 gen=0 | d0 run=0 q=0 prealloc=0 xfer=0 http=12 kv=0.000 hit=0.000 gen=0
00:16:22 p0 run=9 q=10 prealloc=0 xfer=0 http=20 kv=0.076 hit=0.000 gen=0 | p1 run=8 q=0 prealloc=0 xfer=0 http=9 kv=0.109 hit=0.000 gen=0 | d0 run=0 q=0 prealloc=0 xfer=0 http=11 kv=0.000 hit=0.000 gen=0
00:16:22 p0 run=9 q=10 prealloc=0 xfer=0 http=20 kv=0.076 hit=0.000 gen=0 | p1 run=8 q=0 prealloc=0 xfer=0 http=9 kv=0.109 hit=0.000 gen=0 | d0 run=0 q=0 prealloc=0 xfer=0 http=11 kv=0.000 hit=0.000 gen=0
00:16:22 p0 run=9 q=10 prealloc=0 xfer=0 http=20 kv=0.076 hit=0.000 gen=0 | p1 run=8 q=0 prealloc=0 xfer=0 http=9 kv=0.109 hit=0.000 gen=0 | d0 run=0 q=0 prealloc=0 xfer=0 http=11 kv=0.000 hit=0.000 gen=0
00:16:22 p0 run=9 q=10 prealloc=0 xfer=0 http=20 kv=0.076 hit=0.000 gen=0 | p1 run=8 q=0 prealloc=0 xfer=0 http=9 kv=0.109 hit=0.000 gen=0 | d0 run=0 q=0 prealloc=0 xfer=0 http=11 kv=0.000 hit=0.000 gen=0
00:16:37 p0 run=9 q=10 prealloc=0 xfer=0 http=20 kv=0.076 hit=0.000 gen=0 | p1 run=8 q=0 prealloc=0 xfer=0 http=9 kv=0.109 hit=0.000 gen=0 | d0 run=0 q=0 prealloc=0 xfer=0 http=11 kv=0.000 hit=0.000 gen=0
00:16:37 p0 run=9 q=10 prealloc=0 xfer=0 http=20 kv=0.076 hit=0.000 gen=0 | p1 run=8 q=0 prealloc=0 xfer=0 http=9 kv=0.109 hit=0.000 gen=0 | d0 run=0 q=0 prealloc=0 xfer=0 http=11 kv=0.000 hit=0.000 gen=0
00:16:37 p0 run=9 q=10 prealloc=0 xfer=0 http=20 kv=0.076 hit=0.000 gen=0 | p1 run=8 q=0 prealloc=0 xfer=0 http=9 kv=0.109 hit=0.000 gen=0 | d0 run=0 q=0 prealloc=0 xfer=0 http=11 kv=0.000 hit=0.000 gen=0
00:16:37 p0 run=9 q=10 prealloc=0 xfer=0 http=20 kv=0.076 hit=0.000 gen=0 | p1 run=8 q=0 prealloc=0 xfer=0 http=9 kv=0.109 hit=0.000 gen=0 | d0 run=0 q=0 prealloc=0 xfer=0 http=11 kv=0.000 hit=0.000 gen=0
00:16:52 p0 run=9 q=10 prealloc=0 xfer=0 http=20 kv=0.076 hit=0.000 gen=0 | p1 run=8 q=0 prealloc=0 xfer=0 http=9 kv=0.109 hit=0.000 gen=0 | d0 run=0 q=0 prealloc=0 xfer=0 http=10 kv=0.000 hit=0.000 gen=0
00:16:52 p0 run=9 q=10 prealloc=0 xfer=0 http=20 kv=0.076 hit=0.000 gen=0 | p1 run=8 q=0 prealloc=0 xfer=0 http=9 kv=0.109 hit=0.000 gen=0 | d0 run=0 q=0 prealloc=0 xfer=0 http=10 kv=0.000 hit=0.000 gen=0
00:16:52 p0 run=9 q=10 prealloc=0 xfer=0 http=20 kv=0.076 hit=0.000 gen=0 | p1 run=8 q=0 prealloc=0 xfer=0 http=9 kv=0.109 hit=0.000 gen=0 | d0 run=0 q=0 prealloc=0 xfer=0 http=10 kv=0.000 hit=0.000 gen=0
00:16:52 p0 run=9 q=10 prealloc=0 xfer=0 http=20 kv=0.076 hit=0.000 gen=0 | p1 run=8 q=0 prealloc=0 xfer=0 http=9 kv=0.109 hit=0.000 gen=0 | d0 run=0 q=0 prealloc=0 xfer=0 http=10 kv=0.000 hit=0.000 gen=0
00:17:07 p0 run=9 q=10 prealloc=0 xfer=0 http=20 kv=0.076 hit=0.000 gen=0 | p1 run=8 q=0 prealloc=0 xfer=0 http=9 kv=0.109 hit=0.000 gen=0 | d0 run=0 q=0 prealloc=0 xfer=0 http=10 kv=0.000 hit=0.000 gen=0
00:17:07 p0 run=9 q=10 prealloc=0 xfer=0 http=20 kv=0.076 hit=0.000 gen=0 | p1 run=8 q=0 prealloc=0 xfer=0 http=9 kv=0.109 hit=0.000 gen=0 | d0 run=0 q=0 prealloc=0 xfer=0 http=10 kv=0.000 hit=0.000 gen=0
00:17:07 p0 run=9 q=10 prealloc=0 xfer=0 http=20 kv=0.076 hit=0.000 gen=0 | p1 run=8 q=0 prealloc=0 xfer=0 http=9 kv=0.109 hit=0.000 gen=0 | d0 run=0 q=0 prealloc=0 xfer=0 http=10 kv=0.000 hit=0.000 gen=0
00:17:07 p0 run=9 q=10 prealloc=0 xfer=0 http=20 kv=0.076 hit=0.000 gen=0 | p1 run=8 q=0 prealloc=0 xfer=0 http=9 kv=0.109 hit=0.000 gen=0 | d0 run=0 q=0 prealloc=0 xfer=0 http=10 kv=0.000 hit=0.000 gen=0
00:17:23 p0 run=9 q=10 prealloc=0 xfer=0 http=20 kv=0.076 hit=0.000 gen=0 | p1 run=8 q=0 prealloc=0 xfer=0 http=9 kv=0.109 hit=0.000 gen=0 | d0 run=0 q=0 prealloc=0 xfer=0 http=8 kv=0.000 hit=0.000 gen=0
00:17:23 p0 run=9 q=10 prealloc=0 xfer=0 http=20 kv=0.076 hit=0.000 gen=0 | p1 run=8 q=0 prealloc=0 xfer=0 http=9 kv=0.109 hit=0.000 gen=0 | d0 run=0 q=0 prealloc=0 xfer=0 http=8 kv=0.000 hit=0.000 gen=0
00:17:23 p0 run=9 q=10 prealloc=0 xfer=0 http=20 kv=0.076 hit=0.000 gen=0 | p1 run=8 q=0 prealloc=0 xfer=0 http=9 kv=0.109 hit=0.000 gen=0 | d0 run=0 q=0 prealloc=0 xfer=0 http=8 kv=0.000 hit=0.000 gen=0
00:17:23 p0 run=9 q=10 prealloc=0 xfer=0 http=20 kv=0.076 hit=0.000 gen=0 | p1 run=8 q=0 prealloc=0 xfer=0 http=9 kv=0.109 hit=0.000 gen=0 | d0 run=0 q=0 prealloc=0 xfer=0 http=8 kv=0.000 hit=0.000 gen=0
00:17:38 p0 run=9 q=10 prealloc=0 xfer=0 http=20 kv=0.076 hit=0.000 gen=0 | p1 run=8 q=0 prealloc=0 xfer=0 http=9 kv=0.109 hit=0.000 gen=0 | d0 run=0 q=0 prealloc=0 xfer=0 http=7 kv=0.000 hit=0.000 gen=0
00:17:38 p0 run=9 q=10 prealloc=0 xfer=0 http=20 kv=0.076 hit=0.000 gen=0 | p1 run=8 q=0 prealloc=0 xfer=0 http=9 kv=0.109 hit=0.000 gen=0 | d0 run=0 q=0 prealloc=0 xfer=0 http=7 kv=0.000 hit=0.000 gen=0
00:17:38 p0 run=9 q=10 prealloc=0 xfer=0 http=20 kv=0.076 hit=0.000 gen=0 | p1 run=8 q=0 prealloc=0 xfer=0 http=9 kv=0.109 hit=0.000 gen=0 | d0 run=0 q=0 prealloc=0 xfer=0 http=7 kv=0.000 hit=0.000 gen=0
00:17:38 p0 run=9 q=10 prealloc=0 xfer=0 http=20 kv=0.076 hit=0.000 gen=0 | p1 run=8 q=0 prealloc=0 xfer=0 http=9 kv=0.109 hit=0.000 gen=0 | d0 run=0 q=0 prealloc=0 xfer=0 http=7 kv=0.000 hit=0.000 gen=0
00:17:53 p0 run=9 q=10 prealloc=0 xfer=0 http=20 kv=0.076 hit=0.000 gen=0 | p1 run=8 q=0 prealloc=0 xfer=0 http=9 kv=0.109 hit=0.000 gen=0 | d0 run=0 q=0 prealloc=0 xfer=0 http=7 kv=0.000 hit=0.000 gen=0
00:17:53 p0 run=9 q=10 prealloc=0 xfer=0 http=20 kv=0.076 hit=0.000 gen=0 | p1 run=8 q=0 prealloc=0 xfer=0 http=9 kv=0.109 hit=0.000 gen=0 | d0 run=0 q=0 prealloc=0 xfer=0 http=7 kv=0.000 hit=0.000 gen=0
00:17:53 p0 run=9 q=10 prealloc=0 xfer=0 http=20 kv=0.076 hit=0.000 gen=0 | p1 run=8 q=0 prealloc=0 xfer=0 http=9 kv=0.109 hit=0.000 gen=0 | d0 run=0 q=0 prealloc=0 xfer=0 http=7 kv=0.000 hit=0.000 gen=0
00:17:53 p0 run=9 q=10 prealloc=0 xfer=0 http=20 kv=0.076 hit=0.000 gen=0 | p1 run=8 q=0 prealloc=0 xfer=0 http=9 kv=0.109 hit=0.000 gen=0 | d0 run=0 q=0 prealloc=0 xfer=0 http=7 kv=0.000 hit=0.000 gen=0
00:18:08 p0 run=9 q=10 prealloc=0 xfer=0 http=20 kv=0.076 hit=0.000 gen=0 | p1 run=8 q=0 prealloc=0 xfer=0 http=9 kv=0.109 hit=0.000 gen=0 | d0 run=0 q=0 prealloc=0 xfer=0 http=7 kv=0.000 hit=0.000 gen=0
00:18:08 p0 run=9 q=10 prealloc=0 xfer=0 http=20 kv=0.076 hit=0.000 gen=0 | p1 run=8 q=0 prealloc=0 xfer=0 http=9 kv=0.109 hit=0.000 gen=0 | d0 run=0 q=0 prealloc=0 xfer=0 http=7 kv=0.000 hit=0.000 gen=0
00:18:08 p0 run=9 q=10 prealloc=0 xfer=0 http=20 kv=0.076 hit=0.000 gen=0 | p1 run=8 q=0 prealloc=0 xfer=0 http=9 kv=0.109 hit=0.000 gen=0 | d0 run=0 q=0 prealloc=0 xfer=0 http=7 kv=0.000 hit=0.000 gen=0
00:18:08 p0 run=9 q=10 prealloc=0 xfer=0 http=20 kv=0.076 hit=0.000 gen=0 | p1 run=8 q=0 prealloc=0 xfer=0 http=9 kv=0.109 hit=0.000 gen=0 | d0 run=0 q=0 prealloc=0 xfer=0 http=7 kv=0.000 hit=0.000 gen=0
00:18:24 p0 run=9 q=10 prealloc=0 xfer=0 http=20 kv=0.076 hit=0.000 gen=0 | p1 run=8 q=0 prealloc=0 xfer=0 http=9 kv=0.109 hit=0.000 gen=0 | d0 run=0 q=0 prealloc=0 xfer=0 http=4 kv=0.000 hit=0.000 gen=0
00:18:24 p0 run=9 q=10 prealloc=0 xfer=0 http=20 kv=0.076 hit=0.000 gen=0 | p1 run=8 q=0 prealloc=0 xfer=0 http=9 kv=0.109 hit=0.000 gen=0 | d0 run=0 q=0 prealloc=0 xfer=0 http=4 kv=0.000 hit=0.000 gen=0
00:18:24 p0 run=9 q=10 prealloc=0 xfer=0 http=20 kv=0.076 hit=0.000 gen=0 | p1 run=8 q=0 prealloc=0 xfer=0 http=9 kv=0.109 hit=0.000 gen=0 | d0 run=0 q=0 prealloc=0 xfer=0 http=4 kv=0.000 hit=0.000 gen=0
00:18:24 p0 run=9 q=10 prealloc=0 xfer=0 http=20 kv=0.076 hit=0.000 gen=0 | p1 run=8 q=0 prealloc=0 xfer=0 http=9 kv=0.109 hit=0.000 gen=0 | d0 run=0 q=0 prealloc=0 xfer=0 http=4 kv=0.000 hit=0.000 gen=0
00:18:39 p0 run=9 q=10 prealloc=0 xfer=0 http=20 kv=0.076 hit=0.000 gen=0 | p1 run=8 q=0 prealloc=0 xfer=0 http=9 kv=0.109 hit=0.000 gen=0 | d0 run=0 q=0 prealloc=0 xfer=0 http=4 kv=0.000 hit=0.000 gen=0
00:18:39 p0 run=9 q=10 prealloc=0 xfer=0 http=20 kv=0.076 hit=0.000 gen=0 | p1 run=8 q=0 prealloc=0 xfer=0 http=9 kv=0.109 hit=0.000 gen=0 | d0 run=0 q=0 prealloc=0 xfer=0 http=4 kv=0.000 hit=0.000 gen=0
00:18:39 p0 run=9 q=10 prealloc=0 xfer=0 http=20 kv=0.076 hit=0.000 gen=0 | p1 run=8 q=0 prealloc=0 xfer=0 http=9 kv=0.109 hit=0.000 gen=0 | d0 run=0 q=0 prealloc=0 xfer=0 http=4 kv=0.000 hit=0.000 gen=0
00:18:39 p0 run=9 q=10 prealloc=0 xfer=0 http=20 kv=0.076 hit=0.000 gen=0 | p1 run=8 q=0 prealloc=0 xfer=0 http=9 kv=0.109 hit=0.000 gen=0 | d0 run=0 q=0 prealloc=0 xfer=0 http=4 kv=0.000 hit=0.000 gen=0
00:18:54 p0 run=9 q=10 prealloc=0 xfer=0 http=20 kv=0.076 hit=0.000 gen=0 | p1 run=8 q=0 prealloc=0 xfer=0 http=9 kv=0.109 hit=0.000 gen=0 | d0 run=0 q=0 prealloc=0 xfer=0 http=3 kv=0.000 hit=0.000 gen=0
00:18:54 p0 run=9 q=10 prealloc=0 xfer=0 http=20 kv=0.076 hit=0.000 gen=0 | p1 run=8 q=0 prealloc=0 xfer=0 http=9 kv=0.109 hit=0.000 gen=0 | d0 run=0 q=0 prealloc=0 xfer=0 http=3 kv=0.000 hit=0.000 gen=0
00:18:54 p0 run=9 q=10 prealloc=0 xfer=0 http=20 kv=0.076 hit=0.000 gen=0 | p1 run=8 q=0 prealloc=0 xfer=0 http=9 kv=0.109 hit=0.000 gen=0 | d0 run=0 q=0 prealloc=0 xfer=0 http=3 kv=0.000 hit=0.000 gen=0
00:18:54 p0 run=9 q=10 prealloc=0 xfer=0 http=20 kv=0.076 hit=0.000 gen=0 | p1 run=8 q=0 prealloc=0 xfer=0 http=9 kv=0.109 hit=0.000 gen=0 | d0 run=0 q=0 prealloc=0 xfer=0 http=3 kv=0.000 hit=0.000 gen=0
00:19:09 p0 run=9 q=10 prealloc=0 xfer=0 http=20 kv=0.076 hit=0.000 gen=0 | p1 run=8 q=0 prealloc=0 xfer=0 http=9 kv=0.109 hit=0.000 gen=0 | d0 run=0 q=0 prealloc=0 xfer=0 http=3 kv=0.000 hit=0.000 gen=0
00:19:09 p0 run=9 q=10 prealloc=0 xfer=0 http=20 kv=0.076 hit=0.000 gen=0 | p1 run=8 q=0 prealloc=0 xfer=0 http=9 kv=0.109 hit=0.000 gen=0 | d0 run=0 q=0 prealloc=0 xfer=0 http=3 kv=0.000 hit=0.000 gen=0
00:19:10 p0 run=9 q=10 prealloc=0 xfer=0 http=20 kv=0.076 hit=0.000 gen=0 | p1 run=8 q=0 prealloc=0 xfer=0 http=9 kv=0.109 hit=0.000 gen=0 | d0 run=0 q=0 prealloc=0 xfer=0 http=3 kv=0.000 hit=0.000 gen=0
00:19:10 p0 run=9 q=10 prealloc=0 xfer=0 http=20 kv=0.076 hit=0.000 gen=0 | p1 run=8 q=0 prealloc=0 xfer=0 http=9 kv=0.109 hit=0.000 gen=0 | d0 run=0 q=0 prealloc=0 xfer=0 http=3 kv=0.000 hit=0.000 gen=0
00:19:25 p0 run=9 q=10 prealloc=0 xfer=0 http=20 kv=0.076 hit=0.000 gen=0 | p1 run=8 q=0 prealloc=0 xfer=0 http=9 kv=0.109 hit=0.000 gen=0 | d0 run=0 q=0 prealloc=0 xfer=0 http=2 kv=0.000 hit=0.000 gen=0
00:19:25 p0 run=9 q=10 prealloc=0 xfer=0 http=20 kv=0.076 hit=0.000 gen=0 | p1 run=8 q=0 prealloc=0 xfer=0 http=9 kv=0.109 hit=0.000 gen=0 | d0 run=0 q=0 prealloc=0 xfer=0 http=2 kv=0.000 hit=0.000 gen=0
00:19:25 p0 run=9 q=10 prealloc=0 xfer=0 http=20 kv=0.076 hit=0.000 gen=0 | p1 run=8 q=0 prealloc=0 xfer=0 http=9 kv=0.109 hit=0.000 gen=0 | d0 run=0 q=0 prealloc=0 xfer=0 http=2 kv=0.000 hit=0.000 gen=0
00:19:25 p0 run=9 q=10 prealloc=0 xfer=0 http=20 kv=0.076 hit=0.000 gen=0 | p1 run=8 q=0 prealloc=0 xfer=0 http=9 kv=0.109 hit=0.000 gen=0 | d0 run=0 q=0 prealloc=0 xfer=0 http=2 kv=0.000 hit=0.000 gen=0
00:19:40 p0 run=9 q=10 prealloc=0 xfer=0 http=20 kv=0.076 hit=0.000 gen=0 | p1 run=8 q=0 prealloc=0 xfer=0 http=9 kv=0.109 hit=0.000 gen=0 | d0 run=0 q=0 prealloc=0 xfer=0 http=2 kv=0.000 hit=0.000 gen=0
00:19:40 p0 run=9 q=10 prealloc=0 xfer=0 http=20 kv=0.076 hit=0.000 gen=0 | p1 run=8 q=0 prealloc=0 xfer=0 http=9 kv=0.109 hit=0.000 gen=0 | d0 run=0 q=0 prealloc=0 xfer=0 http=2 kv=0.000 hit=0.000 gen=0
00:19:40 p0 run=9 q=10 prealloc=0 xfer=0 http=20 kv=0.076 hit=0.000 gen=0 | p1 run=8 q=0 prealloc=0 xfer=0 http=9 kv=0.109 hit=0.000 gen=0 | d0 run=0 q=0 prealloc=0 xfer=0 http=2 kv=0.000 hit=0.000 gen=0
00:19:40 p0 run=9 q=10 prealloc=0 xfer=0 http=20 kv=0.076 hit=0.000 gen=0 | p1 run=8 q=0 prealloc=0 xfer=0 http=9 kv=0.109 hit=0.000 gen=0 | d0 run=0 q=0 prealloc=0 xfer=0 http=2 kv=0.000 hit=0.000 gen=0
00:20:17 p0=<TimeoutError> | p1=<TimeoutError> | d0 run=0 q=0 prealloc=0 xfer=0 http=170 kv=0.000 hit=0.000 gen=0
00:20:17 p0=<TimeoutError> | p1=<TimeoutError> | d0 run=0 q=0 prealloc=0 xfer=0 http=169 kv=0.000 hit=0.000 gen=0
00:20:17 p0=<TimeoutError> | p1=<TimeoutError> | d0 run=0 q=0 prealloc=0 xfer=0 http=169 kv=0.000 hit=0.000 gen=0
00:20:17 p0=<TimeoutError> | p1=<TimeoutError> | d0 run=0 q=0 prealloc=0 xfer=0 http=169 kv=0.000 hit=0.000 gen=0
00:20:40 p0 run=9 q=10 prealloc=0 xfer=0 http=146 kv=0.076 hit=0.000 gen=0 | p1 run=8 q=0 prealloc=0 xfer=0 http=139 kv=0.109 hit=0.000 gen=0 | d0=<TimeoutError>
00:20:40 p0 run=9 q=10 prealloc=0 xfer=0 http=146 kv=0.076 hit=0.000 gen=0 | p1 run=8 q=0 prealloc=0 xfer=0 http=139 kv=0.109 hit=0.000 gen=0 | d0=<TimeoutError>
00:20:40 p0 run=9 q=10 prealloc=0 xfer=0 http=146 kv=0.076 hit=0.000 gen=0 | p1 run=8 q=0 prealloc=0 xfer=0 http=139 kv=0.109 hit=0.000 gen=0 | d0=<TimeoutError>
00:20:40 p0 run=9 q=10 prealloc=0 xfer=0 http=146 kv=0.076 hit=0.000 gen=0 | p1 run=8 q=0 prealloc=0 xfer=0 http=139 kv=0.109 hit=0.000 gen=0 | d0=<TimeoutError>
00:21:03 p0 run=9 q=10 prealloc=0 xfer=0 http=146 kv=0.076 hit=0.000 gen=0 | p1 run=8 q=0 prealloc=0 xfer=0 http=139 kv=0.109 hit=0.000 gen=0 | d0=<TimeoutError>
00:21:03 p0 run=9 q=10 prealloc=0 xfer=0 http=146 kv=0.076 hit=0.000 gen=0 | p1 run=8 q=0 prealloc=0 xfer=0 http=139 kv=0.109 hit=0.000 gen=0 | d0=<TimeoutError>
00:21:03 p0 run=9 q=10 prealloc=0 xfer=0 http=146 kv=0.076 hit=0.000 gen=0 | p1 run=8 q=0 prealloc=0 xfer=0 http=139 kv=0.109 hit=0.000 gen=0 | d0=<TimeoutError>
00:21:03 p0 run=9 q=10 prealloc=0 xfer=0 http=146 kv=0.076 hit=0.000 gen=0 | p1 run=8 q=0 prealloc=0 xfer=0 http=139 kv=0.109 hit=0.000 gen=0 | d0=<TimeoutError>
00:21:18 p0 run=9 q=10 prealloc=0 xfer=0 http=146 kv=0.076 hit=0.000 gen=0 | p1 run=8 q=0 prealloc=0 xfer=0 http=139 kv=0.109 hit=0.000 gen=0 | d0 run=0 q=0 prealloc=0 xfer=0 http=257 kv=0.000 hit=0.000 gen=0
00:21:19 p0 run=9 q=10 prealloc=0 xfer=0 http=146 kv=0.076 hit=0.000 gen=0 | p1 run=8 q=0 prealloc=0 xfer=0 http=139 kv=0.109 hit=0.000 gen=0 | d0 run=0 q=0 prealloc=0 xfer=0 http=257 kv=0.000 hit=0.000 gen=0
00:21:19 p0 run=9 q=10 prealloc=0 xfer=0 http=146 kv=0.076 hit=0.000 gen=0 | p1 run=8 q=0 prealloc=0 xfer=0 http=139 kv=0.109 hit=0.000 gen=0 | d0 run=0 q=0 prealloc=0 xfer=0 http=257 kv=0.000 hit=0.000 gen=0
00:21:19 p0 run=9 q=10 prealloc=0 xfer=0 http=146 kv=0.076 hit=0.000 gen=0 | p1 run=8 q=0 prealloc=0 xfer=0 http=139 kv=0.109 hit=0.000 gen=0 | d0 run=0 q=0 prealloc=0 xfer=0 http=257 kv=0.000 hit=0.000 gen=0
00:21:33 p0 run=9 q=10 prealloc=0 xfer=0 http=146 kv=0.076 hit=0.000 gen=0 | p1 run=8 q=0 prealloc=0 xfer=0 http=139 kv=0.109 hit=0.000 gen=0 | d0 run=0 q=0 prealloc=0 xfer=0 http=257 kv=0.000 hit=0.000 gen=0
00:21:34 p0 run=9 q=10 prealloc=0 xfer=0 http=146 kv=0.076 hit=0.000 gen=0 | p1 run=8 q=0 prealloc=0 xfer=0 http=139 kv=0.109 hit=0.000 gen=0 | d0 run=0 q=0 prealloc=0 xfer=0 http=257 kv=0.000 hit=0.000 gen=0
00:21:34 p0 run=9 q=10 prealloc=0 xfer=0 http=146 kv=0.076 hit=0.000 gen=0 | p1 run=8 q=0 prealloc=0 xfer=0 http=139 kv=0.109 hit=0.000 gen=0 | d0 run=0 q=0 prealloc=0 xfer=0 http=257 kv=0.000 hit=0.000 gen=0
00:21:34 p0 run=9 q=10 prealloc=0 xfer=0 http=146 kv=0.076 hit=0.000 gen=0 | p1 run=8 q=0 prealloc=0 xfer=0 http=139 kv=0.109 hit=0.000 gen=0 | d0 run=0 q=0 prealloc=0 xfer=0 http=257 kv=0.000 hit=0.000 gen=0
00:21:49 p0 run=9 q=10 prealloc=0 xfer=0 http=146 kv=0.076 hit=0.000 gen=0 | p1 run=8 q=0 prealloc=0 xfer=0 http=139 kv=0.109 hit=0.000 gen=0 | d0 run=0 q=0 prealloc=0 xfer=0 http=257 kv=0.000 hit=0.000 gen=0
00:21:49 p0 run=9 q=10 prealloc=0 xfer=0 http=146 kv=0.076 hit=0.000 gen=0 | p1 run=8 q=0 prealloc=0 xfer=0 http=139 kv=0.109 hit=0.000 gen=0 | d0 run=0 q=0 prealloc=0 xfer=0 http=257 kv=0.000 hit=0.000 gen=0
00:21:50 p0 run=9 q=10 prealloc=0 xfer=0 http=146 kv=0.076 hit=0.000 gen=0 | p1 run=8 q=0 prealloc=0 xfer=0 http=139 kv=0.109 hit=0.000 gen=0 | d0 run=0 q=0 prealloc=0 xfer=0 http=257 kv=0.000 hit=0.000 gen=0
00:21:50 p0 run=9 q=10 prealloc=0 xfer=0 http=146 kv=0.076 hit=0.000 gen=0 | p1 run=8 q=0 prealloc=0 xfer=0 http=139 kv=0.109 hit=0.000 gen=0 | d0 run=0 q=0 prealloc=0 xfer=0 http=257 kv=0.000 hit=0.000 gen=0
00:22:04 p0 run=9 q=10 prealloc=0 xfer=0 http=146 kv=0.076 hit=0.000 gen=0 | p1 run=8 q=0 prealloc=0 xfer=0 http=139 kv=0.109 hit=0.000 gen=0 | d0 run=0 q=0 prealloc=0 xfer=0 http=257 kv=0.000 hit=0.000 gen=0
00:22:04 p0 run=9 q=10 prealloc=0 xfer=0 http=146 kv=0.076 hit=0.000 gen=0 | p1 run=8 q=0 prealloc=0 xfer=0 http=139 kv=0.109 hit=0.000 gen=0 | d0 run=0 q=0 prealloc=0 xfer=0 http=257 kv=0.000 hit=0.000 gen=0
00:22:06 p0 run=9 q=10 prealloc=0 xfer=0 http=146 kv=0.076 hit=0.000 gen=0 | p1 run=8 q=0 prealloc=0 xfer=0 http=139 kv=0.109 hit=0.000 gen=0 | d0 run=0 q=0 prealloc=0 xfer=0 http=257 kv=0.000 hit=0.000 gen=0
00:22:06 p0 run=9 q=10 prealloc=0 xfer=0 http=146 kv=0.076 hit=0.000 gen=0 | p1 run=8 q=0 prealloc=0 xfer=0 http=139 kv=0.109 hit=0.000 gen=0 | d0 run=0 q=0 prealloc=0 xfer=0 http=257 kv=0.000 hit=0.000 gen=0
00:22:20 p0 run=9 q=10 prealloc=0 xfer=0 http=146 kv=0.076 hit=0.000 gen=0 | p1 run=8 q=0 prealloc=0 xfer=0 http=139 kv=0.109 hit=0.000 gen=0 | d0 run=0 q=0 prealloc=0 xfer=0 http=257 kv=0.000 hit=0.000 gen=0
00:22:20 p0 run=9 q=10 prealloc=0 xfer=0 http=146 kv=0.076 hit=0.000 gen=0 | p1 run=8 q=0 prealloc=0 xfer=0 http=139 kv=0.109 hit=0.000 gen=0 | d0 run=0 q=0 prealloc=0 xfer=0 http=257 kv=0.000 hit=0.000 gen=0
00:22:21 p0 run=9 q=10 prealloc=0 xfer=0 http=146 kv=0.076 hit=0.000 gen=0 | p1 run=8 q=0 prealloc=0 xfer=0 http=139 kv=0.109 hit=0.000 gen=0 | d0 run=0 q=0 prealloc=0 xfer=0 http=257 kv=0.000 hit=0.000 gen=0
00:22:21 p0 run=9 q=10 prealloc=0 xfer=0 http=146 kv=0.076 hit=0.000 gen=0 | p1 run=8 q=0 prealloc=0 xfer=0 http=139 kv=0.109 hit=0.000 gen=0 | d0 run=0 q=0 prealloc=0 xfer=0 http=257 kv=0.000 hit=0.000 gen=0
00:22:36 p0 run=9 q=10 prealloc=0 xfer=0 http=146 kv=0.076 hit=0.000 gen=0 | p1 run=8 q=0 prealloc=0 xfer=0 http=139 kv=0.109 hit=0.000 gen=0 | d0 run=0 q=0 prealloc=0 xfer=0 http=257 kv=0.000 hit=0.000 gen=0
00:22:36 p0 run=9 q=10 prealloc=0 xfer=0 http=146 kv=0.076 hit=0.000 gen=0 | p1 run=8 q=0 prealloc=0 xfer=0 http=139 kv=0.109 hit=0.000 gen=0 | d0 run=0 q=0 prealloc=0 xfer=0 http=257 kv=0.000 hit=0.000 gen=0
00:22:36 p0 run=9 q=10 prealloc=0 xfer=0 http=146 kv=0.076 hit=0.000 gen=0 | p1 run=8 q=0 prealloc=0 xfer=0 http=139 kv=0.109 hit=0.000 gen=0 | d0 run=0 q=0 prealloc=0 xfer=0 http=257 kv=0.000 hit=0.000 gen=0
00:22:36 p0 run=9 q=10 prealloc=0 xfer=0 http=146 kv=0.076 hit=0.000 gen=0 | p1 run=8 q=0 prealloc=0 xfer=0 http=139 kv=0.109 hit=0.000 gen=0 | d0 run=0 q=0 prealloc=0 xfer=0 http=257 kv=0.000 hit=0.000 gen=0
00:22:51 p0 run=9 q=10 prealloc=0 xfer=0 http=146 kv=0.076 hit=0.000 gen=0 | p1 run=8 q=0 prealloc=0 xfer=0 http=139 kv=0.109 hit=0.000 gen=0 | d0 run=0 q=0 prealloc=0 xfer=0 http=257 kv=0.000 hit=0.000 gen=0
00:22:51 p0 run=9 q=10 prealloc=0 xfer=0 http=146 kv=0.076 hit=0.000 gen=0 | p1 run=8 q=0 prealloc=0 xfer=0 http=139 kv=0.109 hit=0.000 gen=0 | d0 run=0 q=0 prealloc=0 xfer=0 http=257 kv=0.000 hit=0.000 gen=0
00:22:52 p0 run=9 q=10 prealloc=0 xfer=0 http=146 kv=0.076 hit=0.000 gen=0 | p1 run=8 q=0 prealloc=0 xfer=0 http=139 kv=0.109 hit=0.000 gen=0 | d0 run=0 q=0 prealloc=0 xfer=0 http=257 kv=0.000 hit=0.000 gen=0
00:22:52 p0 run=9 q=10 prealloc=0 xfer=0 http=146 kv=0.076 hit=0.000 gen=0 | p1 run=8 q=0 prealloc=0 xfer=0 http=139 kv=0.109 hit=0.000 gen=0 | d0 run=0 q=0 prealloc=0 xfer=0 http=257 kv=0.000 hit=0.000 gen=0
00:23:07 p0 run=9 q=10 prealloc=0 xfer=0 http=146 kv=0.076 hit=0.000 gen=0 | p1 run=8 q=0 prealloc=0 xfer=0 http=139 kv=0.109 hit=0.000 gen=0 | d0 run=0 q=0 prealloc=0 xfer=0 http=257 kv=0.000 hit=0.000 gen=0
00:23:07 p0 run=9 q=10 prealloc=0 xfer=0 http=146 kv=0.076 hit=0.000 gen=0 | p1 run=8 q=0 prealloc=0 xfer=0 http=139 kv=0.109 hit=0.000 gen=0 | d0 run=0 q=0 prealloc=0 xfer=0 http=257 kv=0.000 hit=0.000 gen=0
00:23:07 p0 run=9 q=10 prealloc=0 xfer=0 http=146 kv=0.076 hit=0.000 gen=0 | p1 run=8 q=0 prealloc=0 xfer=0 http=139 kv=0.109 hit=0.000 gen=0 | d0 run=0 q=0 prealloc=0 xfer=0 http=257 kv=0.000 hit=0.000 gen=0
00:23:07 p0 run=9 q=10 prealloc=0 xfer=0 http=146 kv=0.076 hit=0.000 gen=0 | p1 run=8 q=0 prealloc=0 xfer=0 http=139 kv=0.109 hit=0.000 gen=0 | d0 run=0 q=0 prealloc=0 xfer=0 http=257 kv=0.000 hit=0.000 gen=0
00:23:22 p0 run=9 q=10 prealloc=0 xfer=0 http=146 kv=0.076 hit=0.000 gen=0 | p1 run=8 q=0 prealloc=0 xfer=0 http=139 kv=0.109 hit=0.000 gen=0 | d0 run=0 q=0 prealloc=0 xfer=0 http=257 kv=0.000 hit=0.000 gen=0
00:23:22 p0 run=9 q=10 prealloc=0 xfer=0 http=146 kv=0.076 hit=0.000 gen=0 | p1 run=8 q=0 prealloc=0 xfer=0 http=139 kv=0.109 hit=0.000 gen=0 | d0 run=0 q=0 prealloc=0 xfer=0 http=257 kv=0.000 hit=0.000 gen=0
00:23:23 p0 run=9 q=10 prealloc=0 xfer=0 http=146 kv=0.076 hit=0.000 gen=0 | p1 run=8 q=0 prealloc=0 xfer=0 http=139 kv=0.109 hit=0.000 gen=0 | d0 run=0 q=0 prealloc=0 xfer=0 http=257 kv=0.000 hit=0.000 gen=0
00:23:23 p0 run=9 q=10 prealloc=0 xfer=0 http=146 kv=0.076 hit=0.000 gen=0 | p1 run=8 q=0 prealloc=0 xfer=0 http=139 kv=0.109 hit=0.000 gen=0 | d0 run=0 q=0 prealloc=0 xfer=0 http=257 kv=0.000 hit=0.000 gen=0
00:23:37 p0 run=9 q=10 prealloc=0 xfer=0 http=146 kv=0.076 hit=0.000 gen=0 | p1 run=8 q=0 prealloc=0 xfer=0 http=139 kv=0.109 hit=0.000 gen=0 | d0 run=0 q=0 prealloc=0 xfer=0 http=257 kv=0.000 hit=0.000 gen=0
00:23:37 p0 run=9 q=10 prealloc=0 xfer=0 http=146 kv=0.076 hit=0.000 gen=0 | p1 run=8 q=0 prealloc=0 xfer=0 http=139 kv=0.109 hit=0.000 gen=0 | d0 run=0 q=0 prealloc=0 xfer=0 http=257 kv=0.000 hit=0.000 gen=0
00:23:38 p0 run=9 q=10 prealloc=0 xfer=0 http=146 kv=0.076 hit=0.000 gen=0 | p1 run=8 q=0 prealloc=0 xfer=0 http=139 kv=0.109 hit=0.000 gen=0 | d0 run=0 q=0 prealloc=0 xfer=0 http=257 kv=0.000 hit=0.000 gen=0
00:23:38 p0 run=9 q=10 prealloc=0 xfer=0 http=146 kv=0.076 hit=0.000 gen=0 | p1 run=8 q=0 prealloc=0 xfer=0 http=139 kv=0.109 hit=0.000 gen=0 | d0 run=0 q=0 prealloc=0 xfer=0 http=257 kv=0.000 hit=0.000 gen=0
00:23:53 p0 run=9 q=10 prealloc=0 xfer=0 http=146 kv=0.076 hit=0.000 gen=0 | p1 run=8 q=0 prealloc=0 xfer=0 http=139 kv=0.109 hit=0.000 gen=0 | d0 run=0 q=0 prealloc=0 xfer=0 http=257 kv=0.000 hit=0.000 gen=0
00:23:53 p0 run=9 q=10 prealloc=0 xfer=0 http=146 kv=0.076 hit=0.000 gen=0 | p1 run=8 q=0 prealloc=0 xfer=0 http=139 kv=0.109 hit=0.000 gen=0 | d0 run=0 q=0 prealloc=0 xfer=0 http=257 kv=0.000 hit=0.000 gen=0
00:23:54 p0 run=9 q=10 prealloc=0 xfer=0 http=146 kv=0.076 hit=0.000 gen=0 | p1 run=8 q=0 prealloc=0 xfer=0 http=139 kv=0.109 hit=0.000 gen=0 | d0 run=0 q=0 prealloc=0 xfer=0 http=257 kv=0.000 hit=0.000 gen=0
00:23:54 p0 run=9 q=10 prealloc=0 xfer=0 http=146 kv=0.076 hit=0.000 gen=0 | p1 run=8 q=0 prealloc=0 xfer=0 http=139 kv=0.109 hit=0.000 gen=0 | d0 run=0 q=0 prealloc=0 xfer=0 http=257 kv=0.000 hit=0.000 gen=0
00:24:08 p0 run=9 q=10 prealloc=0 xfer=0 http=146 kv=0.076 hit=0.000 gen=0 | p1 run=8 q=0 prealloc=0 xfer=0 http=139 kv=0.109 hit=0.000 gen=0 | d0 run=0 q=0 prealloc=0 xfer=0 http=257 kv=0.000 hit=0.000 gen=0
00:24:09 p0 run=9 q=10 prealloc=0 xfer=0 http=146 kv=0.076 hit=0.000 gen=0 | p1 run=8 q=0 prealloc=0 xfer=0 http=139 kv=0.109 hit=0.000 gen=0 | d0 run=0 q=0 prealloc=0 xfer=0 http=257 kv=0.000 hit=0.000 gen=0
00:24:09 p0 run=9 q=10 prealloc=0 xfer=0 http=146 kv=0.076 hit=0.000 gen=0 | p1 run=8 q=0 prealloc=0 xfer=0 http=139 kv=0.109 hit=0.000 gen=0 | d0 run=0 q=0 prealloc=0 xfer=0 http=257 kv=0.000 hit=0.000 gen=0
00:24:09 p0 run=9 q=10 prealloc=0 xfer=0 http=146 kv=0.076 hit=0.000 gen=0 | p1 run=8 q=0 prealloc=0 xfer=0 http=139 kv=0.109 hit=0.000 gen=0 | d0 run=0 q=0 prealloc=0 xfer=0 http=257 kv=0.000 hit=0.000 gen=0
00:24:24 p0 run=9 q=10 prealloc=0 xfer=0 http=146 kv=0.076 hit=0.000 gen=0 | p1 run=8 q=0 prealloc=0 xfer=0 http=139 kv=0.109 hit=0.000 gen=0 | d0 run=0 q=0 prealloc=0 xfer=0 http=257 kv=0.000 hit=0.000 gen=0
00:24:24 p0 run=9 q=10 prealloc=0 xfer=0 http=146 kv=0.076 hit=0.000 gen=0 | p1 run=8 q=0 prealloc=0 xfer=0 http=139 kv=0.109 hit=0.000 gen=0 | d0 run=0 q=0 prealloc=0 xfer=0 http=257 kv=0.000 hit=0.000 gen=0
00:24:25 p0 run=9 q=10 prealloc=0 xfer=0 http=146 kv=0.076 hit=0.000 gen=0 | p1 run=8 q=0 prealloc=0 xfer=0 http=139 kv=0.109 hit=0.000 gen=0 | d0 run=0 q=0 prealloc=0 xfer=0 http=257 kv=0.000 hit=0.000 gen=0
00:24:25 p0 run=9 q=10 prealloc=0 xfer=0 http=146 kv=0.076 hit=0.000 gen=0 | p1 run=8 q=0 prealloc=0 xfer=0 http=139 kv=0.109 hit=0.000 gen=0 | d0 run=0 q=0 prealloc=0 xfer=0 http=257 kv=0.000 hit=0.000 gen=0
00:24:39 p0 run=9 q=10 prealloc=0 xfer=0 http=146 kv=0.076 hit=0.000 gen=0 | p1 run=8 q=0 prealloc=0 xfer=0 http=139 kv=0.109 hit=0.000 gen=0 | d0 run=0 q=0 prealloc=0 xfer=0 http=257 kv=0.000 hit=0.000 gen=0
00:24:39 p0 run=9 q=10 prealloc=0 xfer=0 http=146 kv=0.076 hit=0.000 gen=0 | p1 run=8 q=0 prealloc=0 xfer=0 http=139 kv=0.109 hit=0.000 gen=0 | d0 run=0 q=0 prealloc=0 xfer=0 http=257 kv=0.000 hit=0.000 gen=0
00:24:40 p0 run=9 q=10 prealloc=0 xfer=0 http=146 kv=0.076 hit=0.000 gen=0 | p1 run=8 q=0 prealloc=0 xfer=0 http=139 kv=0.109 hit=0.000 gen=0 | d0 run=0 q=0 prealloc=0 xfer=0 http=257 kv=0.000 hit=0.000 gen=0
00:24:40 p0 run=9 q=10 prealloc=0 xfer=0 http=146 kv=0.076 hit=0.000 gen=0 | p1 run=8 q=0 prealloc=0 xfer=0 http=139 kv=0.109 hit=0.000 gen=0 | d0 run=0 q=0 prealloc=0 xfer=0 http=257 kv=0.000 hit=0.000 gen=0
00:24:54 p0 run=9 q=10 prealloc=0 xfer=0 http=146 kv=0.076 hit=0.000 gen=0 | p1 run=8 q=0 prealloc=0 xfer=0 http=139 kv=0.109 hit=0.000 gen=0 | d0 run=0 q=0 prealloc=0 xfer=0 http=257 kv=0.000 hit=0.000 gen=0
00:24:54 p0 run=9 q=10 prealloc=0 xfer=0 http=146 kv=0.076 hit=0.000 gen=0 | p1 run=8 q=0 prealloc=0 xfer=0 http=139 kv=0.109 hit=0.000 gen=0 | d0 run=0 q=0 prealloc=0 xfer=0 http=257 kv=0.000 hit=0.000 gen=0
00:24:56 p0 run=9 q=10 prealloc=0 xfer=0 http=146 kv=0.076 hit=0.000 gen=0 | p1 run=8 q=0 prealloc=0 xfer=0 http=139 kv=0.109 hit=0.000 gen=0 | d0 run=0 q=0 prealloc=0 xfer=0 http=257 kv=0.000 hit=0.000 gen=0
00:24:56 p0 run=9 q=10 prealloc=0 xfer=0 http=146 kv=0.076 hit=0.000 gen=0 | p1 run=8 q=0 prealloc=0 xfer=0 http=139 kv=0.109 hit=0.000 gen=0 | d0 run=0 q=0 prealloc=0 xfer=0 http=257 kv=0.000 hit=0.000 gen=0
00:25:10 p0 run=9 q=10 prealloc=0 xfer=0 http=146 kv=0.076 hit=0.000 gen=0 | p1 run=8 q=0 prealloc=0 xfer=0 http=139 kv=0.109 hit=0.000 gen=0 | d0 run=0 q=0 prealloc=0 xfer=0 http=257 kv=0.000 hit=0.000 gen=0
00:25:10 p0 run=9 q=10 prealloc=0 xfer=0 http=146 kv=0.076 hit=0.000 gen=0 | p1 run=8 q=0 prealloc=0 xfer=0 http=139 kv=0.109 hit=0.000 gen=0 | d0 run=0 q=0 prealloc=0 xfer=0 http=257 kv=0.000 hit=0.000 gen=0
00:25:11 p0 run=9 q=10 prealloc=0 xfer=0 http=146 kv=0.076 hit=0.000 gen=0 | p1 run=8 q=0 prealloc=0 xfer=0 http=139 kv=0.109 hit=0.000 gen=0 | d0 run=0 q=0 prealloc=0 xfer=0 http=257 kv=0.000 hit=0.000 gen=0
00:25:11 p0 run=9 q=10 prealloc=0 xfer=0 http=146 kv=0.076 hit=0.000 gen=0 | p1 run=8 q=0 prealloc=0 xfer=0 http=139 kv=0.109 hit=0.000 gen=0 | d0 run=0 q=0 prealloc=0 xfer=0 http=257 kv=0.000 hit=0.000 gen=0
00:25:26 p0 run=9 q=10 prealloc=0 xfer=0 http=146 kv=0.076 hit=0.000 gen=0 | p1 run=8 q=0 prealloc=0 xfer=0 http=139 kv=0.109 hit=0.000 gen=0 | d0 run=0 q=0 prealloc=0 xfer=0 http=257 kv=0.000 hit=0.000 gen=0
00:25:26 p0 run=9 q=10 prealloc=0 xfer=0 http=146 kv=0.076 hit=0.000 gen=0 | p1 run=8 q=0 prealloc=0 xfer=0 http=139 kv=0.109 hit=0.000 gen=0 | d0 run=0 q=0 prealloc=0 xfer=0 http=257 kv=0.000 hit=0.000 gen=0
00:25:27 p0 run=9 q=10 prealloc=0 xfer=0 http=146 kv=0.076 hit=0.000 gen=0 | p1 run=8 q=0 prealloc=0 xfer=0 http=139 kv=0.109 hit=0.000 gen=0 | d0 run=0 q=0 prealloc=0 xfer=0 http=257 kv=0.000 hit=0.000 gen=0
00:25:27 p0 run=9 q=10 prealloc=0 xfer=0 http=146 kv=0.076 hit=0.000 gen=0 | p1 run=8 q=0 prealloc=0 xfer=0 http=139 kv=0.109 hit=0.000 gen=0 | d0 run=0 q=0 prealloc=0 xfer=0 http=257 kv=0.000 hit=0.000 gen=0
00:25:41 p0 run=9 q=10 prealloc=0 xfer=0 http=146 kv=0.076 hit=0.000 gen=0 | p1 run=8 q=0 prealloc=0 xfer=0 http=139 kv=0.109 hit=0.000 gen=0 | d0 run=0 q=0 prealloc=0 xfer=0 http=257 kv=0.000 hit=0.000 gen=0
00:25:41 p0 run=9 q=10 prealloc=0 xfer=0 http=146 kv=0.076 hit=0.000 gen=0 | p1 run=8 q=0 prealloc=0 xfer=0 http=139 kv=0.109 hit=0.000 gen=0 | d0 run=0 q=0 prealloc=0 xfer=0 http=257 kv=0.000 hit=0.000 gen=0
00:25:42 p0 run=9 q=10 prealloc=0 xfer=0 http=146 kv=0.076 hit=0.000 gen=0 | p1 run=8 q=0 prealloc=0 xfer=0 http=139 kv=0.109 hit=0.000 gen=0 | d0 run=0 q=0 prealloc=0 xfer=0 http=257 kv=0.000 hit=0.000 gen=0
00:25:42 p0 run=9 q=10 prealloc=0 xfer=0 http=146 kv=0.076 hit=0.000 gen=0 | p1 run=8 q=0 prealloc=0 xfer=0 http=139 kv=0.109 hit=0.000 gen=0 | d0 run=0 q=0 prealloc=0 xfer=0 http=257 kv=0.000 hit=0.000 gen=0
00:25:57 p0 run=9 q=10 prealloc=0 xfer=0 http=146 kv=0.076 hit=0.000 gen=0 | p1 run=8 q=0 prealloc=0 xfer=0 http=139 kv=0.109 hit=0.000 gen=0 | d0 run=0 q=0 prealloc=0 xfer=0 http=257 kv=0.000 hit=0.000 gen=0
00:25:57 p0 run=9 q=10 prealloc=0 xfer=0 http=146 kv=0.076 hit=0.000 gen=0 | p1 run=8 q=0 prealloc=0 xfer=0 http=139 kv=0.109 hit=0.000 gen=0 | d0 run=0 q=0 prealloc=0 xfer=0 http=257 kv=0.000 hit=0.000 gen=0
00:25:57 p0 run=9 q=10 prealloc=0 xfer=0 http=146 kv=0.076 hit=0.000 gen=0 | p1 run=8 q=0 prealloc=0 xfer=0 http=139 kv=0.109 hit=0.000 gen=0 | d0 run=0 q=0 prealloc=0 xfer=0 http=257 kv=0.000 hit=0.000 gen=0
00:25:57 p0 run=9 q=10 prealloc=0 xfer=0 http=146 kv=0.076 hit=0.000 gen=0 | p1 run=8 q=0 prealloc=0 xfer=0 http=139 kv=0.109 hit=0.000 gen=0 | d0 run=0 q=0 prealloc=0 xfer=0 http=257 kv=0.000 hit=0.000 gen=0
00:26:12 p0 run=9 q=10 prealloc=0 xfer=0 http=146 kv=0.076 hit=0.000 gen=0 | p1 run=8 q=0 prealloc=0 xfer=0 http=139 kv=0.109 hit=0.000 gen=0 | d0 run=0 q=0 prealloc=0 xfer=0 http=257 kv=0.000 hit=0.000 gen=0
00:26:12 p0 run=9 q=10 prealloc=0 xfer=0 http=146 kv=0.076 hit=0.000 gen=0 | p1 run=8 q=0 prealloc=0 xfer=0 http=139 kv=0.109 hit=0.000 gen=0 | d0 run=0 q=0 prealloc=0 xfer=0 http=257 kv=0.000 hit=0.000 gen=0
00:26:13 p0 run=9 q=10 prealloc=0 xfer=0 http=146 kv=0.076 hit=0.000 gen=0 | p1 run=8 q=0 prealloc=0 xfer=0 http=139 kv=0.109 hit=0.000 gen=0 | d0 run=0 q=0 prealloc=0 xfer=0 http=257 kv=0.000 hit=0.000 gen=0
00:26:13 p0 run=9 q=10 prealloc=0 xfer=0 http=146 kv=0.076 hit=0.000 gen=0 | p1 run=8 q=0 prealloc=0 xfer=0 http=139 kv=0.109 hit=0.000 gen=0 | d0 run=0 q=0 prealloc=0 xfer=0 http=257 kv=0.000 hit=0.000 gen=0
00:26:28 p0 run=9 q=10 prealloc=0 xfer=0 http=146 kv=0.076 hit=0.000 gen=0 | p1 run=8 q=0 prealloc=0 xfer=0 http=139 kv=0.109 hit=0.000 gen=0 | d0 run=0 q=0 prealloc=0 xfer=0 http=257 kv=0.000 hit=0.000 gen=0
00:26:28 p0 run=9 q=10 prealloc=0 xfer=0 http=146 kv=0.076 hit=0.000 gen=0 | p1 run=8 q=0 prealloc=0 xfer=0 http=139 kv=0.109 hit=0.000 gen=0 | d0 run=0 q=0 prealloc=0 xfer=0 http=257 kv=0.000 hit=0.000 gen=0
00:26:28 p0 run=9 q=10 prealloc=0 xfer=0 http=146 kv=0.076 hit=0.000 gen=0 | p1 run=8 q=0 prealloc=0 xfer=0 http=139 kv=0.109 hit=0.000 gen=0 | d0 run=0 q=0 prealloc=0 xfer=0 http=257 kv=0.000 hit=0.000 gen=0
00:26:28 p0 run=9 q=10 prealloc=0 xfer=0 http=146 kv=0.076 hit=0.000 gen=0 | p1 run=8 q=0 prealloc=0 xfer=0 http=139 kv=0.109 hit=0.000 gen=0 | d0 run=0 q=0 prealloc=0 xfer=0 http=257 kv=0.000 hit=0.000 gen=0
00:26:43 p0 run=9 q=10 prealloc=0 xfer=0 http=146 kv=0.076 hit=0.000 gen=0 | p1 run=8 q=0 prealloc=0 xfer=0 http=139 kv=0.109 hit=0.000 gen=0 | d0 run=0 q=0 prealloc=0 xfer=0 http=257 kv=0.000 hit=0.000 gen=0
00:26:43 p0 run=9 q=10 prealloc=0 xfer=0 http=146 kv=0.076 hit=0.000 gen=0 | p1 run=8 q=0 prealloc=0 xfer=0 http=139 kv=0.109 hit=0.000 gen=0 | d0 run=0 q=0 prealloc=0 xfer=0 http=257 kv=0.000 hit=0.000 gen=0
00:26:44 p0 run=9 q=10 prealloc=0 xfer=0 http=146 kv=0.076 hit=0.000 gen=0 | p1 run=8 q=0 prealloc=0 xfer=0 http=139 kv=0.109 hit=0.000 gen=0 | d0 run=0 q=0 prealloc=0 xfer=0 http=257 kv=0.000 hit=0.000 gen=0
00:26:44 p0 run=9 q=10 prealloc=0 xfer=0 http=146 kv=0.076 hit=0.000 gen=0 | p1 run=8 q=0 prealloc=0 xfer=0 http=139 kv=0.109 hit=0.000 gen=0 | d0 run=0 q=0 prealloc=0 xfer=0 http=257 kv=0.000 hit=0.000 gen=0
00:26:59 p0 run=9 q=10 prealloc=0 xfer=0 http=146 kv=0.076 hit=0.000 gen=0 | p1 run=8 q=0 prealloc=0 xfer=0 http=139 kv=0.109 hit=0.000 gen=0 | d0 run=0 q=0 prealloc=0 xfer=0 http=257 kv=0.000 hit=0.000 gen=0
00:26:59 p0 run=9 q=10 prealloc=0 xfer=0 http=146 kv=0.076 hit=0.000 gen=0 | p1 run=8 q=0 prealloc=0 xfer=0 http=139 kv=0.109 hit=0.000 gen=0 | d0 run=0 q=0 prealloc=0 xfer=0 http=257 kv=0.000 hit=0.000 gen=0
00:26:59 p0 run=9 q=10 prealloc=0 xfer=0 http=146 kv=0.076 hit=0.000 gen=0 | p1 run=8 q=0 prealloc=0 xfer=0 http=139 kv=0.109 hit=0.000 gen=0 | d0 run=0 q=0 prealloc=0 xfer=0 http=257 kv=0.000 hit=0.000 gen=0
00:26:59 p0 run=9 q=10 prealloc=0 xfer=0 http=146 kv=0.076 hit=0.000 gen=0 | p1 run=8 q=0 prealloc=0 xfer=0 http=139 kv=0.109 hit=0.000 gen=0 | d0 run=0 q=0 prealloc=0 xfer=0 http=257 kv=0.000 hit=0.000 gen=0
00:27:15 p0 run=9 q=10 prealloc=0 xfer=0 http=146 kv=0.076 hit=0.000 gen=0 | p1 run=8 q=0 prealloc=0 xfer=0 http=139 kv=0.109 hit=0.000 gen=0 | d0 run=0 q=0 prealloc=0 xfer=0 http=257 kv=0.000 hit=0.000 gen=0
00:27:15 p0 run=9 q=10 prealloc=0 xfer=0 http=146 kv=0.076 hit=0.000 gen=0 | p1 run=8 q=0 prealloc=0 xfer=0 http=139 kv=0.109 hit=0.000 gen=0 | d0 run=0 q=0 prealloc=0 xfer=0 http=257 kv=0.000 hit=0.000 gen=0
00:27:15 p0 run=9 q=10 prealloc=0 xfer=0 http=146 kv=0.076 hit=0.000 gen=0 | p1 run=8 q=0 prealloc=0 xfer=0 http=139 kv=0.109 hit=0.000 gen=0 | d0 run=0 q=0 prealloc=0 xfer=0 http=257 kv=0.000 hit=0.000 gen=0
00:27:15 p0 run=9 q=10 prealloc=0 xfer=0 http=146 kv=0.076 hit=0.000 gen=0 | p1 run=8 q=0 prealloc=0 xfer=0 http=139 kv=0.109 hit=0.000 gen=0 | d0 run=0 q=0 prealloc=0 xfer=0 http=257 kv=0.000 hit=0.000 gen=0
00:27:30 p0 run=9 q=10 prealloc=0 xfer=0 http=146 kv=0.076 hit=0.000 gen=0 | p1 run=8 q=0 prealloc=0 xfer=0 http=139 kv=0.109 hit=0.000 gen=0 | d0 run=0 q=0 prealloc=0 xfer=0 http=257 kv=0.000 hit=0.000 gen=0
00:27:30 p0 run=9 q=10 prealloc=0 xfer=0 http=146 kv=0.076 hit=0.000 gen=0 | p1 run=8 q=0 prealloc=0 xfer=0 http=139 kv=0.109 hit=0.000 gen=0 | d0 run=0 q=0 prealloc=0 xfer=0 http=257 kv=0.000 hit=0.000 gen=0
00:27:30 p0 run=9 q=10 prealloc=0 xfer=0 http=146 kv=0.076 hit=0.000 gen=0 | p1 run=8 q=0 prealloc=0 xfer=0 http=139 kv=0.109 hit=0.000 gen=0 | d0 run=0 q=0 prealloc=0 xfer=0 http=257 kv=0.000 hit=0.000 gen=0
00:27:30 p0 run=9 q=10 prealloc=0 xfer=0 http=146 kv=0.076 hit=0.000 gen=0 | p1 run=8 q=0 prealloc=0 xfer=0 http=139 kv=0.109 hit=0.000 gen=0 | d0 run=0 q=0 prealloc=0 xfer=0 http=257 kv=0.000 hit=0.000 gen=0
00:27:46 p0 run=9 q=10 prealloc=0 xfer=0 http=146 kv=0.076 hit=0.000 gen=0 | p1 run=8 q=0 prealloc=0 xfer=0 http=139 kv=0.109 hit=0.000 gen=0 | d0 run=0 q=0 prealloc=0 xfer=0 http=257 kv=0.000 hit=0.000 gen=0
00:27:46 p0 run=9 q=10 prealloc=0 xfer=0 http=146 kv=0.076 hit=0.000 gen=0 | p1 run=8 q=0 prealloc=0 xfer=0 http=139 kv=0.109 hit=0.000 gen=0 | d0 run=0 q=0 prealloc=0 xfer=0 http=257 kv=0.000 hit=0.000 gen=0
00:27:46 p0 run=9 q=10 prealloc=0 xfer=0 http=146 kv=0.076 hit=0.000 gen=0 | p1 run=8 q=0 prealloc=0 xfer=0 http=139 kv=0.109 hit=0.000 gen=0 | d0 run=0 q=0 prealloc=0 xfer=0 http=257 kv=0.000 hit=0.000 gen=0
00:27:46 p0 run=9 q=10 prealloc=0 xfer=0 http=146 kv=0.076 hit=0.000 gen=0 | p1 run=8 q=0 prealloc=0 xfer=0 http=139 kv=0.109 hit=0.000 gen=0 | d0 run=0 q=0 prealloc=0 xfer=0 http=257 kv=0.000 hit=0.000 gen=0
00:28:01 p0 run=9 q=10 prealloc=0 xfer=0 http=146 kv=0.076 hit=0.000 gen=0 | p1 run=8 q=0 prealloc=0 xfer=0 http=139 kv=0.109 hit=0.000 gen=0 | d0 run=0 q=0 prealloc=0 xfer=0 http=257 kv=0.000 hit=0.000 gen=0
00:28:01 p0 run=9 q=10 prealloc=0 xfer=0 http=146 kv=0.076 hit=0.000 gen=0 | p1 run=8 q=0 prealloc=0 xfer=0 http=139 kv=0.109 hit=0.000 gen=0 | d0 run=0 q=0 prealloc=0 xfer=0 http=257 kv=0.000 hit=0.000 gen=0
00:28:02 p0 run=9 q=10 prealloc=0 xfer=0 http=146 kv=0.076 hit=0.000 gen=0 | p1 run=8 q=0 prealloc=0 xfer=0 http=139 kv=0.109 hit=0.000 gen=0 | d0 run=0 q=0 prealloc=0 xfer=0 http=257 kv=0.000 hit=0.000 gen=0
00:28:02 p0 run=9 q=10 prealloc=0 xfer=0 http=146 kv=0.076 hit=0.000 gen=0 | p1 run=8 q=0 prealloc=0 xfer=0 http=139 kv=0.109 hit=0.000 gen=0 | d0 run=0 q=0 prealloc=0 xfer=0 http=257 kv=0.000 hit=0.000 gen=0
00:28:16 p0 run=9 q=10 prealloc=0 xfer=0 http=146 kv=0.076 hit=0.000 gen=0 | p1 run=8 q=0 prealloc=0 xfer=0 http=139 kv=0.109 hit=0.000 gen=0 | d0 run=0 q=0 prealloc=0 xfer=0 http=257 kv=0.000 hit=0.000 gen=0
00:28:16 p0 run=9 q=10 prealloc=0 xfer=0 http=146 kv=0.076 hit=0.000 gen=0 | p1 run=8 q=0 prealloc=0 xfer=0 http=139 kv=0.109 hit=0.000 gen=0 | d0 run=0 q=0 prealloc=0 xfer=0 http=257 kv=0.000 hit=0.000 gen=0
00:28:17 p0 run=9 q=10 prealloc=0 xfer=0 http=146 kv=0.076 hit=0.000 gen=0 | p1 run=8 q=0 prealloc=0 xfer=0 http=139 kv=0.109 hit=0.000 gen=0 | d0 run=0 q=0 prealloc=0 xfer=0 http=257 kv=0.000 hit=0.000 gen=0
00:28:17 p0 run=9 q=10 prealloc=0 xfer=0 http=146 kv=0.076 hit=0.000 gen=0 | p1 run=8 q=0 prealloc=0 xfer=0 http=139 kv=0.109 hit=0.000 gen=0 | d0 run=0 q=0 prealloc=0 xfer=0 http=257 kv=0.000 hit=0.000 gen=0
00:28:32 p0 run=9 q=10 prealloc=0 xfer=0 http=146 kv=0.076 hit=0.000 gen=0 | p1 run=8 q=0 prealloc=0 xfer=0 http=139 kv=0.109 hit=0.000 gen=0 | d0 run=0 q=0 prealloc=0 xfer=0 http=257 kv=0.000 hit=0.000 gen=0
00:28:32 p0 run=9 q=10 prealloc=0 xfer=0 http=146 kv=0.076 hit=0.000 gen=0 | p1 run=8 q=0 prealloc=0 xfer=0 http=139 kv=0.109 hit=0.000 gen=0 | d0 run=0 q=0 prealloc=0 xfer=0 http=257 kv=0.000 hit=0.000 gen=0
00:28:32 p0 run=9 q=10 prealloc=0 xfer=0 http=146 kv=0.076 hit=0.000 gen=0 | p1 run=8 q=0 prealloc=0 xfer=0 http=139 kv=0.109 hit=0.000 gen=0 | d0 run=0 q=0 prealloc=0 xfer=0 http=257 kv=0.000 hit=0.000 gen=0
00:28:32 p0 run=9 q=10 prealloc=0 xfer=0 http=146 kv=0.076 hit=0.000 gen=0 | p1 run=8 q=0 prealloc=0 xfer=0 http=139 kv=0.109 hit=0.000 gen=0 | d0 run=0 q=0 prealloc=0 xfer=0 http=257 kv=0.000 hit=0.000 gen=0
00:28:47 p0 run=9 q=10 prealloc=0 xfer=0 http=146 kv=0.076 hit=0.000 gen=0 | p1 run=8 q=0 prealloc=0 xfer=0 http=139 kv=0.109 hit=0.000 gen=0 | d0 run=0 q=0 prealloc=0 xfer=0 http=257 kv=0.000 hit=0.000 gen=0
00:28:47 p0 run=9 q=10 prealloc=0 xfer=0 http=146 kv=0.076 hit=0.000 gen=0 | p1 run=8 q=0 prealloc=0 xfer=0 http=139 kv=0.109 hit=0.000 gen=0 | d0 run=0 q=0 prealloc=0 xfer=0 http=257 kv=0.000 hit=0.000 gen=0
00:28:47 p0 run=9 q=10 prealloc=0 xfer=0 http=146 kv=0.076 hit=0.000 gen=0 | p1 run=8 q=0 prealloc=0 xfer=0 http=139 kv=0.109 hit=0.000 gen=0 | d0 run=0 q=0 prealloc=0 xfer=0 http=257 kv=0.000 hit=0.000 gen=0
00:28:48 p0 run=9 q=10 prealloc=0 xfer=0 http=146 kv=0.076 hit=0.000 gen=0 | p1 run=8 q=0 prealloc=0 xfer=0 http=139 kv=0.109 hit=0.000 gen=0 | d0 run=0 q=0 prealloc=0 xfer=0 http=257 kv=0.000 hit=0.000 gen=0
00:29:03 p0 run=9 q=10 prealloc=0 xfer=0 http=146 kv=0.076 hit=0.000 gen=0 | p1 run=8 q=0 prealloc=0 xfer=0 http=139 kv=0.109 hit=0.000 gen=0 | d0 run=0 q=0 prealloc=0 xfer=0 http=257 kv=0.000 hit=0.000 gen=0
00:29:03 p0 run=9 q=10 prealloc=0 xfer=0 http=146 kv=0.076 hit=0.000 gen=0 | p1 run=8 q=0 prealloc=0 xfer=0 http=139 kv=0.109 hit=0.000 gen=0 | d0 run=0 q=0 prealloc=0 xfer=0 http=257 kv=0.000 hit=0.000 gen=0
00:29:03 p0 run=9 q=10 prealloc=0 xfer=0 http=146 kv=0.076 hit=0.000 gen=0 | p1 run=8 q=0 prealloc=0 xfer=0 http=139 kv=0.109 hit=0.000 gen=0 | d0 run=0 q=0 prealloc=0 xfer=0 http=257 kv=0.000 hit=0.000 gen=0
00:29:03 p0 run=9 q=10 prealloc=0 xfer=0 http=146 kv=0.076 hit=0.000 gen=0 | p1 run=8 q=0 prealloc=0 xfer=0 http=139 kv=0.109 hit=0.000 gen=0 | d0 run=0 q=0 prealloc=0 xfer=0 http=257 kv=0.000 hit=0.000 gen=0
00:29:18 p0 run=9 q=10 prealloc=0 xfer=0 http=146 kv=0.076 hit=0.000 gen=0 | p1 run=8 q=0 prealloc=0 xfer=0 http=139 kv=0.109 hit=0.000 gen=0 | d0 run=0 q=0 prealloc=0 xfer=0 http=257 kv=0.000 hit=0.000 gen=0
00:29:19 p0 run=9 q=10 prealloc=0 xfer=0 http=146 kv=0.076 hit=0.000 gen=0 | p1 run=8 q=0 prealloc=0 xfer=0 http=139 kv=0.109 hit=0.000 gen=0 | d0 run=0 q=0 prealloc=0 xfer=0 http=257 kv=0.000 hit=0.000 gen=0
00:29:19 p0 run=9 q=10 prealloc=0 xfer=0 http=146 kv=0.076 hit=0.000 gen=0 | p1 run=8 q=0 prealloc=0 xfer=0 http=139 kv=0.109 hit=0.000 gen=0 | d0 run=0 q=0 prealloc=0 xfer=0 http=257 kv=0.000 hit=0.000 gen=0
00:29:19 p0 run=9 q=10 prealloc=0 xfer=0 http=146 kv=0.076 hit=0.000 gen=0 | p1 run=8 q=0 prealloc=0 xfer=0 http=139 kv=0.109 hit=0.000 gen=0 | d0 run=0 q=0 prealloc=0 xfer=0 http=257 kv=0.000 hit=0.000 gen=0
00:29:34 p0 run=9 q=10 prealloc=0 xfer=0 http=146 kv=0.076 hit=0.000 gen=0 | p1 run=8 q=0 prealloc=0 xfer=0 http=139 kv=0.109 hit=0.000 gen=0 | d0 run=0 q=0 prealloc=0 xfer=0 http=257 kv=0.000 hit=0.000 gen=0
00:29:34 p0 run=9 q=10 prealloc=0 xfer=0 http=146 kv=0.076 hit=0.000 gen=0 | p1 run=8 q=0 prealloc=0 xfer=0 http=139 kv=0.109 hit=0.000 gen=0 | d0 run=0 q=0 prealloc=0 xfer=0 http=257 kv=0.000 hit=0.000 gen=0
00:29:34 p0 run=9 q=10 prealloc=0 xfer=0 http=146 kv=0.076 hit=0.000 gen=0 | p1 run=8 q=0 prealloc=0 xfer=0 http=139 kv=0.109 hit=0.000 gen=0 | d0 run=0 q=0 prealloc=0 xfer=0 http=257 kv=0.000 hit=0.000 gen=0
00:29:34 p0 run=9 q=10 prealloc=0 xfer=0 http=146 kv=0.076 hit=0.000 gen=0 | p1 run=8 q=0 prealloc=0 xfer=0 http=139 kv=0.109 hit=0.000 gen=0 | d0 run=0 q=0 prealloc=0 xfer=0 http=257 kv=0.000 hit=0.000 gen=0
00:29:50 p0 run=9 q=10 prealloc=0 xfer=0 http=146 kv=0.076 hit=0.000 gen=0 | p1 run=8 q=0 prealloc=0 xfer=0 http=139 kv=0.109 hit=0.000 gen=0 | d0 run=0 q=0 prealloc=0 xfer=0 http=257 kv=0.000 hit=0.000 gen=0
00:29:50 p0 run=9 q=10 prealloc=0 xfer=0 http=146 kv=0.076 hit=0.000 gen=0 | p1 run=8 q=0 prealloc=0 xfer=0 http=139 kv=0.109 hit=0.000 gen=0 | d0 run=0 q=0 prealloc=0 xfer=0 http=257 kv=0.000 hit=0.000 gen=0
00:29:50 p0 run=9 q=10 prealloc=0 xfer=0 http=146 kv=0.076 hit=0.000 gen=0 | p1 run=8 q=0 prealloc=0 xfer=0 http=139 kv=0.109 hit=0.000 gen=0 | d0 run=0 q=0 prealloc=0 xfer=0 http=257 kv=0.000 hit=0.000 gen=0
00:29:50 p0 run=9 q=10 prealloc=0 xfer=0 http=146 kv=0.076 hit=0.000 gen=0 | p1 run=8 q=0 prealloc=0 xfer=0 http=139 kv=0.109 hit=0.000 gen=0 | d0 run=0 q=0 prealloc=0 xfer=0 http=257 kv=0.000 hit=0.000 gen=0
00:30:05 p0 run=9 q=10 prealloc=0 xfer=0 http=146 kv=0.076 hit=0.000 gen=0 | p1 run=8 q=0 prealloc=0 xfer=0 http=139 kv=0.109 hit=0.000 gen=0 | d0 run=0 q=0 prealloc=0 xfer=0 http=257 kv=0.000 hit=0.000 gen=0
00:30:05 p0 run=9 q=10 prealloc=0 xfer=0 http=146 kv=0.076 hit=0.000 gen=0 | p1 run=8 q=0 prealloc=0 xfer=0 http=139 kv=0.109 hit=0.000 gen=0 | d0 run=0 q=0 prealloc=0 xfer=0 http=257 kv=0.000 hit=0.000 gen=0
00:30:06 p0 run=9 q=10 prealloc=0 xfer=0 http=146 kv=0.076 hit=0.000 gen=0 | p1 run=8 q=0 prealloc=0 xfer=0 http=139 kv=0.109 hit=0.000 gen=0 | d0 run=0 q=0 prealloc=0 xfer=0 http=257 kv=0.000 hit=0.000 gen=0
00:30:06 p0 run=9 q=10 prealloc=0 xfer=0 http=146 kv=0.076 hit=0.000 gen=0 | p1 run=8 q=0 prealloc=0 xfer=0 http=139 kv=0.109 hit=0.000 gen=0 | d0 run=0 q=0 prealloc=0 xfer=0 http=257 kv=0.000 hit=0.000 gen=0
00:30:21 p0 run=9 q=10 prealloc=0 xfer=0 http=146 kv=0.076 hit=0.000 gen=0 | p1 run=8 q=0 prealloc=0 xfer=0 http=139 kv=0.109 hit=0.000 gen=0 | d0 run=0 q=0 prealloc=0 xfer=0 http=257 kv=0.000 hit=0.000 gen=0
00:30:21 p0 run=9 q=10 prealloc=0 xfer=0 http=146 kv=0.076 hit=0.000 gen=0 | p1 run=8 q=0 prealloc=0 xfer=0 http=139 kv=0.109 hit=0.000 gen=0 | d0 run=0 q=0 prealloc=0 xfer=0 http=257 kv=0.000 hit=0.000 gen=0
00:30:21 p0 run=9 q=10 prealloc=0 xfer=0 http=146 kv=0.076 hit=0.000 gen=0 | p1 run=8 q=0 prealloc=0 xfer=0 http=139 kv=0.109 hit=0.000 gen=0 | d0 run=0 q=0 prealloc=0 xfer=0 http=257 kv=0.000 hit=0.000 gen=0
00:30:21 p0 run=9 q=10 prealloc=0 xfer=0 http=146 kv=0.076 hit=0.000 gen=0 | p1 run=8 q=0 prealloc=0 xfer=0 http=139 kv=0.109 hit=0.000 gen=0 | d0 run=0 q=0 prealloc=0 xfer=0 http=257 kv=0.000 hit=0.000 gen=0
00:30:36 p0 run=9 q=10 prealloc=0 xfer=0 http=146 kv=0.076 hit=0.000 gen=0 | p1 run=8 q=0 prealloc=0 xfer=0 http=139 kv=0.109 hit=0.000 gen=0 | d0 run=0 q=0 prealloc=0 xfer=0 http=257 kv=0.000 hit=0.000 gen=0
00:30:36 p0 run=9 q=10 prealloc=0 xfer=0 http=146 kv=0.076 hit=0.000 gen=0 | p1 run=8 q=0 prealloc=0 xfer=0 http=139 kv=0.109 hit=0.000 gen=0 | d0 run=0 q=0 prealloc=0 xfer=0 http=257 kv=0.000 hit=0.000 gen=0
00:30:37 p0 run=9 q=10 prealloc=0 xfer=0 http=146 kv=0.076 hit=0.000 gen=0 | p1 run=8 q=0 prealloc=0 xfer=0 http=139 kv=0.109 hit=0.000 gen=0 | d0 run=0 q=0 prealloc=0 xfer=0 http=257 kv=0.000 hit=0.000 gen=0
00:30:37 p0 run=9 q=10 prealloc=0 xfer=0 http=146 kv=0.076 hit=0.000 gen=0 | p1 run=8 q=0 prealloc=0 xfer=0 http=139 kv=0.109 hit=0.000 gen=0 | d0 run=0 q=0 prealloc=0 xfer=0 http=257 kv=0.000 hit=0.000 gen=0
00:30:52 p0 run=9 q=10 prealloc=0 xfer=0 http=146 kv=0.076 hit=0.000 gen=0 | p1 run=8 q=0 prealloc=0 xfer=0 http=139 kv=0.109 hit=0.000 gen=0 | d0 run=0 q=0 prealloc=0 xfer=0 http=257 kv=0.000 hit=0.000 gen=0
00:30:52 p0 run=9 q=10 prealloc=0 xfer=0 http=146 kv=0.076 hit=0.000 gen=0 | p1 run=8 q=0 prealloc=0 xfer=0 http=139 kv=0.109 hit=0.000 gen=0 | d0 run=0 q=0 prealloc=0 xfer=0 http=257 kv=0.000 hit=0.000 gen=0
00:30:52 p0 run=9 q=10 prealloc=0 xfer=0 http=146 kv=0.076 hit=0.000 gen=0 | p1 run=8 q=0 prealloc=0 xfer=0 http=139 kv=0.109 hit=0.000 gen=0 | d0 run=0 q=0 prealloc=0 xfer=0 http=257 kv=0.000 hit=0.000 gen=0
00:30:52 p0 run=9 q=10 prealloc=0 xfer=0 http=146 kv=0.076 hit=0.000 gen=0 | p1 run=8 q=0 prealloc=0 xfer=0 http=139 kv=0.109 hit=0.000 gen=0 | d0 run=0 q=0 prealloc=0 xfer=0 http=257 kv=0.000 hit=0.000 gen=0
00:31:07 p0 run=9 q=10 prealloc=0 xfer=0 http=146 kv=0.076 hit=0.000 gen=0 | p1 run=8 q=0 prealloc=0 xfer=0 http=139 kv=0.109 hit=0.000 gen=0 | d0 run=0 q=0 prealloc=0 xfer=0 http=257 kv=0.000 hit=0.000 gen=0
00:31:07 p0 run=9 q=10 prealloc=0 xfer=0 http=146 kv=0.076 hit=0.000 gen=0 | p1 run=8 q=0 prealloc=0 xfer=0 http=139 kv=0.109 hit=0.000 gen=0 | d0 run=0 q=0 prealloc=0 xfer=0 http=257 kv=0.000 hit=0.000 gen=0
00:31:08 p0 run=9 q=10 prealloc=0 xfer=0 http=146 kv=0.076 hit=0.000 gen=0 | p1 run=8 q=0 prealloc=0 xfer=0 http=139 kv=0.109 hit=0.000 gen=0 | d0 run=0 q=0 prealloc=0 xfer=0 http=257 kv=0.000 hit=0.000 gen=0
00:31:08 p0 run=9 q=10 prealloc=0 xfer=0 http=146 kv=0.076 hit=0.000 gen=0 | p1 run=8 q=0 prealloc=0 xfer=0 http=139 kv=0.109 hit=0.000 gen=0 | d0 run=0 q=0 prealloc=0 xfer=0 http=257 kv=0.000 hit=0.000 gen=0
00:31:23 p0 run=9 q=10 prealloc=0 xfer=0 http=146 kv=0.076 hit=0.000 gen=0 | p1 run=8 q=0 prealloc=0 xfer=0 http=139 kv=0.109 hit=0.000 gen=0 | d0 run=0 q=0 prealloc=0 xfer=0 http=257 kv=0.000 hit=0.000 gen=0
00:31:23 p0 run=9 q=10 prealloc=0 xfer=0 http=146 kv=0.076 hit=0.000 gen=0 | p1 run=8 q=0 prealloc=0 xfer=0 http=139 kv=0.109 hit=0.000 gen=0 | d0 run=0 q=0 prealloc=0 xfer=0 http=257 kv=0.000 hit=0.000 gen=0
00:31:23 p0 run=9 q=10 prealloc=0 xfer=0 http=146 kv=0.076 hit=0.000 gen=0 | p1 run=8 q=0 prealloc=0 xfer=0 http=139 kv=0.109 hit=0.000 gen=0 | d0 run=0 q=0 prealloc=0 xfer=0 http=257 kv=0.000 hit=0.000 gen=0
00:31:23 p0 run=9 q=10 prealloc=0 xfer=0 http=146 kv=0.076 hit=0.000 gen=0 | p1 run=8 q=0 prealloc=0 xfer=0 http=139 kv=0.109 hit=0.000 gen=0 | d0 run=0 q=0 prealloc=0 xfer=0 http=257 kv=0.000 hit=0.000 gen=0
00:31:38 p0 run=9 q=10 prealloc=0 xfer=0 http=146 kv=0.076 hit=0.000 gen=0 | p1 run=8 q=0 prealloc=0 xfer=0 http=139 kv=0.109 hit=0.000 gen=0 | d0 run=0 q=0 prealloc=0 xfer=0 http=257 kv=0.000 hit=0.000 gen=0
00:31:38 p0 run=9 q=10 prealloc=0 xfer=0 http=146 kv=0.076 hit=0.000 gen=0 | p1 run=8 q=0 prealloc=0 xfer=0 http=139 kv=0.109 hit=0.000 gen=0 | d0 run=0 q=0 prealloc=0 xfer=0 http=257 kv=0.000 hit=0.000 gen=0
00:31:38 p0 run=9 q=10 prealloc=0 xfer=0 http=146 kv=0.076 hit=0.000 gen=0 | p1 run=8 q=0 prealloc=0 xfer=0 http=139 kv=0.109 hit=0.000 gen=0 | d0 run=0 q=0 prealloc=0 xfer=0 http=257 kv=0.000 hit=0.000 gen=0
00:31:39 p0 run=9 q=10 prealloc=0 xfer=0 http=146 kv=0.076 hit=0.000 gen=0 | p1 run=8 q=0 prealloc=0 xfer=0 http=139 kv=0.109 hit=0.000 gen=0 | d0 run=0 q=0 prealloc=0 xfer=0 http=257 kv=0.000 hit=0.000 gen=0
00:31:54 p0 run=9 q=10 prealloc=0 xfer=0 http=146 kv=0.076 hit=0.000 gen=0 | p1 run=8 q=0 prealloc=0 xfer=0 http=139 kv=0.109 hit=0.000 gen=0 | d0 run=0 q=0 prealloc=0 xfer=0 http=257 kv=0.000 hit=0.000 gen=0
00:31:54 p0 run=9 q=10 prealloc=0 xfer=0 http=146 kv=0.076 hit=0.000 gen=0 | p1 run=8 q=0 prealloc=0 xfer=0 http=139 kv=0.109 hit=0.000 gen=0 | d0 run=0 q=0 prealloc=0 xfer=0 http=257 kv=0.000 hit=0.000 gen=0
00:31:54 p0 run=9 q=10 prealloc=0 xfer=0 http=146 kv=0.076 hit=0.000 gen=0 | p1 run=8 q=0 prealloc=0 xfer=0 http=139 kv=0.109 hit=0.000 gen=0 | d0 run=0 q=0 prealloc=0 xfer=0 http=257 kv=0.000 hit=0.000 gen=0
00:31:54 p0 run=9 q=10 prealloc=0 xfer=0 http=146 kv=0.076 hit=0.000 gen=0 | p1 run=8 q=0 prealloc=0 xfer=0 http=139 kv=0.109 hit=0.000 gen=0 | d0 run=0 q=0 prealloc=0 xfer=0 http=257 kv=0.000 hit=0.000 gen=0
00:32:09 p0 run=9 q=10 prealloc=0 xfer=0 http=146 kv=0.076 hit=0.000 gen=0 | p1 run=8 q=0 prealloc=0 xfer=0 http=139 kv=0.109 hit=0.000 gen=0 | d0 run=0 q=0 prealloc=0 xfer=0 http=257 kv=0.000 hit=0.000 gen=0
00:32:09 p0 run=9 q=10 prealloc=0 xfer=0 http=146 kv=0.076 hit=0.000 gen=0 | p1 run=8 q=0 prealloc=0 xfer=0 http=139 kv=0.109 hit=0.000 gen=0 | d0 run=0 q=0 prealloc=0 xfer=0 http=257 kv=0.000 hit=0.000 gen=0
00:32:09 p0 run=9 q=10 prealloc=0 xfer=0 http=146 kv=0.076 hit=0.000 gen=0 | p1 run=8 q=0 prealloc=0 xfer=0 http=139 kv=0.109 hit=0.000 gen=0 | d0 run=0 q=0 prealloc=0 xfer=0 http=257 kv=0.000 hit=0.000 gen=0
00:32:09 p0 run=9 q=10 prealloc=0 xfer=0 http=146 kv=0.076 hit=0.000 gen=0 | p1 run=8 q=0 prealloc=0 xfer=0 http=139 kv=0.109 hit=0.000 gen=0 | d0 run=0 q=0 prealloc=0 xfer=0 http=257 kv=0.000 hit=0.000 gen=0
00:32:25 p0 run=9 q=10 prealloc=0 xfer=0 http=146 kv=0.076 hit=0.000 gen=0 | p1 run=8 q=0 prealloc=0 xfer=0 http=139 kv=0.109 hit=0.000 gen=0 | d0 run=0 q=0 prealloc=0 xfer=0 http=257 kv=0.000 hit=0.000 gen=0
00:32:25 p0 run=9 q=10 prealloc=0 xfer=0 http=146 kv=0.076 hit=0.000 gen=0 | p1 run=8 q=0 prealloc=0 xfer=0 http=139 kv=0.109 hit=0.000 gen=0 | d0 run=0 q=0 prealloc=0 xfer=0 http=257 kv=0.000 hit=0.000 gen=0
00:32:25 p0 run=9 q=10 prealloc=0 xfer=0 http=146 kv=0.076 hit=0.000 gen=0 | p1 run=8 q=0 prealloc=0 xfer=0 http=139 kv=0.109 hit=0.000 gen=0 | d0 run=0 q=0 prealloc=0 xfer=0 http=257 kv=0.000 hit=0.000 gen=0
00:32:25 p0 run=9 q=10 prealloc=0 xfer=0 http=146 kv=0.076 hit=0.000 gen=0 | p1 run=8 q=0 prealloc=0 xfer=0 http=139 kv=0.109 hit=0.000 gen=0 | d0 run=0 q=0 prealloc=0 xfer=0 http=257 kv=0.000 hit=0.000 gen=0
00:32:40 p0 run=9 q=10 prealloc=0 xfer=0 http=146 kv=0.076 hit=0.000 gen=0 | p1 run=8 q=0 prealloc=0 xfer=0 http=139 kv=0.109 hit=0.000 gen=0 | d0 run=0 q=0 prealloc=0 xfer=0 http=257 kv=0.000 hit=0.000 gen=0
00:32:40 p0 run=9 q=10 prealloc=0 xfer=0 http=146 kv=0.076 hit=0.000 gen=0 | p1 run=8 q=0 prealloc=0 xfer=0 http=139 kv=0.109 hit=0.000 gen=0 | d0 run=0 q=0 prealloc=0 xfer=0 http=257 kv=0.000 hit=0.000 gen=0
00:32:41 p0 run=9 q=10 prealloc=0 xfer=0 http=146 kv=0.076 hit=0.000 gen=0 | p1 run=8 q=0 prealloc=0 xfer=0 http=139 kv=0.109 hit=0.000 gen=0 | d0 run=0 q=0 prealloc=0 xfer=0 http=257 kv=0.000 hit=0.000 gen=0
00:32:41 p0 run=9 q=10 prealloc=0 xfer=0 http=146 kv=0.076 hit=0.000 gen=0 | p1 run=8 q=0 prealloc=0 xfer=0 http=139 kv=0.109 hit=0.000 gen=0 | d0 run=0 q=0 prealloc=0 xfer=0 http=257 kv=0.000 hit=0.000 gen=0
00:32:56 p0 run=9 q=10 prealloc=0 xfer=0 http=146 kv=0.076 hit=0.000 gen=0 | p1 run=8 q=0 prealloc=0 xfer=0 http=139 kv=0.109 hit=0.000 gen=0 | d0 run=0 q=0 prealloc=0 xfer=0 http=257 kv=0.000 hit=0.000 gen=0
00:32:56 p0 run=9 q=10 prealloc=0 xfer=0 http=146 kv=0.076 hit=0.000 gen=0 | p1 run=8 q=0 prealloc=0 xfer=0 http=139 kv=0.109 hit=0.000 gen=0 | d0 run=0 q=0 prealloc=0 xfer=0 http=257 kv=0.000 hit=0.000 gen=0
00:32:56 p0 run=9 q=10 prealloc=0 xfer=0 http=146 kv=0.076 hit=0.000 gen=0 | p1 run=8 q=0 prealloc=0 xfer=0 http=139 kv=0.109 hit=0.000 gen=0 | d0 run=0 q=0 prealloc=0 xfer=0 http=257 kv=0.000 hit=0.000 gen=0
00:32:56 p0 run=9 q=10 prealloc=0 xfer=0 http=146 kv=0.076 hit=0.000 gen=0 | p1 run=8 q=0 prealloc=0 xfer=0 http=139 kv=0.109 hit=0.000 gen=0 | d0 run=0 q=0 prealloc=0 xfer=0 http=257 kv=0.000 hit=0.000 gen=0
00:33:11 p0 run=9 q=10 prealloc=0 xfer=0 http=146 kv=0.076 hit=0.000 gen=0 | p1 run=8 q=0 prealloc=0 xfer=0 http=139 kv=0.109 hit=0.000 gen=0 | d0 run=0 q=0 prealloc=0 xfer=0 http=257 kv=0.000 hit=0.000 gen=0
00:33:11 p0 run=9 q=10 prealloc=0 xfer=0 http=146 kv=0.076 hit=0.000 gen=0 | p1 run=8 q=0 prealloc=0 xfer=0 http=139 kv=0.109 hit=0.000 gen=0 | d0 run=0 q=0 prealloc=0 xfer=0 http=257 kv=0.000 hit=0.000 gen=0
00:33:12 p0 run=9 q=10 prealloc=0 xfer=0 http=146 kv=0.076 hit=0.000 gen=0 | p1 run=8 q=0 prealloc=0 xfer=0 http=139 kv=0.109 hit=0.000 gen=0 | d0 run=0 q=0 prealloc=0 xfer=0 http=257 kv=0.000 hit=0.000 gen=0
00:33:12 p0 run=9 q=10 prealloc=0 xfer=0 http=146 kv=0.076 hit=0.000 gen=0 | p1 run=8 q=0 prealloc=0 xfer=0 http=139 kv=0.109 hit=0.000 gen=0 | d0 run=0 q=0 prealloc=0 xfer=0 http=257 kv=0.000 hit=0.000 gen=0
00:33:27 p0 run=9 q=10 prealloc=0 xfer=0 http=146 kv=0.076 hit=0.000 gen=0 | p1 run=8 q=0 prealloc=0 xfer=0 http=139 kv=0.109 hit=0.000 gen=0 | d0 run=0 q=0 prealloc=0 xfer=0 http=257 kv=0.000 hit=0.000 gen=0
00:33:27 p0 run=9 q=10 prealloc=0 xfer=0 http=146 kv=0.076 hit=0.000 gen=0 | p1 run=8 q=0 prealloc=0 xfer=0 http=139 kv=0.109 hit=0.000 gen=0 | d0 run=0 q=0 prealloc=0 xfer=0 http=257 kv=0.000 hit=0.000 gen=0
00:33:27 p0 run=9 q=10 prealloc=0 xfer=0 http=146 kv=0.076 hit=0.000 gen=0 | p1 run=8 q=0 prealloc=0 xfer=0 http=139 kv=0.109 hit=0.000 gen=0 | d0 run=0 q=0 prealloc=0 xfer=0 http=257 kv=0.000 hit=0.000 gen=0
00:33:27 p0 run=9 q=10 prealloc=0 xfer=0 http=146 kv=0.076 hit=0.000 gen=0 | p1 run=8 q=0 prealloc=0 xfer=0 http=139 kv=0.109 hit=0.000 gen=0 | d0 run=0 q=0 prealloc=0 xfer=0 http=257 kv=0.000 hit=0.000 gen=0
00:33:42 p0 run=9 q=10 prealloc=0 xfer=0 http=146 kv=0.076 hit=0.000 gen=0 | p1 run=8 q=0 prealloc=0 xfer=0 http=139 kv=0.109 hit=0.000 gen=0 | d0 run=0 q=0 prealloc=0 xfer=0 http=257 kv=0.000 hit=0.000 gen=0
00:33:43 p0 run=9 q=10 prealloc=0 xfer=0 http=146 kv=0.076 hit=0.000 gen=0 | p1 run=8 q=0 prealloc=0 xfer=0 http=139 kv=0.109 hit=0.000 gen=0 | d0 run=0 q=0 prealloc=0 xfer=0 http=257 kv=0.000 hit=0.000 gen=0
00:33:43 p0 run=9 q=10 prealloc=0 xfer=0 http=146 kv=0.076 hit=0.000 gen=0 | p1 run=8 q=0 prealloc=0 xfer=0 http=139 kv=0.109 hit=0.000 gen=0 | d0 run=0 q=0 prealloc=0 xfer=0 http=257 kv=0.000 hit=0.000 gen=0
00:33:43 p0 run=9 q=10 prealloc=0 xfer=0 http=146 kv=0.076 hit=0.000 gen=0 | p1 run=8 q=0 prealloc=0 xfer=0 http=139 kv=0.109 hit=0.000 gen=0 | d0 run=0 q=0 prealloc=0 xfer=0 http=257 kv=0.000 hit=0.000 gen=0
00:33:58 p0 run=9 q=10 prealloc=0 xfer=0 http=146 kv=0.076 hit=0.000 gen=0 | p1 run=8 q=0 prealloc=0 xfer=0 http=139 kv=0.109 hit=0.000 gen=0 | d0 run=0 q=0 prealloc=0 xfer=0 http=257 kv=0.000 hit=0.000 gen=0
00:33:58 p0 run=9 q=10 prealloc=0 xfer=0 http=146 kv=0.076 hit=0.000 gen=0 | p1 run=8 q=0 prealloc=0 xfer=0 http=139 kv=0.109 hit=0.000 gen=0 | d0 run=0 q=0 prealloc=0 xfer=0 http=257 kv=0.000 hit=0.000 gen=0
00:33:58 p0 run=9 q=10 prealloc=0 xfer=0 http=146 kv=0.076 hit=0.000 gen=0 | p1 run=8 q=0 prealloc=0 xfer=0 http=139 kv=0.109 hit=0.000 gen=0 | d0 run=0 q=0 prealloc=0 xfer=0 http=257 kv=0.000 hit=0.000 gen=0
00:33:58 p0 run=9 q=10 prealloc=0 xfer=0 http=146 kv=0.076 hit=0.000 gen=0 | p1 run=8 q=0 prealloc=0 xfer=0 http=139 kv=0.109 hit=0.000 gen=0 | d0 run=0 q=0 prealloc=0 xfer=0 http=257 kv=0.000 hit=0.000 gen=0
00:34:13 p0 run=9 q=10 prealloc=0 xfer=0 http=146 kv=0.076 hit=0.000 gen=0 | p1 run=8 q=0 prealloc=0 xfer=0 http=139 kv=0.109 hit=0.000 gen=0 | d0 run=0 q=0 prealloc=0 xfer=0 http=257 kv=0.000 hit=0.000 gen=0
00:34:13 p0 run=9 q=10 prealloc=0 xfer=0 http=146 kv=0.076 hit=0.000 gen=0 | p1 run=8 q=0 prealloc=0 xfer=0 http=139 kv=0.109 hit=0.000 gen=0 | d0 run=0 q=0 prealloc=0 xfer=0 http=257 kv=0.000 hit=0.000 gen=0
00:34:14 p0 run=9 q=10 prealloc=0 xfer=0 http=146 kv=0.076 hit=0.000 gen=0 | p1 run=8 q=0 prealloc=0 xfer=0 http=139 kv=0.109 hit=0.000 gen=0 | d0 run=0 q=0 prealloc=0 xfer=0 http=257 kv=0.000 hit=0.000 gen=0
00:34:14 p0 run=9 q=10 prealloc=0 xfer=0 http=146 kv=0.076 hit=0.000 gen=0 | p1 run=8 q=0 prealloc=0 xfer=0 http=139 kv=0.109 hit=0.000 gen=0 | d0 run=0 q=0 prealloc=0 xfer=0 http=257 kv=0.000 hit=0.000 gen=0
00:34:28 p0 run=9 q=10 prealloc=0 xfer=0 http=146 kv=0.076 hit=0.000 gen=0 | p1 run=8 q=0 prealloc=0 xfer=0 http=139 kv=0.109 hit=0.000 gen=0 | d0 run=0 q=0 prealloc=0 xfer=0 http=257 kv=0.000 hit=0.000 gen=0
00:34:28 p0 run=9 q=10 prealloc=0 xfer=0 http=146 kv=0.076 hit=0.000 gen=0 | p1 run=8 q=0 prealloc=0 xfer=0 http=139 kv=0.109 hit=0.000 gen=0 | d0 run=0 q=0 prealloc=0 xfer=0 http=257 kv=0.000 hit=0.000 gen=0
00:34:29 p0 run=9 q=10 prealloc=0 xfer=0 http=146 kv=0.076 hit=0.000 gen=0 | p1 run=8 q=0 prealloc=0 xfer=0 http=139 kv=0.109 hit=0.000 gen=0 | d0 run=0 q=0 prealloc=0 xfer=0 http=257 kv=0.000 hit=0.000 gen=0
00:34:29 p0 run=9 q=10 prealloc=0 xfer=0 http=146 kv=0.076 hit=0.000 gen=0 | p1 run=8 q=0 prealloc=0 xfer=0 http=139 kv=0.109 hit=0.000 gen=0 | d0 run=0 q=0 prealloc=0 xfer=0 http=257 kv=0.000 hit=0.000 gen=0
00:34:43 p0 run=9 q=10 prealloc=0 xfer=0 http=146 kv=0.076 hit=0.000 gen=0 | p1 run=8 q=0 prealloc=0 xfer=0 http=139 kv=0.109 hit=0.000 gen=0 | d0 run=0 q=0 prealloc=0 xfer=0 http=257 kv=0.000 hit=0.000 gen=0
00:34:44 p0 run=9 q=10 prealloc=0 xfer=0 http=146 kv=0.076 hit=0.000 gen=0 | p1 run=8 q=0 prealloc=0 xfer=0 http=139 kv=0.109 hit=0.000 gen=0 | d0 run=0 q=0 prealloc=0 xfer=0 http=257 kv=0.000 hit=0.000 gen=0
00:34:45 p0 run=9 q=10 prealloc=0 xfer=0 http=146 kv=0.076 hit=0.000 gen=0 | p1 run=8 q=0 prealloc=0 xfer=0 http=139 kv=0.109 hit=0.000 gen=0 | d0 run=0 q=0 prealloc=0 xfer=0 http=257 kv=0.000 hit=0.000 gen=0
00:34:45 p0 run=9 q=10 prealloc=0 xfer=0 http=146 kv=0.076 hit=0.000 gen=0 | p1 run=8 q=0 prealloc=0 xfer=0 http=139 kv=0.109 hit=0.000 gen=0 | d0 run=0 q=0 prealloc=0 xfer=0 http=257 kv=0.000 hit=0.000 gen=0
00:34:59 p0 run=9 q=10 prealloc=0 xfer=0 http=146 kv=0.076 hit=0.000 gen=0 | p1 run=8 q=0 prealloc=0 xfer=0 http=139 kv=0.109 hit=0.000 gen=0 | d0 run=0 q=0 prealloc=0 xfer=0 http=257 kv=0.000 hit=0.000 gen=0
00:34:59 p0 run=9 q=10 prealloc=0 xfer=0 http=146 kv=0.076 hit=0.000 gen=0 | p1 run=8 q=0 prealloc=0 xfer=0 http=139 kv=0.109 hit=0.000 gen=0 | d0 run=0 q=0 prealloc=0 xfer=0 http=257 kv=0.000 hit=0.000 gen=0
00:35:00 p0 run=9 q=10 prealloc=0 xfer=0 http=146 kv=0.076 hit=0.000 gen=0 | p1 run=8 q=0 prealloc=0 xfer=0 http=139 kv=0.109 hit=0.000 gen=0 | d0 run=0 q=0 prealloc=0 xfer=0 http=257 kv=0.000 hit=0.000 gen=0
00:35:00 p0 run=9 q=10 prealloc=0 xfer=0 http=146 kv=0.076 hit=0.000 gen=0 | p1 run=8 q=0 prealloc=0 xfer=0 http=139 kv=0.109 hit=0.000 gen=0 | d0 run=0 q=0 prealloc=0 xfer=0 http=257 kv=0.000 hit=0.000 gen=0
00:35:14 p0 run=9 q=10 prealloc=0 xfer=0 http=146 kv=0.076 hit=0.000 gen=0 | p1 run=8 q=0 prealloc=0 xfer=0 http=139 kv=0.109 hit=0.000 gen=0 | d0 run=0 q=0 prealloc=0 xfer=0 http=257 kv=0.000 hit=0.000 gen=0
00:35:14 p0 run=9 q=10 prealloc=0 xfer=0 http=146 kv=0.076 hit=0.000 gen=0 | p1 run=8 q=0 prealloc=0 xfer=0 http=139 kv=0.109 hit=0.000 gen=0 | d0 run=0 q=0 prealloc=0 xfer=0 http=257 kv=0.000 hit=0.000 gen=0
00:35:16 p0 run=9 q=10 prealloc=0 xfer=0 http=146 kv=0.076 hit=0.000 gen=0 | p1 run=8 q=0 prealloc=0 xfer=0 http=139 kv=0.109 hit=0.000 gen=0 | d0 run=0 q=0 prealloc=0 xfer=0 http=257 kv=0.000 hit=0.000 gen=0
00:35:16 p0 run=9 q=10 prealloc=0 xfer=0 http=146 kv=0.076 hit=0.000 gen=0 | p1 run=8 q=0 prealloc=0 xfer=0 http=139 kv=0.109 hit=0.000 gen=0 | d0 run=0 q=0 prealloc=0 xfer=0 http=257 kv=0.000 hit=0.000 gen=0
00:35:29 p0 run=9 q=10 prealloc=0 xfer=0 http=146 kv=0.076 hit=0.000 gen=0 | p1 run=8 q=0 prealloc=0 xfer=0 http=139 kv=0.109 hit=0.000 gen=0 | d0 run=0 q=0 prealloc=0 xfer=0 http=257 kv=0.000 hit=0.000 gen=0
00:35:30 p0 run=9 q=10 prealloc=0 xfer=0 http=146 kv=0.076 hit=0.000 gen=0 | p1 run=8 q=0 prealloc=0 xfer=0 http=139 kv=0.109 hit=0.000 gen=0 | d0 run=0 q=0 prealloc=0 xfer=0 http=257 kv=0.000 hit=0.000 gen=0
00:35:31 p0 run=9 q=10 prealloc=0 xfer=0 http=146 kv=0.076 hit=0.000 gen=0 | p1 run=8 q=0 prealloc=0 xfer=0 http=139 kv=0.109 hit=0.000 gen=0 | d0 run=0 q=0 prealloc=0 xfer=0 http=257 kv=0.000 hit=0.000 gen=0
00:35:31 p0 run=9 q=10 prealloc=0 xfer=0 http=146 kv=0.076 hit=0.000 gen=0 | p1 run=8 q=0 prealloc=0 xfer=0 http=139 kv=0.109 hit=0.000 gen=0 | d0 run=0 q=0 prealloc=0 xfer=0 http=257 kv=0.000 hit=0.000 gen=0
00:35:45 p0 run=9 q=10 prealloc=0 xfer=0 http=146 kv=0.076 hit=0.000 gen=0 | p1 run=8 q=0 prealloc=0 xfer=0 http=139 kv=0.109 hit=0.000 gen=0 | d0 run=0 q=0 prealloc=0 xfer=0 http=257 kv=0.000 hit=0.000 gen=0
00:35:45 p0 run=9 q=10 prealloc=0 xfer=0 http=146 kv=0.076 hit=0.000 gen=0 | p1 run=8 q=0 prealloc=0 xfer=0 http=139 kv=0.109 hit=0.000 gen=0 | d0 run=0 q=0 prealloc=0 xfer=0 http=257 kv=0.000 hit=0.000 gen=0
00:35:46 p0 run=9 q=10 prealloc=0 xfer=0 http=146 kv=0.076 hit=0.000 gen=0 | p1 run=8 q=0 prealloc=0 xfer=0 http=139 kv=0.109 hit=0.000 gen=0 | d0 run=0 q=0 prealloc=0 xfer=0 http=257 kv=0.000 hit=0.000 gen=0
00:35:46 p0 run=9 q=10 prealloc=0 xfer=0 http=146 kv=0.076 hit=0.000 gen=0 | p1 run=8 q=0 prealloc=0 xfer=0 http=139 kv=0.109 hit=0.000 gen=0 | d0 run=0 q=0 prealloc=0 xfer=0 http=257 kv=0.000 hit=0.000 gen=0
00:36:00 p0 run=9 q=10 prealloc=0 xfer=0 http=146 kv=0.076 hit=0.000 gen=0 | p1 run=8 q=0 prealloc=0 xfer=0 http=139 kv=0.109 hit=0.000 gen=0 | d0 run=0 q=0 prealloc=0 xfer=0 http=257 kv=0.000 hit=0.000 gen=0
00:36:01 p0 run=9 q=10 prealloc=0 xfer=0 http=146 kv=0.076 hit=0.000 gen=0 | p1 run=8 q=0 prealloc=0 xfer=0 http=139 kv=0.109 hit=0.000 gen=0 | d0 run=0 q=0 prealloc=0 xfer=0 http=257 kv=0.000 hit=0.000 gen=0
00:36:02 p0 run=9 q=10 prealloc=0 xfer=0 http=146 kv=0.076 hit=0.000 gen=0 | p1 run=8 q=0 prealloc=0 xfer=0 http=139 kv=0.109 hit=0.000 gen=0 | d0 run=0 q=0 prealloc=0 xfer=0 http=257 kv=0.000 hit=0.000 gen=0
00:36:02 p0 run=9 q=10 prealloc=0 xfer=0 http=146 kv=0.076 hit=0.000 gen=0 | p1 run=8 q=0 prealloc=0 xfer=0 http=139 kv=0.109 hit=0.000 gen=0 | d0 run=0 q=0 prealloc=0 xfer=0 http=257 kv=0.000 hit=0.000 gen=0
00:36:15 p0 run=9 q=10 prealloc=0 xfer=0 http=146 kv=0.076 hit=0.000 gen=0 | p1 run=8 q=0 prealloc=0 xfer=0 http=139 kv=0.109 hit=0.000 gen=0 | d0 run=0 q=0 prealloc=0 xfer=0 http=257 kv=0.000 hit=0.000 gen=0
00:36:16 p0 run=9 q=10 prealloc=0 xfer=0 http=146 kv=0.076 hit=0.000 gen=0 | p1 run=8 q=0 prealloc=0 xfer=0 http=139 kv=0.109 hit=0.000 gen=0 | d0 run=0 q=0 prealloc=0 xfer=0 http=257 kv=0.000 hit=0.000 gen=0
00:36:17 p0 run=9 q=10 prealloc=0 xfer=0 http=146 kv=0.076 hit=0.000 gen=0 | p1 run=8 q=0 prealloc=0 xfer=0 http=139 kv=0.109 hit=0.000 gen=0 | d0 run=0 q=0 prealloc=0 xfer=0 http=257 kv=0.000 hit=0.000 gen=0
00:36:17 p0 run=9 q=10 prealloc=0 xfer=0 http=146 kv=0.076 hit=0.000 gen=0 | p1 run=8 q=0 prealloc=0 xfer=0 http=139 kv=0.109 hit=0.000 gen=0 | d0 run=0 q=0 prealloc=0 xfer=0 http=257 kv=0.000 hit=0.000 gen=0
00:36:30 p0 run=9 q=10 prealloc=0 xfer=0 http=146 kv=0.076 hit=0.000 gen=0 | p1 run=8 q=0 prealloc=0 xfer=0 http=139 kv=0.109 hit=0.000 gen=0 | d0 run=0 q=0 prealloc=0 xfer=0 http=257 kv=0.000 hit=0.000 gen=0
00:36:31 p0 run=9 q=10 prealloc=0 xfer=0 http=146 kv=0.076 hit=0.000 gen=0 | p1 run=8 q=0 prealloc=0 xfer=0 http=139 kv=0.109 hit=0.000 gen=0 | d0 run=0 q=0 prealloc=0 xfer=0 http=257 kv=0.000 hit=0.000 gen=0
00:36:33 p0 run=9 q=10 prealloc=0 xfer=0 http=146 kv=0.076 hit=0.000 gen=0 | p1 run=8 q=0 prealloc=0 xfer=0 http=139 kv=0.109 hit=0.000 gen=0 | d0 run=0 q=0 prealloc=0 xfer=0 http=257 kv=0.000 hit=0.000 gen=0
00:36:33 p0 run=9 q=10 prealloc=0 xfer=0 http=146 kv=0.076 hit=0.000 gen=0 | p1 run=8 q=0 prealloc=0 xfer=0 http=139 kv=0.109 hit=0.000 gen=0 | d0 run=0 q=0 prealloc=0 xfer=0 http=257 kv=0.000 hit=0.000 gen=0
00:36:46 p0 run=9 q=10 prealloc=0 xfer=0 http=146 kv=0.076 hit=0.000 gen=0 | p1 run=8 q=0 prealloc=0 xfer=0 http=139 kv=0.109 hit=0.000 gen=0 | d0 run=0 q=0 prealloc=0 xfer=0 http=257 kv=0.000 hit=0.000 gen=0
00:36:46 p0 run=9 q=10 prealloc=0 xfer=0 http=146 kv=0.076 hit=0.000 gen=0 | p1 run=8 q=0 prealloc=0 xfer=0 http=139 kv=0.109 hit=0.000 gen=0 | d0 run=0 q=0 prealloc=0 xfer=0 http=257 kv=0.000 hit=0.000 gen=0
00:36:48 p0 run=9 q=10 prealloc=0 xfer=0 http=146 kv=0.076 hit=0.000 gen=0 | p1 run=8 q=0 prealloc=0 xfer=0 http=139 kv=0.109 hit=0.000 gen=0 | d0 run=0 q=0 prealloc=0 xfer=0 http=257 kv=0.000 hit=0.000 gen=0
00:36:48 p0 run=9 q=10 prealloc=0 xfer=0 http=146 kv=0.076 hit=0.000 gen=0 | p1 run=8 q=0 prealloc=0 xfer=0 http=139 kv=0.109 hit=0.000 gen=0 | d0 run=0 q=0 prealloc=0 xfer=0 http=257 kv=0.000 hit=0.000 gen=0
00:37:01 p0 run=9 q=10 prealloc=0 xfer=0 http=146 kv=0.076 hit=0.000 gen=0 | p1 run=8 q=0 prealloc=0 xfer=0 http=139 kv=0.109 hit=0.000 gen=0 | d0 run=0 q=0 prealloc=0 xfer=0 http=257 kv=0.000 hit=0.000 gen=0
00:37:02 p0 run=9 q=10 prealloc=0 xfer=0 http=146 kv=0.076 hit=0.000 gen=0 | p1 run=8 q=0 prealloc=0 xfer=0 http=139 kv=0.109 hit=0.000 gen=0 | d0 run=0 q=0 prealloc=0 xfer=0 http=257 kv=0.000 hit=0.000 gen=0
00:37:04 p0 run=9 q=10 prealloc=0 xfer=0 http=146 kv=0.076 hit=0.000 gen=0 | p1 run=8 q=0 prealloc=0 xfer=0 http=139 kv=0.109 hit=0.000 gen=0 | d0 run=0 q=0 prealloc=0 xfer=0 http=257 kv=0.000 hit=0.000 gen=0
00:37:04 p0 run=9 q=10 prealloc=0 xfer=0 http=146 kv=0.076 hit=0.000 gen=0 | p1 run=8 q=0 prealloc=0 xfer=0 http=139 kv=0.109 hit=0.000 gen=0 | d0 run=0 q=0 prealloc=0 xfer=0 http=257 kv=0.000 hit=0.000 gen=0
00:37:16 p0 run=9 q=10 prealloc=0 xfer=0 http=146 kv=0.076 hit=0.000 gen=0 | p1 run=8 q=0 prealloc=0 xfer=0 http=139 kv=0.109 hit=0.000 gen=0 | d0 run=0 q=0 prealloc=0 xfer=0 http=257 kv=0.000 hit=0.000 gen=0
00:37:17 p0 run=9 q=10 prealloc=0 xfer=0 http=146 kv=0.076 hit=0.000 gen=0 | p1 run=8 q=0 prealloc=0 xfer=0 http=139 kv=0.109 hit=0.000 gen=0 | d0 run=0 q=0 prealloc=0 xfer=0 http=257 kv=0.000 hit=0.000 gen=0
00:37:19 p0 run=9 q=10 prealloc=0 xfer=0 http=146 kv=0.076 hit=0.000 gen=0 | p1 run=8 q=0 prealloc=0 xfer=0 http=139 kv=0.109 hit=0.000 gen=0 | d0 run=0 q=0 prealloc=0 xfer=0 http=257 kv=0.000 hit=0.000 gen=0
00:37:19 p0 run=9 q=10 prealloc=0 xfer=0 http=146 kv=0.076 hit=0.000 gen=0 | p1 run=8 q=0 prealloc=0 xfer=0 http=139 kv=0.109 hit=0.000 gen=0 | d0 run=0 q=0 prealloc=0 xfer=0 http=257 kv=0.000 hit=0.000 gen=0
00:37:31 p0 run=9 q=10 prealloc=0 xfer=0 http=146 kv=0.076 hit=0.000 gen=0 | p1 run=8 q=0 prealloc=0 xfer=0 http=139 kv=0.109 hit=0.000 gen=0 | d0 run=0 q=0 prealloc=0 xfer=0 http=257 kv=0.000 hit=0.000 gen=0
00:37:32 p0 run=9 q=10 prealloc=0 xfer=0 http=146 kv=0.076 hit=0.000 gen=0 | p1 run=8 q=0 prealloc=0 xfer=0 http=139 kv=0.109 hit=0.000 gen=0 | d0 run=0 q=0 prealloc=0 xfer=0 http=257 kv=0.000 hit=0.000 gen=0
00:37:34 p0 run=9 q=10 prealloc=0 xfer=0 http=146 kv=0.076 hit=0.000 gen=0 | p1 run=8 q=0 prealloc=0 xfer=0 http=139 kv=0.109 hit=0.000 gen=0 | d0 run=0 q=0 prealloc=0 xfer=0 http=257 kv=0.000 hit=0.000 gen=0
00:37:35 p0 run=9 q=10 prealloc=0 xfer=0 http=146 kv=0.076 hit=0.000 gen=0 | p1 run=8 q=0 prealloc=0 xfer=0 http=139 kv=0.109 hit=0.000 gen=0 | d0 run=0 q=0 prealloc=0 xfer=0 http=257 kv=0.000 hit=0.000 gen=0
00:37:47 p0 run=9 q=10 prealloc=0 xfer=0 http=146 kv=0.076 hit=0.000 gen=0 | p1 run=8 q=0 prealloc=0 xfer=0 http=139 kv=0.109 hit=0.000 gen=0 | d0 run=0 q=0 prealloc=0 xfer=0 http=257 kv=0.000 hit=0.000 gen=0
00:37:48 p0 run=9 q=10 prealloc=0 xfer=0 http=146 kv=0.076 hit=0.000 gen=0 | p1 run=8 q=0 prealloc=0 xfer=0 http=139 kv=0.109 hit=0.000 gen=0 | d0 run=0 q=0 prealloc=0 xfer=0 http=257 kv=0.000 hit=0.000 gen=0
00:37:50 p0 run=9 q=10 prealloc=0 xfer=0 http=146 kv=0.076 hit=0.000 gen=0 | p1 run=8 q=0 prealloc=0 xfer=0 http=139 kv=0.109 hit=0.000 gen=0 | d0 run=0 q=0 prealloc=0 xfer=0 http=257 kv=0.000 hit=0.000 gen=0
00:37:50 p0 run=9 q=10 prealloc=0 xfer=0 http=146 kv=0.076 hit=0.000 gen=0 | p1 run=8 q=0 prealloc=0 xfer=0 http=139 kv=0.109 hit=0.000 gen=0 | d0 run=0 q=0 prealloc=0 xfer=0 http=257 kv=0.000 hit=0.000 gen=0
00:38:02 p0 run=9 q=10 prealloc=0 xfer=0 http=146 kv=0.076 hit=0.000 gen=0 | p1 run=8 q=0 prealloc=0 xfer=0 http=139 kv=0.109 hit=0.000 gen=0 | d0 run=0 q=0 prealloc=0 xfer=0 http=257 kv=0.000 hit=0.000 gen=0
00:38:03 p0 run=9 q=10 prealloc=0 xfer=0 http=146 kv=0.076 hit=0.000 gen=0 | p1 run=8 q=0 prealloc=0 xfer=0 http=139 kv=0.109 hit=0.000 gen=0 | d0 run=0 q=0 prealloc=0 xfer=0 http=257 kv=0.000 hit=0.000 gen=0
00:38:06 p0 run=9 q=10 prealloc=0 xfer=0 http=146 kv=0.076 hit=0.000 gen=0 | p1 run=8 q=0 prealloc=0 xfer=0 http=139 kv=0.109 hit=0.000 gen=0 | d0 run=0 q=0 prealloc=0 xfer=0 http=257 kv=0.000 hit=0.000 gen=0
00:38:06 p0 run=9 q=10 prealloc=0 xfer=0 http=146 kv=0.076 hit=0.000 gen=0 | p1 run=8 q=0 prealloc=0 xfer=0 http=139 kv=0.109 hit=0.000 gen=0 | d0 run=0 q=0 prealloc=0 xfer=0 http=257 kv=0.000 hit=0.000 gen=0
00:38:18 p0 run=9 q=10 prealloc=0 xfer=0 http=146 kv=0.076 hit=0.000 gen=0 | p1 run=8 q=0 prealloc=0 xfer=0 http=139 kv=0.109 hit=0.000 gen=0 | d0 run=0 q=0 prealloc=0 xfer=0 http=257 kv=0.000 hit=0.000 gen=0
00:38:19 p0 run=9 q=10 prealloc=0 xfer=0 http=146 kv=0.076 hit=0.000 gen=0 | p1 run=8 q=0 prealloc=0 xfer=0 http=139 kv=0.109 hit=0.000 gen=0 | d0 run=0 q=0 prealloc=0 xfer=0 http=257 kv=0.000 hit=0.000 gen=0
00:38:21 p0 run=9 q=10 prealloc=0 xfer=0 http=146 kv=0.076 hit=0.000 gen=0 | p1 run=8 q=0 prealloc=0 xfer=0 http=139 kv=0.109 hit=0.000 gen=0 | d0 run=0 q=0 prealloc=0 xfer=0 http=257 kv=0.000 hit=0.000 gen=0
00:38:21 p0 run=9 q=10 prealloc=0 xfer=0 http=146 kv=0.076 hit=0.000 gen=0 | p1 run=8 q=0 prealloc=0 xfer=0 http=139 kv=0.109 hit=0.000 gen=0 | d0 run=0 q=0 prealloc=0 xfer=0 http=257 kv=0.000 hit=0.000 gen=0
00:38:33 p0 run=9 q=10 prealloc=0 xfer=0 http=146 kv=0.076 hit=0.000 gen=0 | p1 run=8 q=0 prealloc=0 xfer=0 http=139 kv=0.109 hit=0.000 gen=0 | d0 run=0 q=0 prealloc=0 xfer=0 http=257 kv=0.000 hit=0.000 gen=0
00:38:34 p0 run=9 q=10 prealloc=0 xfer=0 http=146 kv=0.076 hit=0.000 gen=0 | p1 run=8 q=0 prealloc=0 xfer=0 http=139 kv=0.109 hit=0.000 gen=0 | d0 run=0 q=0 prealloc=0 xfer=0 http=257 kv=0.000 hit=0.000 gen=0
00:38:37 p0 run=9 q=10 prealloc=0 xfer=0 http=146 kv=0.076 hit=0.000 gen=0 | p1 run=8 q=0 prealloc=0 xfer=0 http=139 kv=0.109 hit=0.000 gen=0 | d0 run=0 q=0 prealloc=0 xfer=0 http=257 kv=0.000 hit=0.000 gen=0
00:38:37 p0 run=9 q=10 prealloc=0 xfer=0 http=146 kv=0.076 hit=0.000 gen=0 | p1 run=8 q=0 prealloc=0 xfer=0 http=139 kv=0.109 hit=0.000 gen=0 | d0 run=0 q=0 prealloc=0 xfer=0 http=257 kv=0.000 hit=0.000 gen=0
00:38:48 p0 run=9 q=10 prealloc=0 xfer=0 http=146 kv=0.076 hit=0.000 gen=0 | p1 run=8 q=0 prealloc=0 xfer=0 http=139 kv=0.109 hit=0.000 gen=0 | d0 run=0 q=0 prealloc=0 xfer=0 http=257 kv=0.000 hit=0.000 gen=0
00:38:49 p0 run=9 q=10 prealloc=0 xfer=0 http=146 kv=0.076 hit=0.000 gen=0 | p1 run=8 q=0 prealloc=0 xfer=0 http=139 kv=0.109 hit=0.000 gen=0 | d0 run=0 q=0 prealloc=0 xfer=0 http=257 kv=0.000 hit=0.000 gen=0
00:38:52 p0 run=9 q=10 prealloc=0 xfer=0 http=146 kv=0.076 hit=0.000 gen=0 | p1 run=8 q=0 prealloc=0 xfer=0 http=139 kv=0.109 hit=0.000 gen=0 | d0 run=0 q=0 prealloc=0 xfer=0 http=257 kv=0.000 hit=0.000 gen=0
00:38:52 p0 run=9 q=10 prealloc=0 xfer=0 http=146 kv=0.076 hit=0.000 gen=0 | p1 run=8 q=0 prealloc=0 xfer=0 http=139 kv=0.109 hit=0.000 gen=0 | d0 run=0 q=0 prealloc=0 xfer=0 http=257 kv=0.000 hit=0.000 gen=0
00:39:03 p0 run=9 q=10 prealloc=0 xfer=0 http=146 kv=0.076 hit=0.000 gen=0 | p1 run=8 q=0 prealloc=0 xfer=0 http=139 kv=0.109 hit=0.000 gen=0 | d0 run=0 q=0 prealloc=0 xfer=0 http=257 kv=0.000 hit=0.000 gen=0
00:39:04 p0 run=9 q=10 prealloc=0 xfer=0 http=146 kv=0.076 hit=0.000 gen=0 | p1 run=8 q=0 prealloc=0 xfer=0 http=139 kv=0.109 hit=0.000 gen=0 | d0 run=0 q=0 prealloc=0 xfer=0 http=257 kv=0.000 hit=0.000 gen=0
00:39:08 p0 run=9 q=10 prealloc=0 xfer=0 http=146 kv=0.076 hit=0.000 gen=0 | p1 run=8 q=0 prealloc=0 xfer=0 http=139 kv=0.109 hit=0.000 gen=0 | d0 run=0 q=0 prealloc=0 xfer=0 http=257 kv=0.000 hit=0.000 gen=0
00:39:08 p0 run=9 q=10 prealloc=0 xfer=0 http=146 kv=0.076 hit=0.000 gen=0 | p1 run=8 q=0 prealloc=0 xfer=0 http=139 kv=0.109 hit=0.000 gen=0 | d0 run=0 q=0 prealloc=0 xfer=0 http=257 kv=0.000 hit=0.000 gen=0
00:39:19 p0 run=9 q=10 prealloc=0 xfer=0 http=146 kv=0.076 hit=0.000 gen=0 | p1 run=8 q=0 prealloc=0 xfer=0 http=139 kv=0.109 hit=0.000 gen=0 | d0 run=0 q=0 prealloc=0 xfer=0 http=257 kv=0.000 hit=0.000 gen=0
00:39:20 p0 run=9 q=10 prealloc=0 xfer=0 http=146 kv=0.076 hit=0.000 gen=0 | p1 run=8 q=0 prealloc=0 xfer=0 http=139 kv=0.109 hit=0.000 gen=0 | d0 run=0 q=0 prealloc=0 xfer=0 http=257 kv=0.000 hit=0.000 gen=0
00:39:23 p0 run=9 q=10 prealloc=0 xfer=0 http=146 kv=0.076 hit=0.000 gen=0 | p1 run=8 q=0 prealloc=0 xfer=0 http=139 kv=0.109 hit=0.000 gen=0 | d0 run=0 q=0 prealloc=0 xfer=0 http=257 kv=0.000 hit=0.000 gen=0
00:39:23 p0 run=9 q=10 prealloc=0 xfer=0 http=146 kv=0.076 hit=0.000 gen=0 | p1 run=8 q=0 prealloc=0 xfer=0 http=139 kv=0.109 hit=0.000 gen=0 | d0 run=0 q=0 prealloc=0 xfer=0 http=257 kv=0.000 hit=0.000 gen=0
00:39:34 p0 run=9 q=10 prealloc=0 xfer=0 http=146 kv=0.076 hit=0.000 gen=0 | p1 run=8 q=0 prealloc=0 xfer=0 http=139 kv=0.109 hit=0.000 gen=0 | d0 run=0 q=0 prealloc=0 xfer=0 http=257 kv=0.000 hit=0.000 gen=0
00:39:35 p0 run=9 q=10 prealloc=0 xfer=0 http=146 kv=0.076 hit=0.000 gen=0 | p1 run=8 q=0 prealloc=0 xfer=0 http=139 kv=0.109 hit=0.000 gen=0 | d0 run=0 q=0 prealloc=0 xfer=0 http=257 kv=0.000 hit=0.000 gen=0
00:39:39 p0 run=9 q=10 prealloc=0 xfer=0 http=146 kv=0.076 hit=0.000 gen=0 | p1 run=8 q=0 prealloc=0 xfer=0 http=139 kv=0.109 hit=0.000 gen=0 | d0 run=0 q=0 prealloc=0 xfer=0 http=257 kv=0.000 hit=0.000 gen=0
00:39:39 p0 run=9 q=10 prealloc=0 xfer=0 http=146 kv=0.076 hit=0.000 gen=0 | p1 run=8 q=0 prealloc=0 xfer=0 http=139 kv=0.109 hit=0.000 gen=0 | d0 run=0 q=0 prealloc=0 xfer=0 http=257 kv=0.000 hit=0.000 gen=0
00:39:49 p0 run=9 q=10 prealloc=0 xfer=0 http=146 kv=0.076 hit=0.000 gen=0 | p1 run=8 q=0 prealloc=0 xfer=0 http=139 kv=0.109 hit=0.000 gen=0 | d0 run=0 q=0 prealloc=0 xfer=0 http=257 kv=0.000 hit=0.000 gen=0
00:39:50 p0 run=9 q=10 prealloc=0 xfer=0 http=146 kv=0.076 hit=0.000 gen=0 | p1 run=8 q=0 prealloc=0 xfer=0 http=139 kv=0.109 hit=0.000 gen=0 | d0 run=0 q=0 prealloc=0 xfer=0 http=257 kv=0.000 hit=0.000 gen=0
00:39:54 p0 run=9 q=10 prealloc=0 xfer=0 http=146 kv=0.076 hit=0.000 gen=0 | p1 run=8 q=0 prealloc=0 xfer=0 http=139 kv=0.109 hit=0.000 gen=0 | d0 run=0 q=0 prealloc=0 xfer=0 http=257 kv=0.000 hit=0.000 gen=0
00:39:54 p0 run=9 q=10 prealloc=0 xfer=0 http=146 kv=0.076 hit=0.000 gen=0 | p1 run=8 q=0 prealloc=0 xfer=0 http=139 kv=0.109 hit=0.000 gen=0 | d0 run=0 q=0 prealloc=0 xfer=0 http=257 kv=0.000 hit=0.000 gen=0
00:40:05 p0 run=9 q=10 prealloc=0 xfer=0 http=146 kv=0.076 hit=0.000 gen=0 | p1 run=8 q=0 prealloc=0 xfer=0 http=139 kv=0.109 hit=0.000 gen=0 | d0 run=0 q=0 prealloc=0 xfer=0 http=257 kv=0.000 hit=0.000 gen=0
00:40:05 p0 run=9 q=10 prealloc=0 xfer=0 http=146 kv=0.076 hit=0.000 gen=0 | p1 run=8 q=0 prealloc=0 xfer=0 http=139 kv=0.109 hit=0.000 gen=0 | d0 run=0 q=0 prealloc=0 xfer=0 http=257 kv=0.000 hit=0.000 gen=0
00:40:10 p0 run=9 q=10 prealloc=0 xfer=0 http=146 kv=0.076 hit=0.000 gen=0 | p1 run=8 q=0 prealloc=0 xfer=0 http=139 kv=0.109 hit=0.000 gen=0 | d0 run=0 q=0 prealloc=0 xfer=0 http=257 kv=0.000 hit=0.000 gen=0
00:40:10 p0 run=9 q=10 prealloc=0 xfer=0 http=146 kv=0.076 hit=0.000 gen=0 | p1 run=8 q=0 prealloc=0 xfer=0 http=139 kv=0.109 hit=0.000 gen=0 | d0 run=0 q=0 prealloc=0 xfer=0 http=257 kv=0.000 hit=0.000 gen=0
00:40:20 p0 run=9 q=10 prealloc=0 xfer=0 http=146 kv=0.076 hit=0.000 gen=0 | p1 run=8 q=0 prealloc=0 xfer=0 http=139 kv=0.109 hit=0.000 gen=0 | d0 run=0 q=0 prealloc=0 xfer=0 http=257 kv=0.000 hit=0.000 gen=0
00:40:21 p0 run=9 q=10 prealloc=0 xfer=0 http=146 kv=0.076 hit=0.000 gen=0 | p1 run=8 q=0 prealloc=0 xfer=0 http=139 kv=0.109 hit=0.000 gen=0 | d0 run=0 q=0 prealloc=0 xfer=0 http=257 kv=0.000 hit=0.000 gen=0
00:40:25 p0 run=9 q=10 prealloc=0 xfer=0 http=146 kv=0.076 hit=0.000 gen=0 | p1 run=8 q=0 prealloc=0 xfer=0 http=139 kv=0.109 hit=0.000 gen=0 | d0 run=0 q=0 prealloc=0 xfer=0 http=257 kv=0.000 hit=0.000 gen=0
00:40:25 p0 run=9 q=10 prealloc=0 xfer=0 http=146 kv=0.076 hit=0.000 gen=0 | p1 run=8 q=0 prealloc=0 xfer=0 http=139 kv=0.109 hit=0.000 gen=0 | d0 run=0 q=0 prealloc=0 xfer=0 http=257 kv=0.000 hit=0.000 gen=0
00:40:35 p0 run=9 q=10 prealloc=0 xfer=0 http=146 kv=0.076 hit=0.000 gen=0 | p1 run=8 q=0 prealloc=0 xfer=0 http=139 kv=0.109 hit=0.000 gen=0 | d0 run=0 q=0 prealloc=0 xfer=0 http=257 kv=0.000 hit=0.000 gen=0
00:40:36 p0 run=9 q=10 prealloc=0 xfer=0 http=146 kv=0.076 hit=0.000 gen=0 | p1 run=8 q=0 prealloc=0 xfer=0 http=139 kv=0.109 hit=0.000 gen=0 | d0 run=0 q=0 prealloc=0 xfer=0 http=257 kv=0.000 hit=0.000 gen=0
00:40:41 p0 run=9 q=10 prealloc=0 xfer=0 http=146 kv=0.076 hit=0.000 gen=0 | p1 run=8 q=0 prealloc=0 xfer=0 http=139 kv=0.109 hit=0.000 gen=0 | d0 run=0 q=0 prealloc=0 xfer=0 http=257 kv=0.000 hit=0.000 gen=0
00:40:41 p0 run=9 q=10 prealloc=0 xfer=0 http=146 kv=0.076 hit=0.000 gen=0 | p1 run=8 q=0 prealloc=0 xfer=0 http=139 kv=0.109 hit=0.000 gen=0 | d0 run=0 q=0 prealloc=0 xfer=0 http=257 kv=0.000 hit=0.000 gen=0
00:40:51 p0 run=9 q=10 prealloc=0 xfer=0 http=146 kv=0.076 hit=0.000 gen=0 | p1 run=8 q=0 prealloc=0 xfer=0 http=139 kv=0.109 hit=0.000 gen=0 | d0 run=0 q=0 prealloc=0 xfer=0 http=257 kv=0.000 hit=0.000 gen=0
00:40:51 p0 run=9 q=10 prealloc=0 xfer=0 http=146 kv=0.076 hit=0.000 gen=0 | p1 run=8 q=0 prealloc=0 xfer=0 http=139 kv=0.109 hit=0.000 gen=0 | d0 run=0 q=0 prealloc=0 xfer=0 http=257 kv=0.000 hit=0.000 gen=0
00:40:56 p0 run=9 q=10 prealloc=0 xfer=0 http=146 kv=0.076 hit=0.000 gen=0 | p1 run=8 q=0 prealloc=0 xfer=0 http=139 kv=0.109 hit=0.000 gen=0 | d0 run=0 q=0 prealloc=0 xfer=0 http=257 kv=0.000 hit=0.000 gen=0
00:40:56 p0 run=9 q=10 prealloc=0 xfer=0 http=146 kv=0.076 hit=0.000 gen=0 | p1 run=8 q=0 prealloc=0 xfer=0 http=139 kv=0.109 hit=0.000 gen=0 | d0 run=0 q=0 prealloc=0 xfer=0 http=257 kv=0.000 hit=0.000 gen=0
00:41:06 p0 run=9 q=10 prealloc=0 xfer=0 http=146 kv=0.076 hit=0.000 gen=0 | p1 run=8 q=0 prealloc=0 xfer=0 http=139 kv=0.109 hit=0.000 gen=0 | d0 run=0 q=0 prealloc=0 xfer=0 http=257 kv=0.000 hit=0.000 gen=0
00:41:06 p0 run=9 q=10 prealloc=0 xfer=0 http=146 kv=0.076 hit=0.000 gen=0 | p1 run=8 q=0 prealloc=0 xfer=0 http=139 kv=0.109 hit=0.000 gen=0 | d0 run=0 q=0 prealloc=0 xfer=0 http=257 kv=0.000 hit=0.000 gen=0
00:41:12 p0 run=9 q=10 prealloc=0 xfer=0 http=146 kv=0.076 hit=0.000 gen=0 | p1 run=8 q=0 prealloc=0 xfer=0 http=139 kv=0.109 hit=0.000 gen=0 | d0 run=0 q=0 prealloc=0 xfer=0 http=257 kv=0.000 hit=0.000 gen=0
00:41:12 p0 run=9 q=10 prealloc=0 xfer=0 http=146 kv=0.076 hit=0.000 gen=0 | p1 run=8 q=0 prealloc=0 xfer=0 http=139 kv=0.109 hit=0.000 gen=0 | d0 run=0 q=0 prealloc=0 xfer=0 http=257 kv=0.000 hit=0.000 gen=0
00:41:22 p0 run=9 q=10 prealloc=0 xfer=0 http=146 kv=0.076 hit=0.000 gen=0 | p1 run=8 q=0 prealloc=0 xfer=0 http=139 kv=0.109 hit=0.000 gen=0 | d0 run=0 q=0 prealloc=0 xfer=0 http=257 kv=0.000 hit=0.000 gen=0
00:41:22 p0 run=9 q=10 prealloc=0 xfer=0 http=146 kv=0.076 hit=0.000 gen=0 | p1 run=8 q=0 prealloc=0 xfer=0 http=139 kv=0.109 hit=0.000 gen=0 | d0 run=0 q=0 prealloc=0 xfer=0 http=257 kv=0.000 hit=0.000 gen=0
00:41:27 p0 run=9 q=10 prealloc=0 xfer=0 http=146 kv=0.076 hit=0.000 gen=0 | p1 run=8 q=0 prealloc=0 xfer=0 http=139 kv=0.109 hit=0.000 gen=0 | d0 run=0 q=0 prealloc=0 xfer=0 http=257 kv=0.000 hit=0.000 gen=0
00:41:27 p0 run=9 q=10 prealloc=0 xfer=0 http=146 kv=0.076 hit=0.000 gen=0 | p1 run=8 q=0 prealloc=0 xfer=0 http=139 kv=0.109 hit=0.000 gen=0 | d0 run=0 q=0 prealloc=0 xfer=0 http=257 kv=0.000 hit=0.000 gen=0
00:41:37 p0 run=9 q=10 prealloc=0 xfer=0 http=146 kv=0.076 hit=0.000 gen=0 | p1 run=8 q=0 prealloc=0 xfer=0 http=139 kv=0.109 hit=0.000 gen=0 | d0 run=0 q=0 prealloc=0 xfer=0 http=257 kv=0.000 hit=0.000 gen=0
00:41:37 p0 run=9 q=10 prealloc=0 xfer=0 http=146 kv=0.076 hit=0.000 gen=0 | p1 run=8 q=0 prealloc=0 xfer=0 http=139 kv=0.109 hit=0.000 gen=0 | d0 run=0 q=0 prealloc=0 xfer=0 http=257 kv=0.000 hit=0.000 gen=0
00:41:42 p0 run=9 q=10 prealloc=0 xfer=0 http=146 kv=0.076 hit=0.000 gen=0 | p1 run=8 q=0 prealloc=0 xfer=0 http=139 kv=0.109 hit=0.000 gen=0 | d0 run=0 q=0 prealloc=0 xfer=0 http=257 kv=0.000 hit=0.000 gen=0
00:41:43 p0 run=9 q=10 prealloc=0 xfer=0 http=146 kv=0.076 hit=0.000 gen=0 | p1 run=8 q=0 prealloc=0 xfer=0 http=139 kv=0.109 hit=0.000 gen=0 | d0 run=0 q=0 prealloc=0 xfer=0 http=257 kv=0.000 hit=0.000 gen=0
00:41:53 p0 run=9 q=10 prealloc=0 xfer=0 http=146 kv=0.076 hit=0.000 gen=0 | p1 run=8 q=0 prealloc=0 xfer=0 http=139 kv=0.109 hit=0.000 gen=0 | d0 run=0 q=0 prealloc=0 xfer=0 http=257 kv=0.000 hit=0.000 gen=0
00:41:53 p0 run=9 q=10 prealloc=0 xfer=0 http=146 kv=0.076 hit=0.000 gen=0 | p1 run=8 q=0 prealloc=0 xfer=0 http=139 kv=0.109 hit=0.000 gen=0 | d0 run=0 q=0 prealloc=0 xfer=0 http=257 kv=0.000 hit=0.000 gen=0
00:41:58 p0 run=9 q=10 prealloc=0 xfer=0 http=146 kv=0.076 hit=0.000 gen=0 | p1 run=8 q=0 prealloc=0 xfer=0 http=139 kv=0.109 hit=0.000 gen=0 | d0 run=0 q=0 prealloc=0 xfer=0 http=257 kv=0.000 hit=0.000 gen=0
00:41:58 p0 run=9 q=10 prealloc=0 xfer=0 http=146 kv=0.076 hit=0.000 gen=0 | p1 run=8 q=0 prealloc=0 xfer=0 http=139 kv=0.109 hit=0.000 gen=0 | d0 run=0 q=0 prealloc=0 xfer=0 http=257 kv=0.000 hit=0.000 gen=0
00:42:08 p0 run=9 q=10 prealloc=0 xfer=0 http=146 kv=0.076 hit=0.000 gen=0 | p1 run=8 q=0 prealloc=0 xfer=0 http=139 kv=0.109 hit=0.000 gen=0 | d0 run=0 q=0 prealloc=0 xfer=0 http=257 kv=0.000 hit=0.000 gen=0
00:42:08 p0 run=9 q=10 prealloc=0 xfer=0 http=146 kv=0.076 hit=0.000 gen=0 | p1 run=8 q=0 prealloc=0 xfer=0 http=139 kv=0.109 hit=0.000 gen=0 | d0 run=0 q=0 prealloc=0 xfer=0 http=257 kv=0.000 hit=0.000 gen=0
00:42:14 p0 run=9 q=10 prealloc=0 xfer=0 http=146 kv=0.076 hit=0.000 gen=0 | p1 run=8 q=0 prealloc=0 xfer=0 http=139 kv=0.109 hit=0.000 gen=0 | d0 run=0 q=0 prealloc=0 xfer=0 http=257 kv=0.000 hit=0.000 gen=0
00:42:14 p0 run=9 q=10 prealloc=0 xfer=0 http=146 kv=0.076 hit=0.000 gen=0 | p1 run=8 q=0 prealloc=0 xfer=0 http=139 kv=0.109 hit=0.000 gen=0 | d0 run=0 q=0 prealloc=0 xfer=0 http=257 kv=0.000 hit=0.000 gen=0
00:42:23 p0 run=9 q=10 prealloc=0 xfer=0 http=146 kv=0.076 hit=0.000 gen=0 | p1 run=8 q=0 prealloc=0 xfer=0 http=139 kv=0.109 hit=0.000 gen=0 | d0 run=0 q=0 prealloc=0 xfer=0 http=257 kv=0.000 hit=0.000 gen=0
00:42:24 p0 run=9 q=10 prealloc=0 xfer=0 http=146 kv=0.076 hit=0.000 gen=0 | p1 run=8 q=0 prealloc=0 xfer=0 http=139 kv=0.109 hit=0.000 gen=0 | d0 run=0 q=0 prealloc=0 xfer=0 http=257 kv=0.000 hit=0.000 gen=0
00:42:29 p0 run=9 q=10 prealloc=0 xfer=0 http=146 kv=0.076 hit=0.000 gen=0 | p1 run=8 q=0 prealloc=0 xfer=0 http=139 kv=0.109 hit=0.000 gen=0 | d0 run=0 q=0 prealloc=0 xfer=0 http=257 kv=0.000 hit=0.000 gen=0
00:42:29 p0 run=9 q=10 prealloc=0 xfer=0 http=146 kv=0.076 hit=0.000 gen=0 | p1 run=8 q=0 prealloc=0 xfer=0 http=139 kv=0.109 hit=0.000 gen=0 | d0 run=0 q=0 prealloc=0 xfer=0 http=257 kv=0.000 hit=0.000 gen=0
00:42:39 p0 run=9 q=10 prealloc=0 xfer=0 http=146 kv=0.076 hit=0.000 gen=0 | p1 run=8 q=0 prealloc=0 xfer=0 http=139 kv=0.109 hit=0.000 gen=0 | d0 run=0 q=0 prealloc=0 xfer=0 http=257 kv=0.000 hit=0.000 gen=0
00:42:39 p0 run=9 q=10 prealloc=0 xfer=0 http=146 kv=0.076 hit=0.000 gen=0 | p1 run=8 q=0 prealloc=0 xfer=0 http=139 kv=0.109 hit=0.000 gen=0 | d0 run=0 q=0 prealloc=0 xfer=0 http=257 kv=0.000 hit=0.000 gen=0
00:42:45 p0 run=9 q=10 prealloc=0 xfer=0 http=146 kv=0.076 hit=0.000 gen=0 | p1 run=8 q=0 prealloc=0 xfer=0 http=139 kv=0.109 hit=0.000 gen=0 | d0 run=0 q=0 prealloc=0 xfer=0 http=257 kv=0.000 hit=0.000 gen=0
00:42:45 p0 run=9 q=10 prealloc=0 xfer=0 http=146 kv=0.076 hit=0.000 gen=0 | p1 run=8 q=0 prealloc=0 xfer=0 http=139 kv=0.109 hit=0.000 gen=0 | d0 run=0 q=0 prealloc=0 xfer=0 http=257 kv=0.000 hit=0.000 gen=0
00:42:54 p0 run=9 q=10 prealloc=0 xfer=0 http=146 kv=0.076 hit=0.000 gen=0 | p1 run=8 q=0 prealloc=0 xfer=0 http=139 kv=0.109 hit=0.000 gen=0 | d0 run=0 q=0 prealloc=0 xfer=0 http=257 kv=0.000 hit=0.000 gen=0
00:42:54 p0 run=9 q=10 prealloc=0 xfer=0 http=146 kv=0.076 hit=0.000 gen=0 | p1 run=8 q=0 prealloc=0 xfer=0 http=139 kv=0.109 hit=0.000 gen=0 | d0 run=0 q=0 prealloc=0 xfer=0 http=257 kv=0.000 hit=0.000 gen=0
00:43:00 p0 run=9 q=10 prealloc=0 xfer=0 http=146 kv=0.076 hit=0.000 gen=0 | p1 run=8 q=0 prealloc=0 xfer=0 http=139 kv=0.109 hit=0.000 gen=0 | d0 run=0 q=0 prealloc=0 xfer=0 http=257 kv=0.000 hit=0.000 gen=0
00:43:00 p0 run=9 q=10 prealloc=0 xfer=0 http=146 kv=0.076 hit=0.000 gen=0 | p1 run=8 q=0 prealloc=0 xfer=0 http=139 kv=0.109 hit=0.000 gen=0 | d0 run=0 q=0 prealloc=0 xfer=0 http=257 kv=0.000 hit=0.000 gen=0
00:43:09 p0 run=9 q=10 prealloc=0 xfer=0 http=146 kv=0.076 hit=0.000 gen=0 | p1 run=8 q=0 prealloc=0 xfer=0 http=139 kv=0.109 hit=0.000 gen=0 | d0 run=0 q=0 prealloc=0 xfer=0 http=257 kv=0.000 hit=0.000 gen=0
00:43:10 p0 run=9 q=10 prealloc=0 xfer=0 http=146 kv=0.076 hit=0.000 gen=0 | p1 run=8 q=0 prealloc=0 xfer=0 http=139 kv=0.109 hit=0.000 gen=0 | d0 run=0 q=0 prealloc=0 xfer=0 http=257 kv=0.000 hit=0.000 gen=0
00:43:15 p0 run=9 q=10 prealloc=0 xfer=0 http=146 kv=0.076 hit=0.000 gen=0 | p1 run=8 q=0 prealloc=0 xfer=0 http=139 kv=0.109 hit=0.000 gen=0 | d0 run=0 q=0 prealloc=0 xfer=0 http=257 kv=0.000 hit=0.000 gen=0
00:43:16 p0 run=9 q=10 prealloc=0 xfer=0 http=146 kv=0.076 hit=0.000 gen=0 | p1 run=8 q=0 prealloc=0 xfer=0 http=139 kv=0.109 hit=0.000 gen=0 | d0 run=0 q=0 prealloc=0 xfer=0 http=257 kv=0.000 hit=0.000 gen=0
00:43:25 p0 run=9 q=10 prealloc=0 xfer=0 http=146 kv=0.076 hit=0.000 gen=0 | p1 run=8 q=0 prealloc=0 xfer=0 http=139 kv=0.109 hit=0.000 gen=0 | d0 run=0 q=0 prealloc=0 xfer=0 http=257 kv=0.000 hit=0.000 gen=0
00:43:25 p0 run=9 q=10 prealloc=0 xfer=0 http=146 kv=0.076 hit=0.000 gen=0 | p1 run=8 q=0 prealloc=0 xfer=0 http=139 kv=0.109 hit=0.000 gen=0 | d0 run=0 q=0 prealloc=0 xfer=0 http=257 kv=0.000 hit=0.000 gen=0
00:43:31 p0 run=9 q=10 prealloc=0 xfer=0 http=146 kv=0.076 hit=0.000 gen=0 | p1 run=8 q=0 prealloc=0 xfer=0 http=139 kv=0.109 hit=0.000 gen=0 | d0 run=0 q=0 prealloc=0 xfer=0 http=257 kv=0.000 hit=0.000 gen=0
00:43:31 p0 run=9 q=10 prealloc=0 xfer=0 http=146 kv=0.076 hit=0.000 gen=0 | p1 run=8 q=0 prealloc=0 xfer=0 http=139 kv=0.109 hit=0.000 gen=0 | d0 run=0 q=0 prealloc=0 xfer=0 http=257 kv=0.000 hit=0.000 gen=0
00:43:40 p0 run=9 q=10 prealloc=0 xfer=0 http=146 kv=0.076 hit=0.000 gen=0 | p1 run=8 q=0 prealloc=0 xfer=0 http=139 kv=0.109 hit=0.000 gen=0 | d0 run=0 q=0 prealloc=0 xfer=0 http=257 kv=0.000 hit=0.000 gen=0
00:43:40 p0 run=9 q=10 prealloc=0 xfer=0 http=146 kv=0.076 hit=0.000 gen=0 | p1 run=8 q=0 prealloc=0 xfer=0 http=139 kv=0.109 hit=0.000 gen=0 | d0 run=0 q=0 prealloc=0 xfer=0 http=257 kv=0.000 hit=0.000 gen=0
00:43:46 p0 run=9 q=10 prealloc=0 xfer=0 http=146 kv=0.076 hit=0.000 gen=0 | p1 run=8 q=0 prealloc=0 xfer=0 http=139 kv=0.109 hit=0.000 gen=0 | d0 run=0 q=0 prealloc=0 xfer=0 http=257 kv=0.000 hit=0.000 gen=0
00:43:46 p0 run=9 q=10 prealloc=0 xfer=0 http=146 kv=0.076 hit=0.000 gen=0 | p1 run=8 q=0 prealloc=0 xfer=0 http=139 kv=0.109 hit=0.000 gen=0 | d0 run=0 q=0 prealloc=0 xfer=0 http=257 kv=0.000 hit=0.000 gen=0
00:43:55 p0 run=9 q=10 prealloc=0 xfer=0 http=146 kv=0.076 hit=0.000 gen=0 | p1 run=8 q=0 prealloc=0 xfer=0 http=139 kv=0.109 hit=0.000 gen=0 | d0 run=0 q=0 prealloc=0 xfer=0 http=257 kv=0.000 hit=0.000 gen=0
00:43:55 p0 run=9 q=10 prealloc=0 xfer=0 http=146 kv=0.076 hit=0.000 gen=0 | p1 run=8 q=0 prealloc=0 xfer=0 http=139 kv=0.109 hit=0.000 gen=0 | d0 run=0 q=0 prealloc=0 xfer=0 http=257 kv=0.000 hit=0.000 gen=0
00:44:01 p0 run=9 q=10 prealloc=0 xfer=0 http=146 kv=0.076 hit=0.000 gen=0 | p1 run=8 q=0 prealloc=0 xfer=0 http=139 kv=0.109 hit=0.000 gen=0 | d0 run=0 q=0 prealloc=0 xfer=0 http=257 kv=0.000 hit=0.000 gen=0
00:44:02 p0 run=9 q=10 prealloc=0 xfer=0 http=146 kv=0.076 hit=0.000 gen=0 | p1 run=8 q=0 prealloc=0 xfer=0 http=139 kv=0.109 hit=0.000 gen=0 | d0 run=0 q=0 prealloc=0 xfer=0 http=257 kv=0.000 hit=0.000 gen=0
00:44:11 p0 run=9 q=10 prealloc=0 xfer=0 http=146 kv=0.076 hit=0.000 gen=0 | p1 run=8 q=0 prealloc=0 xfer=0 http=139 kv=0.109 hit=0.000 gen=0 | d0 run=0 q=0 prealloc=0 xfer=0 http=257 kv=0.000 hit=0.000 gen=0
00:44:11 p0 run=9 q=10 prealloc=0 xfer=0 http=146 kv=0.076 hit=0.000 gen=0 | p1 run=8 q=0 prealloc=0 xfer=0 http=139 kv=0.109 hit=0.000 gen=0 | d0 run=0 q=0 prealloc=0 xfer=0 http=257 kv=0.000 hit=0.000 gen=0
00:44:16 p0 run=9 q=10 prealloc=0 xfer=0 http=146 kv=0.076 hit=0.000 gen=0 | p1 run=8 q=0 prealloc=0 xfer=0 http=139 kv=0.109 hit=0.000 gen=0 | d0 run=0 q=0 prealloc=0 xfer=0 http=257 kv=0.000 hit=0.000 gen=0
00:44:17 p0 run=9 q=10 prealloc=0 xfer=0 http=146 kv=0.076 hit=0.000 gen=0 | p1 run=8 q=0 prealloc=0 xfer=0 http=139 kv=0.109 hit=0.000 gen=0 | d0 run=0 q=0 prealloc=0 xfer=0 http=257 kv=0.000 hit=0.000 gen=0
00:44:26 p0 run=9 q=10 prealloc=0 xfer=0 http=146 kv=0.076 hit=0.000 gen=0 | p1 run=8 q=0 prealloc=0 xfer=0 http=139 kv=0.109 hit=0.000 gen=0 | d0 run=0 q=0 prealloc=0 xfer=0 http=257 kv=0.000 hit=0.000 gen=0
00:44:27 p0 run=9 q=10 prealloc=0 xfer=0 http=146 kv=0.076 hit=0.000 gen=0 | p1 run=8 q=0 prealloc=0 xfer=0 http=139 kv=0.109 hit=0.000 gen=0 | d0 run=0 q=0 prealloc=0 xfer=0 http=257 kv=0.000 hit=0.000 gen=0
00:44:32 p0 run=9 q=10 prealloc=0 xfer=0 http=146 kv=0.076 hit=0.000 gen=0 | p1 run=8 q=0 prealloc=0 xfer=0 http=139 kv=0.109 hit=0.000 gen=0 | d0 run=0 q=0 prealloc=0 xfer=0 http=257 kv=0.000 hit=0.000 gen=0
00:44:32 p0 run=9 q=10 prealloc=0 xfer=0 http=146 kv=0.076 hit=0.000 gen=0 | p1 run=8 q=0 prealloc=0 xfer=0 http=139 kv=0.109 hit=0.000 gen=0 | d0 run=0 q=0 prealloc=0 xfer=0 http=257 kv=0.000 hit=0.000 gen=0
00:44:42 p0 run=9 q=10 prealloc=0 xfer=0 http=146 kv=0.076 hit=0.000 gen=0 | p1 run=8 q=0 prealloc=0 xfer=0 http=139 kv=0.109 hit=0.000 gen=0 | d0 run=0 q=0 prealloc=0 xfer=0 http=257 kv=0.000 hit=0.000 gen=0
00:44:42 p0 run=9 q=10 prealloc=0 xfer=0 http=146 kv=0.076 hit=0.000 gen=0 | p1 run=8 q=0 prealloc=0 xfer=0 http=139 kv=0.109 hit=0.000 gen=0 | d0 run=0 q=0 prealloc=0 xfer=0 http=257 kv=0.000 hit=0.000 gen=0
00:44:47 p0 run=9 q=10 prealloc=0 xfer=0 http=146 kv=0.076 hit=0.000 gen=0 | p1 run=8 q=0 prealloc=0 xfer=0 http=139 kv=0.109 hit=0.000 gen=0 | d0 run=0 q=0 prealloc=0 xfer=0 http=257 kv=0.000 hit=0.000 gen=0
00:44:48 p0 run=9 q=10 prealloc=0 xfer=0 http=146 kv=0.076 hit=0.000 gen=0 | p1 run=8 q=0 prealloc=0 xfer=0 http=139 kv=0.109 hit=0.000 gen=0 | d0 run=0 q=0 prealloc=0 xfer=0 http=257 kv=0.000 hit=0.000 gen=0
00:44:57 p0 run=9 q=10 prealloc=0 xfer=0 http=146 kv=0.076 hit=0.000 gen=0 | p1 run=8 q=0 prealloc=0 xfer=0 http=139 kv=0.109 hit=0.000 gen=0 | d0 run=0 q=0 prealloc=0 xfer=0 http=257 kv=0.000 hit=0.000 gen=0
00:44:57 p0 run=9 q=10 prealloc=0 xfer=0 http=146 kv=0.076 hit=0.000 gen=0 | p1 run=8 q=0 prealloc=0 xfer=0 http=139 kv=0.109 hit=0.000 gen=0 | d0 run=0 q=0 prealloc=0 xfer=0 http=257 kv=0.000 hit=0.000 gen=0
00:45:03 p0 run=9 q=10 prealloc=0 xfer=0 http=146 kv=0.076 hit=0.000 gen=0 | p1 run=8 q=0 prealloc=0 xfer=0 http=139 kv=0.109 hit=0.000 gen=0 | d0 run=0 q=0 prealloc=0 xfer=0 http=257 kv=0.000 hit=0.000 gen=0
00:45:03 p0 run=9 q=10 prealloc=0 xfer=0 http=146 kv=0.076 hit=0.000 gen=0 | p1 run=8 q=0 prealloc=0 xfer=0 http=139 kv=0.109 hit=0.000 gen=0 | d0 run=0 q=0 prealloc=0 xfer=0 http=257 kv=0.000 hit=0.000 gen=0
00:45:12 p0 run=9 q=10 prealloc=0 xfer=0 http=146 kv=0.076 hit=0.000 gen=0 | p1 run=8 q=0 prealloc=0 xfer=0 http=139 kv=0.109 hit=0.000 gen=0 | d0 run=0 q=0 prealloc=0 xfer=0 http=257 kv=0.000 hit=0.000 gen=0
00:45:13 p0 run=9 q=10 prealloc=0 xfer=0 http=146 kv=0.076 hit=0.000 gen=0 | p1 run=8 q=0 prealloc=0 xfer=0 http=139 kv=0.109 hit=0.000 gen=0 | d0 run=0 q=0 prealloc=0 xfer=0 http=257 kv=0.000 hit=0.000 gen=0
00:45:18 p0 run=9 q=10 prealloc=0 xfer=0 http=146 kv=0.076 hit=0.000 gen=0 | p1 run=8 q=0 prealloc=0 xfer=0 http=139 kv=0.109 hit=0.000 gen=0 | d0 run=0 q=0 prealloc=0 xfer=0 http=257 kv=0.000 hit=0.000 gen=0
00:45:18 p0 run=9 q=10 prealloc=0 xfer=0 http=146 kv=0.076 hit=0.000 gen=0 | p1 run=8 q=0 prealloc=0 xfer=0 http=139 kv=0.109 hit=0.000 gen=0 | d0 run=0 q=0 prealloc=0 xfer=0 http=257 kv=0.000 hit=0.000 gen=0
00:45:27 p0 run=9 q=10 prealloc=0 xfer=0 http=146 kv=0.076 hit=0.000 gen=0 | p1 run=8 q=0 prealloc=0 xfer=0 http=139 kv=0.109 hit=0.000 gen=0 | d0 run=0 q=0 prealloc=0 xfer=0 http=257 kv=0.000 hit=0.000 gen=0
00:45:28 p0 run=9 q=10 prealloc=0 xfer=0 http=146 kv=0.076 hit=0.000 gen=0 | p1 run=8 q=0 prealloc=0 xfer=0 http=139 kv=0.109 hit=0.000 gen=0 | d0 run=0 q=0 prealloc=0 xfer=0 http=257 kv=0.000 hit=0.000 gen=0
00:45:33 p0 run=9 q=10 prealloc=0 xfer=0 http=146 kv=0.076 hit=0.000 gen=0 | p1 run=8 q=0 prealloc=0 xfer=0 http=139 kv=0.109 hit=0.000 gen=0 | d0 run=0 q=0 prealloc=0 xfer=0 http=257 kv=0.000 hit=0.000 gen=0
00:45:33 p0 run=9 q=10 prealloc=0 xfer=0 http=146 kv=0.076 hit=0.000 gen=0 | p1 run=8 q=0 prealloc=0 xfer=0 http=139 kv=0.109 hit=0.000 gen=0 | d0 run=0 q=0 prealloc=0 xfer=0 http=257 kv=0.000 hit=0.000 gen=0
00:45:43 p0 run=9 q=10 prealloc=0 xfer=0 http=146 kv=0.076 hit=0.000 gen=0 | p1 run=8 q=0 prealloc=0 xfer=0 http=139 kv=0.109 hit=0.000 gen=0 | d0 run=0 q=0 prealloc=0 xfer=0 http=257 kv=0.000 hit=0.000 gen=0
00:45:43 p0 run=9 q=10 prealloc=0 xfer=0 http=146 kv=0.076 hit=0.000 gen=0 | p1 run=8 q=0 prealloc=0 xfer=0 http=139 kv=0.109 hit=0.000 gen=0 | d0 run=0 q=0 prealloc=0 xfer=0 http=257 kv=0.000 hit=0.000 gen=0
00:45:48 p0 run=9 q=10 prealloc=0 xfer=0 http=146 kv=0.076 hit=0.000 gen=0 | p1 run=8 q=0 prealloc=0 xfer=0 http=139 kv=0.109 hit=0.000 gen=0 | d0 run=0 q=0 prealloc=0 xfer=0 http=257 kv=0.000 hit=0.000 gen=0
00:45:49 p0 run=9 q=10 prealloc=0 xfer=0 http=146 kv=0.076 hit=0.000 gen=0 | p1 run=8 q=0 prealloc=0 xfer=0 http=139 kv=0.109 hit=0.000 gen=0 | d0 run=0 q=0 prealloc=0 xfer=0 http=257 kv=0.000 hit=0.000 gen=0
00:45:58 p0 run=9 q=10 prealloc=0 xfer=0 http=146 kv=0.076 hit=0.000 gen=0 | p1 run=8 q=0 prealloc=0 xfer=0 http=139 kv=0.109 hit=0.000 gen=0 | d0 run=0 q=0 prealloc=0 xfer=0 http=257 kv=0.000 hit=0.000 gen=0
00:45:58 p0 run=9 q=10 prealloc=0 xfer=0 http=146 kv=0.076 hit=0.000 gen=0 | p1 run=8 q=0 prealloc=0 xfer=0 http=139 kv=0.109 hit=0.000 gen=0 | d0 run=0 q=0 prealloc=0 xfer=0 http=257 kv=0.000 hit=0.000 gen=0
00:46:04 p0 run=9 q=10 prealloc=0 xfer=0 http=146 kv=0.076 hit=0.000 gen=0 | p1 run=8 q=0 prealloc=0 xfer=0 http=139 kv=0.109 hit=0.000 gen=0 | d0 run=0 q=0 prealloc=0 xfer=0 http=257 kv=0.000 hit=0.000 gen=0
00:46:04 p0 run=9 q=10 prealloc=0 xfer=0 http=146 kv=0.076 hit=0.000 gen=0 | p1 run=8 q=0 prealloc=0 xfer=0 http=139 kv=0.109 hit=0.000 gen=0 | d0 run=0 q=0 prealloc=0 xfer=0 http=257 kv=0.000 hit=0.000 gen=0
00:46:13 p0 run=9 q=10 prealloc=0 xfer=0 http=146 kv=0.076 hit=0.000 gen=0 | p1 run=8 q=0 prealloc=0 xfer=0 http=139 kv=0.109 hit=0.000 gen=0 | d0 run=0 q=0 prealloc=0 xfer=0 http=257 kv=0.000 hit=0.000 gen=0
00:46:14 p0 run=9 q=10 prealloc=0 xfer=0 http=146 kv=0.076 hit=0.000 gen=0 | p1 run=8 q=0 prealloc=0 xfer=0 http=139 kv=0.109 hit=0.000 gen=0 | d0 run=0 q=0 prealloc=0 xfer=0 http=257 kv=0.000 hit=0.000 gen=0
00:46:19 p0 run=9 q=10 prealloc=0 xfer=0 http=146 kv=0.076 hit=0.000 gen=0 | p1 run=8 q=0 prealloc=0 xfer=0 http=139 kv=0.109 hit=0.000 gen=0 | d0 run=0 q=0 prealloc=0 xfer=0 http=257 kv=0.000 hit=0.000 gen=0
00:46:19 p0 run=9 q=10 prealloc=0 xfer=0 http=146 kv=0.076 hit=0.000 gen=0 | p1 run=8 q=0 prealloc=0 xfer=0 http=139 kv=0.109 hit=0.000 gen=0 | d0 run=0 q=0 prealloc=0 xfer=0 http=257 kv=0.000 hit=0.000 gen=0
00:46:28 p0 run=9 q=10 prealloc=0 xfer=0 http=146 kv=0.076 hit=0.000 gen=0 | p1 run=8 q=0 prealloc=0 xfer=0 http=139 kv=0.109 hit=0.000 gen=0 | d0 run=0 q=0 prealloc=0 xfer=0 http=257 kv=0.000 hit=0.000 gen=0
00:46:29 p0 run=9 q=10 prealloc=0 xfer=0 http=146 kv=0.076 hit=0.000 gen=0 | p1 run=8 q=0 prealloc=0 xfer=0 http=139 kv=0.109 hit=0.000 gen=0 | d0 run=0 q=0 prealloc=0 xfer=0 http=257 kv=0.000 hit=0.000 gen=0
00:46:34 p0 run=9 q=10 prealloc=0 xfer=0 http=146 kv=0.076 hit=0.000 gen=0 | p1 run=8 q=0 prealloc=0 xfer=0 http=139 kv=0.109 hit=0.000 gen=0 | d0 run=0 q=0 prealloc=0 xfer=0 http=257 kv=0.000 hit=0.000 gen=0
00:46:35 p0 run=9 q=10 prealloc=0 xfer=0 http=146 kv=0.076 hit=0.000 gen=0 | p1 run=8 q=0 prealloc=0 xfer=0 http=139 kv=0.109 hit=0.000 gen=0 | d0 run=0 q=0 prealloc=0 xfer=0 http=257 kv=0.000 hit=0.000 gen=0
00:46:44 p0 run=9 q=10 prealloc=0 xfer=0 http=146 kv=0.076 hit=0.000 gen=0 | p1 run=8 q=0 prealloc=0 xfer=0 http=139 kv=0.109 hit=0.000 gen=0 | d0 run=0 q=0 prealloc=0 xfer=0 http=257 kv=0.000 hit=0.000 gen=0
00:46:44 p0 run=9 q=10 prealloc=0 xfer=0 http=146 kv=0.076 hit=0.000 gen=0 | p1 run=8 q=0 prealloc=0 xfer=0 http=139 kv=0.109 hit=0.000 gen=0 | d0 run=0 q=0 prealloc=0 xfer=0 http=257 kv=0.000 hit=0.000 gen=0
00:46:49 p0 run=9 q=10 prealloc=0 xfer=0 http=146 kv=0.076 hit=0.000 gen=0 | p1 run=8 q=0 prealloc=0 xfer=0 http=139 kv=0.109 hit=0.000 gen=0 | d0 run=0 q=0 prealloc=0 xfer=0 http=257 kv=0.000 hit=0.000 gen=0
00:46:50 p0 run=9 q=10 prealloc=0 xfer=0 http=146 kv=0.076 hit=0.000 gen=0 | p1 run=8 q=0 prealloc=0 xfer=0 http=139 kv=0.109 hit=0.000 gen=0 | d0 run=0 q=0 prealloc=0 xfer=0 http=257 kv=0.000 hit=0.000 gen=0
00:46:59 p0 run=9 q=10 prealloc=0 xfer=0 http=146 kv=0.076 hit=0.000 gen=0 | p1 run=8 q=0 prealloc=0 xfer=0 http=139 kv=0.109 hit=0.000 gen=0 | d0 run=0 q=0 prealloc=0 xfer=0 http=257 kv=0.000 hit=0.000 gen=0
00:46:59 p0 run=9 q=10 prealloc=0 xfer=0 http=146 kv=0.076 hit=0.000 gen=0 | p1 run=8 q=0 prealloc=0 xfer=0 http=139 kv=0.109 hit=0.000 gen=0 | d0 run=0 q=0 prealloc=0 xfer=0 http=257 kv=0.000 hit=0.000 gen=0
00:47:05 p0 run=9 q=10 prealloc=0 xfer=0 http=146 kv=0.076 hit=0.000 gen=0 | p1 run=8 q=0 prealloc=0 xfer=0 http=139 kv=0.109 hit=0.000 gen=0 | d0 run=0 q=0 prealloc=0 xfer=0 http=257 kv=0.000 hit=0.000 gen=0
00:47:05 p0 run=9 q=10 prealloc=0 xfer=0 http=146 kv=0.076 hit=0.000 gen=0 | p1 run=8 q=0 prealloc=0 xfer=0 http=139 kv=0.109 hit=0.000 gen=0 | d0 run=0 q=0 prealloc=0 xfer=0 http=257 kv=0.000 hit=0.000 gen=0
00:47:14 p0 run=9 q=10 prealloc=0 xfer=0 http=146 kv=0.076 hit=0.000 gen=0 | p1 run=8 q=0 prealloc=0 xfer=0 http=139 kv=0.109 hit=0.000 gen=0 | d0 run=0 q=0 prealloc=0 xfer=0 http=257 kv=0.000 hit=0.000 gen=0
00:47:15 p0 run=9 q=10 prealloc=0 xfer=0 http=146 kv=0.076 hit=0.000 gen=0 | p1 run=8 q=0 prealloc=0 xfer=0 http=139 kv=0.109 hit=0.000 gen=0 | d0 run=0 q=0 prealloc=0 xfer=0 http=257 kv=0.000 hit=0.000 gen=0
00:47:20 p0 run=9 q=10 prealloc=0 xfer=0 http=146 kv=0.076 hit=0.000 gen=0 | p1 run=8 q=0 prealloc=0 xfer=0 http=139 kv=0.109 hit=0.000 gen=0 | d0 run=0 q=0 prealloc=0 xfer=0 http=257 kv=0.000 hit=0.000 gen=0
00:47:20 p0 run=9 q=10 prealloc=0 xfer=0 http=146 kv=0.076 hit=0.000 gen=0 | p1 run=8 q=0 prealloc=0 xfer=0 http=139 kv=0.109 hit=0.000 gen=0 | d0 run=0 q=0 prealloc=0 xfer=0 http=257 kv=0.000 hit=0.000 gen=0
00:47:30 p0 run=9 q=10 prealloc=0 xfer=0 http=146 kv=0.076 hit=0.000 gen=0 | p1 run=8 q=0 prealloc=0 xfer=0 http=139 kv=0.109 hit=0.000 gen=0 | d0 run=0 q=0 prealloc=0 xfer=0 http=257 kv=0.000 hit=0.000 gen=0
00:47:30 p0 run=9 q=10 prealloc=0 xfer=0 http=146 kv=0.076 hit=0.000 gen=0 | p1 run=8 q=0 prealloc=0 xfer=0 http=139 kv=0.109 hit=0.000 gen=0 | d0 run=0 q=0 prealloc=0 xfer=0 http=257 kv=0.000 hit=0.000 gen=0
00:47:35 p0 run=9 q=10 prealloc=0 xfer=0 http=146 kv=0.076 hit=0.000 gen=0 | p1 run=8 q=0 prealloc=0 xfer=0 http=139 kv=0.109 hit=0.000 gen=0 | d0 run=0 q=0 prealloc=0 xfer=0 http=257 kv=0.000 hit=0.000 gen=0
00:47:36 p0 run=9 q=10 prealloc=0 xfer=0 http=146 kv=0.076 hit=0.000 gen=0 | p1 run=8 q=0 prealloc=0 xfer=0 http=139 kv=0.109 hit=0.000 gen=0 | d0 run=0 q=0 prealloc=0 xfer=0 http=257 kv=0.000 hit=0.000 gen=0
00:47:45 p0 run=9 q=10 prealloc=0 xfer=0 http=146 kv=0.076 hit=0.000 gen=0 | p1 run=8 q=0 prealloc=0 xfer=0 http=139 kv=0.109 hit=0.000 gen=0 | d0 run=0 q=0 prealloc=0 xfer=0 http=257 kv=0.000 hit=0.000 gen=0
00:47:45 p0 run=9 q=10 prealloc=0 xfer=0 http=146 kv=0.076 hit=0.000 gen=0 | p1 run=8 q=0 prealloc=0 xfer=0 http=139 kv=0.109 hit=0.000 gen=0 | d0 run=0 q=0 prealloc=0 xfer=0 http=257 kv=0.000 hit=0.000 gen=0
00:47:51 p0 run=9 q=10 prealloc=0 xfer=0 http=146 kv=0.076 hit=0.000 gen=0 | p1 run=8 q=0 prealloc=0 xfer=0 http=139 kv=0.109 hit=0.000 gen=0 | d0 run=0 q=0 prealloc=0 xfer=0 http=257 kv=0.000 hit=0.000 gen=0
00:47:51 p0 run=9 q=10 prealloc=0 xfer=0 http=146 kv=0.076 hit=0.000 gen=0 | p1 run=8 q=0 prealloc=0 xfer=0 http=139 kv=0.109 hit=0.000 gen=0 | d0 run=0 q=0 prealloc=0 xfer=0 http=257 kv=0.000 hit=0.000 gen=0
00:48:01 p0 run=9 q=10 prealloc=0 xfer=0 http=146 kv=0.076 hit=0.000 gen=0 | p1 run=8 q=0 prealloc=0 xfer=0 http=139 kv=0.109 hit=0.000 gen=0 | d0 run=0 q=0 prealloc=0 xfer=0 http=257 kv=0.000 hit=0.000 gen=0
00:48:01 p0 run=9 q=10 prealloc=0 xfer=0 http=146 kv=0.076 hit=0.000 gen=0 | p1 run=8 q=0 prealloc=0 xfer=0 http=139 kv=0.109 hit=0.000 gen=0 | d0 run=0 q=0 prealloc=0 xfer=0 http=257 kv=0.000 hit=0.000 gen=0
00:48:06 p0 run=9 q=10 prealloc=0 xfer=0 http=146 kv=0.076 hit=0.000 gen=0 | p1 run=8 q=0 prealloc=0 xfer=0 http=139 kv=0.109 hit=0.000 gen=0 | d0 run=0 q=0 prealloc=0 xfer=0 http=257 kv=0.000 hit=0.000 gen=0
00:48:06 p0 run=9 q=10 prealloc=0 xfer=0 http=146 kv=0.076 hit=0.000 gen=0 | p1 run=8 q=0 prealloc=0 xfer=0 http=139 kv=0.109 hit=0.000 gen=0 | d0 run=0 q=0 prealloc=0 xfer=0 http=257 kv=0.000 hit=0.000 gen=0
00:48:16 p0 run=9 q=10 prealloc=0 xfer=0 http=146 kv=0.076 hit=0.000 gen=0 | p1 run=8 q=0 prealloc=0 xfer=0 http=139 kv=0.109 hit=0.000 gen=0 | d0 run=0 q=0 prealloc=0 xfer=0 http=257 kv=0.000 hit=0.000 gen=0
00:48:16 p0 run=9 q=10 prealloc=0 xfer=0 http=146 kv=0.076 hit=0.000 gen=0 | p1 run=8 q=0 prealloc=0 xfer=0 http=139 kv=0.109 hit=0.000 gen=0 | d0 run=0 q=0 prealloc=0 xfer=0 http=257 kv=0.000 hit=0.000 gen=0
00:48:21 p0 run=9 q=10 prealloc=0 xfer=0 http=146 kv=0.076 hit=0.000 gen=0 | p1 run=8 q=0 prealloc=0 xfer=0 http=139 kv=0.109 hit=0.000 gen=0 | d0 run=0 q=0 prealloc=0 xfer=0 http=257 kv=0.000 hit=0.000 gen=0
00:48:22 p0 run=9 q=10 prealloc=0 xfer=0 http=146 kv=0.076 hit=0.000 gen=0 | p1 run=8 q=0 prealloc=0 xfer=0 http=139 kv=0.109 hit=0.000 gen=0 | d0 run=0 q=0 prealloc=0 xfer=0 http=257 kv=0.000 hit=0.000 gen=0
00:48:32 p0 run=9 q=10 prealloc=0 xfer=0 http=146 kv=0.076 hit=0.000 gen=0 | p1 run=8 q=0 prealloc=0 xfer=0 http=139 kv=0.109 hit=0.000 gen=0 | d0 run=0 q=0 prealloc=0 xfer=0 http=257 kv=0.000 hit=0.000 gen=0
00:48:32 p0 run=9 q=10 prealloc=0 xfer=0 http=146 kv=0.076 hit=0.000 gen=0 | p1 run=8 q=0 prealloc=0 xfer=0 http=139 kv=0.109 hit=0.000 gen=0 | d0 run=0 q=0 prealloc=0 xfer=0 http=257 kv=0.000 hit=0.000 gen=0
00:48:36 p0 run=9 q=10 prealloc=0 xfer=0 http=146 kv=0.076 hit=0.000 gen=0 | p1 run=8 q=0 prealloc=0 xfer=0 http=139 kv=0.109 hit=0.000 gen=0 | d0 run=0 q=0 prealloc=0 xfer=0 http=257 kv=0.000 hit=0.000 gen=0
00:48:37 p0 run=9 q=10 prealloc=0 xfer=0 http=146 kv=0.076 hit=0.000 gen=0 | p1 run=8 q=0 prealloc=0 xfer=0 http=139 kv=0.109 hit=0.000 gen=0 | d0 run=0 q=0 prealloc=0 xfer=0 http=257 kv=0.000 hit=0.000 gen=0
00:48:47 p0 run=9 q=10 prealloc=0 xfer=0 http=146 kv=0.076 hit=0.000 gen=0 | p1 run=8 q=0 prealloc=0 xfer=0 http=139 kv=0.109 hit=0.000 gen=0 | d0 run=0 q=0 prealloc=0 xfer=0 http=257 kv=0.000 hit=0.000 gen=0
00:48:47 p0 run=9 q=10 prealloc=0 xfer=0 http=146 kv=0.076 hit=0.000 gen=0 | p1 run=8 q=0 prealloc=0 xfer=0 http=139 kv=0.109 hit=0.000 gen=0 | d0 run=0 q=0 prealloc=0 xfer=0 http=257 kv=0.000 hit=0.000 gen=0
00:48:52 p0 run=9 q=10 prealloc=0 xfer=0 http=146 kv=0.076 hit=0.000 gen=0 | p1 run=8 q=0 prealloc=0 xfer=0 http=139 kv=0.109 hit=0.000 gen=0 | d0 run=0 q=0 prealloc=0 xfer=0 http=257 kv=0.000 hit=0.000 gen=0
00:48:52 p0 run=9 q=10 prealloc=0 xfer=0 http=146 kv=0.076 hit=0.000 gen=0 | p1 run=8 q=0 prealloc=0 xfer=0 http=139 kv=0.109 hit=0.000 gen=0 | d0 run=0 q=0 prealloc=0 xfer=0 http=257 kv=0.000 hit=0.000 gen=0
00:49:04 p0 run=9 q=10 prealloc=0 xfer=0 http=146 kv=0.076 hit=0.000 gen=0 | p1 run=8 q=0 prealloc=0 xfer=0 http=139 kv=0.109 hit=0.000 gen=0 | d0 run=0 q=0 prealloc=0 xfer=0 http=257 kv=0.000 hit=0.000 gen=0
00:49:04 p0 run=9 q=10 prealloc=0 xfer=0 http=146 kv=0.076 hit=0.000 gen=0 | p1 run=8 q=0 prealloc=0 xfer=0 http=139 kv=0.109 hit=0.000 gen=0 | d0 run=0 q=0 prealloc=0 xfer=0 http=257 kv=0.000 hit=0.000 gen=0
00:49:07 p0 run=9 q=10 prealloc=0 xfer=0 http=146 kv=0.076 hit=0.000 gen=0 | p1 run=8 q=0 prealloc=0 xfer=0 http=139 kv=0.109 hit=0.000 gen=0 | d0 run=0 q=0 prealloc=0 xfer=0 http=257 kv=0.000 hit=0.000 gen=0
00:49:07 p0 run=9 q=10 prealloc=0 xfer=0 http=146 kv=0.076 hit=0.000 gen=0 | p1 run=8 q=0 prealloc=0 xfer=0 http=139 kv=0.109 hit=0.000 gen=0 | d0 run=0 q=0 prealloc=0 xfer=0 http=257 kv=0.000 hit=0.000 gen=0
00:49:19 p0 run=9 q=10 prealloc=0 xfer=0 http=146 kv=0.076 hit=0.000 gen=0 | p1 run=8 q=0 prealloc=0 xfer=0 http=139 kv=0.109 hit=0.000 gen=0 | d0 run=0 q=0 prealloc=0 xfer=0 http=257 kv=0.000 hit=0.000 gen=0
00:49:19 p0 run=9 q=10 prealloc=0 xfer=0 http=146 kv=0.076 hit=0.000 gen=0 | p1 run=8 q=0 prealloc=0 xfer=0 http=139 kv=0.109 hit=0.000 gen=0 | d0 run=0 q=0 prealloc=0 xfer=0 http=257 kv=0.000 hit=0.000 gen=0
00:49:22 p0 run=9 q=10 prealloc=0 xfer=0 http=146 kv=0.076 hit=0.000 gen=0 | p1 run=8 q=0 prealloc=0 xfer=0 http=139 kv=0.109 hit=0.000 gen=0 | d0 run=0 q=0 prealloc=0 xfer=0 http=257 kv=0.000 hit=0.000 gen=0
00:49:23 p0 run=9 q=10 prealloc=0 xfer=0 http=146 kv=0.076 hit=0.000 gen=0 | p1 run=8 q=0 prealloc=0 xfer=0 http=139 kv=0.109 hit=0.000 gen=0 | d0 run=0 q=0 prealloc=0 xfer=0 http=257 kv=0.000 hit=0.000 gen=0
00:49:35 p0 run=9 q=10 prealloc=0 xfer=0 http=146 kv=0.076 hit=0.000 gen=0 | p1 run=8 q=0 prealloc=0 xfer=0 http=139 kv=0.109 hit=0.000 gen=0 | d0 run=0 q=0 prealloc=0 xfer=0 http=257 kv=0.000 hit=0.000 gen=0
00:49:35 p0 run=9 q=10 prealloc=0 xfer=0 http=146 kv=0.076 hit=0.000 gen=0 | p1 run=8 q=0 prealloc=0 xfer=0 http=139 kv=0.109 hit=0.000 gen=0 | d0 run=0 q=0 prealloc=0 xfer=0 http=257 kv=0.000 hit=0.000 gen=0
00:49:38 p0 run=9 q=10 prealloc=0 xfer=0 http=146 kv=0.076 hit=0.000 gen=0 | p1 run=8 q=0 prealloc=0 xfer=0 http=139 kv=0.109 hit=0.000 gen=0 | d0 run=0 q=0 prealloc=0 xfer=0 http=257 kv=0.000 hit=0.000 gen=0
00:49:38 p0 run=9 q=10 prealloc=0 xfer=0 http=146 kv=0.076 hit=0.000 gen=0 | p1 run=8 q=0 prealloc=0 xfer=0 http=139 kv=0.109 hit=0.000 gen=0 | d0 run=0 q=0 prealloc=0 xfer=0 http=257 kv=0.000 hit=0.000 gen=0
00:49:50 p0 run=9 q=10 prealloc=0 xfer=0 http=146 kv=0.076 hit=0.000 gen=0 | p1 run=8 q=0 prealloc=0 xfer=0 http=139 kv=0.109 hit=0.000 gen=0 | d0 run=0 q=0 prealloc=0 xfer=0 http=1 kv=0.000 hit=0.000 gen=0
00:49:50 p0 run=9 q=10 prealloc=0 xfer=0 http=146 kv=0.076 hit=0.000 gen=0 | p1 run=8 q=0 prealloc=0 xfer=0 http=139 kv=0.109 hit=0.000 gen=0 | d0 run=0 q=0 prealloc=0 xfer=0 http=1 kv=0.000 hit=0.000 gen=0
00:49:53 p0 run=9 q=10 prealloc=0 xfer=0 http=146 kv=0.076 hit=0.000 gen=0 | p1 run=8 q=0 prealloc=0 xfer=0 http=139 kv=0.109 hit=0.000 gen=0 | d0 run=0 q=0 prealloc=0 xfer=0 http=1 kv=0.000 hit=0.000 gen=0
00:49:53 p0 run=9 q=10 prealloc=0 xfer=0 http=146 kv=0.076 hit=0.000 gen=0 | p1 run=8 q=0 prealloc=0 xfer=0 http=139 kv=0.109 hit=0.000 gen=0 | d0 run=0 q=0 prealloc=0 xfer=0 http=1 kv=0.000 hit=0.000 gen=0
00:50:06 p0 run=9 q=10 prealloc=0 xfer=0 http=146 kv=0.076 hit=0.000 gen=0 | p1 run=8 q=0 prealloc=0 xfer=0 http=139 kv=0.109 hit=0.000 gen=0 | d0 run=0 q=0 prealloc=0 xfer=0 http=1 kv=0.000 hit=0.000 gen=0
00:50:06 p0 run=9 q=10 prealloc=0 xfer=0 http=146 kv=0.076 hit=0.000 gen=0 | p1 run=8 q=0 prealloc=0 xfer=0 http=139 kv=0.109 hit=0.000 gen=0 | d0 run=0 q=0 prealloc=0 xfer=0 http=1 kv=0.000 hit=0.000 gen=0
00:50:08 p0 run=9 q=10 prealloc=0 xfer=0 http=146 kv=0.076 hit=0.000 gen=0 | p1 run=8 q=0 prealloc=0 xfer=0 http=139 kv=0.109 hit=0.000 gen=0 | d0 run=0 q=0 prealloc=0 xfer=0 http=1 kv=0.000 hit=0.000 gen=0
00:50:09 p0 run=9 q=10 prealloc=0 xfer=0 http=146 kv=0.076 hit=0.000 gen=0 | p1 run=8 q=0 prealloc=0 xfer=0 http=139 kv=0.109 hit=0.000 gen=0 | d0 run=0 q=0 prealloc=0 xfer=0 http=1 kv=0.000 hit=0.000 gen=0
00:50:21 p0 run=9 q=10 prealloc=0 xfer=0 http=146 kv=0.076 hit=0.000 gen=0 | p1 run=8 q=0 prealloc=0 xfer=0 http=139 kv=0.109 hit=0.000 gen=0 | d0 run=0 q=0 prealloc=0 xfer=0 http=1 kv=0.000 hit=0.000 gen=0
00:50:21 p0 run=9 q=10 prealloc=0 xfer=0 http=146 kv=0.076 hit=0.000 gen=0 | p1 run=8 q=0 prealloc=0 xfer=0 http=139 kv=0.109 hit=0.000 gen=0 | d0 run=0 q=0 prealloc=0 xfer=0 http=1 kv=0.000 hit=0.000 gen=0
00:50:23 p0 run=9 q=10 prealloc=0 xfer=0 http=146 kv=0.076 hit=0.000 gen=0 | p1 run=8 q=0 prealloc=0 xfer=0 http=139 kv=0.109 hit=0.000 gen=0 | d0 run=0 q=0 prealloc=0 xfer=0 http=1 kv=0.000 hit=0.000 gen=0
00:50:24 p0 run=9 q=10 prealloc=0 xfer=0 http=146 kv=0.076 hit=0.000 gen=0 | p1 run=8 q=0 prealloc=0 xfer=0 http=139 kv=0.109 hit=0.000 gen=0 | d0 run=0 q=0 prealloc=0 xfer=0 http=1 kv=0.000 hit=0.000 gen=0
00:50:37 p0 run=9 q=10 prealloc=0 xfer=0 http=146 kv=0.076 hit=0.000 gen=0 | p1 run=8 q=0 prealloc=0 xfer=0 http=139 kv=0.109 hit=0.000 gen=0 | d0 run=0 q=0 prealloc=0 xfer=0 http=1 kv=0.000 hit=0.000 gen=0
00:50:37 p0 run=9 q=10 prealloc=0 xfer=0 http=146 kv=0.076 hit=0.000 gen=0 | p1 run=8 q=0 prealloc=0 xfer=0 http=139 kv=0.109 hit=0.000 gen=0 | d0 run=0 q=0 prealloc=0 xfer=0 http=1 kv=0.000 hit=0.000 gen=0
00:50:38 p0 run=9 q=10 prealloc=0 xfer=0 http=146 kv=0.076 hit=0.000 gen=0 | p1 run=8 q=0 prealloc=0 xfer=0 http=139 kv=0.109 hit=0.000 gen=0 | d0 run=0 q=0 prealloc=0 xfer=0 http=1 kv=0.000 hit=0.000 gen=0
00:50:39 p0 run=9 q=10 prealloc=0 xfer=0 http=146 kv=0.076 hit=0.000 gen=0 | p1 run=8 q=0 prealloc=0 xfer=0 http=139 kv=0.109 hit=0.000 gen=0 | d0 run=0 q=0 prealloc=0 xfer=0 http=1 kv=0.000 hit=0.000 gen=0
00:50:52 p0 run=9 q=10 prealloc=0 xfer=0 http=146 kv=0.076 hit=0.000 gen=0 | p1 run=8 q=0 prealloc=0 xfer=0 http=139 kv=0.109 hit=0.000 gen=0 | d0 run=0 q=0 prealloc=0 xfer=0 http=1 kv=0.000 hit=0.000 gen=0
00:50:52 p0 run=9 q=10 prealloc=0 xfer=0 http=146 kv=0.076 hit=0.000 gen=0 | p1 run=8 q=0 prealloc=0 xfer=0 http=139 kv=0.109 hit=0.000 gen=0 | d0 run=0 q=0 prealloc=0 xfer=0 http=1 kv=0.000 hit=0.000 gen=0
00:50:54 p0 run=9 q=10 prealloc=0 xfer=0 http=146 kv=0.076 hit=0.000 gen=0 | p1 run=8 q=0 prealloc=0 xfer=0 http=139 kv=0.109 hit=0.000 gen=0 | d0 run=0 q=0 prealloc=0 xfer=0 http=1 kv=0.000 hit=0.000 gen=0
00:50:54 p0 run=9 q=10 prealloc=0 xfer=0 http=146 kv=0.076 hit=0.000 gen=0 | p1 run=8 q=0 prealloc=0 xfer=0 http=139 kv=0.109 hit=0.000 gen=0 | d0 run=0 q=0 prealloc=0 xfer=0 http=1 kv=0.000 hit=0.000 gen=0
00:51:07 p0 run=9 q=10 prealloc=0 xfer=0 http=146 kv=0.076 hit=0.000 gen=0 | p1 run=8 q=0 prealloc=0 xfer=0 http=139 kv=0.109 hit=0.000 gen=0 | d0 run=0 q=0 prealloc=0 xfer=0 http=1 kv=0.000 hit=0.000 gen=0
00:51:07 p0 run=9 q=10 prealloc=0 xfer=0 http=146 kv=0.076 hit=0.000 gen=0 | p1 run=8 q=0 prealloc=0 xfer=0 http=139 kv=0.109 hit=0.000 gen=0 | d0 run=0 q=0 prealloc=0 xfer=0 http=1 kv=0.000 hit=0.000 gen=0
00:51:09 p0 run=9 q=10 prealloc=0 xfer=0 http=146 kv=0.076 hit=0.000 gen=0 | p1 run=8 q=0 prealloc=0 xfer=0 http=139 kv=0.109 hit=0.000 gen=0 | d0 run=0 q=0 prealloc=0 xfer=0 http=1 kv=0.000 hit=0.000 gen=0
00:51:09 p0 run=9 q=10 prealloc=0 xfer=0 http=146 kv=0.076 hit=0.000 gen=0 | p1 run=8 q=0 prealloc=0 xfer=0 http=139 kv=0.109 hit=0.000 gen=0 | d0 run=0 q=0 prealloc=0 xfer=0 http=1 kv=0.000 hit=0.000 gen=0
00:51:23 p0 run=9 q=10 prealloc=0 xfer=0 http=146 kv=0.076 hit=0.000 gen=0 | p1 run=8 q=0 prealloc=0 xfer=0 http=139 kv=0.109 hit=0.000 gen=0 | d0 run=0 q=0 prealloc=0 xfer=0 http=1 kv=0.000 hit=0.000 gen=0
00:51:23 p0 run=9 q=10 prealloc=0 xfer=0 http=146 kv=0.076 hit=0.000 gen=0 | p1 run=8 q=0 prealloc=0 xfer=0 http=139 kv=0.109 hit=0.000 gen=0 | d0 run=0 q=0 prealloc=0 xfer=0 http=1 kv=0.000 hit=0.000 gen=0
00:51:24 p0 run=9 q=10 prealloc=0 xfer=0 http=146 kv=0.076 hit=0.000 gen=0 | p1 run=8 q=0 prealloc=0 xfer=0 http=139 kv=0.109 hit=0.000 gen=0 | d0 run=0 q=0 prealloc=0 xfer=0 http=1 kv=0.000 hit=0.000 gen=0
00:51:24 p0 run=9 q=10 prealloc=0 xfer=0 http=146 kv=0.076 hit=0.000 gen=0 | p1 run=8 q=0 prealloc=0 xfer=0 http=139 kv=0.109 hit=0.000 gen=0 | d0 run=0 q=0 prealloc=0 xfer=0 http=1 kv=0.000 hit=0.000 gen=0
00:51:38 p0 run=9 q=10 prealloc=0 xfer=0 http=146 kv=0.076 hit=0.000 gen=0 | p1 run=8 q=0 prealloc=0 xfer=0 http=139 kv=0.109 hit=0.000 gen=0 | d0 run=0 q=0 prealloc=0 xfer=0 http=1 kv=0.000 hit=0.000 gen=0
00:51:38 p0 run=9 q=10 prealloc=0 xfer=0 http=146 kv=0.076 hit=0.000 gen=0 | p1 run=8 q=0 prealloc=0 xfer=0 http=139 kv=0.109 hit=0.000 gen=0 | d0 run=0 q=0 prealloc=0 xfer=0 http=1 kv=0.000 hit=0.000 gen=0
00:51:39 p0 run=9 q=10 prealloc=0 xfer=0 http=146 kv=0.076 hit=0.000 gen=0 | p1 run=8 q=0 prealloc=0 xfer=0 http=139 kv=0.109 hit=0.000 gen=0 | d0 run=0 q=0 prealloc=0 xfer=0 http=1 kv=0.000 hit=0.000 gen=0
00:51:40 p0 run=9 q=10 prealloc=0 xfer=0 http=146 kv=0.076 hit=0.000 gen=0 | p1 run=8 q=0 prealloc=0 xfer=0 http=139 kv=0.109 hit=0.000 gen=0 | d0 run=0 q=0 prealloc=0 xfer=0 http=1 kv=0.000 hit=0.000 gen=0
00:51:54 p0 run=9 q=10 prealloc=0 xfer=0 http=146 kv=0.076 hit=0.000 gen=0 | p1 run=8 q=0 prealloc=0 xfer=0 http=139 kv=0.109 hit=0.000 gen=0 | d0 run=0 q=0 prealloc=0 xfer=0 http=1 kv=0.000 hit=0.000 gen=0
00:51:54 p0 run=9 q=10 prealloc=0 xfer=0 http=146 kv=0.076 hit=0.000 gen=0 | p1 run=8 q=0 prealloc=0 xfer=0 http=139 kv=0.109 hit=0.000 gen=0 | d0 run=0 q=0 prealloc=0 xfer=0 http=1 kv=0.000 hit=0.000 gen=0
00:51:54 p0 run=9 q=10 prealloc=0 xfer=0 http=146 kv=0.076 hit=0.000 gen=0 | p1 run=8 q=0 prealloc=0 xfer=0 http=139 kv=0.109 hit=0.000 gen=0 | d0 run=0 q=0 prealloc=0 xfer=0 http=1 kv=0.000 hit=0.000 gen=0
00:51:55 p0 run=9 q=10 prealloc=0 xfer=0 http=146 kv=0.076 hit=0.000 gen=0 | p1 run=8 q=0 prealloc=0 xfer=0 http=139 kv=0.109 hit=0.000 gen=0 | d0 run=0 q=0 prealloc=0 xfer=0 http=1 kv=0.000 hit=0.000 gen=0
00:52:09 p0 run=9 q=10 prealloc=0 xfer=0 http=146 kv=0.076 hit=0.000 gen=0 | p1 run=8 q=0 prealloc=0 xfer=0 http=139 kv=0.109 hit=0.000 gen=0 | d0 run=0 q=0 prealloc=0 xfer=0 http=1 kv=0.000 hit=0.000 gen=0
00:52:09 p0 run=9 q=10 prealloc=0 xfer=0 http=146 kv=0.076 hit=0.000 gen=0 | p1 run=8 q=0 prealloc=0 xfer=0 http=139 kv=0.109 hit=0.000 gen=0 | d0 run=0 q=0 prealloc=0 xfer=0 http=1 kv=0.000 hit=0.000 gen=0
00:52:10 p0 run=9 q=10 prealloc=0 xfer=0 http=146 kv=0.076 hit=0.000 gen=0 | p1 run=8 q=0 prealloc=0 xfer=0 http=139 kv=0.109 hit=0.000 gen=0 | d0 run=0 q=0 prealloc=0 xfer=0 http=1 kv=0.000 hit=0.000 gen=0
00:52:10 p0 run=9 q=10 prealloc=0 xfer=0 http=146 kv=0.076 hit=0.000 gen=0 | p1 run=8 q=0 prealloc=0 xfer=0 http=139 kv=0.109 hit=0.000 gen=0 | d0 run=0 q=0 prealloc=0 xfer=0 http=1 kv=0.000 hit=0.000 gen=0
00:52:24 p0 run=9 q=10 prealloc=0 xfer=0 http=146 kv=0.076 hit=0.000 gen=0 | p1 run=8 q=0 prealloc=0 xfer=0 http=139 kv=0.109 hit=0.000 gen=0 | d0 run=0 q=0 prealloc=0 xfer=0 http=1 kv=0.000 hit=0.000 gen=0
00:52:24 p0 run=9 q=10 prealloc=0 xfer=0 http=146 kv=0.076 hit=0.000 gen=0 | p1 run=8 q=0 prealloc=0 xfer=0 http=139 kv=0.109 hit=0.000 gen=0 | d0 run=0 q=0 prealloc=0 xfer=0 http=1 kv=0.000 hit=0.000 gen=0
00:52:25 p0 run=9 q=10 prealloc=0 xfer=0 http=146 kv=0.076 hit=0.000 gen=0 | p1 run=8 q=0 prealloc=0 xfer=0 http=139 kv=0.109 hit=0.000 gen=0 | d0 run=0 q=0 prealloc=0 xfer=0 http=1 kv=0.000 hit=0.000 gen=0
00:52:25 p0 run=9 q=10 prealloc=0 xfer=0 http=146 kv=0.076 hit=0.000 gen=0 | p1 run=8 q=0 prealloc=0 xfer=0 http=139 kv=0.109 hit=0.000 gen=0 | d0 run=0 q=0 prealloc=0 xfer=0 http=1 kv=0.000 hit=0.000 gen=0
00:52:40 p0 run=9 q=10 prealloc=0 xfer=0 http=146 kv=0.076 hit=0.000 gen=0 | p1 run=8 q=0 prealloc=0 xfer=0 http=139 kv=0.109 hit=0.000 gen=0 | d0 run=0 q=0 prealloc=0 xfer=0 http=1 kv=0.000 hit=0.000 gen=0
00:52:40 p0 run=9 q=10 prealloc=0 xfer=0 http=146 kv=0.076 hit=0.000 gen=0 | p1 run=8 q=0 prealloc=0 xfer=0 http=139 kv=0.109 hit=0.000 gen=0 | d0 run=0 q=0 prealloc=0 xfer=0 http=1 kv=0.000 hit=0.000 gen=0
00:52:40 p0 run=9 q=10 prealloc=0 xfer=0 http=146 kv=0.076 hit=0.000 gen=0 | p1 run=8 q=0 prealloc=0 xfer=0 http=139 kv=0.109 hit=0.000 gen=0 | d0 run=0 q=0 prealloc=0 xfer=0 http=1 kv=0.000 hit=0.000 gen=0
00:52:40 p0 run=9 q=10 prealloc=0 xfer=0 http=146 kv=0.076 hit=0.000 gen=0 | p1 run=8 q=0 prealloc=0 xfer=0 http=139 kv=0.109 hit=0.000 gen=0 | d0 run=0 q=0 prealloc=0 xfer=0 http=1 kv=0.000 hit=0.000 gen=0
00:52:55 p0 run=9 q=10 prealloc=0 xfer=0 http=146 kv=0.076 hit=0.000 gen=0 | p1 run=8 q=0 prealloc=0 xfer=0 http=139 kv=0.109 hit=0.000 gen=0 | d0 run=0 q=0 prealloc=0 xfer=0 http=1 kv=0.000 hit=0.000 gen=0
00:52:55 p0 run=9 q=10 prealloc=0 xfer=0 http=146 kv=0.076 hit=0.000 gen=0 | p1 run=8 q=0 prealloc=0 xfer=0 http=139 kv=0.109 hit=0.000 gen=0 | d0 run=0 q=0 prealloc=0 xfer=0 http=1 kv=0.000 hit=0.000 gen=0
00:52:55 p0 run=9 q=10 prealloc=0 xfer=0 http=146 kv=0.076 hit=0.000 gen=0 | p1 run=8 q=0 prealloc=0 xfer=0 http=139 kv=0.109 hit=0.000 gen=0 | d0 run=0 q=0 prealloc=0 xfer=0 http=1 kv=0.000 hit=0.000 gen=0
00:52:56 p0 run=9 q=10 prealloc=0 xfer=0 http=146 kv=0.076 hit=0.000 gen=0 | p1 run=8 q=0 prealloc=0 xfer=0 http=139 kv=0.109 hit=0.000 gen=0 | d0 run=0 q=0 prealloc=0 xfer=0 http=1 kv=0.000 hit=0.000 gen=0
00:53:11 p0 run=9 q=10 prealloc=0 xfer=0 http=146 kv=0.076 hit=0.000 gen=0 | p1 run=8 q=0 prealloc=0 xfer=0 http=139 kv=0.109 hit=0.000 gen=0 | d0 run=0 q=0 prealloc=0 xfer=0 http=1 kv=0.000 hit=0.000 gen=0
00:53:11 p0 run=9 q=10 prealloc=0 xfer=0 http=146 kv=0.076 hit=0.000 gen=0 | p1 run=8 q=0 prealloc=0 xfer=0 http=139 kv=0.109 hit=0.000 gen=0 | d0 run=0 q=0 prealloc=0 xfer=0 http=1 kv=0.000 hit=0.000 gen=0
00:53:11 p0 run=9 q=10 prealloc=0 xfer=0 http=146 kv=0.076 hit=0.000 gen=0 | p1 run=8 q=0 prealloc=0 xfer=0 http=139 kv=0.109 hit=0.000 gen=0 | d0 run=0 q=0 prealloc=0 xfer=0 http=1 kv=0.000 hit=0.000 gen=0
00:53:11 p0 run=9 q=10 prealloc=0 xfer=0 http=146 kv=0.076 hit=0.000 gen=0 | p1 run=8 q=0 prealloc=0 xfer=0 http=139 kv=0.109 hit=0.000 gen=0 | d0 run=0 q=0 prealloc=0 xfer=0 http=1 kv=0.000 hit=0.000 gen=0
00:53:26 p0 run=9 q=10 prealloc=0 xfer=0 http=146 kv=0.076 hit=0.000 gen=0 | p1 run=8 q=0 prealloc=0 xfer=0 http=139 kv=0.109 hit=0.000 gen=0 | d0 run=0 q=0 prealloc=0 xfer=0 http=1 kv=0.000 hit=0.000 gen=0
00:53:26 p0 run=9 q=10 prealloc=0 xfer=0 http=146 kv=0.076 hit=0.000 gen=0 | p1 run=8 q=0 prealloc=0 xfer=0 http=139 kv=0.109 hit=0.000 gen=0 | d0 run=0 q=0 prealloc=0 xfer=0 http=1 kv=0.000 hit=0.000 gen=0
00:53:26 p0 run=9 q=10 prealloc=0 xfer=0 http=146 kv=0.076 hit=0.000 gen=0 | p1 run=8 q=0 prealloc=0 xfer=0 http=139 kv=0.109 hit=0.000 gen=0 | d0 run=0 q=0 prealloc=0 xfer=0 http=1 kv=0.000 hit=0.000 gen=0
00:53:26 p0 run=9 q=10 prealloc=0 xfer=0 http=146 kv=0.076 hit=0.000 gen=0 | p1 run=8 q=0 prealloc=0 xfer=0 http=139 kv=0.109 hit=0.000 gen=0 | d0 run=0 q=0 prealloc=0 xfer=0 http=1 kv=0.000 hit=0.000 gen=0
00:53:41 p0 run=9 q=10 prealloc=0 xfer=0 http=146 kv=0.076 hit=0.000 gen=0 | p1 run=8 q=0 prealloc=0 xfer=0 http=139 kv=0.109 hit=0.000 gen=0 | d0 run=0 q=0 prealloc=0 xfer=0 http=1 kv=0.000 hit=0.000 gen=0
00:53:42 p0 run=9 q=10 prealloc=0 xfer=0 http=146 kv=0.076 hit=0.000 gen=0 | p1 run=8 q=0 prealloc=0 xfer=0 http=139 kv=0.109 hit=0.000 gen=0 | d0 run=0 q=0 prealloc=0 xfer=0 http=1 kv=0.000 hit=0.000 gen=0
00:53:42 p0 run=9 q=10 prealloc=0 xfer=0 http=146 kv=0.076 hit=0.000 gen=0 | p1 run=8 q=0 prealloc=0 xfer=0 http=139 kv=0.109 hit=0.000 gen=0 | d0 run=0 q=0 prealloc=0 xfer=0 http=1 kv=0.000 hit=0.000 gen=0
00:53:42 p0 run=9 q=10 prealloc=0 xfer=0 http=146 kv=0.076 hit=0.000 gen=0 | p1 run=8 q=0 prealloc=0 xfer=0 http=139 kv=0.109 hit=0.000 gen=0 | d0 run=0 q=0 prealloc=0 xfer=0 http=1 kv=0.000 hit=0.000 gen=0
00:53:57 p0 run=9 q=10 prealloc=0 xfer=0 http=146 kv=0.076 hit=0.000 gen=0 | p1 run=8 q=0 prealloc=0 xfer=0 http=139 kv=0.109 hit=0.000 gen=0 | d0 run=0 q=0 prealloc=0 xfer=0 http=1 kv=0.000 hit=0.000 gen=0
00:53:57 p0 run=9 q=10 prealloc=0 xfer=0 http=146 kv=0.076 hit=0.000 gen=0 | p1 run=8 q=0 prealloc=0 xfer=0 http=139 kv=0.109 hit=0.000 gen=0 | d0 run=0 q=0 prealloc=0 xfer=0 http=1 kv=0.000 hit=0.000 gen=0
00:53:57 p0 run=9 q=10 prealloc=0 xfer=0 http=146 kv=0.076 hit=0.000 gen=0 | p1 run=8 q=0 prealloc=0 xfer=0 http=139 kv=0.109 hit=0.000 gen=0 | d0 run=0 q=0 prealloc=0 xfer=0 http=1 kv=0.000 hit=0.000 gen=0
00:53:57 p0 run=9 q=10 prealloc=0 xfer=0 http=146 kv=0.076 hit=0.000 gen=0 | p1 run=8 q=0 prealloc=0 xfer=0 http=139 kv=0.109 hit=0.000 gen=0 | d0 run=0 q=0 prealloc=0 xfer=0 http=1 kv=0.000 hit=0.000 gen=0
00:54:12 p0 run=9 q=10 prealloc=0 xfer=0 http=146 kv=0.076 hit=0.000 gen=0 | p1 run=8 q=0 prealloc=0 xfer=0 http=139 kv=0.109 hit=0.000 gen=0 | d0 run=0 q=0 prealloc=0 xfer=0 http=1 kv=0.000 hit=0.000 gen=0
00:54:12 p0 run=9 q=10 prealloc=0 xfer=0 http=146 kv=0.076 hit=0.000 gen=0 | p1 run=8 q=0 prealloc=0 xfer=0 http=139 kv=0.109 hit=0.000 gen=0 | d0 run=0 q=0 prealloc=0 xfer=0 http=1 kv=0.000 hit=0.000 gen=0
00:54:12 p0 run=9 q=10 prealloc=0 xfer=0 http=146 kv=0.076 hit=0.000 gen=0 | p1 run=8 q=0 prealloc=0 xfer=0 http=139 kv=0.109 hit=0.000 gen=0 | d0 run=0 q=0 prealloc=0 xfer=0 http=1 kv=0.000 hit=0.000 gen=0
00:54:12 p0 run=9 q=10 prealloc=0 xfer=0 http=146 kv=0.076 hit=0.000 gen=0 | p1 run=8 q=0 prealloc=0 xfer=0 http=139 kv=0.109 hit=0.000 gen=0 | d0 run=0 q=0 prealloc=0 xfer=0 http=1 kv=0.000 hit=0.000 gen=0
00:54:27 p0 run=9 q=10 prealloc=0 xfer=0 http=146 kv=0.076 hit=0.000 gen=0 | p1 run=8 q=0 prealloc=0 xfer=0 http=139 kv=0.109 hit=0.000 gen=0 | d0 run=0 q=0 prealloc=0 xfer=0 http=1 kv=0.000 hit=0.000 gen=0
00:54:27 p0 run=9 q=10 prealloc=0 xfer=0 http=146 kv=0.076 hit=0.000 gen=0 | p1 run=8 q=0 prealloc=0 xfer=0 http=139 kv=0.109 hit=0.000 gen=0 | d0 run=0 q=0 prealloc=0 xfer=0 http=1 kv=0.000 hit=0.000 gen=0
00:54:28 p0 run=9 q=10 prealloc=0 xfer=0 http=146 kv=0.076 hit=0.000 gen=0 | p1 run=8 q=0 prealloc=0 xfer=0 http=139 kv=0.109 hit=0.000 gen=0 | d0 run=0 q=0 prealloc=0 xfer=0 http=1 kv=0.000 hit=0.000 gen=0
00:54:28 p0 run=9 q=10 prealloc=0 xfer=0 http=146 kv=0.076 hit=0.000 gen=0 | p1 run=8 q=0 prealloc=0 xfer=0 http=139 kv=0.109 hit=0.000 gen=0 | d0 run=0 q=0 prealloc=0 xfer=0 http=1 kv=0.000 hit=0.000 gen=0
00:54:43 p0 run=9 q=10 prealloc=0 xfer=0 http=146 kv=0.076 hit=0.000 gen=0 | p1 run=8 q=0 prealloc=0 xfer=0 http=139 kv=0.109 hit=0.000 gen=0 | d0 run=0 q=0 prealloc=0 xfer=0 http=1 kv=0.000 hit=0.000 gen=0
00:54:43 p0 run=9 q=10 prealloc=0 xfer=0 http=146 kv=0.076 hit=0.000 gen=0 | p1 run=8 q=0 prealloc=0 xfer=0 http=139 kv=0.109 hit=0.000 gen=0 | d0 run=0 q=0 prealloc=0 xfer=0 http=1 kv=0.000 hit=0.000 gen=0
00:54:43 p0 run=9 q=10 prealloc=0 xfer=0 http=146 kv=0.076 hit=0.000 gen=0 | p1 run=8 q=0 prealloc=0 xfer=0 http=139 kv=0.109 hit=0.000 gen=0 | d0 run=0 q=0 prealloc=0 xfer=0 http=1 kv=0.000 hit=0.000 gen=0
00:54:43 p0 run=9 q=10 prealloc=0 xfer=0 http=146 kv=0.076 hit=0.000 gen=0 | p1 run=8 q=0 prealloc=0 xfer=0 http=139 kv=0.109 hit=0.000 gen=0 | d0 run=0 q=0 prealloc=0 xfer=0 http=1 kv=0.000 hit=0.000 gen=0
00:54:58 p0 run=9 q=10 prealloc=0 xfer=0 http=108 kv=0.076 hit=0.000 gen=0 | p1 run=8 q=0 prealloc=0 xfer=0 http=100 kv=0.109 hit=0.000 gen=0 | d0 run=0 q=0 prealloc=0 xfer=0 http=1 kv=0.000 hit=0.000 gen=0
00:54:58 p0 run=9 q=10 prealloc=0 xfer=0 http=108 kv=0.076 hit=0.000 gen=0 | p1 run=8 q=0 prealloc=0 xfer=0 http=17 kv=0.109 hit=0.000 gen=0 | d0 run=0 q=0 prealloc=0 xfer=0 http=1 kv=0.000 hit=0.000 gen=0
00:54:58 p0 run=9 q=10 prealloc=0 xfer=0 http=108 kv=0.076 hit=0.000 gen=0 | p1 run=8 q=0 prealloc=0 xfer=0 http=17 kv=0.109 hit=0.000 gen=0 | d0 run=0 q=0 prealloc=0 xfer=0 http=1 kv=0.000 hit=0.000 gen=0
