rid,binding_session,root_session,conversation,turn,source_kind,p_rank,input_tokens,gpu_hit,host_hit,storage_hit,total_hit,miss,p_queue_ms,p_bootstrap_ms,forward_envelope_ms,transfer_tail_ms,ttft_ms,previous_rid,previous_p_rank,previous_input_tokens,append_only_prior_input_proxy,exact_theoretical_prefix,counterfactual_best_rank
146f9bd1-41e0-469b-9405-ccc94220aa75,c3452f30-038f-4a96-8e73-4df50cb038de,ebd778cb-c17c-4939-a2dc-d0091acd2fcc,0470d446a4514dfe0c6ad0be92853bd13287::fa:009,143,weka_flat,3,78636,77376,0,0,77376,1260,166151.45145298447,0.24645798839628696,3119.1456550732255,166.49421490728855,170293.302431,af951af9-7428-4ba1-b7b9-3080ca5a49d9,3,77416,77416,,
0c3f48d0-7f95-4d68-8b70-8f430d4bcfdc,3025707b-b8a6-48ea-833a-af55c71cf415,3025707b-b8a6-48ea-833a-af55c71cf415,212e46e294bd09113e425ebc8a430cc528a6,70,weka_main,3,204705,204672,0,0,204672,33,161224.3689779425,0.1830479595810175,3123.7669810652733,1209.4216089462861,165511.89610699998,4ae151f8-b255-4183-8193-e923580d7fc6,3,205089,204705,,
2386fc46-87c2-4d77-9e28-f24f9cedbb08,012ac7eb-b6e0-43ac-8b9e-17666f4c8387,012ac7eb-b6e0-43ac-8b9e-17666f4c8387,27de9ca964aa7905c2f5438db8bdd72d8b02,362,weka_main,3,283265,281024,0,0,281024,2241,155283.86812994722,0.18337799701839685,3270.6007950473577,1200.3053450025618,159551.206785,b0a0e2dd-a873-443f-9870-093dfd4568dc,3,281087,281087,,
f44b590a-5e98-4507-8235-9f883486b8a3,5e0dcc09-4511-4206-949d-e4d5c46b1bd8,5e0dcc09-4511-4206-949d-e4d5c46b1bd8,457a7bf22f9e6961870d5b356ab2bd780fff,17,weka_main,6,98082,97600,0,0,97600,482,147477.48543997295,0.1628870377317071,3143.1233549956232,921.2098870193586,154892.170452,4fd92313-06db-4e88-ba65-928504eac608,6,97633,97633,,
efbc4cbb-a118-4734-8ad1-1253563ed3b3,776089ac-fb24-4c74-8ef3-9e44d7570cc8,e81e3cff-6940-40b0-963e-7b2dd49a6311,57f2a77e2d331c0bd73b6fcf3157d48b4190::sa:subagent_002_e8ed2206,7,weka_subagent,6,40734,38528,0,0,38528,2206,146360.3915789863,0.17427699640393257,3145.817970042117,920.1263920404017,154034.354265,3da7c462-a4ed-47a6-a39c-9830907624d2,6,38554,38554,,
c29e56ca-694d-43d8-89ba-190c0317a192,345aec01-94ca-49ca-8872-5562126d7f1e,345aec01-94ca-49ca-8872-5562126d7f1e,4dcd9742e24aa2939887e7b24aaa58e4215a,33,weka_main,6,115065,114432,0,0,114432,633,145459.5307459822,0.16540801152586937,4033.0974030075595,944.0521169453859,153493.794668,770b412d-099d-4720-8f04-b4e09b973c79,6,114487,114487,,
056edf96-32a1-42a7-bdfb-66bd66e6a436,ac071ab6-73ac-4c5d-86a4-b0028f918cfd,ff7d7f01-3776-40b8-86dd-ba3f2042f260,55a0906aeb5c8d3b40e7ddc4c61999d1eac4::sa:subagent_001_b95bb730,2,weka_subagent,6,35341,28544,0,0,28544,6797,145344.9388409499,0.2038170350715518,3207.365822046995,984.8019520286471,151205.831093,2ac1c96a-fa3e-4de0-915b-c353adf43a2a,6,28552,28552,,
a88c7c63-803e-4c5c-8837-8b4b7890512e,5a706cf2-9bd2-473f-9a76-3dedacd1dd76,e81e3cff-6940-40b0-963e-7b2dd49a6311,57f2a77e2d331c0bd73b6fcf3157d48b4190::sa:subagent_003_05e87bc1,3,weka_subagent,6,30739,29760,0,0,29760,979,145222.08108589984,0.24165504146367311,1870.6141840666533,1510.4682060191408,148377.911494,060fac54-616a-4ae5-9612-f4c001a331a1,6,29775,29775,,
73ece0ec-bd4b-43b3-81ae-53ae8e5f3879,8682983c-b8f6-4fe5-9ff8-893e95239d01,8682983c-b8f6-4fe5-9ff8-893e95239d01,5b6e131844fbcb4a57f8cf516831dc679004,2,weka_main,6,65262,62400,0,0,62400,2862,144295.20045302343,0.4016729071736336,2794.9835599865764,1511.2273059785366,148686.17252599998,1b8a2fb2-0b63-40d3-958b-f9413ae33db0,6,62443,62443,,
097d3c27-0c7f-4b43-b9e5-d367e27de309,ae544187-4c7d-4d38-8e35-a18861922b45,ae544187-4c7d-4d38-8e35-a18861922b45,4b88101f5ed7507b73138a73dfbf55f972de,15,weka_main,4,194008,191104,0,0,191104,2904,143505.38515194785,0.24265702813863754,3802.7461080346256,995.0470599578694,150479.646767,89f2ad52-310b-4354-9c6b-53e3021bd396,4,191127,191127,,
50a63590-c345-45da-b9f1-2b8a87c3569f,b1d657e4-b26f-4926-8deb-897b377827db,9ba9777c-1252-4d0b-8c70-ecae4c9941f9,15ab8fdb8831965bb01e45ac51829cb4e3e3::fa:000,36,weka_flat,4,268277,267328,0,0,267328,949,140935.5049500009,0.17731799744069576,2448.9257889799774,1074.4206209201366,144688.833201,bce39ed9-1f4e-4c03-a313-11f1aae04e3b,4,267377,267377,,
a1082720-7eef-4c76-8363-911a2439f12c,c98a45c6-59fc-44da-8770-30e81ce3feef,2e65449c-7ec8-4f83-87b6-7f3227b9f1e2,439e5f9ed3159bd826529d8ae5bd1536903f::sa:subagent_047_a519d1da,2,weka_subagent,4,28494,27904,0,0,27904,590,139941.48574501742,0.5135419778525829,2455.8982349699363,1073.257197975181,143923.42650899998,296505b5-bf6c-44b6-8820-5d29966b4b2d,4,27916,27916,,
6b542392-bb2a-4b98-81f2-f7579afcc4fc,bfd62a78-fe12-481f-82ac-61cdb4243f5a,bfd62a78-fe12-481f-82ac-61cdb4243f5a,4b5b64c7c1aa215a5177db1a78083cccce9d,27,weka_main,4,137772,135680,0,0,135680,2092,139941.46028498653,0.1721479929983616,3423.600165056996,1158.3150330698118,144344.056296,de9ed8b2-5615-403f-b615-eec208404633,4,135722,135722,,
ed01ed77-621e-4971-b3b6-c76d9bc35589,3598bfce-7865-465d-8566-a5d9d7cf4920,3598bfce-7865-465d-8566-a5d9d7cf4920,421c59c8640de974ad4d7644b9ea88738998,43,weka_main,4,121164,118208,0,0,118208,2956,132616.09775200486,0.16436702571809292,2104.640353936702,1151.928188977763,135832.18090799998,f76b6e74-03b7-4d0a-a66a-c270cca8e0a3,4,118217,118217,,
440e701d-7b0f-41c3-8258-3cda5f3148f8,d4d5960c-b692-42e0-8b01-7bc74caf3f2a,4d6941d9-b780-40c6-9ca7-989d5b4d670f,4f982e145c75a42e31f669f1b91a4617ee50::fa:000,3,weka_flat,6,92589,89984,0,0,89984,2605,130418.7199199805,1228.497948963195,3375.077309086919,1258.3012989489362,136227.10223,358aa193-eb2b-4888-8b07-f71857d3c44a,6,90027,90027,,
0486410e-a00d-4a36-8a40-729e8798cf0b,11efdd64-af7d-4789-9c76-1e25cdb335d8,11efdd64-af7d-4789-9c76-1e25cdb335d8,524727c36b5459a9c58418e4db0ce22c2661,11,weka_main,4,231022,225536,0,0,225536,5486,124207.00061600655,0.16104697715491056,5574.537259992212,657.2737360838801,130848.42534399999,fb5492f2-3c80-485a-bfd1-5a56e01020ed,4,225581,225581,,
15e68dce-1956-468c-b7ea-0baaa98c6340,a29a22b1-6471-48e5-8580-1cf7e211049c,a29a22b1-6471-48e5-8580-1cf7e211049c,528995cdde1ebf15ccf0b79aec42dba31ce2,5,weka_main,6,25558,23552,0,0,23552,2006,112810.57779095136,0.21366705186665058,2466.1241800058633,1257.4692090274766,116865.645806,ea8869b1-9d3e-4e6f-848b-ec974117bf97,6,23571,23571,,
e25e2e8a-ee93-473f-9e15-79460e420fb2,0b50deea-e5a8-4fd8-bf40-51a1e06fabb2,0b50deea-e5a8-4fd8-bf40-51a1e06fabb2,5bb55882afb8a5ef18dea87812024f0cf441,4,weka_main,3,64320,52288,0,0,52288,12032,101358.1167079974,0.20298792514950037,6607.612124993466,924.7934949817136,110005.92412099999,4af931e3-4bd0-4922-b894-5be7116bb9e4,3,52295,52295,,
88568ccb-8ba6-4022-9dac-4c430e1b988b,c7ec6ecd-aea8-43c5-b2b9-24aaa2df594d,c7ec6ecd-aea8-43c5-b2b9-24aaa2df594d,03e110ac6921c2fe9ac7772a9654314a2beb,39,weka_main,6,315649,314176,0,0,314176,1473,94036.3981879782,0.35045400727540255,3643.35583394859,883.15596699249,99824.916698,2bbcced0-aa23-4607-8496-fda0a62991ca,6,314238,314238,,
188e90ba-33d1-48f4-af00-b97cb553da99,cef83516-90e7-43b1-950e-c53f6541fbd0,cef83516-90e7-43b1-950e-c53f6541fbd0,30aa41167f1a7700bef4c286e83a9f517abb,62,weka_main,6,204016,202048,0,0,202048,1968,89782.80807600822,1360.2268360555172,2672.4946389440447,879.0415910771117,95540.063281,3668250c-171a-4c47-999f-b7985f75ff26,6,202093,202093,,
bb845ecd-b834-43f1-b763-0a43789ba91b,fd8e90ea-f01b-4b5f-9aa7-5bde33771cca,fd8e90ea-f01b-4b5f-9aa7-5bde33771cca,0196085d85d2075a50b74cd8795ffbdcea9a,104,weka_main,6,494049,491200,0,0,491200,2849,89782.7714770101,0.2367260167375207,3522.4644120316952,852.7303670998663,96403.084901,a4ddd497-2b19-413c-b1f1-2ce233b7a0db,6,491229,491229,,
81ad8df7-b0b0-4603-b4e4-7506314fd552,6e0d9099-e263-4ac6-9a31-b62da26d0e22,9b899d40-18e7-4b98-a358-b84033b17ee0,208d6e28928b0b3d3b33db3c690173d15be3::fa:000,88,weka_flat,4,755543,172480,582080,0,754560,983,88432.81347502489,0.18300802912563086,3310.3745619300753,2024.8079880839214,96083.764222,6dad80a7-0e0a-4284-a962-02cde67d406b,4,754580,754580,,
bf84b4b3-6f7f-425a-bfee-136d3aac07a6,f4b5dd3f-f6e6-40cd-8324-0b07c9e5a0d1,2e65449c-7ec8-4f83-87b6-7f3227b9f1e2,439e5f9ed3159bd826529d8ae5bd1536903f::sa:subagent_040_759095c6,4,weka_subagent,2,29532,29184,0,0,29184,348,78594.31039495394,0.27675600722432137,2375.914082978852,1723.524822969921,82068.47901,41fddd4e-8936-4f28-afbc-ba458daec8e6,2,29209,29209,,
e9095ddd-7c08-4dd5-bb17-c852a4a091a8,e51d0d07-9aed-4f6a-99e7-6733acd466b8,e51d0d07-9aed-4f6a-99e7-6733acd466b8,37c8d244d81e01d3b70c9f7fe619d9392a24,32,weka_main,3,129011,128384,0,0,128384,627,78174.65605400503,0.22044708020985126,2887.2217449825257,993.3553959708661,82993.010799,05f85a83-a71d-4fcf-86df-da5d4227fd12,3,128430,128430,,
516092e0-d846-4f41-81cd-75b4dd6cccf6,f8731a13-ac57-44ff-bc90-eda84dc70920,142de3cd-f318-458b-87e5-63d6e9889266,1fc68c514c7fb89dbc498ae9da77d5476cec::fa:007,36,weka_flat,2,521206,518400,0,0,518400,2806,75297.2133490257,0.17666700296103954,4049.983234028332,1004.4560059905052,81490.80522499999,c62c18bf-0a56-469a-a64c-3b3a981b4c7f,2,518451,518451,,
a623941d-a684-4bd5-ae07-76b3173b3877,d3160066-1f97-42a3-bc77-a28f3937fb33,0945436b-3533-4d67-bb04-b328772d1ba1,13b532ee3aaa0a52b05c3bcc472355ab62b4::fa:000,53,weka_flat,2,356879,355968,0,0,355968,911,74753.36979993153,0.1982670510187745,3006.1323230620474,991.4777500089258,79513.769522,f8acca50-1db9-4602-8306-d465ca183cff,2,355979,355979,,
843c566d-5161-4def-9663-c3ca1dc42ca8,f973314b-1d05-4465-bfa9-037665ac5d5a,728d4cad-1ccd-421c-943b-61f95cee7015,3b1ee678c29a1a23e4a74d67354731cc27f3::fa:000,1,weka_flat,2,204155,200576,0,0,200576,3579,74477.14209696278,0.2711759880185127,3019.0865990007296,975.1869670581073,79951.33720899999,677735ed-d167-4ade-ac3a-889f9f7819ed,2,200629,200629,,
980eba28-6f7a-4b54-9875-a903a1fe9487,9068db88-d584-48f0-b16e-9de9da50143b,9068db88-d584-48f0-b16e-9de9da50143b,515e43cbf9a646bb3e6489bd78f1bf1b361a,14,weka_main,2,149491,145600,0,0,145600,3891,73703.76485504676,0.1438879407942295,3010.887912940234,1004.8091830685735,77290.406408,a383f058-87b7-4058-82db-2152a80de03b,2,145650,145650,,
d489b5f0-ae93-4e62-aa8f-23ced3fe4518,b589df1c-8fef-4d46-9823-e93e48e57545,b589df1c-8fef-4d46-9823-e93e48e57545,3cb1c6dc71a21714587287306ebe52748568,5,weka_main,2,124845,118784,0,0,118784,6061,71422.09743591957,1741.6574080707505,5027.26669900585,1046.9408399658278,79077.754499,7b428d97-8ccc-45fc-ab5a-25947816ef7d,2,118829,118829,,
ea60b4f7-417d-4218-b537-47e127bf3e6e,82746d90-f2c6-47d4-9076-5a2f3081c382,82746d90-f2c6-47d4-9076-5a2f3081c382,58df1d60a757e733f6a572d720e17dabd505,10,weka_main,3,104329,99840,0,0,99840,4489,71355.97985400818,0.24288706481456757,2738.775189034641,757.4129140703008,75487.659027,c117d96b-4483-468f-b009-297f4b987d9c,3,99846,99846,,
77f6fc43-a20e-400d-bbf6-3a2667624c3b,7678c662-c35a-4aba-a6ee-908f827d54fb,7678c662-c35a-4aba-a6ee-908f827d54fb,4ba38d0b213f0aeab695e16da9c91635a817,42,weka_main,4,175222,0,173248,0,173248,1974,67105.06069299299,0.19410706590861082,3351.235466892831,2795.6634510774165,73742.105015,c4f34909-da96-49d5-95e8-2722d1ecc26e,4,173299,173299,,
a7851ee2-89d9-4cbe-bff9-e8b81e9b6164,e712b3ef-df1d-4552-b101-43fb4d680a0b,2e65449c-7ec8-4f83-87b6-7f3227b9f1e2,439e5f9ed3159bd826529d8ae5bd1536903f::sa:subagent_041_87ccafba,3,weka_subagent,2,29841,28608,0,0,28608,1233,65458.17035797518,0.1660180278122425,1986.8960090680048,1003.6446739686653,68021.327875,45f40fed-e349-45bc-9e25-e91ef990cf7f,2,28624,28624,,
ac945a41-4817-4a9f-ae80-e521d2527f6e,780b2625-ea2e-4e41-831f-3671191f9741,b72ce93e-8d41-4a45-b5a8-4e828b3e716f,578354185933aedcdc6c17fbfbfcfb48876b::sa:subagent_002_e01eb26a,1,weka_subagent,2,40439,33920,0,0,33920,6519,64203.86048790533,0.15604798682034016,4003.081036033109,886.2516500521451,69106.624664,a6d3dcee-4cb7-4658-95f8-89f010e7e16e,2,33977,33977,,
3aca1f16-96b9-4628-89aa-34ab3c932ac9,d08fd2ff-89ec-48c3-aac0-225be8abca0f,2e65449c-7ec8-4f83-87b6-7f3227b9f1e2,439e5f9ed3159bd826529d8ae5bd1536903f::sa:subagent_043_6b16216e,1,weka_subagent,0,27663,26688,0,0,26688,975,60320.44203707483,0.2185360062867403,1962.8784219967201,1318.099532974884,63897.231847999996,6ba43677-5030-4a26-92b8-4747634a3a97,0,26700,26700,,
110ef449-b371-422c-8970-f6990c4ec5d0,3d90debc-83cf-4cbe-aa70-9bb5bc2a2127,3d90debc-83cf-4cbe-aa70-9bb5bc2a2127,4dcf5b2627786f87d5f1badf0ccd6e0f6848,11,weka_main,2,166085,162688,0,0,162688,3397,60034.61283096112,0.15764799900352955,3374.3099600542337,1195.512271951884,65588.553463,3eae48b8-ba49-4715-b388-6cea3359bd2d,2,162692,162692,,
37f96960-898b-4dc9-9b99-abc04f353bff,f2562ea6-81f8-4622-8a91-68c9521e07da,2e65449c-7ec8-4f83-87b6-7f3227b9f1e2,439e5f9ed3159bd826529d8ae5bd1536903f::sa:subagent_042_c051189e,1,weka_subagent,0,27536,26688,0,0,26688,848,58906.86878107954,0.1800769241526723,3242.0540059683844,1346.7402760870755,62968.892159999996,b731175d-b41b-4944-a060-5877d7215448,0,26701,26701,,
8c16e54f-8ed1-4961-bb65-c886856d356c,73888042-0d21-4309-bd8e-a1bb0731af12,73888042-0d21-4309-bd8e-a1bb0731af12,11310dce936f02050cadaeae295bcdd1ce7f,289,weka_main,0,734597,732928,0,0,732928,1669,58261.26081601251,0.5106619792059064,2320.1438980177045,1344.2709490191191,63958.111374,4809250b-7871-4c18-84d3-dd4d3e01ac37,0,732929,732929,,
07368eee-e67b-48fb-a83b-4fc5d4556371,342ee696-8920-416b-8832-7c6a7e17194a,2e65449c-7ec8-4f83-87b6-7f3227b9f1e2,439e5f9ed3159bd826529d8ae5bd1536903f::sa:subagent_036_b44952ab,11,weka_subagent,0,36914,35840,0,0,35840,1074,58261.23257598374,0.34818495623767376,2352.0521390018985,1340.8098350046203,61339.735898,b043e1cb-988a-4b0c-96ca-d07e0a239262,0,35887,35887,,
58c1cb5f-54f1-49e2-b76c-a7a7f6e028d8,a5532247-f0e8-4fba-b66c-8a39c2f5f0fe,1da7f991-c484-4933-8c09-8210744a16cb,46350c0355fa3f1922abb20cf7f5724bd7cd::sa:subagent_003_33e1c58b,7,weka_subagent,0,43232,39552,0,0,39552,3680,58261.22118695639,0.2104160375893116,3655.5320740444586,927.5673140073195,62339.774202,ad6865b5-33d9-4197-bb72-ff5ab073d187,0,39579,39579,,
b3df0afb-2633-4d49-b064-04b8fdfbb0da,ac2c435f-524a-442d-8d07-598a3bc15332,2e65449c-7ec8-4f83-87b6-7f3227b9f1e2,439e5f9ed3159bd826529d8ae5bd1536903f::sa:subagent_034_59a2aee8:fa:000,18,weka_subagent,2,54144,51328,0,0,51328,2816,57467.82876399811,0.23490702733397484,1999.9633940169588,884.2922799522057,60038.576236,f94322bf-30d4-42f8-be9d-e199467b91f3,2,51390,51390,,
5fa6d716-b562-404b-b7f5-35ebff6ea642,d544e59c-cdb8-4ac9-af6c-663ee041dbaa,e81e3cff-6940-40b0-963e-7b2dd49a6311,57f2a77e2d331c0bd73b6fcf3157d48b4190::sa:subagent_001_62b22faa,114,weka_subagent,7,134523,133248,0,0,133248,1275,57448.223268962465,0.3404460148885846,2128.2878579804674,925.9324530139565,61681.430278,063f1b15-cb49-4978-b282-216f7ae09af2,7,133306,133306,,
81a499db-5be9-4770-a75f-ab3515a99ccd,a516b7ce-9b7f-4d2d-bbb9-88754a792516,a516b7ce-9b7f-4d2d-bbb9-88754a792516,4f6988943c04756b546e21ca5be6bed67991,37,weka_main,7,147725,146304,0,0,146304,1421,56867.759926011786,0.7453509606420994,3499.180802027695,927.6228150120005,62013.401776,a4153ba8-1393-4c78-8f2a-13e0f25218ff,7,146314,146314,,
7358fd56-d982-459e-af6e-ed4583de5325,5d1ab01a-b41c-45b7-ab8c-de44e34da76b,0b50deea-e5a8-4fd8-bf40-51a1e06fabb2,5bb55882afb8a5ef18dea87812024f0cf441::sa:subagent_001_e4bbde22,1,weka_subagent,0,26455,22976,0,0,22976,3479,56653.901964076795,0.17127790488302708,3532.0147769525647,862.4084889888763,61966.756643,bfaa58ae-ca02-489e-9180-764d333bbdd6,0,22994,22994,,
ab84ce4e-f1ee-4ab4-b477-794a526d38e4,5d1d6ea6-652c-4620-bd6f-9d52f244041f,5d1d6ea6-652c-4620-bd6f-9d52f244041f,526f242b0f14fa34da24eb7346123c5025cd,28,weka_main,2,91418,91264,0,0,91264,154,56539.65214896016,0.3438150743022561,2003.1910999678075,881.9435839541256,59405.869307,56038e83-4856-42ed-89b6-8038a2841f20,2,91286,91286,,
1409e7cd-7a79-409c-8f43-7fc2d530570f,3c1cad43-8e6f-4ed3-a6f8-b8c19949092d,9b899d40-18e7-4b98-a358-b84033b17ee0,208d6e28928b0b3d3b33db3c690173d15be3::sa:subagent_018_824d9222,2,weka_subagent,2,45017,0,0,0,0,45017,56539.625818957575,0.19001797772943974,13334.44819203578,1148.8887339364737,70982.930586,ec903f8f-30de-4df1-ac5a-0c740fa4fabb,2,43989,43989,,
b1db1e7c-fac4-4c63-8bc8-5a453e1ec65c,a2ffb2f2-87ee-4d17-a179-e181369c668d,15a81f9b-f63f-4d8e-a19b-d60ab2db924c,4e687509d3c9c0afa7cc8b884d120eeb0d79::sa:subagent_001_3fc78502,12,weka_subagent,7,138594,137344,0,0,137344,1250,56504.56194393337,943.8183130696416,2133.233724045567,924.8005549889058,60952.947216,f0cb8393-cf09-4f7b-8b12-349fad512a34,7,137375,137375,,
4d33e08a-8cad-4cd2-af23-08f352d97e7b,bb69383f-1edc-415e-b9ec-e40a0e3ce5f4,bb69383f-1edc-415e-b9ec-e40a0e3ce5f4,264478eebbb2068593da2293ea8b67b31d4e,232,weka_main,1,455198,453504,0,0,453504,1694,53235.78434693627,0.22008607629686594,2862.243657000363,1288.008211995475,58790.616468,4328fdef-3680-48ae-8020-a8b1739ef795,1,453533,453533,,
b8ec49c3-c3b6-41e3-a53b-28c8aa56e999,9068db88-d584-48f0-b16e-9de9da50143b,9068db88-d584-48f0-b16e-9de9da50143b,515e43cbf9a646bb3e6489bd78f1bf1b361a,12,weka_main,2,138227,135040,0,0,135040,3187,52856.02043394465,0.15764706768095493,2478.8043070584536,1501.1714970460162,57517.069300999996,6bce1a8a-6949-4a95-8ef9-dc6e31efabd3,2,135088,135088,,
0fb7021a-8a1d-4fd8-a628-9d170ed5d6d2,a58c919a-5bdf-4619-a482-24b5be5356f7,b72ce93e-8d41-4a45-b5a8-4e828b3e716f,578354185933aedcdc6c17fbfbfcfb48876b::sa:subagent_001_bd5df00b,1,weka_subagent,0,56624,33984,0,0,33984,22640,52717.84794901032,0.40674395859241486,9560.59930298943,1321.6135270195082,64560.909677999996,bc24b0bd-9c15-499b-b485-425f895d48c9,0,34045,34045,,
131f9d73-e674-44d7-9698-0b167db832e5,b148e410-6464-494d-a905-f16c8b75fecf,b148e410-6464-494d-a905-f16c8b75fecf,48f9644a9b17cade09142b3d8f964bea35be,13,weka_main,0,142490,140736,0,0,140736,1754,52367.81657789834,0.20688003860414028,5245.296898065135,1790.1217910693958,58726.634933999994,0a5fa433-7707-4159-8ecc-cb01d5f6f3b3,0,140760,140760,,
8b964445-fa65-4424-adc9-308337666e47,f4b5dd3f-f6e6-40cd-8324-0b07c9e5a0d1,2e65449c-7ec8-4f83-87b6-7f3227b9f1e2,439e5f9ed3159bd826529d8ae5bd1536903f::sa:subagent_040_759095c6,1,weka_subagent,2,27536,26688,0,0,26688,848,51724.845694960095,0.16004708595573902,3969.6600909810513,1487.611480988562,57309.523371999996,75fecf97-7fb9-4aee-8a2b-80bdc3519caf,2,26703,26703,,
0af8701e-6a30-4f98-9bf3-ff21c0af0710,b7345292-680d-4714-aa9f-9957094776f3,d746e868-c49d-4acc-b4e8-c9155e64b28d,085411a4cc4b15108dd9b50007261a2efb65::sa:subagent_002_e5977449,15,weka_subagent,4,122907,121728,0,0,121728,1179,49709.30742507335,0.21321699023246765,2762.7536799991503,1196.4283580891788,53252.480301999996,df57eefe-2406-4e12-9ead-dd08afa63937,4,121754,121754,,
eb21e3a1-56a0-4609-b7d0-c6057befec74,fd5894c0-e048-4881-a8f9-e216bd35612f,fd5894c0-e048-4881-a8f9-e216bd35612f,006c98de37d819e95b0840e25426bb7ca99d,20,weka_main,4,102500,102208,0,0,102208,292,49519.259276101366,0.1763280015438795,1880.1414479967207,1195.303465006873,53316.34702,c1eaa7a0-8adc-4a38-a421-e295c0430303,4,102241,102241,,
b20690f3-7f4e-418f-84ef-26f8b3b8e57c,965a9af0-199d-49ef-90f1-bbab350040d7,2e65449c-7ec8-4f83-87b6-7f3227b9f1e2,439e5f9ed3159bd826529d8ae5bd1536903f::sa:subagent_027_3a049dcf,12,weka_subagent,0,52655,51840,0,0,51840,815,49472.63580001891,0.19835704006254673,2216.526039992459,855.8114559855312,53326.852401,bb4b3327-8565-4afd-b811-996f5d9856f3,0,51882,51882,,
151bd64a-2e99-4b36-bd41-bc1a2d9016a6,485c7ddd-643a-42f4-a1fd-8e933f7eaa55,0b49c706-e626-42a3-bca1-66394c69cd9e,61962299108912449a53f411ed3cf2d1c013::sa:subagent_003_ef297c16,16,weka_subagent,2,42932,42560,0,0,42560,372,47635.955226025544,0.2583980094641447,2190.1923780096695,1659.5056280493736,51889.586633,33409dfe-78e3-4082-b689-f7a9e4148200,2,42608,42608,,
3b2fa04e-206e-4fc3-8bb3-3a9351ae1b86,ff039c5e-6041-45d2-8fc4-3fc8947077b5,15a81f9b-f63f-4d8e-a19b-d60ab2db924c,4e687509d3c9c0afa7cc8b884d120eeb0d79::sa:subagent_002_d5123bf8,12,weka_subagent,7,148885,146048,0,0,146048,2837,47007.219549966976,0.19205803982913494,3030.9732970781624,1091.838359949179,51273.171857,61e896ef-2fca-43c4-9a72-19bdb5c38ea3,7,146069,146069,,
c0e1fe76-e0be-44be-8958-d7daf490fa0e,f8731a13-ac57-44ff-bc90-eda84dc70920,142de3cd-f318-458b-87e5-63d6e9889266,1fc68c514c7fb89dbc498ae9da77d5476cec::fa:007,60,weka_flat,2,584066,581824,0,0,581824,2242,46475.865135900676,0.1987960422411561,5089.909783098847,1401.5056480420753,54895.943534,42e5deb2-b009-4bde-83e2-6250fffd12df,2,581886,581886,,
d2f47983-6b86-47b8-8d31-9596c6018f8d,1e170382-9a1d-4596-b87f-3e41e6a3d135,1e170382-9a1d-4596-b87f-3e41e6a3d135,3c49da29dedf8ccfa4ee310634b4b8af275a,26,weka_main,2,210890,207808,0,0,207808,3082,46294.96159404516,0.2705859951674938,2689.3227309919894,1486.879231990315,51258.338036999994,9f7943ae-2f05-4d24-aa4e-b0013df08cbc,2,207816,207816,,
ccd73c4b-29a7-4731-9986-1875cef89ff4,f681cb4a-8297-4df9-a024-0e2c16660308,f681cb4a-8297-4df9-a024-0e2c16660308,12e6fd87f4d3d1f93f96bd7bb6a520043805,82,weka_main,0,250104,249984,0,0,249984,120,43889.43719409872,0.19076699391007423,1897.3394829081371,1685.8599910046905,48199.649893999995,3b793c33-8020-4e86-8510-94eca4583c19,0,250615,250104,,
2564c6a5-0ac2-4d34-8e0f-e3dc08ba31b3,d2a4623d-2938-40e2-9f7e-50a080542a46,34f71a99-fc26-42dc-9bc3-963f5292e654,509ad65c576a007df9c0cf1e9863874da21d::sa:subagent_001_27a9a439,31,weka_subagent,0,91443,86464,0,0,86464,4979,43847.635364043526,0.20776595920324326,3070.5865289783105,840.2545909630135,48434.843327999995,a88b76b5-4179-4461-9bc5-42778ed6168d,0,86513,86513,,
000e0740-700c-4798-a6de-d812f2645452,ca7afa5c-c12d-4f16-8d71-7d31b7703be0,c60ccba1-55f1-473e-b731-5773df76200e,117ebe75819d050f308a0a81647893abd02d::sa:subagent_013_c8d2c2f1,2,weka_subagent,5,36681,36288,0,0,36288,393,42375.8559320122,0.18286798149347305,2597.508337930776,1402.0838979631662,46277.774296999996,a59c131a-a5e8-4b48-b14e-e55dd7bce6ac,5,36294,36294,,
c8edee13-b40f-42fe-816d-012dbc77b179,bfd62a78-fe12-481f-82ac-61cdb4243f5a,bfd62a78-fe12-481f-82ac-61cdb4243f5a,4b5b64c7c1aa215a5177db1a78083cccce9d,2,weka_main,4,76277,74624,0,0,74624,1653,42209.629417047836,0.2051780465990305,1882.3932849336416,1193.1725739268586,46351.852638,05ee0141-a5cc-4d59-a314-ee765c429d8f,4,74675,74675,,
2fddd6a1-8c7b-4274-9695-63f716eaa01d,ab2dbcba-4b98-475e-8e6f-130c9d4bc2a8,c60ccba1-55f1-473e-b731-5773df76200e,117ebe75819d050f308a0a81647893abd02d::sa:subagent_010_32ee2daa,6,weka_subagent,5,39446,38656,0,0,38656,790,42070.31508500222,0.18667709082365036,2822.5971069186926,1284.6466390183195,46111.756583999995,60845bc6-93d8-4cc6-9359-fabc1e29b8cc,5,38674,38674,,
9e188a41-acda-4ec2-9d35-371df674de4b,5d1ab01a-b41c-45b7-ab8c-de44e34da76b,0b50deea-e5a8-4fd8-bf40-51a1e06fabb2,5bb55882afb8a5ef18dea87812024f0cf441::sa:subagent_001_e4bbde22,12,weka_subagent,0,50865,49408,0,0,49408,1457,41931.623482028954,0.20353705622255802,2456.7613729741424,980.7719230884686,46027.641687999996,b7054b6b-4857-4fe8-9b08-615ad9a0d009,0,49453,49453,,
46fc70a6-1454-4c59-888e-1bb980d0fe8c,020cc3ad-302d-4143-8935-1ae1075afa3c,fc64bbe1-c4e9-4ddc-9cf6-1a7dabc2dc7e,4cb074e3cbf03d1709e2b44cbe575807813b::sa:subagent_001_0126ac61:aux:000,0,weka_subagent,5,3356,0,0,0,0,3356,41369.594434974715,0.1488890266045928,3989.5075709791854,1332.0063640130684,46226.27143,,,,,,
84fea75a-5e9d-48f9-92b4-324b465aea62,b72ce93e-8d41-4a45-b5a8-4e828b3e716f,b72ce93e-8d41-4a45-b5a8-4e828b3e716f,578354185933aedcdc6c17fbfbfcfb48876b,10,weka_main,3,85820,83584,0,0,83584,2236,41189.40338701941,0.3839039709419012,2583.497081999667,1281.9390050135553,45000.673792999994,d4d399a3-b736-42ab-8454-8ee02308bb6d,3,83642,83642,,
899f3696-bbeb-4e71-b69b-97bd8584dd2b,a87a70ef-ea08-476d-bddd-4c1fc6c77c62,a87a70ef-ea08-476d-bddd-4c1fc6c77c62,3e119fc3136975fe98cfc7fa73500d6574a0,40,weka_main,0,181621,161408,0,0,161408,20213,40936.82750093285,0.20610704086720943,6254.749546060339,872.2591499099508,49684.531696,cad82545-90b0-4a09-a874-f437766b3300,0,161460,161460,,
1ca87202-0164-47f2-bfe3-363a673f6a0b,0f0e3ed1-2f4e-4201-8d2d-ae75da119e21,c60ccba1-55f1-473e-b731-5773df76200e,117ebe75819d050f308a0a81647893abd02d::sa:subagent_016_b75b34d1,0,weka_subagent,5,34372,34176,0,0,34176,196,40900.696843047626,0.1559279626235366,2667.30800003279,1331.023855949752,44065.950716,,,,,,
6cd3be46-66d1-4678-9975-8feb9e4bcb18,67ca41d5-1c67-49b7-91da-7b74440f6ec0,c60ccba1-55f1-473e-b731-5773df76200e,117ebe75819d050f308a0a81647893abd02d::sa:subagent_012_d1d619a7,4,weka_subagent,5,43592,42752,0,0,42752,840,40867.98441200517,0.3498559817671776,4100.811834912747,1402.898709056899,46330.658552,f37cce9c-8c5a-459e-b4a9-f2e80adaaed1,5,42757,42757,,
5cc46605-ee3a-40fd-952c-51931ac34a86,58673e8d-edef-4825-b135-1d55b19b62b0,58673e8d-edef-4825-b135-1d55b19b62b0,31dd54e63bd3605ad9ab96003ab1ae8f39f3,12,weka_main,5,61790,59840,0,0,59840,1950,40301.482939044945,0.16783794853836298,2606.7406919319183,788.7721370207146,43607.254199999996,1ec1c62f-e7f1-4a16-a998-82db594fcbdc,5,59868,59868,,
ff2b7669-ee5d-4cc4-979c-af60d961b449,f82953e9-d522-4e78-8819-07749b896fd3,f82953e9-d522-4e78-8819-07749b896fd3,3e38b72653e23622c6b15d8ca43aeb167917,8,weka_main,4,86719,81344,0,0,81344,5375,39833.09497102164,0.1772779505699873,2967.9995470214635,996.3670528959483,45148.14745,faf08d11-c56f-4195-992d-69ca4bdefaaf,4,81346,81346,,
ebe0adc0-3f5f-47c2-8300-8c5341ab7832,f83afdec-6b3f-48b7-8914-53a61133e08a,f83afdec-6b3f-48b7-8914-53a61133e08a,476c26ca73449a2c6bf284d0082765620665,10,weka_main,4,65684,64128,0,0,64128,1556,39753.027667989954,0.14097802340984344,1987.5949840061367,995.591979008168,43587.738033999995,5f017e59-06c4-4702-b192-0881de29d496,4,64144,64144,,
f2c95e4d-4706-47a6-860e-a544caecca1b,1e170382-9a1d-4596-b87f-3e41e6a3d135,1e170382-9a1d-4596-b87f-3e41e6a3d135,3c49da29dedf8ccfa4ee310634b4b8af275a,50,weka_main,2,266050,261504,0,0,261504,4546,39015.77006501611,0.3349119797348976,4915.858827996999,1219.385021016933,48512.896765,5587e3ca-10f6-4f97-bf2f-bd42412c625e,2,261567,261567,,
9ab10fac-341d-4b3c-853c-c4cf6526c300,ac2c435f-524a-442d-8d07-598a3bc15332,2e65449c-7ec8-4f83-87b6-7f3227b9f1e2,439e5f9ed3159bd826529d8ae5bd1536903f::sa:subagent_034_59a2aee8:fa:000,14,weka_subagent,2,45939,45248,0,0,45248,691,39014.08195903059,0.20180700812488794,2801.3205679599196,1385.9169379575178,43221.724654,229cb469-88ac-4be3-9741-ff81168776e0,2,45296,45296,,
4823dbb2-5036-407e-b63a-4b91fb7b9946,b1d657e4-b26f-4926-8deb-897b377827db,9ba9777c-1252-4d0b-8c70-ecae4c9941f9,15ab8fdb8831965bb01e45ac51829cb4e3e3::fa:000,13,weka_flat,4,232287,230016,0,0,230016,2271,38922.65372502152,1376.465533976443,3063.8924579834566,821.1684300331399,44944.103826,16af473b-6f89-4f97-b2fa-dce3a75fc36a,4,230046,230046,,
faccd1ad-6ab4-42de-80e6-5df63c785e55,c02fc45f-fe4d-4d9c-87a2-f8616970e417,2e65449c-7ec8-4f83-87b6-7f3227b9f1e2,439e5f9ed3159bd826529d8ae5bd1536903f::sa:subagent_039_25081fa8,4,weka_subagent,2,30818,29184,0,0,29184,1634,38848.97235000972,0.21648698020726442,4007.3366629658267,1387.4199870042503,44102.861006,92beb988-37a2-4ef9-a265-7f274e60a5b8,2,29211,29211,,
aa747309-cf83-4c3c-b48c-c1e3941217af,0687d3d6-4de4-4c89-864f-3359dbb1ad78,2e65449c-7ec8-4f83-87b6-7f3227b9f1e2,439e5f9ed3159bd826529d8ae5bd1536903f::sa:subagent_057_ae472697,3,weka_subagent,0,28184,27520,0,0,27520,664,38520.96790098585,0.2279470209032297,2109.614416025579,964.190018014051,40923.523909999996,d2d31bea-48b6-4f11-ac0d-8427d7c1327a,0,27539,27539,,
485e6e09-0996-4da7-9423-4660c9e188cd,d2a4623d-2938-40e2-9f7e-50a080542a46,34f71a99-fc26-42dc-9bc3-963f5292e654,509ad65c576a007df9c0cf1e9863874da21d::sa:subagent_001_27a9a439,35,weka_subagent,0,101315,99264,0,0,99264,2051,38409.12262001075,0.48312300350517035,2463.684348971583,979.6760779572651,42263.370748,2045f84d-a714-439e-be45-961ab288f50e,0,99327,99327,,
e47090eb-b59d-495c-a7af-8eec8889683a,bed63804-a424-4dce-99f2-0a806036ca94,2e65449c-7ec8-4f83-87b6-7f3227b9f1e2,439e5f9ed3159bd826529d8ae5bd1536903f::sa:subagent_059_10cbd91c,3,weka_subagent,0,28246,27584,0,0,27584,662,38409.07607006375,0.33469602931290865,3425.8516249246895,964.8657289799303,42675.979264999994,7ef8c271-dead-4d45-b4eb-88da3eed47d5,0,27602,27602,,
be79ecb4-4d4b-4eef-a8e8-e63a5a634d7b,2b4619a7-d1c2-48d3-86c5-6db911524167,2b4619a7-d1c2-48d3-86c5-6db911524167,23a576b18cd4bacef3d1aa138b060b9407ce,64,weka_main,6,127287,127104,0,0,127104,183,38320.68954396527,0.210435944609344,2095.4625500598922,851.65560094174,41395.745784,ccb58542-812d-44d4-8786-1baab11a5164,6,127220,127220,,
dd6da93e-d104-477f-912a-08b9fd05d60d,6058e8fd-8896-4b50-b1e3-a1da146baf9f,b589df1c-8fef-4d46-9823-e93e48e57545,3cb1c6dc71a21714587287306ebe52748568::sa:subagent_005_e635be92:aux:017,0,weka_subagent,5,21144,20864,0,0,20864,280,37910.567776998505,0.1608279999345541,2668.4273439459503,1330.23341500666,40878.103954,,,,,,
4af931e3-4bd0-4922-b894-5be7116bb9e4,0b50deea-e5a8-4fd8-bf40-51a1e06fabb2,0b50deea-e5a8-4fd8-bf40-51a1e06fabb2,5bb55882afb8a5ef18dea87812024f0cf441,3,weka_main,3,52295,48064,0,0,48064,4231,37645.26941103395,0.2550058998167515,3959.791944012977,1384.3321569729596,42204.492726,09c2f707-c863-4a44-adbd-0e50374b5abe,3,48067,48067,,
3ee335af-e0d1-492d-9b78-98908c7eb7ea,d83e87a3-fc17-4cae-8cd4-696016dc712e,0b49c706-e626-42a3-bca1-66394c69cd9e,61962299108912449a53f411ed3cf2d1c013::sa:subagent_004_4bf41cb2,11,weka_subagent,2,42987,41664,0,0,41664,1323,37397.86219794769,0.41576498188078403,2192.358053056523,1658.6507889442146,46297.979846999995,d342cd7c-32a1-40cf-be68-62e0eced4a1e,2,41705,41705,,
885d1a46-2963-4e88-bcb1-80f104b6f8fb,e712b3ef-df1d-4552-b101-43fb4d680a0b,2e65449c-7ec8-4f83-87b6-7f3227b9f1e2,439e5f9ed3159bd826529d8ae5bd1536903f::sa:subagent_041_87ccafba,20,weka_subagent,2,44868,44544,0,0,44544,324,37397.82573794946,0.23409805726259947,2193.701228010468,1657.8697169898078,46253.457166,eaf8ae69-8d81-4063-8f8c-e1971ea54de7,2,44544,44544,,
7e9960f1-4bfc-4db7-aafc-bf538608bb6c,f04cfba2-dc18-4cc4-90b7-574b32c8521f,f04cfba2-dc18-4cc4-90b7-574b32c8521f,5cbd632dae8626a5743d4a3ce38bd74ff9dc,9,weka_main,3,92496,90688,0,0,90688,1808,37224.75411603227,0.26686699129641056,1889.3786569824442,756.0163820162416,39768.354083,f51b8465-c259-4994-84a9-eac9255c666e,3,90702,90702,,
86df3972-6117-4303-910e-d19c400c95b4,cc819c22-f082-45b8-8c98-4ce76a1b4143,2e65449c-7ec8-4f83-87b6-7f3227b9f1e2,439e5f9ed3159bd826529d8ae5bd1536903f::sa:subagent_074_4fbb6e90,8,weka_subagent,2,34721,33920,0,0,33920,801,36799.43372996058,0.21080707665532827,3821.3836760260165,839.1145789064467,40989.713406999996,4054a7d2-489a-4957-acd8-44f7e40bff07,2,33950,33950,,
e7d63083-6f1f-4756-a351-349a5d697e4c,208b124a-62f1-4824-8017-5c9727e98c01,c60ccba1-55f1-473e-b731-5773df76200e,117ebe75819d050f308a0a81647893abd02d::sa:subagent_015_42ef4a2e,0,weka_subagent,5,34436,34176,0,0,34176,260,36544.763525016606,0.18252793233841658,1770.618070033379,891.071500023827,39964.088659,,,,,,
b8692b86-a69c-439d-8043-19396eda9269,c6f75c5f-7ef6-40b8-a92e-0c04bc224cd8,c60ccba1-55f1-473e-b731-5773df76200e,117ebe75819d050f308a0a81647893abd02d::sa:subagent_014_86a6bcd6,1,weka_subagent,5,36613,34496,0,0,34496,2117,36537.88718604483,0.15687791164964437,2687.8494300181046,891.7981029953808,40906.338708999996,e0b418f6-8f82-4e8e-9afb-c6b0a29a71d8,5,34500,34500,,
175ca359-2f84-474e-b772-44c78871ec59,2a3accc4-d854-4333-8233-9b85fb96da63,2e65449c-7ec8-4f83-87b6-7f3227b9f1e2,439e5f9ed3159bd826529d8ae5bd1536903f::sa:subagent_031_3cdf9a53,17,weka_subagent,0,54913,53760,0,0,53760,1153,36077.50289805699,0.1784670166671276,2753.7744810106233,832.5663320720196,39597.707622,bb199267-414b-4f29-80b7-d013173f62b3,0,53822,53822,,
110c84b7-7d43-4558-9d82-250440b12af0,f2562ea6-81f8-4622-8a91-68c9521e07da,2e65449c-7ec8-4f83-87b6-7f3227b9f1e2,439e5f9ed3159bd826529d8ae5bd1536903f::sa:subagent_042_c051189e,6,weka_subagent,0,33952,32640,0,0,32640,1312,35979.77647499647,0.18881703726947308,2110.750620951876,963.0180539097637,38705.126071,e351c765-b619-4933-94e9-970105341122,0,32669,32669,,
27d5bbe9-2bd6-4cca-b71a-0492d4f1467f,9094c1c9-9083-457c-b7a8-71f820114bfe,c60ccba1-55f1-473e-b731-5773df76200e,117ebe75819d050f308a0a81647893abd02d::sa:subagent_011_f533af7c,5,weka_subagent,5,37781,37504,0,0,37504,277,35588.93051499035,0.16101798973977566,1771.5992069570348,890.4333349782974,39365.70285,91c43a51-88fe-42b1-abfd-3f2bfbb90d86,5,37521,37521,,
a48bcf64-9ec2-4bc0-a253-b6f5c976953d,f8731a13-ac57-44ff-bc90-eda84dc70920,142de3cd-f318-458b-87e5-63d6e9889266,1fc68c514c7fb89dbc498ae9da77d5476cec::fa:007,43,weka_flat,2,538633,535040,0,0,535040,3593,35420.94655393157,0.2906570443883538,2618.451572023332,833.2183470483869,40501.339767,710e16ea-792a-4ccf-9a83-a2c5ce6eb6e6,2,535048,535048,,
c117d96b-4483-468f-b009-297f4b987d9c,82746d90-f2c6-47d4-9076-5a2f3081c382,82746d90-f2c6-47d4-9076-5a2f3081c382,58df1d60a757e733f6a572d720e17dabd505,9,weka_main,3,99846,96640,0,0,96640,3206,35056.24682595953,0.19195699132978916,4045.286691049114,1583.4865890210494,39867.97751,42defa83-0bd7-4594-98c8-c5889035d7e8,3,96645,96645,,
f33f7ff9-a15f-4528-b296-0f5cc6860726,d544e59c-cdb8-4ac9-af6c-663ee041dbaa,e81e3cff-6940-40b0-963e-7b2dd49a6311,57f2a77e2d331c0bd73b6fcf3157d48b4190::sa:subagent_001_62b22faa,158,weka_subagent,7,175700,174336,0,0,174336,1364,34712.678447016515,0.16334699466824532,2640.6626959796995,1182.2247499367222,41523.569536999996,0f15d541-445a-437e-ae69-b2cda081036b,7,174355,174355,,
69dae2db-11c3-4cf7-b44e-87cf5bb01976,5d1d6ea6-652c-4620-bd6f-9d52f244041f,5d1d6ea6-652c-4620-bd6f-9d52f244041f,526f242b0f14fa34da24eb7346123c5025cd,25,weka_main,2,85199,84928,0,0,84928,271,34528.96242099814,0.22506702225655317,2803.4969969885424,1384.9504790268838,39534.136248999996,a228b345-9c4a-40e9-b0fa-c81ead5e39b9,2,84939,84939,,
bd697514-8157-459e-bec2-d2da5da02df2,3598bfce-7865-465d-8566-a5d9d7cf4920,3598bfce-7865-465d-8566-a5d9d7cf4920,421c59c8640de974ad4d7644b9ea88738998,15,weka_main,4,74103,73600,0,0,73600,503,34507.25934107322,0.21211791317909956,4103.1612060032785,1036.8610799778253,39916.580987,6c11374c-4eaa-4a7b-8815-f686c489e5af,4,73653,73653,,
e26c6261-f6b8-4105-b5e9-80d823629066,0f93749c-d816-46c9-bcd4-3e0fabc74b57,fc64bbe1-c4e9-4ddc-9cf6-1a7dabc2dc7e,4cb074e3cbf03d1709e2b44cbe575807813b::sa:subagent_001_0126ac61,0,weka_subagent,5,34691,0,0,0,0,34691,34367.4269990297,0.3339459653943777,10521.690240944736,1285.480069112964,46497.737634,,,,,,
200a29b7-f6af-4fd8-a2e4-f11235d3db40,b00bdbf9-3205-4226-9f03-f33cd41c4632,b00bdbf9-3205-4226-9f03-f33cd41c4632,6f1e16774e85dcceb24661f4767c28659a78,7,weka_main,7,81022,78784,0,0,78784,2238,34270.547786029056,0.22779591381549835,3760.370068019256,1015.0718470104039,41672.918408,2d000488-4ce8-4fce-9216-d5ab0c1c8f0a,7,78845,78845,,
8ef5d91c-0bc7-42be-a180-80e58f2f6f8e,97b70d54-46aa-4606-b15c-6ee0ab51fa6c,3cd77a9c-ea79-4997-a4d6-45188b4506cb,16e46bc4d9e121ffbd67ada51cb3f965342f::fa:001,168,weka_flat,3,600485,600128,0,0,600128,357,34248.82754997816,0.17382798250764608,2304.321238072589,1123.8656250061467,39252.643642999996,0f20727d-ef14-43b7-a279-7f7d01fa45ea,3,600159,600159,,
fe79c6be-2a5c-40cc-aeeb-353565276b27,2b1955bb-a18c-468a-99af-6a1df55885de,2b1955bb-a18c-468a-99af-6a1df55885de,38f9148d19708a1c29ed7c8505f1b82083aa,19,weka_main,3,215492,211968,0,0,211968,3524,34064.072957029566,0.2822059905156493,2635.1456539705396,907.9781380714849,37942.670114,0dd07feb-fb2f-473a-a3ce-573ce7f248fa,3,212164,212164,,
e54441bb-4165-4e09-ab5d-98c7ff76ac13,d58fb98a-f734-471f-920c-d01196848eee,2e65449c-7ec8-4f83-87b6-7f3227b9f1e2,439e5f9ed3159bd826529d8ae5bd1536903f::sa:subagent_033_4f25749e,9,weka_subagent,0,39404,38400,0,0,38400,1004,33615.478995023295,0.21579593885689974,2074.9059590743855,1123.468006029725,37078.440284,ad45d12a-0ff5-4b6c-956a-f9f63a0f8be4,0,38441,38441,,
6d225199-829b-46de-8329-5812b2f3d097,a5532247-f0e8-4fba-b66c-8a39c2f5f0fe,1da7f991-c484-4933-8c09-8210744a16cb,46350c0355fa3f1922abb20cf7f5724bd7cd::sa:subagent_003_33e1c58b,11,weka_subagent,0,56938,53888,0,0,53888,3050,33349.43852899596,0.25058595929294825,3060.524635016918,2521.9210180221125,38176.801664,d4936fc0-549e-4ded-817d-047a6e65e1ad,0,53925,53925,,
fedcae94-7edd-4258-a007-58d3357d35f3,ae544187-4c7d-4d38-8e35-a18861922b45,ae544187-4c7d-4d38-8e35-a18861922b45,4b88101f5ed7507b73138a73dfbf55f972de,1,weka_main,4,154949,0,0,0,0,154949,32849.13047903683,586.095673032105,37819.13114292547,986.4991749636829,73030.722858,12af8f6b-bea6-4cca-83f0-6827d1d0f64f,4,344,344,,
1bc6d976-2841-4b8f-b5cc-89d3a189b029,25ae187a-d555-4449-a564-868b2c4fac16,dc3ad140-8435-42dc-a27a-39b22a439302,5fc70a9165e6a1fd4bfd1add7ef5452205b2::sa:subagent_004_c1cfe5cf,6,weka_subagent,7,71357,68480,0,0,68480,2877,32811.063417000696,1105.4097439628094,1732.4618420097977,2448.74526001513,39477.023835,89a87b9a-f805-4a4c-86f0-0033891dfc5a,7,68539,68539,,
aecc339f-f328-409a-949b-174319337a57,a2ffb2f2-87ee-4d17-a179-e181369c668d,15a81f9b-f63f-4d8e-a19b-d60ab2db924c,4e687509d3c9c0afa7cc8b884d120eeb0d79::sa:subagent_001_3fc78502,42,weka_subagent,7,265169,265024,0,0,265024,145,32811.0162980156,0.2238149754703045,1734.3317810446024,2447.000178974122,39797.821407999996,03a5944e-dbb9-45f0-b5f3-55790f2bd6f9,7,265037,265037,,
4ba8d823-23f9-42e7-b406-24c595bca281,a2ffb2f2-87ee-4d17-a179-e181369c668d,15a81f9b-f63f-4d8e-a19b-d60ab2db924c,4e687509d3c9c0afa7cc8b884d120eeb0d79::sa:subagent_001_3fc78502,70,weka_subagent,7,287855,287552,0,0,287552,303,32273.120091995224,0.3441140288487077,2958.8942129630595,2046.7766940128058,38327.80977,ba7b5897-0fab-45bd-b41e-b0df96261479,7,287595,287595,,
3ac2e7c2-ed58-4f15-9a75-bf03e0c00c42,a9a6eda6-7f5b-4fa6-824f-ddfddb7c1265,2b3ea077-68ff-4ced-b121-c60b65ae65a3,0ede42538334da8586bc60008762abfc0ab7::sa:subagent_005_cfe2b529,17,weka_subagent,1,65587,64576,0,0,64576,1011,32215.38576297462,0.15857804100960493,1583.627003012225,826.3893299736083,36250.045569,c89cdebc-0bca-4312-acee-a5f2ba1d02d7,1,64624,64624,,
1561a6d9-7388-4d3a-a363-ef1fe8c1b90e,fa36afc1-928c-4781-8404-a785c6749545,5e0ca19d-a5f3-4363-97e9-f3f48b2d8571,6c6be4bc5a49a5d1062b8becdbf188480843::sa:subagent_001_9eb83fa3,1,weka_subagent,6,73040,72448,0,0,72448,592,32215.22590192035,0.17579703126102686,3236.604349105619,846.2866879999638,36784.163733,942d6eb0-741d-4fbc-b547-72dc3ab7e6ae,6,72460,72460,,
3c206709-d343-449b-adeb-8168a4e1e5dc,bd116574-5a17-4ec2-abed-f73c89f007f6,bd116574-5a17-4ec2-abed-f73c89f007f6,33c12a75f9b49c1983a8d4d1dacb21ff90fe,16,weka_main,5,88789,85760,0,0,85760,3029,32030.271861935034,0.1698880223557353,1749.0871180780232,787.0650059776381,35396.044116,d5689306-3c64-4819-9349-aca39133e286,5,85775,85775,,
f432ecc8-9d06-415c-88b1-f6e36bc9cee6,26de9e0b-4f0e-40d2-8d22-a0345db51b9a,2e65449c-7ec8-4f83-87b6-7f3227b9f1e2,439e5f9ed3159bd826529d8ae5bd1536903f::sa:subagent_055_23390a81,7,weka_subagent,0,46752,39040,0,0,39040,7712,31963.248229934834,0.20543707069009542,5273.338690050878,1225.4707399988547,39607.41188,8001f355-7c74-4507-8cc1-56d208345bd8,0,39076,39076,,
5746b758-60d7-46d3-ab3e-bd0a3fc8c661,b589df1c-8fef-4d46-9823-e93e48e57545,b589df1c-8fef-4d46-9823-e93e48e57545,3cb1c6dc71a21714587287306ebe52748568,11,weka_main,2,151995,139840,0,0,139840,12155,31650.972297997214,0.2165979240089655,5310.188001021743,1232.3695820523426,40648.560732,d17a3c24-fe54-4eb0-b89e-98c87cd0e238,2,139898,139898,,
386a459d-4880-41c5-977a-714c5fa0b84d,1c71a319-7853-412e-ae32-308ec0aea234,e81e3cff-6940-40b0-963e-7b2dd49a6311,57f2a77e2d331c0bd73b6fcf3157d48b4190::fa:001,8,weka_flat,0,60887,59200,0,0,59200,1687,31609.58112392109,1027.4163300637156,2077.212874079123,1114.374003955163,36060.772773,ecfe2860-ae6f-4b2a-a1c4-0e4a75474566,0,59222,59222,,
5a8de75c-88e4-4f03-af78-0ca76646dfc5,2c2a9dbf-f28b-42d8-835e-94b9694db402,0b49c706-e626-42a3-bca1-66394c69cd9e,61962299108912449a53f411ed3cf2d1c013::sa:subagent_002_6e6558e9,13,weka_subagent,2,94895,87680,0,0,87680,7215,31428.4405290382,0.2633070107549429,4431.22890999075,1013.1278040353209,38437.966903,853b83e5-733a-4e7b-ad8a-5c3d49195da6,2,87723,87723,,
29a805cb-6b13-4893-8867-7053e6240af6,62a80e22-0e7c-439f-9ff8-d037c5ef1424,23cd4028-50e2-4734-b76d-1493574099d0,13e0b7038bafff59abfdc31aad12dbcd4a2f::sa:subagent_001_126ed9e9,25,weka_subagent,2,102965,100800,0,0,100800,2165,31337.001142906956,0.1990380696952343,1865.144815063104,992.5427649868652,33915.928621,62513fb3-d132-4b12-bf87-99102972326f,2,100852,100852,,
cfa15913-e24b-4886-84a1-1f89d49794c9,a4433251-2ff4-4422-9f04-727dd84855f4,3025707b-b8a6-48ea-833a-af55c71cf415,212e46e294bd09113e425ebc8a430cc528a6::sa:subagent_008_a648d1c5,7,weka_subagent,5,56670,53184,0,0,53184,3486,31125.93137298245,0.17700798343867064,3991.275780950673,1040.9621440339833,35713.659141,18d24444-21d1-4e53-9a24-aad3ff243d02,5,53212,53212,,
6b5b0394-3557-42ff-9072-19e6203361d2,b7345292-680d-4714-aa9f-9957094776f3,d746e868-c49d-4acc-b4e8-c9155e64b28d,085411a4cc4b15108dd9b50007261a2efb65::sa:subagent_002_e5977449,18,weka_subagent,4,136993,133504,0,0,133504,3489,31066.9330409728,833.109918050468,3082.1219719946384,928.0175579478964,36064.786783999996,85d4cd91-4d48-49a8-9a13-3f0d9c2d0486,4,133535,133535,,
9487efa0-2063-450f-977c-dec66207451e,7d463c68-6300-49a1-9227-a1dce981683b,0d38cf80-2c81-4832-abfd-72290c401a54,2654d8b687d9c22001c25155ff2a69840acc::sa:subagent_001_55a78537,196,weka_subagent,7,295283,293696,0,0,293696,1587,30936.409701942466,0.1822860212996602,2893.757143057883,1287.5787049997598,36905.554231999995,67bbdcde-75d8-4970-ac29-39a65e6ab4de,7,293744,293744,,
b01dd077-5aec-42b5-a1bb-6e1c3cfc5afd,8f29b911-f2f0-4c49-92a1-0b53f653efbe,8f29b911-f2f0-4c49-92a1-0b53f653efbe,3317a925c2a7f40e9eafe5f5532793a23c67,11,weka_main,5,48994,47104,0,0,47104,1890,30910.12505290564,0.16978802159428596,2531.17266704794,599.1704280022532,34068.217336,5373b326-2bf0-432d-bad4-3d955a73b0c1,5,47134,47134,,
2bfa5a10-803d-4397-9bd7-4ce15c0f4083,abe81fab-61b2-4eef-9d9a-ba4e3f58e26d,abe81fab-61b2-4eef-9d9a-ba4e3f58e26d,5d7e313e1d6839e48cc1f27d00f3ce9bae96,21,weka_main,7,110183,107328,0,0,107328,2855,30735.023885965347,0.166206038556993,3446.0470089688897,1351.118793943897,35940.186498999996,803f2705-a547-4178-ae17-8284f4e55fe7,7,107369,107369,,
c8606cf6-b7f8-4e86-9a39-47d9e34133f1,9c9f15d2-dc51-4862-9ce6-a2b234b6083d,b148e410-6464-494d-a905-f16c8b75fecf,48f9644a9b17cade09142b3d8f964bea35be::sa:subagent_005_5cd6582c,0,weka_subagent,1,44283,38336,0,0,38336,5947,30346.646621008404,0.18018693663179874,3408.201553975232,908.8714150711894,35257.464159999996,,,,,,
63d3e0ec-1ebd-4622-8765-96ff6cb8bfc4,62cea908-8cb7-43b2-9b79-e9d01d18e010,62cea908-8cb7-43b2-9b79-e9d01d18e010,63d3960fcc384388d5e7e4df8287cd1be081,18,weka_main,3,112745,111168,0,0,111168,1577,29895.37801896222,0.16952597070485353,3701.4071160228923,972.2348619252443,36235.091862,f897e9e3-45a0-4f79-a9ba-ee521b82a36c,3,111206,111206,,
020591a8-58a6-4673-9459-eb860933eb78,485c7ddd-643a-42f4-a1fd-8e933f7eaa55,0b49c706-e626-42a3-bca1-66394c69cd9e,61962299108912449a53f411ed3cf2d1c013::sa:subagent_003_ef297c16,7,weka_subagent,2,29593,28864,0,0,28864,729,29870.931316982023,866.6911679320037,1611.3094730535522,1168.5670950682834,32794.473559,ed55ad90-dd14-4620-aeb3-d4854acf90af,2,28886,28886,,
b4e2022e-1b9d-4d62-b219-864c96030a7d,3598bfce-7865-465d-8566-a5d9d7cf4920,3598bfce-7865-465d-8566-a5d9d7cf4920,421c59c8640de974ad4d7644b9ea88738998,17,weka_main,4,76922,75584,0,0,75584,1338,29317.8091669688,0.1583280973136425,2099.074097000994,927.05867101904,32768.648275,daaa0be9-81cd-4cdf-b05d-3fdce222bc04,4,75642,75642,,
0162c313-66dd-49b7-a6d4-bc7b007c06ee,1e170382-9a1d-4596-b87f-3e41e6a3d135,1e170382-9a1d-4596-b87f-3e41e6a3d135,3c49da29dedf8ccfa4ee310634b4b8af275a,28,weka_main,2,218954,213248,0,0,213248,5706,29195.224408991635,0.24126702919602394,3427.970636053942,1235.7017040485516,33622.849147,c1bcaa5f-8d55-4dd6-86a8-f2e5dfa05095,2,213263,213263,,
a79ded70-0675-4a97-80c5-e3fc7fb60a07,bea9ea19-5ddd-47d9-996e-c744857225b8,bea9ea19-5ddd-47d9-996e-c744857225b8,22a380be2e4f6293f24e32fd637ccc876d73,88,weka_main,4,291382,144640,144512,0,289152,2230,29098.429159028456,0.1840869663283229,3954.2821089271456,1418.423041002825,36434.165215,0148ac9a-7379-4511-99db-cd305c7ee8f0,4,289203,289203,,
38a896cc-f55d-4e06-9d6c-4ab3d448b171,9aae3cce-6985-4045-8d00-eabff1fe5c16,2e65449c-7ec8-4f83-87b6-7f3227b9f1e2,439e5f9ed3159bd826529d8ae5bd1536903f::sa:subagent_082_bab665fd,1,weka_subagent,2,27662,26624,0,0,26624,1038,29023.65445299074,0.20056799985468388,2430.590608040802,1012.3481439659372,32717.375498999998,a7854c9f-21da-4e08-ab99-924889bb7ac4,2,26636,26636,,
a228b345-9c4a-40e9-b0fa-c81ead5e39b9,5d1d6ea6-652c-4620-bd6f-9d52f244041f,5d1d6ea6-652c-4620-bd6f-9d52f244041f,526f242b0f14fa34da24eb7346123c5025cd,24,weka_main,2,84939,82752,0,0,82752,2187,28990.887710941024,627.9318990418687,3275.9804340312257,971.5462269959971,34106.393298999996,eb5e1979-bb5f-401c-823a-0b1610e0a06b,2,82761,82761,,
92beb988-37a2-4ef9-a265-7f274e60a5b8,c02fc45f-fe4d-4d9c-87a2-f8616970e417,2e65449c-7ec8-4f83-87b6-7f3227b9f1e2,439e5f9ed3159bd826529d8ae5bd1536903f::sa:subagent_039_25081fa8,3,weka_subagent,2,29211,28160,0,0,28160,1051,28934.008070034906,0.2380559453740716,2218.484994955361,970.4521929379553,33022.181725999995,9ac76fdc-cbd6-4890-a313-b6890df8e6f9,2,28184,28184,,
4f9f3580-e624-4bac-b167-5d9537d68543,a62ca600-1215-481c-87b8-75b026c41f54,a62ca600-1215-481c-87b8-75b026c41f54,4cccee1943ddca3e762d4425fd9fbd3a858a,37,weka_main,7,136453,103168,33216,0,136384,69,28872.966123046353,0.2326649846509099,2417.1680660219863,1345.960367936641,32980.917471,37049942-0ada-4304-b952-e7d4a3627d56,7,136453,136453,,
2e972483-dba7-4259-9e36-f8472d2e58ec,f04cfba2-dc18-4cc4-90b7-574b32c8521f,f04cfba2-dc18-4cc4-90b7-574b32c8521f,5cbd632dae8626a5743d4a3ce38bd74ff9dc,1,weka_main,3,46728,0,0,0,0,46728,28651.974811102264,0.16118795610964298,14207.99805992283,1124.8378599993885,44416.897005,33ea94a7-cd2d-4f83-8190-67709048488b,3,472,472,,
ef292517-c27e-4be3-9655-7a7e6fe5ae17,d83e87a3-fc17-4cae-8cd4-696016dc712e,0b49c706-e626-42a3-bca1-66394c69cd9e,61962299108912449a53f411ed3cf2d1c013::sa:subagent_004_4bf41cb2,4,weka_subagent,2,30484,28608,0,0,28608,1876,28572.774590924382,0.15189801342785358,2770.4632790992036,957.6134650269523,32079.575595,d5b2aa02-603f-441d-9b74-5fb040d293b9,2,28625,28625,,
e483d1ca-0089-4809-97b9-be4570b571a8,d1e48c26-88aa-4c32-872a-f96c76b06abb,d1e48c26-88aa-4c32-872a-f96c76b06abb,43d1f727aec4d8b3f2aec42f816e7fabe193,23,weka_main,5,124024,123648,0,0,123648,376,28387.490310007706,0.13814796693623066,1722.8436520090327,1021.0512100020424,31030.216581999997,d7842c4b-2fb7-432e-84cc-aa77f702eef7,5,123700,123700,,
c8ba09fb-0aa5-4070-b808-330e00766dbd,5921fb86-493b-423a-b680-3b2b62cdffeb,f04cfba2-dc18-4cc4-90b7-574b32c8521f,5cbd632dae8626a5743d4a3ce38bd74ff9dc::sa:subagent_009_46d5905c,5,weka_subagent,2,58886,55744,0,0,55744,3142,28366.436751908623,0.22936705499887466,4030.8468730654567,749.3159170262516,34511.602010999995,d107dbab-4f7c-4ddf-b00f-7aef9b89726a,2,55747,55747,,
1d550a49-06e2-434b-8a1b-bdb37e58b167,8f29b911-f2f0-4c49-92a1-0b53f653efbe,8f29b911-f2f0-4c49-92a1-0b53f653efbe,3317a925c2a7f40e9eafe5f5532793a23c67,19,weka_main,5,59255,56832,0,0,56832,2423,28330.16308490187,0.1763280015438795,2708.677865099162,1040.038725011982,32995.033985999995,6685856d-b276-4151-9291-b879b8f197f7,5,56887,56887,,
a07ef8f2-60d2-4498-9020-c93d4fccb03c,d544e59c-cdb8-4ac9-af6c-663ee041dbaa,e81e3cff-6940-40b0-963e-7b2dd49a6311,57f2a77e2d331c0bd73b6fcf3157d48b4190::sa:subagent_001_62b22faa,3,weka_subagent,7,31832,30464,0,0,30464,1368,28242.84425296355,0.19610708113759756,2383.9359380071983,960.320042911917,31920.372152,b64d7a01-f064-4687-a888-da02feb78be6,7,30485,30485,,
91aa1411-c5b3-44fb-844a-fde5f0547c14,012ac7eb-b6e0-43ac-8b9e-17666f4c8387,012ac7eb-b6e0-43ac-8b9e-17666f4c8387,27de9ca964aa7905c2f5438db8bdd72d8b02,383,weka_main,3,355231,353280,0,0,353280,1951,28155.407569021918,0.1554469345137477,2581.35209500324,2452.6537840720266,33779.793252999996,ae462767-5565-4265-9fd4-23574ce56113,3,353307,353307,,
5afe72af-1017-4b5e-b8c0-1cc600ba476f,d2a4623d-2938-40e2-9f7e-50a080542a46,34f71a99-fc26-42dc-9bc3-963f5292e654,509ad65c576a007df9c0cf1e9863874da21d::sa:subagent_001_27a9a439,28,weka_subagent,0,84071,82688,0,0,82688,1383,28038.658424979076,0.271535012871027,3178.5366660915315,1065.7281338935718,32160.850102999997,54de0ec5-7c32-4bea-8a19-a8d23e0d8082,0,82722,82722,,
229cb469-88ac-4be3-9741-ff81168776e0,ac2c435f-524a-442d-8d07-598a3bc15332,2e65449c-7ec8-4f83-87b6-7f3227b9f1e2,439e5f9ed3159bd826529d8ae5bd1536903f::sa:subagent_034_59a2aee8:fa:000,13,weka_subagent,2,45296,44864,0,0,44864,432,28033.130628056824,0.22368598729372025,2219.7187959682196,969.4388689240441,31553.535608,c2854322-42b9-411b-8c71-3e1b6d23ddd2,2,44910,44910,,
5bc93418-eb5e-4423-ac55-66901697e89a,506d8ea9-17b2-4415-affd-5f2c1959b938,2e65449c-7ec8-4f83-87b6-7f3227b9f1e2,439e5f9ed3159bd826529d8ae5bd1536903f::sa:subagent_018_56688874,1,weka_subagent,0,27603,26560,0,0,26560,1043,27927.463628002442,3.157057915814221,2403.397835092619,1018.8166160369292,32844.763866,5baafb2d-ac9a-47d3-9c82-efd793bf3ef1,0,26575,26575,,
2df391f5-38a0-4803-94dd-54db87e60be4,9d5ec7aa-36b2-4cd7-af64-8dfb434aaa43,9d5ec7aa-36b2-4cd7-af64-8dfb434aaa43,5ca97cc975a39a898d775b63881b22fe178e,53,weka_main,1,119510,118784,0,0,118784,726,27843.145060935058,0.21266599651426077,2041.62754106801,1125.0364419538528,36119.565235999995,e9811732-bea6-4601-af86-1b8468760bc5,1,118803,118803,,
91461a9f-74ff-4cc0-9cd1-67bb7c84f130,d83e87a3-fc17-4cae-8cd4-696016dc712e,0b49c706-e626-42a3-bca1-66394c69cd9e,61962299108912449a53f411ed3cf2d1c013::sa:subagent_004_4bf41cb2,32,weka_subagent,2,93537,92288,0,0,92288,1249,27821.762320934795,0.2833170583471656,1843.262347043492,1409.5792430453002,30195.432783999997,a03f4716-4504-41fe-ab3c-0c90e1e5adef,2,92318,92318,,
2026e1e2-2d31-49b8-8144-e4ff406fa28d,609f8cb8-27a8-4c3d-a30c-18222bb65981,3025707b-b8a6-48ea-833a-af55c71cf415,212e46e294bd09113e425ebc8a430cc528a6::sa:subagent_010_fb08b4e8,23,weka_subagent,6,124843,123200,0,0,123200,1643,27664.23651704099,0.1735669793561101,2035.3095820173621,841.5671290131286,30565.572494,d96b3355-b893-4816-896a-1c912b06ac27,6,123242,123242,,
1121adf8-836c-4a8b-b8c6-34ac4b590a96,9e1d6442-5773-4420-81ce-ed6601c45eb0,fc64bbe1-c4e9-4ddc-9cf6-1a7dabc2dc7e,4cb074e3cbf03d1709e2b44cbe575807813b::sa:subagent_002_10120de3,0,weka_subagent,1,34627,768,0,0,768,33859,27663.67981408257,0.15545799396932125,9308.912676991895,1028.2900290330872,37425.876352,,,,,,
e27db0cf-f3b3-49c2-ba19-cae4c151ee18,7678c662-c35a-4aba-a6ee-908f827d54fb,7678c662-c35a-4aba-a6ee-908f827d54fb,4ba38d0b213f0aeab695e16da9c91635a817,5,weka_main,4,81351,80000,0,0,80000,1351,27659.090172033757,0.1651579514145851,1987.7502650488168,866.7275679763407,30562.141334,f63c1891-7e85-4b90-870a-2dfe9288da26,4,80002,80002,,
7d799de4-7980-415e-b18f-f4bc40633e71,a14d933d-d09b-4160-a7a9-e4beccecdf60,c7ec6ecd-aea8-43c5-b2b9-24aaa2df594d,03e110ac6921c2fe9ac7772a9654314a2beb::sa:subagent_005_c0c87fc2,1,weka_subagent,6,30860,30528,0,0,30528,332,27655.653822002932,0.33864600118249655,1991.0880259703845,864.712405949831,30768.269464999998,ee1c0fdd-7960-4c94-9421-d719c928317a,6,30536,30536,,
a57ac7cc-a8bc-4724-b185-e6deff3f9b21,c1dbc20b-a34c-4ac2-ac84-2bfff7c96fa8,c7ec6ecd-aea8-43c5-b2b9-24aaa2df594d,03e110ac6921c2fe9ac7772a9654314a2beb::sa:subagent_006_ddf1bcea,1,weka_subagent,6,30798,30144,0,0,30144,654,27655.628422973678,0.16070809215307236,1992.2250299714506,864.0521309571341,30306.59346,a190b657-deae-48fe-8718-75cc44c414b3,6,30154,30154,,
37e15190-3277-4f97-a70e-0019d46ba518,c60ccba1-55f1-473e-b731-5773df76200e,c60ccba1-55f1-473e-b731-5773df76200e,117ebe75819d050f308a0a81647893abd02d,48,weka_main,1,284535,283584,0,0,283584,951,27600.84187204484,0.1890569692477584,2882.792058051564,1286.080159014091,32406.878963,7c6c8b45-2c38-43b7-9636-ffd4268f04a1,1,283638,283638,,
4ab774c9-f3d4-42d4-a81e-7d985b6eda4d,41daadd6-61e6-4dfc-bca3-cf3b4a5e0e97,dc3ad140-8435-42dc-a27a-39b22a439302,5fc70a9165e6a1fd4bfd1add7ef5452205b2::sa:subagent_006_08898210,2,weka_subagent,7,37574,31168,0,0,31168,6406,27558.38728591334,946.5260410215706,4138.421114999801,1311.5371150197461,33719.590211999996,ec7c9092-7d13-4a28-a58d-44a9c9173080,7,31173,31173,,
00c10009-4ea4-41d7-9d11-5dc8e6a2be18,08e2f6cd-b488-42be-a77f-eabf1fd1f421,08e2f6cd-b488-42be-a77f-eabf1fd1f421,2af7f718cc9974b522a7e4864aac085e5288,50,weka_main,6,181041,179008,0,0,179008,2033,27536.934950039722,900.2250779885799,3012.649582931772,865.720821893774,32451.432415,f89d58ec-6c34-4b4b-b023-45594e789ab4,6,179053,179053,,
75cea2c1-967d-4550-9763-83257b1410ca,0f93749c-d816-46c9-bcd4-3e0fabc74b57,fc64bbe1-c4e9-4ddc-9cf6-1a7dabc2dc7e,4cb074e3cbf03d1709e2b44cbe575807813b::sa:subagent_001_0126ac61,9,weka_subagent,5,52828,43840,0,0,43840,8988,27488.638337003067,0.13084791135042906,3505.097351036966,913.10584906023,32763.025984,7cd6f318-e37c-428f-a72b-2a0d83f49738,5,43875,43875,,
02fa7033-4147-4483-910c-622dbb0eee94,8cc811e9-0aad-46a2-9072-a51e1ef6e109,d746e868-c49d-4acc-b4e8-c9155e64b28d,085411a4cc4b15108dd9b50007261a2efb65::sa:subagent_001_1e54fd0b,22,weka_subagent,6,134902,129984,0,0,129984,4918,27445.893344003707,0.35421596840023994,3080.93103999272,927.5709789944813,32236.697881,c9f28c19-5bb6-470c-a11b-1da2a2f786f4,6,130039,130039,,
083d00a6-d5f6-43a7-9847-47c8372b03de,2b1955bb-a18c-468a-99af-6a1df55885de,2b1955bb-a18c-468a-99af-6a1df55885de,38f9148d19708a1c29ed7c8505f1b82083aa,15,weka_main,3,184446,175936,0,0,175936,8510,27401.520589948632,1438.558224006556,5472.998259006999,1448.266508989036,35239.262104,6333e991-a028-483a-8863-41aed4af34f5,3,175999,175999,,
84caca37-8527-4a10-acfe-117191d084cb,73888042-0d21-4309-bd8e-a1bb0731af12,73888042-0d21-4309-bd8e-a1bb0731af12,11310dce936f02050cadaeae295bcdd1ce7f,293,weka_main,0,740626,738944,0,0,738944,1682,27056.711929966696,0.21722703240811825,1976.7774200299755,797.2023061010987,31397.110298,39b5aacd-922d-417c-bbd6-9754da6a5f4c,0,738957,738957,,
8eabf918-bc32-4ea4-aad2-372b03f3ebc8,0687d3d6-4de4-4c89-864f-3359dbb1ad78,2e65449c-7ec8-4f83-87b6-7f3227b9f1e2,439e5f9ed3159bd826529d8ae5bd1536903f::sa:subagent_057_ae472697,26,weka_subagent,0,66072,65664,0,0,65664,408,27019.72608594224,0.23374706506729126,1915.3204320464283,1059.614280005917,30545.580518,fe878aa7-451e-4803-819d-f6ba27f76228,0,65684,65684,,
5953f0f7-f15d-4916-bc83-06a9f720a010,82746d90-f2c6-47d4-9076-5a2f3081c382,82746d90-f2c6-47d4-9076-5a2f3081c382,58df1d60a757e733f6a572d720e17dabd505,26,weka_main,3,138984,136768,0,0,136768,2216,26925.437328987755,0.1915659522637725,2416.547690052539,1219.1351759247482,30250.550903,3e6e0f0a-08cd-4049-846f-e401a9ead315,3,136806,136806,,
cfa4d91e-dbcc-4d65-913a-90ba272bff85,fd5894c0-e048-4881-a8f9-e216bd35612f,fd5894c0-e048-4881-a8f9-e216bd35612f,006c98de37d819e95b0840e25426bb7ca99d,22,weka_main,4,106665,104960,0,0,104960,1705,26746.574035962112,0.1383080380037427,2840.328452992253,870.7185959210619,30710.972481999997,fd3fcf0a-8bca-44fb-a3a1-43b8ff883ae4,4,104999,104999,,
f63eb446-1844-492d-a9f5-65aba8d9a08d,c9f76ac0-a392-4f1e-8c64-2b4267b11120,95cb6894-2e6b-41e2-a757-f9b32fe8387d,5fc8495d01a2ad301e8ca7879579f2529029::sa:subagent_011_a23cc318,3,weka_subagent,3,39684,36224,0,0,36224,3460,26691.271823015995,0.17618807032704353,2920.5594919621944,1218.7531840754673,31727.513060999998,8167bb68-a444-412b-a8aa-d870d3f9362d,3,36480,36480,,
e906707e-3dd6-4fa5-9b2b-7977b4390dd2,b7b83d9b-04ec-43f6-ac79-8b1d2a98ca9b,b7b83d9b-04ec-43f6-ac79-8b1d2a98ca9b,4b433e21f63822412e0f27d5473da9ea1322,67,weka_main,7,174930,173376,0,0,173376,1554,26689.163372968324,0.16766705084592104,2970.442769001238,1002.063832944259,32328.581469999997,9f2af91f-196a-486a-bbb0-f5144b6868a3,7,173390,173390,,
efb7af83-95a9-4063-9020-6f34f18a016d,1da7f991-c484-4933-8c09-8210744a16cb,1da7f991-c484-4933-8c09-8210744a16cb,46350c0355fa3f1922abb20cf7f5724bd7cd,2,weka_main,4,48639,46656,0,0,46656,1983,26626.23887998052,0.3155060112476349,3014.3005839781836,867.6799070090055,30719.375898,22ff95cf-6949-4341-8e10-fea58a7684a0,4,46719,46719,,
19db8602-5b77-482f-aea2-2effc93c3f82,d3160066-1f97-42a3-bc77-a28f3937fb33,0945436b-3533-4d67-bb04-b328772d1ba1,13b532ee3aaa0a52b05c3bcc472355ab62b4::fa:000,37,weka_flat,2,330028,329344,0,0,329344,684,26509.219456929713,0.1901569776237011,1868.7755910214037,981.6788890166208,31353.617248,539c4380-688e-47e3-8886-9fb92143ff91,2,329960,329960,,
7f5bd6c8-dbc0-4d3a-a97d-1efaaf77e049,2b1955bb-a18c-468a-99af-6a1df55885de,2b1955bb-a18c-468a-99af-6a1df55885de,38f9148d19708a1c29ed7c8505f1b82083aa,32,weka_main,3,268193,265728,0,0,265728,2465,26464.765287935734,0.21102605387568474,3669.8129230644554,1220.4350070096552,32239.936623999998,d0752de4-07a9-4590-9a1a-a0267a6c1a21,3,265758,265758,,
81198624-29f0-48ef-aa3b-3b31e582e87f,680996cc-d574-49cb-9eb2-a16a8fca5aa7,0b49c706-e626-42a3-bca1-66394c69cd9e,61962299108912449a53f411ed3cf2d1c013::sa:subagent_001_97adff5d,5,weka_subagent,2,76152,71680,0,0,71680,4472,26444.29773907177,0.19153801258653402,2441.324185929261,882.6301640365273,31112.951952,36eb13d8-abe1-4e29-a89f-5877e31c4477,2,71733,71733,,
206c5ce3-bac0-4d00-b67d-6890cdca76f3,3c1cad43-8e6f-4ed3-a6f8-b8c19949092d,9b899d40-18e7-4b98-a358-b84033b17ee0,208d6e28928b0b3d3b33db3c690173d15be3::sa:subagent_018_824d9222,9,weka_subagent,2,63924,62720,0,0,62720,1204,26323.35129310377,0.1305779442191124,2304.568255902268,764.6670140093192,30526.460439,ccf786a8-ae42-4d14-b503-de40c861e283,2,62769,62769,,
30cdb14c-5a1a-4b2e-88d1-3da17d58c0de,7d20ccb9-dbff-487b-ac0e-3fc604dcab3c,bd116574-5a17-4ec2-abed-f73c89f007f6,33c12a75f9b49c1983a8d4d1dacb21ff90fe::aux:014,0,weka_flat,5,59643,0,0,0,0,59643,26290.69288203027,0.16714807134121656,14682.961969985627,942.5384700298309,43061.553106,,,,,,
3a146fd7-fde1-4289-bddb-81fb8387cfdc,d70936ca-fbae-4a96-ad21-757a678cf221,eb325a9d-6162-4a78-9bb5-85e99127b5a5,6461675d6680680544f3a15eff53f5de2fdb::sa:subagent_005_1f86d390,7,weka_subagent,3,65808,63104,0,0,63104,2704,26210.90237190947,0.2728140680119395,3539.703733054921,1506.7432610085234,32110.952280999998,a5eacd11-5cee-4e4c-9ba3-162b0b53fa23,3,63117,63117,,
d5b2aa02-603f-441d-9b74-5fb040d293b9,d83e87a3-fc17-4cae-8cd4-696016dc712e,0b49c706-e626-42a3-bca1-66394c69cd9e,61962299108912449a53f411ed3cf2d1c013::sa:subagent_004_4bf41cb2,3,weka_subagent,2,28625,28288,0,0,28288,337,26138.68747698143,0.19757798872888088,1648.587540956214,763.8457940192893,29326.866608,788854d8-bdce-4126-a84f-e28616daad40,2,28304,28304,,
6d9980ab-2e57-401c-9100-1773d365bd65,afda97e4-8cfc-419b-adfc-22ec180f4c68,a4a3f998-63b9-4ea4-8c92-207fc7ec761c,1a271af3dedd40be2efd413ef35fe7f0f53b::fa:002,11,weka_flat,7,266941,265920,0,0,265920,1021,26137.72151991725,0.14842906966805458,1647.9902090504766,1364.8537819972262,29433.179018,7fcced8a-abc9-422c-8144-714a02e1af1b,7,265977,265977,,
ed55ad90-dd14-4620-aeb3-d4854acf90af,485c7ddd-643a-42f4-a1fd-8e933f7eaa55,0b49c706-e626-42a3-bca1-66394c69cd9e,61962299108912449a53f411ed3cf2d1c013::sa:subagent_003_ef297c16,6,weka_subagent,2,28886,27520,0,0,27520,1366,26052.507676999085,0.19120797514915466,1618.2539199944586,608.3721739705652,28872.453655999998,485ebb8c-8f7a-429f-9f7c-1822512fe70b,2,27540,27540,,
e0129543-4fdd-46fd-bfec-e964bba4beac,2e14a1a8-fc13-4341-9934-f0a50fc660bc,2b3ea077-68ff-4ced-b121-c60b65ae65a3,0ede42538334da8586bc60008762abfc0ab7::sa:subagent_006_227ebcb4,36,weka_subagent,0,83324,82944,0,0,82944,380,25974.725010921247,0.19853003323078156,2404.523479985073,1017.7862490527332,31620.485017,144d2255-d677-4891-b935-64234e0f904c,0,83000,83000,,
710b25c1-f1d0-4d74-a4cc-4f7797e2d2ea,fd028555-29f9-474e-a5da-71cdc67025fa,c3fd6123-0d6e-44b7-806f-f2ed5792ef08,5574c0b4f3781f347f747d6d0a85441d51ba::fa:000,20,weka_flat,0,126098,123584,0,0,123584,2514,25963.99477100931,0.37074496503919363,1918.0467100813985,1053.7596680223942,31057.711678,6af6a6b8-b97b-40c0-a889-ca68c037527d,0,123598,123598,,
b591a78c-89d1-4d07-94fb-49d9e5ee133d,2beb96b0-253f-4aa1-92be-f17ab4ef9798,2e65449c-7ec8-4f83-87b6-7f3227b9f1e2,439e5f9ed3159bd826529d8ae5bd1536903f::sa:subagent_081_cf430c1e,9,weka_subagent,0,32115,30080,0,0,30080,2035,25963.965710951015,0.19294803496450186,2947.0487150829285,853.4782470669597,32641.273140999998,275be4f2-b4a7-4489-bc85-79aeeeeed1b7,0,30130,30130,,
96363b15-9a31-42a7-83ab-79117ecfd36c,122d918b-992c-4f00-b9d4-7116a469901e,122d918b-992c-4f00-b9d4-7116a469901e,0d41be2aa98333f3662682210647e5971c7b,23,weka_main,6,121455,117824,0,0,117824,3631,25786.96639998816,0.18469698261469603,2843.61879597418,872.1906510181725,29979.201715,53868b30-d502-4f2f-a990-21328b57e685,6,117870,117870,,
cb563639-75fe-4210-af22-4cab7390a60d,b5be0137-bddb-403d-ae19-72fbed3984d3,b5be0137-bddb-403d-ae19-72fbed3984d3,1d8a2c1d4dc1f585337036c6ad60e1ce5eb3,153,weka_main,7,470423,468928,0,0,468928,1495,25776.026610052213,0.17220689915120602,2974.9719109386206,2047.1129789948463,32529.014505,b0ee3879-e418-41e8-ae8b-36329a9cb8e4,7,468946,468946,,
aed411fe-1a42-4f9e-a7d0-32700188abd3,fd028555-29f9-474e-a5da-71cdc67025fa,c3fd6123-0d6e-44b7-806f-f2ed5792ef08,5574c0b4f3781f347f747d6d0a85441d51ba::fa:000,13,weka_flat,0,100480,98688,0,0,98688,1792,25751.578831928782,0.1975970808416605,1837.7340560546145,830.7665151078254,28612.8291,1b75abf2-723e-4fdf-861b-7af8d06e1e77,0,98688,98688,,
e191e6f3-d164-4060-935e-41f652452cc3,1c71a319-7853-412e-ae32-308ec0aea234,e81e3cff-6940-40b0-963e-7b2dd49a6311,57f2a77e2d331c0bd73b6fcf3157d48b4190::fa:001,13,weka_flat,0,67878,64448,0,0,64448,3430,25487.29875893332,0.17277803272008896,2770.3834450803697,925.1935180509463,29576.383959,f20581b8-cf7f-43e9-a17d-1f8efca2824a,0,64483,64483,,
33bb6ee8-cd2e-40a5-9c7e-f23662895815,d544e59c-cdb8-4ac9-af6c-663ee041dbaa,e81e3cff-6940-40b0-963e-7b2dd49a6311,57f2a77e2d331c0bd73b6fcf3157d48b4190::sa:subagent_001_62b22faa,53,weka_subagent,7,84156,83648,0,0,83648,508,25314.019054058008,0.3538769669830799,1645.588508923538,941.8676750501618,30567.877878,01d78814-fba3-4997-be36-6c611a46b61b,7,83703,83703,,
edccb391-d665-4085-a255-f60a17042d94,3c7d3ced-df20-421b-a228-5bfcde78357d,3c7d3ced-df20-421b-a228-5bfcde78357d,4c7288cfa9373e0a49308bb974b43d422ab5,23,weka_main,7,124974,119104,0,0,119104,5870,25313.994363998063,0.2002880210056901,3302.4674239568412,774.3478600168601,30237.510705999997,105524fe-57ec-4c57-b714-03733e2039be,7,119152,119152,,
841bccd6-b050-4274-a5d6-dd363d8100e3,e4bcd626-c5e8-4fad-bc56-1433e47776a4,67290e5e-f6eb-4d5a-a449-52ff6e140368,61c4d4d16f2ff84b31dc5970560c55d07dc7::fa:001,2,weka_flat,2,41283,36096,0,0,36096,5187,25265.012155054137,0.37567701656371355,2403.4347810084,609.1092450078577,29082.646323999998,273b88af-95a6-406b-bb37-88f89da7fc4b,2,36157,36157,,
31bc1e88-dad3-4f5e-b597-cba0eb6c4405,680996cc-d574-49cb-9eb2-a16a8fca5aa7,0b49c706-e626-42a3-bca1-66394c69cd9e,61962299108912449a53f411ed3cf2d1c013::sa:subagent_001_97adff5d,8,weka_subagent,2,109563,94400,0,0,94400,15163,25091.423586942255,0.20727701485157013,6629.951948998496,1042.093932046555,35202.669934,c4111825-de02-470f-a496-773f1711e697,2,94457,94457,,
4291da29-a5f5-41c2-9782-c8914ff12e88,f973314b-1d05-4465-bfa9-037665ac5d5a,728d4cad-1ccd-421c-943b-61f95cee7015,3b1ee678c29a1a23e4a74d67354731cc27f3::fa:000,19,weka_flat,2,240615,237184,0,0,237184,3431,25046.45360109862,0.259427004493773,3479.9881539074704,1467.6023590145633,30359.586379,ad708c2a-6e75-4e60-8774-e052ef05abb2,2,237224,237224,,
711c849e-0cf4-4ba7-8fc1-e986f63cb3f3,1ca488fb-a226-4898-9c41-67b792298601,6cdf6425-f6b1-4d32-8315-7da85151f224,3e573575f7a9f0d647460e769c0a64e71d59::sa:subagent_007_e1ceeaa7,0,weka_subagent,5,20040,19200,0,0,19200,840,24957.750494941138,0.11817808263003826,1746.687815990299,909.454707056284,27640.072491,,,,,,
152269c4-9f8a-4af5-812a-cf2602deea17,7d463c68-6300-49a1-9227-a1dce981683b,0d38cf80-2c81-4832-abfd-72290c401a54,2654d8b687d9c22001c25155ff2a69840acc::sa:subagent_001_55a78537,167,weka_subagent,7,233622,233024,0,0,233024,598,24956.680572009645,0.16438693273812532,1937.9417409654707,926.3634860981256,30126.545896,a089b1c0-64b3-45d1-85df-da7d0d37691a,7,233043,233043,,
5678095b-43d5-4aa4-825e-69565124e212,b5be0137-bddb-403d-ae19-72fbed3984d3,b5be0137-bddb-403d-ae19-72fbed3984d3,1d8a2c1d4dc1f585337036c6ad60e1ce5eb3,119,weka_main,7,409608,401984,0,0,401984,7624,24952.02538103331,0.3929039230570197,5653.854649979621,961.3705979427323,32692.689917,64b881cd-6985-488b-9c13-263f9cb48f9e,7,401987,401987,,
22704bef-6731-49bb-b4e9-f35bdc476f7a,29774b56-b07e-4b09-a013-6a4a324caadf,115c9363-c814-4c2e-b848-4352ec33835d,1499c406c828e8fe6b6af697e7799c6a715b::fa:002,25,weka_flat,3,152814,150208,0,0,150208,2606,24917.935235076584,0.43036695569753647,1997.1748429816216,1069.2078010179102,28052.636395999998,c7c3ffcf-0b20-439e-ab8e-01036255e577,3,150252,150252,,
65afebba-1e69-4d2a-a561-8ef0907c957b,c3452f30-038f-4a96-8e73-4df50cb038de,ebd778cb-c17c-4939-a2dc-d0091acd2fcc,0470d446a4514dfe0c6ad0be92853bd13287::fa:009,77,weka_flat,3,126057,125376,0,0,125376,681,24917.905256035738,0.24302303791046143,2002.6011459995061,1069.18118102476,28451.803185999997,1628a59f-7481-4aa0-8781-9b21abf8f554,3,125412,125412,,
a8867636-4cdc-4a17-8e4e-b23afe3f059e,680996cc-d574-49cb-9eb2-a16a8fca5aa7,0b49c706-e626-42a3-bca1-66394c69cd9e,61962299108912449a53f411ed3cf2d1c013::sa:subagent_001_97adff5d,15,weka_subagent,2,139340,137344,0,0,137344,1996,24815.805037040263,0.2869369927793741,3247.6828020298854,1300.7882739184424,29371.641862999997,a78cd27e-b74d-4f0e-8335-95b0d949b450,2,137352,137352,,
93f34e08-a8b6-418a-919e-4b17158894ef,e40d215c-11ae-4789-8cd5-7bc2e086e58e,e40d215c-11ae-4789-8cd5-7bc2e086e58e,4dbd24a9e3ac2103166bac86017ffb696394,15,weka_main,7,104401,102464,0,0,102464,1937,24807.839254965074,0.18921704031527042,3317.126802983694,927.9659820022061,29625.035472,f21e0e49-615c-4488-8b07-80b5d5a6d952,7,102477,102477,,
1d6c8727-959f-4905-93d7-07188be46f89,e854ac05-1614-4bc5-b958-cf71872ce73c,1da7f991-c484-4933-8c09-8210744a16cb,46350c0355fa3f1922abb20cf7f5724bd7cd::sa:subagent_002_ca33d26e,9,weka_subagent,0,68632,63232,0,0,63232,5400,24682.648605084978,0.3607949474826455,4346.499954932369,804.8244920792058,31175.662145,0a96cd97-18d5-4583-8c7a-575591c330e8,0,63260,63260,,
2be55fda-4701-463e-b935-ba93d4e8395b,bfd62a78-fe12-481f-82ac-61cdb4243f5a,bfd62a78-fe12-481f-82ac-61cdb4243f5a,4b5b64c7c1aa215a5177db1a78083cccce9d,4,weka_main,4,81015,78144,0,0,78144,2871,24447.231262922287,0.1573080662637949,1767.5182620296255,869.404295925051,26996.947148,2dc6e160-cc24-46aa-8f23-2fb91e31cf67,4,78203,78203,,
fc369c70-2447-4164-8738-0be0996dd823,fa46cf45-02cd-4718-afa2-3f70e26ed0f9,fa46cf45-02cd-4718-afa2-3f70e26ed0f9,6a66ece7b14e61912eb266be794a6bf62faf,9,weka_main,0,51982,51648,0,0,51648,334,24392.00927002821,0.2165059559047222,1932.333705946803,775.4982309415936,28804.374442999997,181c9b1a-c452-4cb6-a0f3-ad9a7180a00b,0,51658,51658,,
c69c1132-0772-474e-a506-d86d15d21e94,b7b83d9b-04ec-43f6-ac79-8b1d2a98ca9b,b7b83d9b-04ec-43f6-ac79-8b1d2a98ca9b,4b433e21f63822412e0f27d5473da9ea1322,41,weka_main,7,141836,138944,0,0,138944,2892,24356.189021957107,0.30952703673392534,2403.7775460164994,615.9957660129294,28079.123368999997,0292710c-5e7c-4e70-be2a-5690f283d01f,7,138956,138956,,
57674c26-4d00-4447-b5b4-cf1bec1ca13f,80ff1aba-68a7-4db4-98d1-a345fc20c1ab,80ff1aba-68a7-4db4-98d1-a345fc20c1ab,5d0050ea4e9604db7d3244237a8065e15def,1,weka_main,1,105316,88640,0,0,88640,16676,24015.929237008095,0.19734702073037624,8315.842558979057,1201.873680925928,33769.467015999995,ef4e425d-2407-4b77-bddd-0bc0e05d6e8b,1,88688,88688,,
150f90a5-077b-411c-9120-cc0c5ed3a72c,b94bfd39-ba02-4c67-ba6a-cbefffce18e6,ff7d7f01-3776-40b8-86dd-ba3f2042f260,55a0906aeb5c8d3b40e7ddc4c61999d1eac4::sa:subagent_002_bdf5df90,4,weka_subagent,1,45709,40960,0,0,40960,4749,24005.19388401881,0.18625601660460234,3162.1043930063024,1341.3651790469885,31962.895677999997,ca5316c0-9800-41c5-992d-6a9df009cc99,1,40974,40974,,
c68cb46d-0474-46c5-a4dd-ed31e3704716,b148e410-6464-494d-a905-f16c8b75fecf,b148e410-6464-494d-a905-f16c8b75fecf,48f9644a9b17cade09142b3d8f964bea35be,21,weka_main,0,163243,162304,0,0,162304,939,24001.633573090658,0.4017750034108758,2224.005457945168,851.7469869693741,29908.491844999997,0263dd0a-44a1-4e43-a28a-5f9da582a27e,0,162343,162343,,
d1de8aad-154b-4f9b-a1de-177a6af005b8,57015d70-96d5-4fd5-ae1f-a71ee64dbb97,2e65449c-7ec8-4f83-87b6-7f3227b9f1e2,439e5f9ed3159bd826529d8ae5bd1536903f::sa:subagent_079_a60cd6f6,11,weka_subagent,0,35055,34688,0,0,34688,367,24001.602823031135,0.21777802612632513,2228.6326739704236,843.6282409820706,29284.205504999998,deb53ee2-9dda-44fc-a9c4-fe6e583256ef,0,34731,34731,,
6f8669b7-5034-4ec9-b4d7-3552ad8aa0ad,b1f6fa8e-9196-453f-938a-51d94cc8810b,6cdf6425-f6b1-4d32-8315-7da85151f224,3e573575f7a9f0d647460e769c0a64e71d59::sa:subagent_005_e6261ef0,1,weka_subagent,5,24261,20096,0,0,20096,4165,23941.804275964387,1106.4988010330126,3294.1220499342307,989.8357940837741,30681.974216,7a9409f9-6d75-4ef6-b684-8fade836e7c6,5,20103,20103,,
84b7d667-69f9-4a04-b1c2-8d676c76d0ca,c0861b7f-91dc-4639-8433-20e66fa3381c,2e65449c-7ec8-4f83-87b6-7f3227b9f1e2,439e5f9ed3159bd826529d8ae5bd1536903f::sa:subagent_017_eeb12bae,4,weka_subagent,0,28313,27840,0,0,27840,473,23879.18816797901,0.18097099382430315,2406.791062094271,1017.1609770040959,29149.754136,3f2c1f70-dbe5-4ee5-8215-e90330a2a11b,0,27864,27864,,
2128806f-523c-4ebd-b167-821466736635,d1e48c26-88aa-4c32-872a-f96c76b06abb,d1e48c26-88aa-4c32-872a-f96c76b06abb,43d1f727aec4d8b3f2aec42f816e7fabe193,18,weka_main,5,116002,114304,0,0,114304,1698,23649.75851390045,0.1648060278967023,3736.1387140117586,908.9322939980775,28469.576454,d5692227-890a-4ad7-8ded-f5e71d1cfb92,5,114336,114336,,
14ee5cd8-ee82-4594-8285-57b792dcbff9,e40d215c-11ae-4789-8cd5-7bc2e086e58e,e40d215c-11ae-4789-8cd5-7bc2e086e58e,4dbd24a9e3ac2103166bac86017ffb696394,6,weka_main,7,82051,79040,0,0,79040,3011,23644.96105199214,0.2782270312309265,2863.7400940060616,1181.5897069172934,27378.32304,6172af77-3ac9-4f9a-af8a-c46560e01ab4,7,79040,79040,,
0f35753a-b23a-4140-bd02-27f60a34b463,a58c919a-5bdf-4619-a482-24b5be5356f7,b72ce93e-8d41-4a45-b5a8-4e828b3e716f,578354185933aedcdc6c17fbfbfcfb48876b::sa:subagent_001_bd5df00b,10,weka_subagent,0,66319,62144,0,0,62144,4175,23572.126342915,0.2539670094847679,2898.3777570538223,919.0957610262558,28023.596881999998,32179900-d8fc-4c93-995a-67ed5886f32a,0,62157,62157,,
bc1ccc21-213b-4d6c-aa0e-3605f0c8cc43,d1e48c26-88aa-4c32-872a-f96c76b06abb,d1e48c26-88aa-4c32-872a-f96c76b06abb,43d1f727aec4d8b3f2aec42f816e7fabe193,54,weka_main,5,216438,213504,0,0,213504,2934,23565.19944302272,0.30742399394512177,3582.49648893252,1605.6804809486493,28361.042404,4aeeefa5-3c6c-4f78-a5f9-fa7bd7fb650b,5,213556,213556,,
6efe41e4-f7ae-4c5a-bb44-0840b84b1ccd,4ae4fe56-9ee1-4057-927c-2b3800ac8e83,6cdf6425-f6b1-4d32-8315-7da85151f224,3e573575f7a9f0d647460e769c0a64e71d59::sa:subagent_006_e076f9e0,12,weka_subagent,5,44715,43904,0,0,43904,811,23565.174573101103,0.16390695236623287,5180.748665938154,984.1073880670592,31599.438055,3aea0e0b-2114-4caa-afd0-7f6acb82e8c2,5,43944,43944,,
853a76b0-7bdd-4a52-8f35-019b3511c7bd,a4433251-2ff4-4422-9f04-727dd84855f4,3025707b-b8a6-48ea-833a-af55c71cf415,212e46e294bd09113e425ebc8a430cc528a6::sa:subagent_008_a648d1c5,1,weka_subagent,5,38857,28544,2624,0,31168,7689,23552.70320805721,0.15986792277544737,2690.8779059303924,633.8017979869619,26557.338595999998,ae86387f-8896-47dc-be29-1c6f465ebb72,5,31175,31175,,
bce8a544-1268-4f01-90c6-6e2b2c2219e3,b7b83d9b-04ec-43f6-ac79-8b1d2a98ca9b,b7b83d9b-04ec-43f6-ac79-8b1d2a98ca9b,4b433e21f63822412e0f27d5473da9ea1322,14,weka_main,7,91855,89344,0,0,89344,2511,23526.21452405583,0.39518496487289667,1923.5981589881703,1180.3804490482435,31028.746916,0d2fd616-a13c-4447-b0d8-af5e38227b01,7,89357,89357,,
81c654ea-6350-4415-a4b0-21ee5c1aacb0,558f96fd-4279-444c-9965-f026cc530246,558f96fd-4279-444c-9965-f026cc530246,458bc16a2a50e993cc97c108d4d19cb9f453,26,weka_main,7,146290,143424,0,0,143424,2866,23526.188874035142,0.2234770217910409,3090.859599993564,1153.810468968004,30217.498363,cf7a97b9-e154-469e-9e58-65dd15167a48,7,143469,143469,,
a6206b66-bdff-4214-b124-6d75c99a9762,7ea50c9c-e0ed-4e12-99f8-97c87c7f956e,7ea50c9c-e0ed-4e12-99f8-97c87c7f956e,6a24d0277a28e652b9e10c05478a314fa2c2,4,weka_main,5,106683,104960,0,0,104960,1723,23432.95137200039,0.11958705727010965,1994.897851953283,1119.2020999733359,27607.02481,73dd1d7e-0c3e-43ac-bb2b-d0721fb7e913,5,105017,105017,,
d625b171-1064-463a-977b-e98324f85e62,1efdb18f-199a-457b-93d3-aad42a2b45e5,3025707b-b8a6-48ea-833a-af55c71cf415,212e46e294bd09113e425ebc8a430cc528a6::sa:subagent_009_f452d54b,1,weka_subagent,5,37191,28544,2624,0,31168,6023,23353.192182956263,0.1771179959177971,2353.217083029449,620.2287230407819,26467.024691,78d6221c-45e8-414f-88c2-d0853736077e,5,31174,31174,,
8f5db2cb-c089-49e0-9c99-75c9e397ae20,b1f6fa8e-9196-453f-938a-51d94cc8810b,6cdf6425-f6b1-4d32-8315-7da85151f224,3e573575f7a9f0d647460e769c0a64e71d59::sa:subagent_005_e6261ef0,12,weka_subagent,5,36011,35072,0,0,35072,939,23348.601792007685,0.14141702558845282,5108.025574940257,1608.6757489247248,31200.438661,00d862ba-690b-415b-89d7-d6c86a8a253c,5,35112,35112,,
84da03f3-5618-4b67-b47e-3f387d28c86c,8682983c-b8f6-4fe5-9ff8-893e95239d01,8682983c-b8f6-4fe5-9ff8-893e95239d01,5b6e131844fbcb4a57f8cf516831dc679004,55,weka_main,6,155080,153792,0,0,153792,1288,23347.790234955028,0.17673708498477936,2616.705344989896,998.7983480095863,27029.502292999998,eb533994-e565-4317-977f-900d051ba734,6,153797,153797,,
273b88af-95a6-406b-bb37-88f89da7fc4b,e4bcd626-c5e8-4fad-bc56-1433e47776a4,67290e5e-f6eb-4d5a-a449-52ff6e140368,61c4d4d16f2ff84b31dc5970560c55d07dc7::fa:001,1,weka_flat,2,36157,33344,0,0,33344,2813,23328.68043205235,0.23056694772094488,4827.656882000156,1658.1124560907483,30608.787719,59f34524-ff47-4e79-bf59-5e49f40479db,2,33398,33398,,
fe1293fc-de0c-44b7-a20f-39fc93cd18aa,780b2625-ea2e-4e41-831f-3671191f9741,b72ce93e-8d41-4a45-b5a8-4e828b3e716f,578354185933aedcdc6c17fbfbfcfb48876b::sa:subagent_002_e01eb26a,19,weka_subagent,2,81374,80448,0,0,80448,926,23277.318861917593,0.1490580616518855,3164.0709600178525,1584.8732820013538,27799.531623,cd80eabb-99a4-462f-b3f2-3805212c20d5,2,80475,80475,,
f943b7de-150b-4b1c-906d-40af44e7b5fa,97b70d54-46aa-4606-b15c-6ee0ab51fa6c,3cd77a9c-ea79-4997-a4d6-45188b4506cb,16e46bc4d9e121ffbd67ada51cb3f965342f::fa:001,200,weka_flat,3,648517,645888,0,0,645888,2629,23265.98326396197,0.16885704826563597,2664.6929520647973,710.2812490193173,28178.276276,b3834eda-6cd0-4ad4-97dd-6d7750d995a5,3,645888,645888,,
2bfb46eb-e970-42d0-b30e-143e1c0c7153,53b4bb9c-2a57-4d2a-a35f-ef3a56fe2439,62cea908-8cb7-43b2-9b79-e9d01d18e010,63d3960fcc384388d5e7e4df8287cd1be081::fa:005,4,weka_flat,3,140778,140416,0,0,140416,362,23264.312747051008,0.17328793182969093,1782.4314900208265,147.3319330252707,26132.711746999998,a0f50c9f-8c94-49e1-a288-a2de9c0193e3,3,140906,140778,,
d9e29fa9-5a32-448d-b7e0-f48a9bdf382b,57735058-7eab-45fe-968a-5b29e18fa680,57735058-7eab-45fe-968a-5b29e18fa680,6359dd402eb0e2361bf439699c52f5cfea38,34,weka_main,5,115938,113664,0,0,113664,2274,23231.910087983124,0.14394603203982115,2637.998003978282,920.0754530029371,26779.31746,eae00bbb-791b-4649-998e-1c0219c3d140,5,113695,113695,,
0dc11908-ce82-4f8d-accc-fa9ae1b895f6,0aa23391-a769-45fe-a1ff-a14da0cc01bd,b148e410-6464-494d-a905-f16c8b75fecf,48f9644a9b17cade09142b3d8f964bea35be::sa:subagent_002_9af4bd2e,1,weka_subagent,1,48448,44224,0,0,44224,4224,23216.38966491446,0.15872810035943985,2991.112405085005,946.677313069813,26802.211234,18beb344-cf35-4652-96a9-9fcea022e749,1,44282,44282,,
43da0c01-7cbc-4a0a-ae7d-27b9838c7c9b,34f71a99-fc26-42dc-9bc3-963f5292e654,34f71a99-fc26-42dc-9bc3-963f5292e654,509ad65c576a007df9c0cf1e9863874da21d,12,weka_main,5,106683,104704,0,0,104704,1979,23159.76164804306,0.4539299989119172,1864.902748959139,918.6970830196515,26422.142668999997,775e1a3c-b598-4089-b7de-7f130a5898b3,5,104760,104760,,
18e6e70a-f68f-46f7-b4d2-01248405fae9,80edc006-2d6d-4579-9f0d-0d2c3c287d11,80edc006-2d6d-4579-9f0d-0d2c3c287d11,5d69b5bc9f47a348d1bcea4e584466876ba1,21,weka_main,5,161993,156160,0,0,156160,5833,23159.73583899904,0.2974630333483219,4165.442619007081,1022.6793389301747,30928.303932,6b04d8b1-2dd2-42f9-843d-a2c4b565a6f0,5,156165,156165,,
da57d99e-8716-4715-a45b-b967baa04dbd,c83a5503-74cd-49c6-be4e-e414770a7bfc,fcf6c08c-11f5-44b8-9cbb-255c96a724d8,0a279af1bec84c6ab033bb03f5d8bfd6b08d::fa:000,16,weka_flat,5,232663,230784,0,0,230784,1879,23032.997534959577,0.1505980035290122,2190.979451057501,1128.3212669659406,27317.889396,84cd9e5b-8d8d-4f95-a18e-285c0ee760c4,5,230804,230804,,
cb614be4-1038-4efb-a95b-b598dc2c34eb,4ae4fe56-9ee1-4057-927c-2b3800ac8e83,6cdf6425-f6b1-4d32-8315-7da85151f224,3e573575f7a9f0d647460e769c0a64e71d59::sa:subagent_006_e076f9e0,1,weka_subagent,5,23624,20096,0,0,20096,3528,22967.586137005128,0.16705691814422607,3375.4842759808525,1122.7897399803624,28059.840901,68e39801-3f92-49ae-a541-a16d429c28a5,5,20104,20104,,
2134fe73-e5da-45cd-8af8-fe12c6ef2c8a,38e1cbde-1938-4ff9-a976-c8aeddd0f986,d5a2d15d-8818-419f-86fa-3d3e086a5ecf,20c87b0b00ac5895cc4528c971b71cce3960::fa:000,16,weka_flat,2,130389,128128,0,0,128128,2261,22843.110075918958,0.16335805412381887,2848.7033010460436,979.2900179745629,26397.228524,926f77f8-82b0-4d13-91dc-723231d9e6cd,2,128149,128149,,
2f42eefc-10dd-4058-9e18-e949cc54cbea,870664cf-3f94-4ce3-85f0-2af17127973a,1da7f991-c484-4933-8c09-8210744a16cb,46350c0355fa3f1922abb20cf7f5724bd7cd::sa:subagent_005_35b96488,3,weka_subagent,0,37265,35904,0,0,35904,1361,22827.48340407852,0.2150579821318388,3085.465600946918,1521.602162043564,26915.947075,ff0bd4ee-e476-4d0b-af6a-80897b78a520,0,35919,35919,,
0a871958-a7e6-4c32-badc-69e68738a8c0,e712b3ef-df1d-4552-b101-43fb4d680a0b,2e65449c-7ec8-4f83-87b6-7f3227b9f1e2,439e5f9ed3159bd826529d8ae5bd1536903f::sa:subagent_041_87ccafba,0,weka_subagent,2,26698,23168,0,0,23168,3530,22621.611649985425,0.22849603556096554,3179.327523917891,1183.963485993445,26728.910611,,,,,,
e9fe84b7-4168-43a4-a4b1-7b13bf9e597b,4646b866-bc51-463c-b13f-7ebb2cb5204e,4646b866-bc51-463c-b13f-7ebb2cb5204e,43eb23b676fb4a9f9bccbc568dbca0d6b352,20,weka_main,0,135708,133440,0,0,133440,2268,22451.705917948857,0.26461598463356495,2651.9050700590014,824.5391569798812,28105.454233,e651158c-fcd9-4545-8630-1aeb3d304bc9,0,133463,133463,,
53dfc547-25b1-4d8d-a701-a604e3d8de82,b589df1c-8fef-4d46-9823-e93e48e57545,b589df1c-8fef-4d46-9823-e93e48e57545,3cb1c6dc71a21714587287306ebe52748568,23,weka_main,2,204243,203520,0,0,203520,723,22442.507850937545,0.2585570327937603,2644.9715789640322,1467.6706079626456,26619.040872999998,6204064e-c199-4d41-bdab-9a66603d7659,2,203535,203535,,
64634a43-6d32-4580-b4eb-869a31bd7537,c72ed4ca-5c13-41fc-bf52-e41a99772dc5,2e65449c-7ec8-4f83-87b6-7f3227b9f1e2,439e5f9ed3159bd826529d8ae5bd1536903f::sa:subagent_084_4b9f4b21,2,weka_subagent,0,28179,27904,0,0,27904,275,22310.5878951028,0.3351859049871564,2237.33109398745,842.9602079559118,27767.611194999998,d5721c85-6b18-4a4f-b835-00e4d908a20a,0,27920,27920,,
e79d9e68-5b4a-4cdb-8b28-be5fac381504,9d5ec7aa-36b2-4cd7-af64-8dfb434aaa43,9d5ec7aa-36b2-4cd7-af64-8dfb434aaa43,5ca97cc975a39a898d775b63881b22fe178e,19,weka_main,1,69941,65664,0,0,65664,4277,22241.531730047427,0.2539469860494137,3508.505487930961,1098.6188889946789,27039.040324999998,026610f7-d599-4d8b-85e1-42a824c28896,1,65712,65712,,
a8a45a1a-4657-4fa7-9783-1e4e37a3071a,f4b5dd3f-f6e6-40cd-8324-0b07c9e5a0d1,2e65449c-7ec8-4f83-87b6-7f3227b9f1e2,439e5f9ed3159bd826529d8ae5bd1536903f::sa:subagent_040_759095c6,13,weka_subagent,2,38770,37568,0,0,37568,1202,22212.23593596369,0.5471940385177732,3188.1693289615214,1727.4687660392374,27294.969758,59519f31-087f-412b-946d-f8f9e86c32f2,2,37616,37616,,
e0fe416e-44ef-4472-ac25-b846c448b286,d83e87a3-fc17-4cae-8cd4-696016dc712e,0b49c706-e626-42a3-bca1-66394c69cd9e,61962299108912449a53f411ed3cf2d1c013::sa:subagent_004_4bf41cb2,1,weka_subagent,2,27275,20800,0,0,20800,6475,22212.189277051948,0.336505938321352,6623.999323928729,1763.8421700103208,30413.856117,1e44c467-07d9-470a-b91a-2ccb5d04e83f,2,20807,20807,,
6d7cc2ce-8185-40ec-8b4b-b4f05a769a57,3ea3a8f5-3345-43a7-b857-201453426210,95cb6894-2e6b-41e2-a757-f9b32fe8387d,5fc8495d01a2ad301e8ca7879579f2529029::sa:subagent_010_74c75d78,4,weka_subagent,3,42054,39744,0,0,39744,2310,22130.869309068657,0.2087779575958848,1129.8710269620642,70.04311599303037,23989.302793,05e6e847-8b6f-45cd-b487-49065200da39,3,39749,39749,,
989cccc8-9470-4df9-a871-ef66d445f86d,02c53a22-3b31-4b67-a962-ee8609063877,ebd778cb-c17c-4939-a2dc-d0091acd2fcc,0470d446a4514dfe0c6ad0be92853bd13287::sa:subagent_001_28e3add7,1,weka_subagent,7,23619,0,0,0,0,23619,21822.916685952805,0.18321804236620665,6255.683145020157,943.1501199724153,31487.731571999997,0026bc0e-34a6-4f7c-ba7e-a3f36e5ee017,7,23104,23104,,
bad0f40f-1dc4-4e3e-aeae-96d80dd862fe,ff039c5e-6041-45d2-8fc4-3fc8947077b5,15a81f9b-f63f-4d8e-a19b-d60ab2db924c,4e687509d3c9c0afa7cc8b884d120eeb0d79::sa:subagent_002_d5123bf8,39,weka_subagent,7,287207,285504,0,0,285504,1703,21809.53537405003,0.23071502801030874,2463.107663905248,856.0260960366577,29154.022203,c806aac2-1f2f-401b-8bc2-f82491bdacfb,7,285542,285542,,
921617d5-ffa3-4fd5-913f-bca143d85832,7678c662-c35a-4aba-a6ee-908f827d54fb,7678c662-c35a-4aba-a6ee-908f827d54fb,4ba38d0b213f0aeab695e16da9c91635a817,2,weka_main,4,76797,74304,0,0,74304,2493,21785.386482952163,0.15164806973189116,2970.9914790000767,720.049818046391,25367.882451999998,80e05904-6474-4abb-927d-7b7cb9fb2458,4,74360,74360,,
90fa6134-89d0-4263-89b0-73cc996e520a,485c7ddd-643a-42f4-a1fd-8e933f7eaa55,0b49c706-e626-42a3-bca1-66394c69cd9e,61962299108912449a53f411ed3cf2d1c013::sa:subagent_003_ef297c16,1,weka_subagent,2,23818,20608,0,0,20608,3210,21740.52832799498,0.2199480077251792,4744.3613660288975,1650.3031470347196,27517.899633999998,3d30574a-8578-46c4-8e0e-29ec0ab73346,2,20620,20620,,
3bd5b8ff-6e91-460a-8907-507e1f1e24ce,2c2a9dbf-f28b-42d8-835e-94b9694db402,0b49c706-e626-42a3-bca1-66394c69cd9e,61962299108912449a53f411ed3cf2d1c013::sa:subagent_002_6e6558e9,1,weka_subagent,2,25291,21120,0,0,21120,4171,21734.795575030148,0.43061503674834967,4807.004183996469,1614.2732090083882,28315.92138,6e3039dc-5ac4-4342-a3cf-48b317200279,2,21129,21129,,
147df792-f687-4eee-84a2-184183152507,e449332d-c2e6-4164-b39b-91d0e7943b8f,b148e410-6464-494d-a905-f16c8b75fecf,48f9644a9b17cade09142b3d8f964bea35be::sa:subagent_003_ac104aef,6,weka_subagent,7,72326,71104,0,0,71104,1222,21694.416034966707,0.3581559285521507,2078.1654230086133,1152.76503295172,28144.84244,cba0b7de-9835-4210-b213-384e8f4fa39c,7,71107,71107,,
05943567-419d-4f57-b1bb-d2599770ca58,a4995410-42f5-4def-a036-feeb02a0e2d5,a4995410-42f5-4def-a036-feeb02a0e2d5,2a4f3506ac5efa421d361390686f34c038e7,38,weka_main,7,140318,139904,0,0,139904,414,21694.38245589845,0.19188702572137117,2080.21661802195,1151.2263509212062,27772.092284,670de866-6df7-4142-a1e4-8e3c82d04f1d,7,139930,139930,,
5020ed31-26bb-4a10-b5fa-05342cb293ec,c83a5503-74cd-49c6-be4e-e414770a7bfc,fcf6c08c-11f5-44b8-9cbb-255c96a724d8,0a279af1bec84c6ab033bb03f5d8bfd6b08d::fa:000,3,weka_flat,5,205175,201792,0,0,201792,3383,21604.445068049245,0.19732897635549307,2676.985769998282,688.8470859266818,26442.954999999998,4dab79ea-32da-4b06-9556-65a85496480c,5,201841,201841,,
9cf1a64c-f0af-476a-b1fa-3ff7cc0d0fbe,d3160066-1f97-42a3-bc77-a28f3937fb33,0945436b-3533-4d67-bb04-b328772d1ba1,13b532ee3aaa0a52b05c3bcc472355ab62b4::fa:000,50,weka_flat,2,352388,350720,0,0,350720,1668,21604.008095921017,0.22688601166009903,3204.3193039717153,1173.7306920113042,26593.363092,cd644de2-4d07-48d7-9c7f-a7b963df3bdd,2,350723,350723,,
7d3f03fc-dcc7-46e4-a986-170529cf75c3,f56c7f84-0d39-41ef-ae1e-976e24f996fc,12f5162a-87b2-4d4d-bd2c-e705dbb401fa,5ed3de2b572d237576f034af300c1a1f65d3::sa:subagent_003_f5a11a71,2,weka_subagent,0,39046,37568,0,0,37568,1478,21529.7239680076,0.36933599039912224,4380.242652958259,1523.2116229599342,27154.248757999998,81d99447-6fcb-4769-a525-48b4073ddcd7,0,37570,37570,,
b31fa899-49e3-4924-9b43-a2fdd5912948,9068db88-d584-48f0-b16e-9de9da50143b,9068db88-d584-48f0-b16e-9de9da50143b,515e43cbf9a646bb3e6489bd78f1bf1b361a,7,weka_main,2,119403,117824,0,0,117824,1579,21448.946292046458,0.21159695461392403,1684.1815930092707,1145.9368519717827,25776.914306,01428d45-4786-4b49-9adf-9bef22ee7607,2,117865,117865,,
303c15be-97a8-4bd8-8646-1aa888ccc433,5a706cf2-9bd2-473f-9a76-3dedacd1dd76,e81e3cff-6940-40b0-963e-7b2dd49a6311,57f2a77e2d331c0bd73b6fcf3157d48b4190::sa:subagent_003_05e87bc1,0,weka_subagent,6,26700,20480,0,0,20480,6220,21447.909062029794,0.18787698354572058,4237.412277958356,747.9909589746967,26878.115359,,,,,,
3fcdd208-053a-45a1-81fc-77d0c41a84ec,8f29b911-f2f0-4c49-92a1-0b53f653efbe,8f29b911-f2f0-4c49-92a1-0b53f653efbe,3317a925c2a7f40e9eafe5f5532793a23c67,60,weka_main,5,111319,110656,0,0,110656,663,21441.26412004698,0.31866400968283415,3230.9328370029107,983.0666460329667,28456.071015999998,18076d24-4065-49e9-ab24-b15ec575f7e5,5,110675,110675,,
df2941cd-aa67-437b-9a60-7818d637d338,57735058-7eab-45fe-968a-5b29e18fa680,57735058-7eab-45fe-968a-5b29e18fa680,6359dd402eb0e2361bf439699c52f5cfea38,38,weka_main,5,124650,121792,0,0,121792,2858,21441.22514105402,0.19320589490234852,3234.0053049847484,1721.2730320170522,28015.319914,c80a769a-a9dc-40af-b6c1-70730df1d119,5,121834,121834,,
bdafb979-8c7f-4f5d-9181-e633ab96d630,3c7d3ced-df20-421b-a228-5bfcde78357d,3c7d3ced-df20-421b-a228-5bfcde78357d,4c7288cfa9373e0a49308bb974b43d422ab5,13,weka_main,7,75942,73344,0,0,73344,2598,21407.080059987493,0.209957011975348,2849.984748987481,815.0679339887574,26491.864915,7e0a07dc-da01-4d8b-89b0-bc462f0a2609,7,73379,73379,,
26f730a9-a90e-4db3-ab02-e3148ece803c,1e170382-9a1d-4596-b87f-3e41e6a3d135,1e170382-9a1d-4596-b87f-3e41e6a3d135,3c49da29dedf8ccfa4ee310634b4b8af275a,35,weka_main,2,237594,230848,0,0,230848,6746,21281.97779401671,0.19252800848335028,2865.671533974819,848.7071540439501,25748.990050999997,5bff79c4-ad32-40fb-980a-4f7f2059a2c4,2,230874,230874,,
e29c6b73-3b02-41b2-9767-b39d45ff087a,97b70d54-46aa-4606-b15c-6ee0ab51fa6c,3cd77a9c-ea79-4997-a4d6-45188b4506cb,16e46bc4d9e121ffbd67ada51cb3f965342f::fa:001,164,weka_flat,3,595028,594560,0,0,594560,468,21122.893980005756,0.3728449810296297,2813.673779950477,1438.583718962036,26575.757513999997,79ebffc6-9f9e-4180-8bc1-19223c9a88bb,3,594578,594578,,
5471d218-258e-4f0c-b5a0-acbfb37d521c,f04cfba2-dc18-4cc4-90b7-574b32c8521f,f04cfba2-dc18-4cc4-90b7-574b32c8521f,5cbd632dae8626a5743d4a3ce38bd74ff9dc,16,weka_main,3,128979,0,114880,0,114880,14099,21030.1303419983,0.2202769974246621,4365.973417996429,408.4551209816709,27972.797053,0cc8788f-5cbe-4b5e-ada7-4bd2d364b2db,3,114902,114902,,
8b0f0da0-084a-40aa-809f-461a3adc6bba,bea9ea19-5ddd-47d9-996e-c744857225b8,bea9ea19-5ddd-47d9-996e-c744857225b8,22a380be2e4f6293f24e32fd637ccc876d73,64,weka_main,4,233403,231552,0,0,231552,1851,20979.26080506295,0.1840679906308651,1787.6250758999959,720.9403589367867,24850.382004,6496814d-0f32-4233-8494-5378ed053c71,4,231607,231607,,
89356ec7-637e-4e68-bb51-75b925461685,a87a70ef-ea08-476d-bddd-4c1fc6c77c62,a87a70ef-ea08-476d-bddd-4c1fc6c77c62,3e119fc3136975fe98cfc7fa73500d6574a0,48,weka_main,0,222916,219648,0,0,219648,3268,20896.14004397299,1072.916915989481,2505.4016190115362,891.1429210565984,26354.429859,a7199325-5d7c-4e4d-ae5f-b4f0eb64e295,0,219651,219651,,
718a97d9-4914-4c33-9526-b69df669e019,d3160066-1f97-42a3-bc77-a28f3937fb33,0945436b-3533-4d67-bb04-b328772d1ba1,13b532ee3aaa0a52b05c3bcc472355ab62b4::fa:000,51,weka_flat,2,353992,352384,0,0,352384,1608,20837.014097021893,1232.871312997304,2649.5787089224905,1301.6404579393566,26469.75868,9cf1a64c-f0af-476a-b1fa-3ff7cc0d0fbe,2,352388,352388,,
d347d41a-93ba-4331-9778-80e803e93f8e,1e170382-9a1d-4596-b87f-3e41e6a3d135,1e170382-9a1d-4596-b87f-3e41e6a3d135,3c49da29dedf8ccfa4ee310634b4b8af275a,40,weka_main,2,244838,242944,0,0,242944,1894,20789.346265024506,0.24357694201171398,2662.741207052022,1466.1275469698012,24838.894153999998,3378bd47-2305-4fe1-afab-0308b6cf030c,2,242979,242979,,
4d5d5be1-0de4-407d-b452-e763615f16a3,e712b3ef-df1d-4552-b101-43fb4d680a0b,2e65449c-7ec8-4f83-87b6-7f3227b9f1e2,439e5f9ed3159bd826529d8ae5bd1536903f::sa:subagent_041_87ccafba,15,weka_subagent,2,42674,41408,0,0,41408,1266,20774.83463496901,0.15624798834323883,2786.7212410783395,774.7851010644808,24409.355691,f0e9fec3-8377-4206-b0d8-611253d9a8a0,2,41456,41456,,
822dc145-bc5b-412b-bbc0-5c45f334fd9e,1c71a319-7853-412e-ae32-308ec0aea234,e81e3cff-6940-40b0-963e-7b2dd49a6311,57f2a77e2d331c0bd73b6fcf3157d48b4190::fa:001,25,weka_flat,0,105490,103552,0,0,103552,1938,20770.847444073297,0.6464530015364289,3057.0346819004044,660.0621870020404,26362.705164,c51408e1-185b-44c4-9d37-59e75a2fd3c8,0,103565,103565,,
1ce22b1d-bb4b-47ef-b1e0-8122c530b1e7,b5be0137-bddb-403d-ae19-72fbed3984d3,b5be0137-bddb-403d-ae19-72fbed3984d3,1d8a2c1d4dc1f585337036c6ad60e1ce5eb3,141,weka_main,7,449268,444544,0,0,444544,4724,20629.06551605556,1502.7238599723205,3629.315895959735,867.2817980404943,28163.473764,b39b8319-6491-4bc9-bbad-3615d833bba0,7,444597,444597,,
217a1f21-730b-4217-afc1-3c7a02772c4b,a5532247-f0e8-4fba-b66c-8a39c2f5f0fe,1da7f991-c484-4933-8c09-8210744a16cb,46350c0355fa3f1922abb20cf7f5724bd7cd::sa:subagent_003_33e1c58b,5,weka_subagent,0,35547,31872,0,0,31872,3675,20551.200438989326,0.20794698502868414,3206.01623901166,1189.1372870886698,24397.281418,a4c587bd-ccac-462c-b91a-7c05b3453552,0,31895,31895,,
c62c18bf-0a56-469a-a64c-3b3a981b4c7f,f8731a13-ac57-44ff-bc90-eda84dc70920,142de3cd-f318-458b-87e5-63d6e9889266,1fc68c514c7fb89dbc498ae9da77d5476cec::fa:007,35,weka_flat,2,518451,514112,0,0,514112,4339,20547.91608103551,0.5797420162707567,4153.6173180211335,1308.2805150188506,27169.476426999998,ae81d4ae-ef50-45a3-b3ca-e691deef0af7,2,514160,514160,,
9d27a554-1321-44c9-b496-c0287cbdecd0,97b70d54-46aa-4606-b15c-6ee0ab51fa6c,3cd77a9c-ea79-4997-a4d6-45188b4506cb,16e46bc4d9e121ffbd67ada51cb3f965342f::fa:001,187,weka_flat,3,631592,628672,0,0,628672,2920,20379.52087202575,757.9144849441946,3589.6214420208707,1114.3870470114052,29343.312072999997,013f0508-7f72-4c8a-8cb1-bd83d1cb906f,3,628705,628705,,
b4cee37a-97dc-44b6-866a-a7a5af30476b,776089ac-fb24-4c74-8ef3-9e44d7570cc8,e81e3cff-6940-40b0-963e-7b2dd49a6311,57f2a77e2d331c0bd73b6fcf3157d48b4190::sa:subagent_002_e8ed2206,3,weka_subagent,6,34000,29248,0,0,29248,4752,20355.47939594835,0.1892580185085535,3287.9068329930305,894.9636860052124,24057.057796999998,4b1ab3b3-f73d-458a-9272-4791aa74d8b0,6,29263,29263,,
9d15cccd-ad48-494c-8360-48db45078ebf,34be8dd0-25ff-48f8-b1ff-a1c27ed01fcf,b148e410-6464-494d-a905-f16c8b75fecf,48f9644a9b17cade09142b3d8f964bea35be::sa:subagent_001_90df4051,7,weka_subagent,0,57992,57088,0,0,57088,904,20343.04832597263,0.22345897741615772,2407.7683000359684,1015.5570469796658,26490.530999,e92396a2-a589-432d-9adf-759bafc1f6ed,0,57092,57092,,
81797910-04e9-496a-92d9-1e69e86ebc89,ea7e0abc-071c-412f-9138-e0baaca897d5,ea7e0abc-071c-412f-9138-e0baaca897d5,203147a7ad6c355f99290d8ac7811e6de5be,28,weka_main,5,76363,75904,0,0,75904,459,20294.01229391806,0.18648698460310698,1777.4003320373595,1210.6389390537515,23376.935148,4daf9d46-d3f9-4edd-ac88-4621c327a82f,5,75911,75911,,
3fbf412c-b0be-43d3-82cf-4e87763d5f40,d1e48c26-88aa-4c32-872a-f96c76b06abb,d1e48c26-88aa-4c32-872a-f96c76b06abb,43d1f727aec4d8b3f2aec42f816e7fabe193,13,weka_main,5,107346,105344,0,0,105344,2002,20258.234876091592,0.20915793720632792,1952.9444759245962,341.23848495073617,23945.335583,ece096e8-bcbe-4083-8bf4-10e2025d977a,5,105359,105359,,
35dd9baa-891c-4c35-98b4-bf09ee4f9020,680996cc-d574-49cb-9eb2-a16a8fca5aa7,0b49c706-e626-42a3-bca1-66394c69cd9e,61962299108912449a53f411ed3cf2d1c013::sa:subagent_001_97adff5d,35,weka_subagent,2,174218,172544,0,0,172544,1674,20124.490048037842,0.3746140282601118,2508.8207479566336,747.765123960562,24913.477408,29ec8ecb-0ac5-4903-ba35-8ee2a1366637,2,172553,172553,,
fa125c59-aed2-4f18-a79a-f8a4cf147f22,6c9bc205-06a0-4654-9338-6a3dbc82a588,6c9bc205-06a0-4654-9338-6a3dbc82a588,002001296e8a8c38ad9d7cc436d691afc602,96,weka_main,5,338119,336128,0,0,336128,1991,20028.30000803806,0.20985701121389866,3798.0691579869017,1368.009058991447,25467.808932,dddae4a9-d966-4e3b-ac02-c55da23d5c3c,5,336133,336133,,
21a90e46-a004-4d5c-937b-7fbdc213780c,73888042-0d21-4309-bd8e-a1bb0731af12,73888042-0d21-4309-bd8e-a1bb0731af12,11310dce936f02050cadaeae295bcdd1ce7f,312,weka_main,0,772037,771712,0,0,771712,325,19964.19028902892,1434.2985699186102,1934.5647679874673,1710.0651219952852,27174.560464,04541034-1847-4e56-a9bc-9fe0fac05a21,0,771714,771714,,
39f979b1-b421-4283-a5ed-2e50c0861f76,39cb289d-3550-4d8d-9fa6-48e3d7d08fae,95cb6894-2e6b-41e2-a757-f9b32fe8387d,5fc8495d01a2ad301e8ca7879579f2529029::sa:subagent_012_a8077c1f,4,weka_subagent,3,40391,37440,0,0,37440,2951,19959.56741995178,0.4027540562674403,3376.101306057535,672.253962024115,25715.631285,552e3a8c-7c2c-4f05-aed6-6d7f41b74d15,3,37446,37446,,
1fba277e-0673-4acd-a9ab-2d61c186d4b4,609f8cb8-27a8-4c3d-a30c-18222bb65981,3025707b-b8a6-48ea-833a-af55c71cf415,212e46e294bd09113e425ebc8a430cc528a6::sa:subagent_010_fb08b4e8,26,weka_subagent,6,137328,127680,0,0,127680,9648,19773.283470072784,0.26113493368029594,4110.721519915387,712.7833710983396,26137.886499,8902ed10-2a16-4f72-896f-400c1d7305f5,6,127729,127729,,
0767fdf1-5eea-4e5e-850b-61128df6a97e,eb325a9d-6162-4a78-9bb5-85e99127b5a5,eb325a9d-6162-4a78-9bb5-85e99127b5a5,6461675d6680680544f3a15eff53f5de2fdb,3,weka_main,6,144434,0,108416,0,108416,36018,19753.857634030282,0.16062799841165543,10888.075432972983,999.4117820169777,32238.551067,55fbcd1b-9b48-4527-870c-2b1fa83e055b,6,108479,108479,,
867d56ec-c98f-403f-ab17-979c7134df9b,58673e8d-edef-4825-b135-1d55b19b62b0,58673e8d-edef-4825-b135-1d55b19b62b0,31dd54e63bd3605ad9ab96003ab1ae8f39f3,48,weka_main,5,146688,145472,0,0,145472,1216,19704.34254501015,0.1595469657331705,4199.300672975369,761.3950510276482,26160.306948999998,c3fcca79-4e71-446c-9e66-ae1cd45d1468,5,145532,145532,,
de044da9-78fb-4f07-a38d-b6a04b3eebe1,3025707b-b8a6-48ea-833a-af55c71cf415,3025707b-b8a6-48ea-833a-af55c71cf415,212e46e294bd09113e425ebc8a430cc528a6,72,weka_main,3,205988,205952,0,0,205952,36,19694.088200922124,0.17060909885913134,2108.011792995967,1335.687623010017,24614.360004,27892538-7891-4bda-ad3d-d92738991e27,3,206563,205988,,
7101b37e-efd9-406e-a4c7-cf4163cb0440,2d0a5ee7-3c35-4db4-8540-d6c4ecccbfd4,2e65449c-7ec8-4f83-87b6-7f3227b9f1e2,439e5f9ed3159bd826529d8ae5bd1536903f::sa:subagent_003_83e4b0cf,22,weka_subagent,0,48725,48384,0,0,48384,341,19540.58985703159,0.18120999448001385,2227.7976609766483,797.7735840249807,23604.167733,81d35abf-3bf6-4a38-9b16-4d2fd483ebf7,0,48402,48402,,
7ea4010a-5a4c-4cf0-ac55-fc59b742b077,51ec6602-2ccc-4b19-86fe-047d81f48b07,51ec6602-2ccc-4b19-86fe-047d81f48b07,631738ac31321409f3a8de750fd5cd0ea334,48,weka_main,5,165213,162624,0,0,162624,2589,19512.431780109182,0.14059594832360744,3085.762246977538,913.6098959716037,24261.076311999997,8707c8c8-dda9-415f-884f-bb21184c8d51,5,162649,162649,,
3bc23a85-5dd6-4d98-a187-c69871405c3f,728d4cad-1ccd-421c-943b-61f95cee7015,728d4cad-1ccd-421c-943b-61f95cee7015,3b1ee678c29a1a23e4a74d67354731cc27f3,9,weka_main,2,95483,90304,0,0,90304,5179,19479.44273101166,0.13708695769309998,2580.308258999139,913.6843140004203,26306.099251,fc16b0ee-5362-485c-a27a-c9ff54f5b9ad,2,90362,90362,,
b3558cef-68ee-4648-869b-f79fb275ada9,558f96fd-4279-444c-9965-f026cc530246,558f96fd-4279-444c-9965-f026cc530246,458bc16a2a50e993cc97c108d4d19cb9f453,23,weka_main,7,141160,136384,0,0,136384,4776,19382.404581992887,0.19125407561659813,2160.4672980029136,713.0885479273275,24042.396023999998,d8f2b1b1-a47f-4ac5-bd9e-4e2866d1c063,7,136426,136426,,
c4f9db72-751f-4616-8f4b-0532967daf74,941746c2-f12f-4635-8271-85abc41993f5,2e65449c-7ec8-4f83-87b6-7f3227b9f1e2,439e5f9ed3159bd826529d8ae5bd1536903f::sa:subagent_015_bac0d3ce,2,weka_subagent,0,28826,27840,0,0,27840,986,19360.298134968616,0.21382898557931185,3406.833694083616,798.7072720425203,24748.354314,79a7b38a-98ee-4651-a25d-2ba2341315cf,0,27862,27862,,
df57eefe-2406-4e12-9ead-dd08afa63937,b7345292-680d-4714-aa9f-9957094776f3,d746e868-c49d-4acc-b4e8-c9155e64b28d,085411a4cc4b15108dd9b50007261a2efb65::sa:subagent_002_e5977449,14,weka_subagent,4,121754,120960,0,0,120960,794,19235.321474960074,0.4443340003490448,2012.6515720039606,1001.9395500421524,22728.448464999998,02124ec0-e43a-489c-835a-b1e5312ca857,4,120985,120985,,
faf08d11-c56f-4195-992d-69ca4bdefaaf,f82953e9-d522-4e78-8819-07749b896fd3,f82953e9-d522-4e78-8819-07749b896fd3,3e38b72653e23622c6b15d8ca43aeb167917,7,weka_main,4,81346,79168,0,0,79168,2178,19235.298765008338,0.30629592947661877,2015.7713430235162,997.2567580407485,22564.299930999998,50de61f2-0cc6-4dbf-83d2-0c32d85e0a0a,4,79170,79170,,
c1eaa7a0-8adc-4a38-a421-e295c0430303,fd5894c0-e048-4881-a8f9-e216bd35612f,fd5894c0-e048-4881-a8f9-e216bd35612f,006c98de37d819e95b0840e25426bb7ca99d,19,weka_main,4,102241,98624,0,0,98624,3617,19235.287284944206,0.18232804723083973,3010.495722061023,905.277578975074,24605.081422,e1712d1c-370c-4759-b68c-70a2273b086f,4,98654,98654,,
5f017e59-06c4-4702-b192-0881de29d496,f83afdec-6b3f-48b7-8914-53a61133e08a,f83afdec-6b3f-48b7-8914-53a61133e08a,476c26ca73449a2c6bf284d0082765620665,9,weka_main,4,64144,62528,0,0,62528,1616,19178.179797017947,0.2177769783884287,2943.657964002341,1003.8344759959728,23234.838433999998,7a873c82-73f3-4a7e-988a-f7cf7fb80dc4,4,62543,62543,,
8707c8c8-dda9-415f-884f-bb21184c8d51,51ec6602-2ccc-4b19-86fe-047d81f48b07,51ec6602-2ccc-4b19-86fe-047d81f48b07,631738ac31321409f3a8de750fd5cd0ea334,47,weka_main,5,162649,158464,0,0,158464,4185,19139.25406697672,0.17880694940686226,3282.5778640108183,907.3133019264787,24169.989091,c770bc45-0674-4342-97b1-60fe793c32cb,5,158494,158494,,
9787b998-3a45-4f52-ab4d-3bd91834915c,9c9f15d2-dc51-4862-9ce6-a2b234b6083d,b148e410-6464-494d-a905-f16c8b75fecf,48f9644a9b17cade09142b3d8f964bea35be::sa:subagent_005_5cd6582c,2,weka_subagent,1,51259,47296,0,0,47296,3963,19044.093459029682,0.3224529791623354,2882.2721709730104,1065.2080780128017,24045.53188,25e9fc9d-b165-4758-95b8-ff65deb07c49,1,47356,47356,,
52b9dac6-db36-44a0-afa6-09cec68ba93c,bd116574-5a17-4ec2-abed-f73c89f007f6,bd116574-5a17-4ec2-abed-f73c89f007f6,33c12a75f9b49c1983a8d4d1dacb21ff90fe,17,weka_main,5,91288,88768,0,0,88768,2520,19011.48565497715,0.13309810310602188,3083.565901964903,840.8190610352904,24016.6829,3c206709-d343-449b-adeb-8168a4e1e5dc,5,88789,88789,,
80e05904-6474-4abb-927d-7b7cb9fb2458,7678c662-c35a-4aba-a6ee-908f827d54fb,7678c662-c35a-4aba-a6ee-908f827d54fb,4ba38d0b213f0aeab695e16da9c91635a817,1,weka_main,4,74360,0,0,0,0,74360,19001.151580014266,0.187947996892035,21903.979212976992,1364.4591720076278,41724.939964,a1d664a0-327e-42a1-87d1-1c23ffdb2f12,4,728,728,,
3d71d907-6e98-4b5f-b1e3-d60b0b2810b9,66d5d449-a59f-4596-85a5-27e3bc7e6208,b589df1c-8fef-4d46-9823-e93e48e57545,3cb1c6dc71a21714587287306ebe52748568::sa:subagent_004_a85d9301,8,weka_subagent,7,51148,49088,0,0,49088,2060,18999.5729039656,0.17772801220417023,3225.597448996268,1107.1864770492539,24562.687102,44835525-5007-46dd-93f8-134199738f8d,7,49101,49101,,
97b996d9-91b9-43be-ad30-c229a3e4a8fd,142c4522-f54d-4f60-9943-b45927770345,142c4522-f54d-4f60-9943-b45927770345,3735de09df4f9ac454aee913e2a00633ad0d,20,weka_main,3,67404,67072,0,0,67072,332,18865.43227499351,0.19960408098995686,2005.534949945286,1068.4550810838118,22756.161054,ed681c3d-d9ed-4e3c-8ac3-867fbd4217d0,3,67080,67080,,
7053c73b-abe5-4f77-98ca-21180a0ecc84,00015360-0076-4c51-8a67-888c8051c116,00015360-0076-4c51-8a67-888c8051c116,0bed163ac9566086e14ffd85c7481096d49d,40,weka_main,2,122276,117184,0,0,117184,5092,18790.319568943232,0.19490800332278013,2986.406419076957,1058.851410052739,22507.088476999998,91f54931-a0bf-48be-8e2d-843041d46a81,2,117223,117223,,
cf88be1b-a777-4cb5-89b9-697336ef5fda,367f1530-d8ec-489a-8f6a-c05776736b9a,b589df1c-8fef-4d46-9823-e93e48e57545,3cb1c6dc71a21714587287306ebe52748568::sa:subagent_005_e635be92,5,weka_subagent,0,56020,53696,0,0,53696,2324,18662.561681005172,0.16319204587489367,2229.668537969701,796.2780020898208,22251.232083,b65de881-7110-4740-ba06-bd414ff94e74,0,53714,53714,,
eae00bbb-791b-4649-998e-1c0219c3d140,57735058-7eab-45fe-968a-5b29e18fa680,57735058-7eab-45fe-968a-5b29e18fa680,6359dd402eb0e2361bf439699c52f5cfea38,33,weka_main,5,113695,113408,0,0,113408,287,18617.573802010156,0.13491709250956774,2063.0739179905504,906.18979500141,22881.714895999998,60e6f512-a560-42f3-9c03-3891c33e7d44,5,113501,113501,,
f22628ae-6ef2-44a8-8b30-04c27c9ae75a,c3452f30-038f-4a96-8e73-4df50cb038de,ebd778cb-c17c-4939-a2dc-d0091acd2fcc,0470d446a4514dfe0c6ad0be92853bd13287::fa:009,131,weka_flat,3,62087,57984,0,0,57984,4103,18401.48526302073,0.3357550594955683,4253.598758019507,1366.7727889260277,24264.885209,b35c2439-110d-4661-b3f0-794a2a194ad0,3,57989,57989,,
846fda74-219b-445c-a582-f8da06ab3b54,abe81fab-61b2-4eef-9d9a-ba4e3f58e26d,abe81fab-61b2-4eef-9d9a-ba4e3f58e26d,5d7e313e1d6839e48cc1f27d00f3ce9bae96,15,weka_main,7,101213,97408,0,0,97408,3805,18389.029287034646,0.17798796761780977,2171.4799229521304,1310.180649976246,22797.347253,6e35e6b2-cd79-4e74-bfb0-82b18881ddde,7,97430,97430,,
a42326c9-ab9f-45c2-b098-6242d73448da,d1e48c26-88aa-4c32-872a-f96c76b06abb,d1e48c26-88aa-4c32-872a-f96c76b06abb,43d1f727aec4d8b3f2aec42f816e7fabe193,25,weka_main,5,126209,124864,0,0,124864,1345,18286.681637051515,0.23409503046423197,1440.1115499204025,703.9514509961009,20446.260854,934bc134-0ba5-4aa0-90f8-a0c72d982c36,5,124989,124989,,
7a0e7575-c9b0-49aa-b7d4-6f5c84210a08,bfb6e714-cc07-4f51-821b-f751734d62cf,2e65449c-7ec8-4f83-87b6-7f3227b9f1e2,439e5f9ed3159bd826529d8ae5bd1536903f::sa:subagent_016_a0397698,2,weka_subagent,0,28823,27968,0,0,27968,855,18168.584412080236,0.1895999303087592,1780.8391789440066,1147.1909430110827,20412.629011999998,5ca226b0-33b0-4fe7-8c43-9e5b9f26c8a2,0,27987,27987,,
134724df-f80c-4573-a38e-823f57fc8eee,1efdb18f-199a-457b-93d3-aad42a2b45e5,3025707b-b8a6-48ea-833a-af55c71cf415,212e46e294bd09113e425ebc8a430cc528a6::sa:subagent_009_f452d54b,3,weka_subagent,5,44872,43648,0,0,43648,1224,18144.965555053204,0.1575989881530404,2744.4453729549423,1367.3872660147026,21521.075802,d33388f7-54b5-4451-ac8d-01c6146626b2,5,43652,43652,,
bd740023-4093-4561-ad22-f68a1754f0f8,3d90debc-83cf-4cbe-aa70-9bb5bc2a2127,3d90debc-83cf-4cbe-aa70-9bb5bc2a2127,4dcf5b2627786f87d5f1badf0ccd6e0f6848,17,weka_main,2,189203,188160,0,0,188160,1043,18096.6918830527,0.1649889163672924,1755.0177560187876,775.4123250488192,20723.933078,f98bce8e-1db3-4afa-98c2-beed0c850aaf,2,188174,188174,,
110f8e76-b139-431a-b382-1deb8df8a58a,7f63504e-af32-4c94-8348-0ebb502f830d,f04cfba2-dc18-4cc4-90b7-574b32c8521f,5cbd632dae8626a5743d4a3ce38bd74ff9dc::sa:subagent_007_69c5d16b,3,weka_subagent,4,49288,45504,0,0,45504,3784,18082.35010493081,0.15617709141224623,1988.1771040381864,1367.5859280629084,21683.355876999998,f15b6f1a-5686-4c5e-873b-86569ecd5f52,4,45512,45512,,
10a38e22-44e3-40e8-a8d7-e2e028e7eaee,764d5e7f-efc4-4e2b-be6b-622a02aa2aa8,eb325a9d-6162-4a78-9bb5-85e99127b5a5,6461675d6680680544f3a15eff53f5de2fdb::sa:subagent_004_cac9d097,10,weka_subagent,3,58838,56896,0,0,56896,1942,18045.30598106794,0.2552449004724622,2656.329780933447,1112.8486299421638,22743.703234999997,d9085aaa-e535-43cd-aedb-59c802924fd0,3,56914,56914,,
1fbabbe0-a082-443e-b0b8-0f64550e34b3,89abcfc1-91d4-4661-baef-12db3357b2dc,89abcfc1-91d4-4661-baef-12db3357b2dc,5c5e408b76e5e22747853915f67be3c491a4,14,weka_main,5,67618,65920,0,0,65920,1698,17995.560055947863,0.17932802438735962,3376.742225023918,1104.709952021949,23023.762921999998,fa38edb4-a831-4cca-9baa-6df52fbf3766,5,65948,65948,,
28e53db6-26ae-4987-ae4a-a92c13f304f8,9dfbb458-da5f-4c33-9bc7-03f0f6651e9e,9dfbb458-da5f-4c33-9bc7-03f0f6651e9e,0e4206535a79f980e2b1091181202ea987fe,20,weka_main,4,176308,175808,0,0,175808,500,17986.882354016416,0.259096035733819,1365.8469829242676,410.12165194842964,20242.311494999998,fe757c50-cfbf-48a2-9240-4fc5c6cfa3f2,4,175856,175856,,
cebde80f-1dd0-4200-843b-1a2ea13b2f8c,e74a2e4a-2501-4a22-84f0-7da1d13e4cd3,b148e410-6464-494d-a905-f16c8b75fecf,48f9644a9b17cade09142b3d8f964bea35be::sa:subagent_004_1d760019,8,weka_subagent,3,60485,58624,0,0,58624,1861,17871.536203077994,0.21133292466402054,3058.0361880129203,1395.7066830480471,21607.399348,76631c90-46e1-49a5-b361-0cbe98ff183b,3,58628,58628,,
d33388f7-54b5-4451-ac8d-01c6146626b2,1efdb18f-199a-457b-93d3-aad42a2b45e5,3025707b-b8a6-48ea-833a-af55c71cf415,212e46e294bd09113e425ebc8a430cc528a6::sa:subagent_009_f452d54b,2,weka_subagent,5,43652,37184,0,0,37184,6468,17861.451584962197,0.14360796194523573,3939.095019013621,952.2211010335013,24056.142511,d625b171-1064-463a-977b-e98324f85e62,5,37191,37191,,
d17a3c24-fe54-4eb0-b89e-98c87cd0e238,b589df1c-8fef-4d46-9823-e93e48e57545,b589df1c-8fef-4d46-9823-e93e48e57545,3cb1c6dc71a21714587287306ebe52748568,10,weka_main,2,139898,138176,0,0,138176,1722,17850.594109040685,0.17358793411403894,3315.83158695139,1762.275199056603,22316.521698,998b4bb1-7acf-4eab-a172-12ce6cea8dc4,2,138232,138232,,
974cf2db-63db-4342-9343-fc88bdbcc684,a87a70ef-ea08-476d-bddd-4c1fc6c77c62,a87a70ef-ea08-476d-bddd-4c1fc6c77c62,3e119fc3136975fe98cfc7fa73500d6574a0,63,weka_main,0,270693,270016,0,0,270016,677,17821.25029503368,0.18365902360528708,1379.908645991236,778.7500869017094,21312.009911999998,22204d3e-d319-4685-a2b1-92ea53e81e1b,0,270050,270050,,
f4a9f7fa-dc2f-423d-8ed7-936f9ff8cf1d,e55ff64f-7963-4279-a956-defeca8112fa,2e65449c-7ec8-4f83-87b6-7f3227b9f1e2,439e5f9ed3159bd826529d8ae5bd1536903f::sa:subagent_005_da5baec8,11,weka_subagent,0,37809,36480,0,0,36480,1329,17767.454060027376,0.17118093091994524,3012.0316459797323,1148.283208021894,21524.293454,044ba351-ad7c-460d-8cc4-98d618e4cbb7,0,36529,36529,,
56b340a9-7343-429e-a6a7-4e3fa42bdbce,9f8dda5c-5875-4761-aed5-1d3ab8fae0c9,9f8dda5c-5875-4761-aed5-1d3ab8fae0c9,62378a8a0d0bdde1ebd85f5dd60a43cd8110,31,weka_main,0,68958,64704,0,0,64704,4254,17697.27648200933,0.2503559226170182,2768.4544580988586,822.0145759405568,24861.284421,a0c4e3b0-db15-463d-9696-9fd3b8eb7632,0,64731,64731,,
4617c376-b0a6-4da8-9564-850bbe506841,5e0dcc09-4511-4206-949d-e4d5c46b1bd8,5e0dcc09-4511-4206-949d-e4d5c46b1bd8,457a7bf22f9e6961870d5b356ab2bd780fff,9,weka_main,6,92299,91008,0,0,91008,1291,17658.71536603663,0.14149805065244436,1716.6860279394314,829.8735680291429,20145.634815999998,0a58d305-e923-4cb2-b081-7ce889f13e82,6,91014,91014,,
ed4b8dae-abd5-4ea9-95b6-0c67ea226817,66d5d449-a59f-4596-85a5-27e3bc7e6208,b589df1c-8fef-4d46-9823-e93e48e57545,3cb1c6dc71a21714587287306ebe52748568::sa:subagent_004_a85d9301,6,weka_subagent,7,48394,45120,0,0,45120,3274,17657.48486004304,0.1829270040616393,2473.6979990266263,804.6228480525315,20630.021632,611e4920-e047-405f-9160-6b0b33697ead,7,45127,45127,,
77f2c867-12ed-4e4e-9e1d-ba01df7e9b18,585f903e-ffae-4140-8a41-23b4c9f2b77d,c7ec6ecd-aea8-43c5-b2b9-24aaa2df594d,03e110ac6921c2fe9ac7772a9654314a2beb::sa:subagent_007_3182b3ea,1,weka_subagent,6,33035,30144,0,0,30144,2891,17629.206386976875,0.16690802294760942,2635.337485000491,830.7149179745466,21258.913535,2ad5e595-f056-4b79-a820-6591a932ca14,6,30154,30154,,
afe99cbe-3373-4ceb-b2ad-edd2806e2999,d0c4ce2a-f80e-4e08-b5b8-4c0b2e510f73,9d953e27-4c78-4e04-95df-ab54f112ff68,6ec3296ff5a1f4f0ed4507093863aa53a4cc::sa:subagent_002_f9a17f37,18,weka_subagent,1,62583,55808,0,0,55808,6775,17537.51866403036,0.2570260548964143,2028.6157379159704,879.2077869875357,21374.037528999997,76ece68d-18e7-4e37-a1c6-0021ac3042b7,1,55864,55864,,
ab77118d-2636-4bd8-8251-4c77f1ce8e44,6a1666a9-8209-4876-9c1f-08f2d9212609,5e0ca19d-a5f3-4363-97e9-f3f48b2d8571,6c6be4bc5a49a5d1062b8becdbf188480843::sa:subagent_004_118e2455,12,weka_subagent,1,108845,104768,0,0,104768,4077,17528.030149056576,0.20325696095824242,2203.455787966959,1265.8655029954389,21806.478229,7a7a89f1-aab4-4865-92f8-9ac36ea78cd4,1,104807,104807,,
9c23c62a-87cb-406b-90cc-18278bd551a4,9d5ec7aa-36b2-4cd7-af64-8dfb434aaa43,9d5ec7aa-36b2-4cd7-af64-8dfb434aaa43,5ca97cc975a39a898d775b63881b22fe178e,20,weka_main,1,70583,69888,0,0,69888,695,17508.48927302286,0.2512669889256358,3907.1453500073403,1207.1583090582862,22404.805833,e79d9e68-5b4a-4cdb-8b28-be5fac381504,1,69941,69941,,
c2b7bc8f-f0f1-4dac-834d-0e8856fd5733,47c53a7f-4929-4d18-bc4e-ad3aa5b559ad,2e65449c-7ec8-4f83-87b6-7f3227b9f1e2,439e5f9ed3159bd826529d8ae5bd1536903f::sa:subagent_007_b52fbfde:aux:008,0,weka_subagent,1,8473,0,0,0,0,8473,17492.258526035585,0.16868591774255037,4081.238223006949,1223.2031519524753,22095.337375,,,,,,
93d9b93d-027f-43f6-8c40-b50ed3b558f2,3c7d3ced-df20-421b-a228-5bfcde78357d,3c7d3ced-df20-421b-a228-5bfcde78357d,4c7288cfa9373e0a49308bb974b43d422ab5,7,weka_main,7,66073,64320,0,0,64320,1753,17468.103699036874,0.17533800564706326,2522.822302998975,595.5559989670292,20585.725219,ca43a057-e25e-47ca-9541-4cd5dd9893f0,7,64342,64342,,
c1e9640a-12ef-440d-9ee8-3c8c77210d79,a58c919a-5bdf-4619-a482-24b5be5356f7,b72ce93e-8d41-4a45-b5a8-4e828b3e716f,578354185933aedcdc6c17fbfbfcfb48876b::sa:subagent_001_bd5df00b,23,weka_subagent,0,86509,84864,0,0,84864,1645,17438.169845030643,839.7816549986601,1453.2451529521495,882.7215080382302,21231.016976,887b3713-d679-42a0-8b27-0dd098aab92e,0,84908,84908,,
d50cee0b-5161-428a-9257-e3ba2fba0fb4,3a93bfee-012d-4a53-b2b7-42124464acb2,2e65449c-7ec8-4f83-87b6-7f3227b9f1e2,439e5f9ed3159bd826529d8ae5bd1536903f::sa:subagent_086_75059a2c,2,weka_subagent,0,28177,27520,0,0,27520,657,17438.119185040705,0.24301698431372643,1463.0734689999372,882.1709749754518,20051.308437,131d723b-c7a1-438f-ab50-edf834d14415,0,27532,27532,,
29b96f3a-e727-4b89-af24-7db8c1db9708,680996cc-d574-49cb-9eb2-a16a8fca5aa7,0b49c706-e626-42a3-bca1-66394c69cd9e,61962299108912449a53f411ed3cf2d1c013::sa:subagent_001_97adff5d,2,weka_subagent,2,68206,45120,0,0,45120,23086,17357.930605998263,0.2378169447183609,11351.824172073975,1728.4908040892333,29638.908371999998,09dfb87d-894b-4642-bb46-065515e804cc,2,45121,45121,,
d60e7478-8b85-473d-a2b5-d146170339e0,2fbcd7bc-8194-40e6-82c1-083149ea4674,0d38cf80-2c81-4832-abfd-72290c401a54,2654d8b687d9c22001c25155ff2a69840acc::fa:000,48,weka_flat,1,440665,433920,0,0,433920,6745,17173.18540904671,0.20957598462700844,4725.998703041114,964.3153870711103,27256.792071,659aba52-a1dc-41ba-bd5b-6ea9351aada7,1,433940,433940,,
677735ed-d167-4ade-ac3a-889f9f7819ed,f973314b-1d05-4465-bfa9-037665ac5d5a,728d4cad-1ccd-421c-943b-61f95cee7015,3b1ee678c29a1a23e4a74d67354731cc27f3::fa:000,0,weka_flat,2,200629,61376,0,0,61376,139253,17098.80234999582,0.2125169849023223,44153.990269987844,1502.7235189918429,63633.944163,,,,,,
622d25ef-3333-4be7-bed3-5f98dbf680fe,3f69cf7c-7fd1-4a97-beaf-4ecd51a86520,3f69cf7c-7fd1-4a97-beaf-4ecd51a86520,706c0abaae61a8e9c2b182672a4527222b02,2,weka_main,1,39743,36160,0,0,36160,3583,17033.63389603328,0.18322898540645838,2638.764344039373,904.1686339769512,20247.578265,1bca4ee5-2526-44f9-b7b0-eeda942e4c2b,1,36219,36219,,
c6398d89-0890-4932-9f24-ab76758d37b4,ce297c8e-5b34-442a-a626-10fe885ce52f,ce297c8e-5b34-442a-a626-10fe885ce52f,3531533f1f293048fc9691b112feafc44e62,12,weka_main,2,56979,0,56960,0,56960,19,16919.710888992995,0.2508769975975156,1762.0203780243173,1202.2602540673688,19715.503071,5d28824b-4d20-45d8-a559-e8c0f865ba0b,2,57427,56979,,
38f105ad-5b8a-4c76-8a54-b3283f8cd069,29d1f9ca-9de5-492c-b394-21a1f82c6e24,a87a70ef-ea08-476d-bddd-4c1fc6c77c62,3e119fc3136975fe98cfc7fa73500d6574a0::sa:subagent_001_393d9df8,5,weka_subagent,4,45901,44288,0,0,44288,1613,16902.337152976543,0.29248499777168036,1699.9802560312673,823.7842479720712,19445.247627,0a87d253-d138-4aea-b4a1-6536762bd6ff,4,44301,44301,,
e1f3f3d4-9052-45ed-b5e7-6641586de154,bfd62a78-fe12-481f-82ac-61cdb4243f5a,bfd62a78-fe12-481f-82ac-61cdb4243f5a,4b5b64c7c1aa215a5177db1a78083cccce9d,18,weka_main,4,117778,105984,0,0,105984,11794,16902.311743004248,0.15362794511020184,4351.01788607426,1435.9313590684906,23339.248495,0edcd424-aa4c-4a19-bea1-711f17419e4f,4,106000,106000,,
60d02d52-45a8-416e-bc25-590899dba60e,12f5162a-87b2-4d4d-bd2c-e705dbb401fa,12f5162a-87b2-4d4d-bd2c-e705dbb401fa,5ed3de2b572d237576f034af300c1a1f65d3,2,weka_main,1,48639,46656,0,0,46656,1983,16832.91126799304,0.19489799160510302,1572.077034972608,1091.1209139740095,23489.901808,b2ad7db3-d896-4054-8457-b6bd12ada12a,1,46716,46716,,
160b107f-085e-4af4-99fa-4f4fe7251bed,bb69383f-1edc-415e-b9ec-e40a0e3ce5f4,bb69383f-1edc-415e-b9ec-e40a0e3ce5f4,264478eebbb2068593da2293ea8b67b31d4e,267,weka_main,1,529218,526016,0,0,526016,3202,16760.747976019047,0.16224803403019905,2801.6782959457487,806.5969520248473,21634.934916,558a2c55-63e8-4011-95c6-e6f2cc5925af,1,526016,526016,,
24b1ae01-ddc6-488d-b331-1b8162c73feb,f83afdec-6b3f-48b7-8914-53a61133e08a,f83afdec-6b3f-48b7-8914-53a61133e08a,476c26ca73449a2c6bf284d0082765620665,13,weka_main,4,70108,67840,0,0,67840,2268,16758.19948199205,0.39560499135404825,2632.084481068887,832.433138974011,19945.976077,86462b3d-2560-4738-8567-3e0a8745c02b,4,67866,67866,,
25d5529f-8849-4d2a-bbe3-d27dc1068e35,f82953e9-d522-4e78-8819-07749b896fd3,f82953e9-d522-4e78-8819-07749b896fd3,3e38b72653e23622c6b15d8ca43aeb167917,10,weka_main,4,98362,89600,0,0,89600,8762,16701.952041010372,976.2394389836118,3350.239297025837,778.0463369563222,24129.244198,01298fc5-73c9-4173-823f-78a93eaf7872,4,89662,89662,,
e3298475-a901-42d9-b904-6b8827694a9e,a62ca600-1215-481c-87b8-75b026c41f54,a62ca600-1215-481c-87b8-75b026c41f54,4cccee1943ddca3e762d4425fd9fbd3a858a,50,weka_main,7,158246,155904,0,0,155904,2342,16628.24555602856,0.22924598306417465,1665.1725040283054,588.3189869346097,19561.397627,9f715831-1697-4536-b66c-16e9139fac3b,7,155938,155938,,
bf44d6ab-c000-4f24-b662-43d84cd07805,319ac925-be0d-4df1-bbbb-15a19e3c07d7,2e65449c-7ec8-4f83-87b6-7f3227b9f1e2,439e5f9ed3159bd826529d8ae5bd1536903f::sa:subagent_056_f7ec750f,17,weka_subagent,7,42423,42240,0,0,42240,183,16601.634830934927,0.20764803048223257,1469.9081180151552,614.5826040301472,19562.302659,4301115e-939a-4b18-9e2c-086a5eb6c038,7,42292,42292,,
d20d768b-e378-44df-a7e0-28c37f7da9ab,26de9e0b-4f0e-40d2-8d22-a0345db51b9a,2e65449c-7ec8-4f83-87b6-7f3227b9f1e2,439e5f9ed3159bd826529d8ae5bd1536903f::sa:subagent_055_23390a81,15,weka_subagent,0,51328,50944,0,0,50944,384,16577.032789005898,0.378655968233943,2714.091047993861,1270.3739459393546,20227.855753,ee576c71-fccd-44c6-b8e5-c623a539a325,0,51005,51005,,
d15cffdf-523d-4be0-836e-b3175c1c7f77,0687d3d6-4de4-4c89-864f-3359dbb1ad78,2e65449c-7ec8-4f83-87b6-7f3227b9f1e2,439e5f9ed3159bd826529d8ae5bd1536903f::sa:subagent_057_ae472697,13,weka_subagent,0,32374,32128,0,0,32128,246,16577.001229976304,0.18422806169837713,2717.198161990382,1268.117262981832,19663.546596,f4a29dae-e29c-4bfc-8305-999c1bc07f18,0,32180,32180,,
eac41e6a-eae1-47c9-89f2-562af8fe3371,0aa23391-a769-45fe-a1ff-a14da0cc01bd,b148e410-6464-494d-a905-f16c8b75fecf,48f9644a9b17cade09142b3d8f964bea35be::sa:subagent_002_9af4bd2e,3,weka_subagent,1,53572,52480,0,0,52480,1092,16474.093863973394,0.18833600915968418,2165.2390050003305,1221.7492999043316,20302.479551,a7f917ef-2ca1-4bcf-bb34-79fa83526524,1,52480,52480,,
471026db-dce3-431b-85c1-b665606b996a,0f93749c-d816-46c9-bcd4-3e0fabc74b57,fc64bbe1-c4e9-4ddc-9cf6-1a7dabc2dc7e,4cb074e3cbf03d1709e2b44cbe575807813b::sa:subagent_001_0126ac61,24,weka_subagent,5,72466,71232,0,0,71232,1234,16409.0023629833,0.17543602734804153,1451.1414170265198,634.7117810510099,19947.222911999997,c72e392e-f3c0-420b-809a-f1ebd6dae429,5,71245,71245,,
2fcde7a6-719e-4080-8967-9a00f2d110c2,eca3fe91-c8fb-433d-979b-2ec9a646848d,2e65449c-7ec8-4f83-87b6-7f3227b9f1e2,439e5f9ed3159bd826529d8ae5bd1536903f::sa:subagent_009_d121e8d5:aux:000,0,weka_subagent,7,16976,16448,0,0,16448,528,16382.156551000662,0.5031849723309278,1747.5258640479296,594.6716150501743,20266.529056,,,,,,
498d2f95-74e2-47a3-b032-7831692fc59e,e449332d-c2e6-4164-b39b-91d0e7943b8f,b148e410-6464-494d-a905-f16c8b75fecf,48f9644a9b17cade09142b3d8f964bea35be::sa:subagent_003_ac104aef,4,weka_subagent,7,66240,49984,0,0,49984,16256,16382.124371943064,0.32869004644453526,4407.5946640223265,758.1605250015855,24571.010480999998,a959a644-c32d-4bc9-abc8-80674e0f85b4,7,49988,49988,,
f10916f5-ee10-45e0-bb8f-b27c385cb261,bea9ea19-5ddd-47d9-996e-c744857225b8,bea9ea19-5ddd-47d9-996e-c744857225b8,22a380be2e4f6293f24e32fd637ccc876d73,74,weka_main,4,265747,263808,0,0,263808,1939,16356.746872887015,0.14026707503944635,1816.8355011148378,1433.4047599695623,19661.621378,a7e5a372-b657-43dc-8538-6811cf4d7add,4,263824,263824,,
db6f02d4-d7c6-4072-8523-50417e2356aa,c83a5503-74cd-49c6-be4e-e414770a7bfc,fcf6c08c-11f5-44b8-9cbb-255c96a724d8,0a279af1bec84c6ab033bb03f5d8bfd6b08d::fa:000,29,weka_flat,5,251001,248960,0,0,248960,2041,16202.205791021697,0.21877791732549667,2212.288868962787,1944.5933130336925,20371.17356,fb1b67b9-ee73-43f8-898a-d3a45afb3e3e,5,249014,249014,,
2b88ceae-22d7-45e0-a2fe-a09c7418c1cb,3d90debc-83cf-4cbe-aa70-9bb5bc2a2127,3d90debc-83cf-4cbe-aa70-9bb5bc2a2127,4dcf5b2627786f87d5f1badf0ccd6e0f6848,18,weka_main,2,190805,189184,0,0,189184,1621,16161.299488972872,931.6599409794435,3103.4965940052643,991.1148539977148,21922.907001,bd740023-4093-4561-ad22-f68a1754f0f8,2,189203,189203,,
d96b3355-b893-4816-896a-1c912b06ac27,609f8cb8-27a8-4c3d-a30c-18222bb65981,3025707b-b8a6-48ea-833a-af55c71cf415,212e46e294bd09113e425ebc8a430cc528a6::sa:subagent_010_fb08b4e8,22,weka_subagent,6,123242,121024,0,0,121024,2218,16090.083007933572,0.18785707652568817,2633.266901015304,814.4380010198802,20846.470837999997,e6f8d3db-fdb2-4a28-8aa7-e864c633ac02,6,121067,121067,,
00cd8415-b060-417b-a023-c8ecb632e546,d964e543-03ca-4513-9d76-d10d3e9ed580,9b899d40-18e7-4b98-a358-b84033b17ee0,208d6e28928b0b3d3b33db3c690173d15be3::sa:subagent_020_0f6b39f5,2,weka_subagent,5,35087,34880,0,0,34880,207,16069.155206088908,0.3266449784860015,2274.0205739391968,1107.4232610408217,18989.511249,770df33c-b118-4ac8-8f82-5d01067c5433,5,34892,34892,,
3849caa5-164c-4cd1-b1aa-3e4ee7ed3a0e,017c21cc-6e2e-475c-a653-56dc4f215cab,4bfb33a9-2935-4f51-b63b-5ec0c8ac16aa,55585e80d717eb04ce0a145395cbcaa15f27::fa:001,15,weka_flat,5,102896,101248,0,0,101248,1648,16069.12388605997,0.1960579538717866,2275.12853697408,1106.2592789530754,19139.16424,a1efbcd6-70a5-4ba3-837a-dd1049c2dbc4,5,101292,101292,,
acc75d16-268d-4c59-8c66-6b6191addd75,3598bfce-7865-465d-8566-a5d9d7cf4920,3598bfce-7865-465d-8566-a5d9d7cf4920,421c59c8640de974ad4d7644b9ea88738998,5,weka_main,4,52509,50688,0,0,50688,1821,15943.11445299536,0.1727280905470252,1372.6975799072534,408.9826950803399,18032.793695,0d7f7db7-0e79-4384-b098-63c481e7b9ee,4,50712,50712,,
d3f22c5f-b076-4864-90ae-e8e3a6bdd5c2,b148e410-6464-494d-a905-f16c8b75fecf,b148e410-6464-494d-a905-f16c8b75fecf,48f9644a9b17cade09142b3d8f964bea35be,10,weka_main,0,135762,134336,0,0,134336,1426,15924.018693971448,0.1976770581677556,2009.4243440544233,1187.1107190381736,19860.727681,647e2667-b648-45a8-9879-537e29fdeb92,0,134350,134350,,
faff4bfe-199b-446b-aa63-1ff5f1a25ef0,59cc9ec3-9b20-4f88-a042-7ac306145de3,34f71a99-fc26-42dc-9bc3-963f5292e654,509ad65c576a007df9c0cf1e9863874da21d::sa:subagent_003_05f7403c,9,weka_subagent,2,63174,61824,0,0,61824,1350,15887.115839053877,0.20066695287823677,2816.7687359964475,1448.7323970533907,19939.016128,79a73c1a-17b0-4530-a5c0-6993f0e56b75,2,61830,61830,,
e74b3040-c488-4a45-8ac6-edb3d7232e12,d1e48c26-88aa-4c32-872a-f96c76b06abb,d1e48c26-88aa-4c32-872a-f96c76b06abb,43d1f727aec4d8b3f2aec42f816e7fabe193,52,weka_main,5,209209,208064,0,0,208064,1145,15791.521033039317,0.14453695621341467,2061.0139640048146,911.6732589900494,20591.937264,a79ad288-d2b4-4204-b094-867119206544,5,208182,208182,,
3f238f93-3261-4c28-ae46-1ecdb4e1bb0f,23cd4028-50e2-4734-b76d-1493574099d0,23cd4028-50e2-4734-b76d-1493574099d0,13e0b7038bafff59abfdc31aad12dbcd4a2f,43,weka_main,4,240977,238464,0,0,238464,2513,15773.894016980194,0.13574701733887196,3207.7283600810915,905.5189319187775,20208.774142,632dc797-acbb-40bb-96e4-b3d0ec569854,4,238480,238480,,
6172af77-3ac9-4f9a-af8a-c46560e01ab4,e40d215c-11ae-4789-8cd5-7bc2e086e58e,e40d215c-11ae-4789-8cd5-7bc2e086e58e,4dbd24a9e3ac2103166bac86017ffb696394,5,weka_main,7,79040,74304,0,0,74304,4736,15772.19095500186,0.18656393513083458,2149.067601072602,787.7503550844267,18935.895965,b8e44717-2f24-4e13-86e8-e618d3b48302,7,74366,74366,,
ea8a7d94-6402-4d65-b5c4-1e698ef6580b,f8731a13-ac57-44ff-bc90-eda84dc70920,142de3cd-f318-458b-87e5-63d6e9889266,1fc68c514c7fb89dbc498ae9da77d5476cec::fa:007,23,weka_flat,2,484436,484032,0,0,484032,404,15725.201111054048,0.2797259949147701,2935.6098429998383,906.5358570078388,21608.658342,fc13a7d6-7365-439e-b416-24089207324f,2,484048,484048,,
aace5b07-55bf-4aac-b10b-538f77238d4f,017c21cc-6e2e-475c-a653-56dc4f215cab,4bfb33a9-2935-4f51-b63b-5ec0c8ac16aa,55585e80d717eb04ce0a145395cbcaa15f27::fa:001,6,weka_flat,5,83344,81280,0,0,81280,2064,15719.860822078772,0.3161940257996321,2137.498003896326,635.9541550045833,19978.00565,d733940b-e715-40e1-a130-8ae670e812cf,5,81293,81293,,
f5d31bb0-e74e-44d2-8a26-f42b826b63b4,319ac925-be0d-4df1-bbbb-15a19e3c07d7,2e65449c-7ec8-4f83-87b6-7f3227b9f1e2,439e5f9ed3159bd826529d8ae5bd1536903f::sa:subagent_056_f7ec750f,8,weka_subagent,7,35554,35200,0,0,35200,354,15657.746892073192,0.20182703156024218,2713.058879948221,1382.1438599843532,19447.460703,1948f9d7-4b27-4b8e-8689-2caa2d976d55,7,35231,35231,,
87342c6d-f665-49ae-b510-5cfc0318159e,57015d70-96d5-4fd5-ae1f-a71ee64dbb97,2e65449c-7ec8-4f83-87b6-7f3227b9f1e2,439e5f9ed3159bd826529d8ae5bd1536903f::sa:subagent_079_a60cd6f6,13,weka_subagent,0,37237,35264,0,0,35264,1973,15601.985176908784,0.17315708100795746,1304.2210519779474,691.894739982672,17475.339246,f9f635bb-0af3-4ef8-924a-760d5c7f3223,0,35313,35313,,
cb46525f-5b64-4937-92a6-e4e0a03c8a7a,afda97e4-8cfc-419b-adfc-22ec180f4c68,a4a3f998-63b9-4ea4-8c92-207fc7ec761c,1a271af3dedd40be2efd413ef35fe7f0f53b::fa:002,33,weka_flat,7,298230,292480,0,0,292480,5750,15525.183783960529,0.20187604241073132,3037.960991030559,1030.0079820444807,21630.841557,8ce7002e-fc84-45f6-a009-3df136e7f801,7,292532,292532,,
98d13eea-ed0e-493b-99cf-e0da09ed75b9,6228242b-1ec4-430d-b516-b6b1ca332c27,6228242b-1ec4-430d-b516-b6b1ca332c27,21cde366f5bd2f0ff2031b0538496c7e2a05,308,weka_main,2,251449,248512,0,0,248512,2937,15517.464083968662,0.27888594195246696,2977.6007370091975,883.7626829044893,20322.183493,f1b6e080-a87b-4cab-9541-8922d882872a,2,248564,248564,,
7b0f6060-e5ed-4ecf-a004-78e1ff35f659,9d5ec7aa-36b2-4cd7-af64-8dfb434aaa43,9d5ec7aa-36b2-4cd7-af64-8dfb434aaa43,5ca97cc975a39a898d775b63881b22fe178e,38,weka_main,1,100069,99584,0,0,99584,485,15479.7212240519,0.2530169440433383,2609.8363959463313,852.2639200091362,22604.206037,a9b328c9-726b-4d60-8d31-cd025aab8c2a,1,99617,99617,,
670f87aa-659f-4f7c-b514-da597f0d853e,6228b7f2-7435-481a-a91c-9bbe868e4459,2e65449c-7ec8-4f83-87b6-7f3227b9f1e2,439e5f9ed3159bd826529d8ae5bd1536903f::sa:subagent_004_9ae2bb2f,9,weka_subagent,0,39719,38208,0,0,38208,1511,15478.617697022855,0.18775102216750383,1782.1032439824194,1146.3068639859557,18496.527007,298458ae-cc09-4fa1-8334-63639f3773fb,0,38244,38244,,
c1cb9219-152d-4f90-ba50-922c0a98a5aa,82746d90-f2c6-47d4-9076-5a2f3081c382,82746d90-f2c6-47d4-9076-5a2f3081c382,58df1d60a757e733f6a572d720e17dabd505,18,weka_main,3,126795,124928,0,0,124928,1867,15353.427003021352,0.17130805645138025,2844.9136989656836,1016.4330799598247,19916.716894999998,cb312d2d-2c13-4f8b-8c2e-e501c73618b8,3,124939,124939,,
b1135170-693e-4cc6-ad7e-9f25a2a8e122,e51d0d07-9aed-4f6a-99e7-6733acd466b8,e51d0d07-9aed-4f6a-99e7-6733acd466b8,37c8d244d81e01d3b70c9f7fe619d9392a24,23,weka_main,3,111395,109568,0,0,109568,1827,15313.467250089161,0.23677595891058445,2064.4915140001103,976.4892139937729,19350.791697,323032c6-58c9-437c-afc2-ac9c8d769dc8,3,109600,109600,,
5474204d-72d9-4f83-846a-68a1c3acc959,10e49e95-d66b-4729-937a-f33ce1f5bf79,2e65449c-7ec8-4f83-87b6-7f3227b9f1e2,439e5f9ed3159bd826529d8ae5bd1536903f::sa:subagent_096_9ef9dcb8,4,weka_subagent,1,30812,29248,0,0,29248,1564,15232.282672077417,0.22220693062990904,1728.8625169312581,790.3069159947336,20458.792589,6abba3ff-d8a2-481e-b0a3-7595abad98ef,1,29272,29272,,
336f2696-efdf-4145-b004-287fc67c2044,4be7b05a-42b1-4130-b978-f9d7c21446af,4a224c40-4d20-418e-a07d-0d3bc9052670,085aacf44ac5428ad3c6b4f6cd431e083832::fa:006,24,weka_flat,6,728840,726016,0,0,726016,2824,15227.595809963532,1005.6384820491076,3576.0751420166343,1282.8272969927639,25542.148301999998,2ba22909-f949-4b39-af41-a6b7369be0ad,6,726019,726019,,
61d3cf7f-d369-44ad-a80b-5bcae379031d,780b2625-ea2e-4e41-831f-3671191f9741,b72ce93e-8d41-4a45-b5a8-4e828b3e716f,578354185933aedcdc6c17fbfbfcfb48876b::sa:subagent_002_e01eb26a,22,weka_subagent,2,84841,82624,0,0,82624,2217,15218.288263073191,0.24988793302327394,1762.1980960248038,774.0291489753872,18041.951985,4b74e8c8-6fc5-4bc4-9b4e-65070e822453,2,82662,82662,,
d27a6e95-8c0a-4011-bfbc-41bdc632cae4,29a989f7-3f39-4927-9b07-e2fad052e30a,2e65449c-7ec8-4f83-87b6-7f3227b9f1e2,439e5f9ed3159bd826529d8ae5bd1536903f::sa:subagent_044_96e312ee,2,weka_subagent,1,27863,27520,0,0,27520,343,15071.828785934485,0.2566759940236807,3246.4951990405098,1650.5503919906914,19246.381386999998,d2d6a973-1f8b-4cb6-879a-65d831ca87ff,1,27539,27539,,
a47cea4f-a43c-4554-81c7-2aa0f0871aec,8f29b911-f2f0-4c49-92a1-0b53f653efbe,8f29b911-f2f0-4c49-92a1-0b53f653efbe,3317a925c2a7f40e9eafe5f5532793a23c67,13,weka_main,5,50600,49344,0,0,49344,1256,14985.938698984683,707.4611580464989,1793.8323629787192,839.8773319786415,19774.629758,84976118-80c1-4d54-b290-ba597c4b24a7,5,49382,49382,,
7f0346bb-1b3c-4b18-82a3-a9fd64cdcb97,e854ac05-1614-4bc5-b958-cf71872ce73c,1da7f991-c484-4933-8c09-8210744a16cb,46350c0355fa3f1922abb20cf7f5724bd7cd::sa:subagent_002_ca33d26e,5,weka_subagent,0,47316,41536,0,0,41536,5780,14985.060097067617,0.190268037840724,2488.2850889116526,931.3930140342563,18739.400003,86a7731c-8347-4495-9bc5-f769628f4ec2,0,41557,41557,,
1e44c467-07d9-470a-b91a-2ccb5d04e83f,d83e87a3-fc17-4cae-8cd4-696016dc712e,0b49c706-e626-42a3-bca1-66394c69cd9e,61962299108912449a53f411ed3cf2d1c013::sa:subagent_004_4bf41cb2,0,weka_subagent,2,20807,17600,0,0,17600,3207,14937.668103026226,0.21258695051074028,4502.146085957065,1518.2510709855705,20684.053495,,,,,,
72f82c02-7461-498a-859e-f2ae993b83f8,a516b7ce-9b7f-4d2d-bbb9-88754a792516,a516b7ce-9b7f-4d2d-bbb9-88754a792516,4f6988943c04756b546e21ca5be6bed67991,2,weka_main,7,54404,50240,0,0,50240,4164,14812.204148969613,0.18751109018921852,3405.1875199656934,1159.922236111015,19751.079201,b569c85c-7a7f-495e-a6cb-2086304d8797,7,50243,50243,,
400af3f7-0c69-41d9-9c90-91aebc1a10b5,793bf4cc-5b17-4ab7-abcc-6b2ff924e3b9,8abb9a1a-5605-4605-8069-80217880bc40,65e68541af1a7d2427b660ff82d4e100583d::sa:subagent_001_ad6a50a1,6,weka_subagent,3,35290,32448,0,0,32448,2842,14808.874665992334,0.1625270815566182,3250.4380010068417,896.3621269213036,18798.983411999998,0a621e39-abcb-46db-a865-71f7789129bd,3,32471,32471,,
e651158c-fcd9-4545-8630-1aeb3d304bc9,4646b866-bc51-463c-b13f-7ebb2cb5204e,4646b866-bc51-463c-b13f-7ebb2cb5204e,43eb23b676fb4a9f9bccbc568dbca0d6b352,19,weka_main,0,133463,130624,0,0,130624,2839,14794.151484966278,0.23777596652507782,3174.686245038174,956.6048639826477,18765.534784,fd2c2451-9085-46c7-a4a1-a2cabd7f97a3,0,130643,130643,,
c09d216f-2e82-420b-b957-17f37aa89acc,d751a3c0-92e1-4702-800e-582700601e79,8f29b911-f2f0-4c49-92a1-0b53f653efbe,3317a925c2a7f40e9eafe5f5532793a23c67::sa:subagent_001_d1a923b1,5,weka_subagent,0,74335,60288,0,0,60288,14047,14790.08581803646,0.20041794050484896,5777.957918937318,988.2473009638488,22652.483143999998,69ec5aa4-c4b3-44ff-8963-4135d513f79f,0,60321,60321,,
930998bf-d85b-4fe0-ad80-b6203d198139,b1f6fa8e-9196-453f-938a-51d94cc8810b,6cdf6425-f6b1-4d32-8315-7da85151f224,3e573575f7a9f0d647460e769c0a64e71d59::sa:subagent_005_e6261ef0,4,weka_subagent,5,26767,26560,0,0,26560,207,14771.76754095126,542.5073920050636,1611.661033006385,729.2234270134941,18027.45871,77ab8bde-1ec1-45b4-a4be-64a2d8ea0cf2,5,26572,26572,,
d9f9d9ea-52fb-4c3c-bb47-4ae38da5ece6,6c9bc205-06a0-4654-9338-6a3dbc82a588,6c9bc205-06a0-4654-9338-6a3dbc82a588,002001296e8a8c38ad9d7cc436d691afc602,101,weka_main,5,340697,340608,0,0,340608,89,14739.570096018724,0.15198695473372936,1847.5954820169136,814.9707110133022,18202.388533999998,029fd565-a072-4604-b344-f1e7019d4dc8,5,341080,340697,,
34f48a32-6547-4753-a234-3b802b627b4f,d544e59c-cdb8-4ac9-af6c-663ee041dbaa,e81e3cff-6940-40b0-963e-7b2dd49a6311,57f2a77e2d331c0bd73b6fcf3157d48b4190::sa:subagent_001_62b22faa,39,weka_subagent,7,76040,75712,0,0,75712,328,14615.46464706771,0.1667579635977745,2715.014455956407,1381.1110119568184,18100.119495,2c82bbf8-75ca-4266-8f8e-70b23e97683a,7,75717,75717,,
e08b3364-7caf-4e01-9af4-90993ce8017b,6e0d9099-e263-4ac6-9a31-b62da26d0e22,9b899d40-18e7-4b98-a358-b84033b17ee0,208d6e28928b0b3d3b33db3c690173d15be3::fa:000,103,weka_flat,4,813448,811328,0,0,811328,2120,14599.637384992093,0.16518693882972002,3321.046162978746,1723.1504229130223,22847.842391,1a3a12ee-b241-4b0f-a356-e7b4d73b71c2,4,811333,811333,,
4b47e794-2e5d-4d3c-9016-466680752abe,2b1955bb-a18c-468a-99af-6a1df55885de,2b1955bb-a18c-468a-99af-6a1df55885de,38f9148d19708a1c29ed7c8505f1b82083aa,29,weka_main,3,261461,211968,44032,0,256000,5461,14591.289988020435,0.27723703533411026,2691.798756015487,692.6326740067452,19196.720697,a177e809-edd6-4a28-90ab-3ffacb6cf943,3,256021,256021,,
50f7a426-c44e-4875-bfad-69791b48fae3,a87a70ef-ea08-476d-bddd-4c1fc6c77c62,a87a70ef-ea08-476d-bddd-4c1fc6c77c62,3e119fc3136975fe98cfc7fa73500d6574a0,53,weka_main,0,246286,241088,0,0,241088,5198,14571.532267029397,0.1915539614856243,3029.571985010989,1102.1466490346938,19845.804417,03c19f56-db78-4d4c-9e1f-20b0efaae8dc,0,241100,241100,,
10199607-a962-4b54-a2e1-0b637b8c5452,342ee696-8920-416b-8832-7c6a7e17194a,2e65449c-7ec8-4f83-87b6-7f3227b9f1e2,439e5f9ed3159bd826529d8ae5bd1536903f::sa:subagent_036_b44952ab,7,weka_subagent,0,34916,34560,0,0,34560,356,14555.308336974122,0.1912569859996438,2208.818271989003,955.1474759355187,17437.661247,0e33bdba-bf0d-4ef5-b7d4-fd043e18d207,0,34596,34596,,
a8bc5e43-b009-49fd-bfa3-dccb1639170a,57735058-7eab-45fe-968a-5b29e18fa680,57735058-7eab-45fe-968a-5b29e18fa680,6359dd402eb0e2361bf439699c52f5cfea38,10,weka_main,5,82723,81280,0,0,81280,1443,14508.460946963169,0.17948797903954983,1800.866264034994,1228.4580920822918,16978.613531,5c37ab42-8bf0-4838-a959-9faf755e9f05,5,81315,81315,,
65e12fdc-e079-4ae9-81ec-dd10bc98c391,c3452f30-038f-4a96-8e73-4df50cb038de,ebd778cb-c17c-4939-a2dc-d0091acd2fcc,0470d446a4514dfe0c6ad0be92853bd13287::fa:009,127,weka_flat,3,155661,154240,0,0,154240,1421,14501.611453015357,0.17679703887552023,3034.716640948318,1421.6859440784901,18910.105657,04964d08-1d83-43cd-8f9d-b0f1e8ad7545,3,154253,154253,,
c3af06d6-7c0c-4c74-8eb2-df64bedbc500,9e1d6442-5773-4420-81ce-ed6601c45eb0,fc64bbe1-c4e9-4ddc-9cf6-1a7dabc2dc7e,4cb074e3cbf03d1709e2b44cbe575807813b::sa:subagent_002_10120de3,1,weka_subagent,1,40768,34624,0,0,34624,6144,14488.272625021636,0.18729502335190773,3368.422164930962,797.3471329314634,18555.691387,1121adf8-836c-4a8b-b8c6-34ac4b590a96,1,34627,34627,,
b2d74b22-185e-4446-8474-0da062e15724,afda97e4-8cfc-419b-adfc-22ec180f4c68,a4a3f998-63b9-4ea4-8c92-207fc7ec761c,1a271af3dedd40be2efd413ef35fe7f0f53b::fa:002,30,weka_flat,7,291821,290944,0,0,290944,877,14474.088976043276,0.17088605090975761,2480.7279650121927,755.9128549182788,18805.748518,dbf25383-a96a-45c2-918c-6700b5ee9ebb,7,290987,290987,,
5aaa7944-bcef-4067-a30f-eb5c6009f806,e712b3ef-df1d-4552-b101-43fb4d680a0b,2e65449c-7ec8-4f83-87b6-7f3227b9f1e2,439e5f9ed3159bd826529d8ae5bd1536903f::sa:subagent_041_87ccafba,13,weka_subagent,2,39788,38848,0,0,38848,940,14424.240046995692,0.20164798479527235,1619.9678379343823,607.1924589341506,17734.126238999997,0609b6fc-b32b-4a8e-9042-f6e3d13bf885,2,38890,38890,,
c89c1399-e7fd-408a-9ce8-2049190cbdec,6c9bc205-06a0-4654-9338-6a3dbc82a588,6c9bc205-06a0-4654-9338-6a3dbc82a588,002001296e8a8c38ad9d7cc436d691afc602,108,weka_main,5,360943,354048,0,0,354048,6895,14391.144586959854,0.14025799464434385,3343.7112220562994,969.434194965288,19429.275101,5b3f9442-6601-4e2f-b41f-988091c0af37,5,354089,354089,,
6bce66bf-84e1-4af1-bd59-3a1b996a0c0f,e9f9313b-300b-4551-97d4-5b8de42c49af,34f71a99-fc26-42dc-9bc3-963f5292e654,509ad65c576a007df9c0cf1e9863874da21d::sa:subagent_006_3300066f,8,weka_subagent,0,57303,56448,0,0,56448,855,14357.955049956217,0.3071599639952183,2116.0815090406686,702.8666249243543,17749.255001999998,516b0ebe-ec78-441e-9a35-6311f91bb8c8,0,56467,56467,,
978d5e07-da2f-40ea-8e37-4b501f83dcb0,f56c7f84-0d39-41ef-ae1e-976e24f996fc,12f5162a-87b2-4d4d-bd2c-e705dbb401fa,5ed3de2b572d237576f034af300c1a1f65d3::sa:subagent_003_f5a11a71,4,weka_subagent,0,44493,41024,0,0,41024,3469,14357.92896093335,0.16939500346779823,2796.32638709154,716.3447899511084,17555.293587,47d67ac7-a955-40d0-92d5-55b6c3b65f3f,0,41033,41033,,
39b7f315-57ac-475e-bbad-b55a096f2cc7,3734696a-7a54-4d4b-b0c9-2fceaccb2203,a4a3f998-63b9-4ea4-8c92-207fc7ec761c,1a271af3dedd40be2efd413ef35fe7f0f53b::fa:001,33,weka_flat,7,257744,256960,0,0,256960,784,14309.450292028487,0.186079996638,2230.757385957986,1157.7811159659177,18340.099674,9af2ca26-10e9-47dd-a02f-c502be6794df,7,256974,256974,,
e4f6b338-f638-4910-bb69-9d320e10555b,0b8eeae4-6a86-4335-b6af-87a37ead5fb4,3025707b-b8a6-48ea-833a-af55c71cf415,212e46e294bd09113e425ebc8a430cc528a6::sa:subagent_006_0ba3be46,22,weka_subagent,3,80071,76928,0,0,76928,3143,14211.525113903917,0.194234075024724,3499.178128084168,1467.3535039182752,20052.343907,180120cb-aab9-4972-9514-2ecba878e33d,3,76929,76929,,
85555c73-f35e-40af-b27f-4d8f52562a3f,57735058-7eab-45fe-968a-5b29e18fa680,57735058-7eab-45fe-968a-5b29e18fa680,6359dd402eb0e2361bf439699c52f5cfea38,14,weka_main,5,92200,90368,0,0,90368,1832,14136.929734959267,0.20302797202020884,3052.895023021847,1111.395942978561,18753.304583999998,5043f063-5faa-4990-9673-884b7d66e516,5,90405,90405,,
0a5fa433-7707-4159-8ecc-cb01d5f6f3b3,b148e410-6464-494d-a905-f16c8b75fecf,b148e410-6464-494d-a905-f16c8b75fecf,48f9644a9b17cade09142b3d8f964bea35be,12,weka_main,0,140760,137600,0,0,137600,3160,14112.273973994888,0.20385696552693844,2668.4072240022942,1393.108215997927,17970.272657999998,13c9a719-83f0-4b31-8c0b-0d9ce73e710d,0,137622,137622,,
af3ad6ee-ae9a-4071-a12d-763b4fedb8e2,58673e8d-edef-4825-b135-1d55b19b62b0,58673e8d-edef-4825-b135-1d55b19b62b0,31dd54e63bd3605ad9ab96003ab1ae8f39f3,31,weka_main,5,119243,117632,0,0,117632,1611,14101.259313058108,0.13733794912695885,3370.7848750054836,1152.740229968913,18948.681643,f6f3cd79-9382-494a-a696-ae91b65f132a,5,117641,117641,,
6c4b0b36-fb6a-48d9-8301-539d4f76ee0b,c24404ee-f0a5-4831-a7c1-f1373a38e414,c24404ee-f0a5-4831-a7c1-f1373a38e414,68264e5ae56c9fc98128957cc5905b525b02,17,weka_main,1,79535,77824,0,0,77824,1711,14096.406374010257,0.336881959810853,3970.159156015143,1408.923421986401,20201.671721,6e546dac-3169-4e62-9b01-3e6bb728df57,1,77867,77867,,
d6ce2300-973e-4e0f-8362-4a713668cef2,a4995410-42f5-4def-a036-feeb02a0e2d5,a4995410-42f5-4def-a036-feeb02a0e2d5,2a4f3506ac5efa421d361390686f34c038e7,32,weka_main,7,125571,123264,0,0,123264,2307,14082.91564299725,0.1626579323783517,1884.2504010535777,1182.4791999533772,17901.840804,a7d3806d-db33-449a-b311-8bc72a227056,7,123327,123327,,
9538ec56-1bd5-498b-906c-b75c17a48afa,ea7e0abc-071c-412f-9138-e0baaca897d5,ea7e0abc-071c-412f-9138-e0baaca897d5,203147a7ad6c355f99290d8ac7811e6de5be,33,weka_main,5,82652,81984,0,0,81984,668,14025.249568978325,0.1559120137244463,1659.4061719952151,687.7194029511884,17062.405859,9d020d53-f9ba-4adb-86ba-75f94b636207,5,82008,82008,,
b71ab99a-d163-4412-957b-5329219b676e,fd028555-29f9-474e-a5da-71cdc67025fa,c3fd6123-0d6e-44b7-806f-f2ed5792ef08,5574c0b4f3781f347f747d6d0a85441d51ba::fa:000,37,weka_flat,0,172048,169792,0,0,169792,2256,14008.989910013042,0.26529200840741396,2965.4054070124403,703.9716499857605,18523.556126,2e88d9f8-92f8-4518-a43f-bd99fcf4cbd9,0,169804,169804,,
7428bbdc-3dad-40c7-8bfb-11d25ae64b67,f2562ea6-81f8-4622-8a91-68c9521e07da,2e65449c-7ec8-4f83-87b6-7f3227b9f1e2,439e5f9ed3159bd826529d8ae5bd1536903f::sa:subagent_042_c051189e,13,weka_subagent,0,39415,37440,0,0,37440,1975,13971.247836016119,0.180628034286201,2745.6989609636366,760.4316140059382,17920.922337,b395d0fa-b225-42c2-a3b8-dae8ffb64088,0,37491,37491,,
ffd43106-e838-4a9a-ae32-8bdb98707dc3,41daadd6-61e6-4dfc-bca3-cf3b4a5e0e97,dc3ad140-8435-42dc-a27a-39b22a439302,5fc70a9165e6a1fd4bfd1add7ef5452205b2::sa:subagent_006_08898210,9,weka_subagent,7,77444,74432,0,0,74432,3012,13698.070286074653,0.15890691429376602,3309.6348189283162,610.981771023944,17871.304632,eb42a9f2-fd9b-44cd-b923-2b60e5754cfd,7,74434,74434,,
81dd10b8-9c56-421e-90cc-b20151b06aeb,3baed552-db12-485f-9452-a55ca95f29de,2e65449c-7ec8-4f83-87b6-7f3227b9f1e2,439e5f9ed3159bd826529d8ae5bd1536903f::sa:subagent_061_2c3ebbd1,1,weka_subagent,7,27279,26688,0,0,26688,591,13690.894888015464,0.3380549605935812,2701.599408988841,1194.5620100013912,17650.151740999998,11ad6c1d-86f8-49e3-8e47-f46bcba46785,7,26700,26700,,
5c6551ca-c75f-4c53-9b3b-552a6b91d040,319ac925-be0d-4df1-bbbb-15a19e3c07d7,2e65449c-7ec8-4f83-87b6-7f3227b9f1e2,439e5f9ed3159bd826529d8ae5bd1536903f::sa:subagent_056_f7ec750f,4,weka_subagent,7,29141,28224,0,0,28224,917,13690.86123793386,0.20040699746459723,2702.82871206291,1193.2151790242642,17539.972636,82b33710-32e2-434a-886c-1b8a1de68304,7,28243,28243,,
88f95b32-7428-4b3a-8bb7-9e2943018220,9d5ec7aa-36b2-4cd7-af64-8dfb434aaa43,9d5ec7aa-36b2-4cd7-af64-8dfb434aaa43,5ca97cc975a39a898d775b63881b22fe178e,58,weka_main,1,125794,124608,0,0,124608,1186,13642.627603956498,0.28200808446854353,1640.4480650089681,902.8525280300528,17973.262903,cebbdd08-8c67-4d66-9cc4-13168b7430ef,1,124639,124639,,
a74da2a0-3ace-4b12-8faf-586ec4034ae3,9068db88-d584-48f0-b16e-9de9da50143b,9068db88-d584-48f0-b16e-9de9da50143b,515e43cbf9a646bb3e6489bd78f1bf1b361a,17,weka_main,2,156919,153984,0,0,153984,2935,13602.168458979577,0.24771597236394882,3096.4407209539786,1559.992191963829,18204.199953,d2bcf65a-c3c5-4261-8f85-276dc01a1590,2,154035,154035,,
f89c7aa7-4cfb-4590-8ba0-1093b3712731,62a80e22-0e7c-439f-9ff8-d037c5ef1424,23cd4028-50e2-4734-b76d-1493574099d0,13e0b7038bafff59abfdc31aad12dbcd4a2f::sa:subagent_001_126ed9e9,27,weka_subagent,2,109369,105920,0,0,105920,3449,13578.791801002808,0.3379889531061053,2618.699064012617,935.8999589458108,18223.435201,afcf081f-e174-400a-96ff-a31beeb85c91,2,105975,105975,,
1ee97d6d-63b3-4608-a670-706cecf5b724,2c2a9dbf-f28b-42d8-835e-94b9694db402,0b49c706-e626-42a3-bca1-66394c69cd9e,61962299108912449a53f411ed3cf2d1c013::sa:subagent_002_6e6558e9,5,weka_subagent,2,42711,37184,0,0,37184,5527,13573.489950038493,0.31734700314700603,2700.7124359952286,541.036925977096,17462.816694999998,c84d6957-c1d0-40ab-befc-73dbad0a6981,2,37207,37207,,
998b4bb1-7acf-4eab-a172-12ce6cea8dc4,b589df1c-8fef-4d46-9823-e93e48e57545,b589df1c-8fef-4d46-9823-e93e48e57545,3cb1c6dc71a21714587287306ebe52748568,9,weka_main,2,138232,131456,0,0,131456,6776,13519.181143958122,1483.648851979524,6106.498320004903,1562.927318038419,21831.911763,33a16d7a-2711-4823-9faa-b8a65e51562d,2,131513,131513,,
5e528043-2786-4763-8d93-75b3d2009cd2,e40d215c-11ae-4789-8cd5-7bc2e086e58e,e40d215c-11ae-4789-8cd5-7bc2e086e58e,4dbd24a9e3ac2103166bac86017ffb696394,23,weka_main,7,120423,118528,0,0,118528,1895,13513.133501983248,0.3350550541654229,2774.3722699815407,1373.9906039554626,18153.874810999998,ea895fc2-1c7b-4959-8572-966a827b8987,7,118565,118565,,
1e7000b5-8755-4768-8ba3-35f316c382da,a62ca600-1215-481c-87b8-75b026c41f54,a62ca600-1215-481c-87b8-75b026c41f54,4cccee1943ddca3e762d4425fd9fbd3a858a,20,weka_main,7,108829,106624,0,0,106624,2205,13513.123292010278,0.20599702838808298,4135.414300020784,1195.2237010700628,19329.930493,fede3c3b-eaee-4e5e-aeda-8ff757a0dab0,7,106648,106648,,
079cffd8-eda5-4d41-a8fe-dc9a7e9ca08b,b7b83d9b-04ec-43f6-ac79-8b1d2a98ca9b,b7b83d9b-04ec-43f6-ac79-8b1d2a98ca9b,4b433e21f63822412e0f27d5473da9ea1322,28,weka_main,7,123951,123648,0,0,123648,303,13507.166443043388,0.2331560244783759,2713.3108499692753,1348.9024039590731,17982.170272,97f3eecf-f8a4-4929-aade-308dcf309720,7,123691,123691,,
94085909-8218-40d3-bddc-431f556db8f3,00015360-0076-4c51-8a67-888c8051c116,00015360-0076-4c51-8a67-888c8051c116,0bed163ac9566086e14ffd85c7481096d49d,41,weka_main,2,123239,122240,0,0,122240,999,13431.813359959051,876.4581020222977,1892.764616990462,934.7090390510857,18004.347064999998,7053c73b-abe5-4f77-98ca-21180a0ecc84,2,122276,122276,,
50c89a85-1a4a-44bb-a276-e850d19049c9,a14d933d-d09b-4160-a7a9-e4beccecdf60,c7ec6ecd-aea8-43c5-b2b9-24aaa2df594d,03e110ac6921c2fe9ac7772a9654314a2beb::sa:subagent_005_c0c87fc2,9,weka_subagent,6,53404,52224,0,0,52224,1180,13422.227472998202,0.23665709886699915,1672.092072898522,916.2088499870151,15997.493749,07b70401-66e8-4921-85d5-f247fc67ce56,6,52243,52243,,
dcc69510-5e77-493e-bef6-20a79c19a00f,15a81f9b-f63f-4d8e-a19b-d60ab2db924c,15a81f9b-f63f-4d8e-a19b-d60ab2db924c,4e687509d3c9c0afa7cc8b884d120eeb0d79,19,weka_main,7,300866,291840,0,0,291840,9026,13404.82008899562,0.22609601728618145,5771.2735530221835,1445.3860849607736,22120.839007,96679bfc-8bee-4dbe-99f1-4961968a5735,7,291845,291845,,
0db1db23-6098-47ea-8162-b7fcf17b4ad9,8795f9fc-0f48-4a30-b795-854b558acfb6,2e65449c-7ec8-4f83-87b6-7f3227b9f1e2,439e5f9ed3159bd826529d8ae5bd1536903f::sa:subagent_007_b52fbfde:aux:002,0,weka_subagent,2,2902,0,0,0,0,2902,13393.668639939278,0.18400396220386028,2585.5878200381994,1035.2589989779517,17117.962325,,,,,,
12287205-7423-4f77-8ce7-4b63bd70a95e,afda97e4-8cfc-419b-adfc-22ec180f4c68,a4a3f998-63b9-4ea4-8c92-207fc7ec761c,1a271af3dedd40be2efd413ef35fe7f0f53b::fa:002,22,weka_flat,7,286484,286400,0,0,286400,84,13347.611036035232,0.2047769958153367,2173.8559369696304,1308.0440140329301,18389.958302,0595c980-7a14-4c1d-9140-8bd564262ac8,7,286804,286484,,
02db5b10-9708-4a88-8d71-edb2d612af64,e2892a59-8b7f-4a9c-b8b1-65a51fee1910,0d38cf80-2c81-4832-abfd-72290c401a54,2654d8b687d9c22001c25155ff2a69840acc::aux:001,0,weka_flat,1,405577,264576,0,0,264576,141001,13334.221062948927,0.2292570425197482,46102.21093904693,1298.1958440504968,61574.02033,,,,,,
98c0b99f-5eab-4c9b-b03f-87b07606f64f,e712b3ef-df1d-4552-b101-43fb4d680a0b,2e65449c-7ec8-4f83-87b6-7f3227b9f1e2,439e5f9ed3159bd826529d8ae5bd1536903f::sa:subagent_041_87ccafba,17,weka_subagent,2,43578,43008,0,0,43008,570,13313.279376015998,0.1651380443945527,1561.8616479914635,914.4345889799297,15997.340315,dd7735ac-d99f-404f-acc0-c4197cc41a5c,2,43062,43062,,
c4111825-de02-470f-a496-773f1711e697,680996cc-d574-49cb-9eb2-a16a8fca5aa7,0b49c706-e626-42a3-bca1-66394c69cd9e,61962299108912449a53f411ed3cf2d1c013::sa:subagent_001_97adff5d,7,weka_subagent,2,94457,84480,0,0,84480,9977,13284.06687604729,0.14122901484370232,4607.41162893828,831.646631937474,19082.239647,87528b1c-2ecb-4906-8a51-6d579d6e46eb,2,84537,84537,,
93bda415-2de2-4088-83b2-5861be0abf12,6c9bc205-06a0-4654-9338-6a3dbc82a588,6c9bc205-06a0-4654-9338-6a3dbc82a588,002001296e8a8c38ad9d7cc436d691afc602,112,weka_main,5,364979,364672,0,0,364672,307,13276.229675044306,0.33141602762043476,2004.2390079470351,1107.8326449496672,18023.976583,dc5965df-ce52-463e-804a-f9580eed4d24,5,364721,364721,,
e598dad8-5837-40ca-b32d-20bc86b711b2,8f29b911-f2f0-4c49-92a1-0b53f653efbe,8f29b911-f2f0-4c49-92a1-0b53f653efbe,3317a925c2a7f40e9eafe5f5532793a23c67,37,weka_main,5,83050,82368,0,0,82368,682,13276.200035004877,0.17729797400534153,2014.8777929134667,1106.7014579894021,17660.193241999998,41dd8522-9da7-49c6-b570-83d7984338a7,5,82405,82405,,
730624d8-c9b0-4281-b988-5f1cbf392af2,cc819c22-f082-45b8-8c98-4ce76a1b4143,2e65449c-7ec8-4f83-87b6-7f3227b9f1e2,439e5f9ed3159bd826529d8ae5bd1536903f::sa:subagent_074_4fbb6e90,2,weka_subagent,2,29198,27648,0,0,27648,1550,13222.865625983104,0.1467789988964796,1557.4129020096734,830.4025080287829,15636.402510999998,bf931499-1d3c-402b-b78b-967af11aa210,2,27658,27658,,
3ec09c2b-6030-49f4-8575-671f9789d296,a4995410-42f5-4def-a036-feeb02a0e2d5,a4995410-42f5-4def-a036-feeb02a0e2d5,2a4f3506ac5efa421d361390686f34c038e7,33,weka_main,7,125830,125568,0,0,125568,262,13217.112535028718,0.18637592438608408,2347.7892139926553,855.260176002048,16292.586921999999,d6ce2300-973e-4e0f-8362-4a713668cef2,7,125571,125571,,
107203fb-d358-434e-9b7e-8be163fea06f,53cf156a-3eab-493d-84dd-ffd3042030eb,2e65449c-7ec8-4f83-87b6-7f3227b9f1e2,439e5f9ed3159bd826529d8ae5bd1536903f::sa:subagent_037_1c1f0df5,8,weka_subagent,0,32803,32320,0,0,32320,483,13201.180667965673,0.4592030309140682,2210.476576932706,953.666678047739,17076.701036,6fde77cf-3808-483e-8c43-1cd11739e06b,0,32351,32351,,
10df40e1-490e-4392-a099-e21e07dc7b6d,48abda6e-82a4-4c64-be17-1f511183e1ea,7f96db1e-a049-4324-8f49-472ac641e141,61e3eb63c3a5bb497d6857c036d11e1d225d::fa:005,4,weka_flat,2,215980,212352,0,0,212352,3628,13171.287868986838,0.18371804617345333,2347.2279720008373,788.17857906688,16457.732675,9d16c530-5ec0-48a5-82d8-0456d624a37a,2,212393,212393,,
d1058dd3-bd61-46f0-8c52-d967d1cfeba5,7f63504e-af32-4c94-8348-0ebb502f830d,f04cfba2-dc18-4cc4-90b7-574b32c8521f,5cbd632dae8626a5743d4a3ce38bd74ff9dc::sa:subagent_007_69c5d16b,1,weka_subagent,4,43655,32704,0,0,32704,10951,13158.485335996374,0.13793702237308025,5193.288794020191,1010.4082670295611,20998.302153,cba8624a-0d7c-4dad-8ac4-85572109333a,4,32713,32713,,
af5d5523-6df4-4b85-9337-8fcfa8a1c7e6,c71da519-5c3c-45a4-a84b-3e3711ab3456,c71da519-5c3c-45a4-a84b-3e3711ab3456,259d1cc35e11b72660b8d6a33867cbb93759,23,weka_main,0,89465,88128,0,0,88128,1337,13149.738101987168,796.5056899702176,2664.4089369801804,978.245498961769,17885.833135999997,4ae56448-8c5d-4b06-a261-15891a58863e,0,88185,88185,,
fd149613-52f8-49c4-917a-c66f5957d2d8,e40d215c-11ae-4789-8cd5-7bc2e086e58e,e40d215c-11ae-4789-8cd5-7bc2e086e58e,4dbd24a9e3ac2103166bac86017ffb696394,7,weka_main,7,84617,82048,0,0,82048,2569,13132.181240944192,0.19028503447771072,2508.575154002756,873.3395199524239,16528.308334999998,14ee5cd8-ee82-4594-8285-57b792dcbff9,7,82051,82051,,
6c2fdcb5-1ba0-4389-9332-1cd0ae19bb1b,73888042-0d21-4309-bd8e-a1bb0731af12,73888042-0d21-4309-bd8e-a1bb0731af12,11310dce936f02050cadaeae295bcdd1ce7f,272,weka_main,0,695389,692608,0,0,692608,2781,13073.094612918794,0.3735451027750969,3508.0650710733607,979.7068129992113,19176.201878,8306a8d4-c3e9-4a89-bc90-5c8552c2a90c,0,692632,692632,,
d3ff244b-ed42-4d0d-abda-108c00855101,fd028555-29f9-474e-a5da-71cdc67025fa,c3fd6123-0d6e-44b7-806f-f2ed5792ef08,5574c0b4f3781f347f747d6d0a85441d51ba::fa:000,43,weka_flat,0,179609,179584,0,0,179584,25,13050.260051037185,1018.236199975945,1397.044053999707,777.3860919987783,16249.558239999998,83d820b1-918c-4f24-9803-9f0d8961e0bf,0,179673,179609,,
37612462-28ce-4a7d-b26a-af6c1aeeff06,3489115e-67a6-40de-a352-84554fc074db,3489115e-67a6-40de-a352-84554fc074db,6aebbf9d43cbcbc83ed16e1959c7cc16bff4,13,weka_main,0,78834,78144,0,0,78144,690,13050.216361065395,0.27532794047147036,1401.2472769245505,776.2975310906768,16164.621261999999,d60a2f21-bafd-45c2-bc08-e2f927719151,0,78191,78191,,
36cce528-3361-40b3-b97b-8f8dd7ef8332,558f96fd-4279-444c-9965-f026cc530246,558f96fd-4279-444c-9965-f026cc530246,458bc16a2a50e993cc97c108d4d19cb9f453,66,weka_main,7,140373,138432,0,0,138432,1941,13023.274503997527,0.3693259786814451,1471.8884619651362,613.0675630411133,15284.465976,5a376ad1-cf01-48a3-98f0-4421dc55b0ef,7,138450,138450,,
3fea5158-043b-414a-ab06-5cdea7de56da,2b92c1f9-d12b-4d32-a491-18795c67f603,2e65449c-7ec8-4f83-87b6-7f3227b9f1e2,439e5f9ed3159bd826529d8ae5bd1536903f::sa:subagent_071_f08744e4,1,weka_subagent,7,27536,26688,0,0,26688,848,13023.249094025232,0.20042795222252607,2074.4872300419956,472.85567794460803,16290.49517,44f0eba0-683a-46b8-85cf-aff48d8391f0,7,26699,26699,,
d152a9ee-2a1c-4599-91f2-8b56fc0ecf7b,9fcd55b9-1e36-43fd-a47b-88f87aa7d918,2e65449c-7ec8-4f83-87b6-7f3227b9f1e2,439e5f9ed3159bd826529d8ae5bd1536903f::sa:subagent_064_3944ff68,18,weka_subagent,1,38793,38464,0,0,38464,329,12993.352003977634,0.26547699235379696,1972.6141010178253,851.2901510111988,19489.559551,c416555f-2469-4a8a-b8ce-0cfec6e7f08c,1,38469,38469,,
7a46d5d7-0e7f-4fe2-b67d-2ffe0cae0554,b5da14ad-f91d-46a2-9dfa-b5c3c9b6e980,f04cfba2-dc18-4cc4-90b7-574b32c8521f,5cbd632dae8626a5743d4a3ce38bd74ff9dc::sa:subagent_005_c9c37a94,6,weka_subagent,4,55124,48960,0,0,48960,6164,12939.227101043798,0.1411869889125228,3042.472895933315,842.2305989079177,16915.243534999998,307f1d59-9791-4aac-8666-4b85dd7a65ed,4,48982,48982,,
600158dd-37ed-44fb-ac39-87398953d4b9,776089ac-fb24-4c74-8ef3-9e44d7570cc8,e81e3cff-6940-40b0-963e-7b2dd49a6311,57f2a77e2d331c0bd73b6fcf3157d48b4190::sa:subagent_002_e8ed2206,5,weka_subagent,6,37591,36864,0,0,36864,727,12918.775420985185,0.20569795742630959,1642.833183053881,747.2817399539053,15483.591835,4ba14978-6c60-4082-b2a7-a86caa1045b5,6,36884,36884,,
5ba3ad4a-79c9-4a2f-b938-1303c61e525b,dd4a44ee-9cf5-498a-ad1a-e4e4e13e907f,1da7f991-c484-4933-8c09-8210744a16cb,46350c0355fa3f1922abb20cf7f5724bd7cd::sa:subagent_003_33e1c58b:aux:009,0,weka_subagent,0,2971,0,0,0,0,2971,12852.806975948624,0.15955709386616945,3791.562075028196,1355.9117920231074,18475.658733,,,,,,
3016a6df-84ba-432e-bab6-78cece7b43b7,e4a6cb72-8a5c-4d2c-8397-b86724b40e2c,e4a6cb72-8a5c-4d2c-8397-b86724b40e2c,557810b129b9cb3e7402235470567c4e4dc0,1,weka_main,5,55156,0,0,0,0,55156,12806.658999994397,0.14280702453106642,12378.265587962233,818.2359780184925,26006.482391999998,549ec8fd-6411-4200-8f45-e546e256c932,5,405,405,,
38b52571-4208-43cf-8b15-5f6f3bd3ef38,58673e8d-edef-4825-b135-1d55b19b62b0,58673e8d-edef-4825-b135-1d55b19b62b0,31dd54e63bd3605ad9ab96003ab1ae8f39f3,44,weka_main,5,142322,141888,0,0,141888,434,12784.280135063455,605.4064449854195,1613.4250699542463,723.8984979921952,17236.215484,5ad51ffd-282b-4db3-8c7d-6cfb91b5e33c,5,141933,141933,,
6ba43677-5030-4a26-92b8-4747634a3a97,d08fd2ff-89ec-48c3-aac0-225be8abca0f,2e65449c-7ec8-4f83-87b6-7f3227b9f1e2,439e5f9ed3159bd826529d8ae5bd1536903f::sa:subagent_043_6b16216e,0,weka_subagent,0,26700,23744,0,0,23744,2956,12783.513310016133,0.3607749240472913,3986.707005999051,1394.155289977789,17977.353281,,,,,,
b731175d-b41b-4944-a060-5877d7215448,f2562ea6-81f8-4622-8a91-68c9521e07da,2e65449c-7ec8-4f83-87b6-7f3227b9f1e2,439e5f9ed3159bd826529d8ae5bd1536903f::sa:subagent_042_c051189e,0,weka_subagent,0,26701,23744,0,0,23744,2957,12761.052251094952,0.15858793631196022,3938.5307589545846,1334.050414036028,17889.163782,,,,,,
7f2bc7a3-69e2-43e7-b2b4-36e1caa21332,1cfc5df2-5030-43e5-9afe-4eb16af65e79,f04cfba2-dc18-4cc4-90b7-574b32c8521f,5cbd632dae8626a5743d4a3ce38bd74ff9dc::sa:subagent_006_534be3c4,1,weka_subagent,4,42873,32640,0,0,32640,10233,12759.431420010515,0.1729360083118081,4475.1564640318975,980.9012439800426,17584.219409999998,6dbfc853-c7c5-449b-aeaa-5087dfd2406b,4,32650,32650,,
58ab5fd2-8aa4-4015-9b02-907ad850c0d0,bfd62a78-fe12-481f-82ac-61cdb4243f5a,bfd62a78-fe12-481f-82ac-61cdb4243f5a,4b5b64c7c1aa215a5177db1a78083cccce9d,47,weka_main,4,211922,209024,0,0,209024,2898,12693.221127963625,0.14762708451598883,2502.9321629554033,776.8322649644688,17347.492333,8cade3b6-4361-4dc5-b0ff-efe0f6b3411d,4,209038,209038,,
2b1148f0-0f19-4b6a-be98-cd057f0cc93c,7ea50c9c-e0ed-4e12-99f8-97c87c7f956e,7ea50c9c-e0ed-4e12-99f8-97c87c7f956e,6a24d0277a28e652b9e10c05478a314fa2c2,5,weka_main,5,111997,106624,0,0,106624,5373,12673.08190499898,668.2721680263057,3037.6823659753427,925.8172620320693,18717.028582,a6206b66-bdff-4214-b124-6d75c99a9762,5,106683,106683,,
d896aaef-ae49-439c-9feb-ce94e93b9056,3598bfce-7865-465d-8566-a5d9d7cf4920,3598bfce-7865-465d-8566-a5d9d7cf4920,421c59c8640de974ad4d7644b9ea88738998,10,weka_main,4,65134,63744,0,0,63744,1390,12670.978041016497,0.17630797810852528,1299.9290210427716,736.3815150456503,15019.416199,e57b5988-f03d-460c-84a9-00bb6b6540f7,4,63787,63787,,
2500790f-2f11-473f-88a3-cdbb90a72e7b,7f96db1e-a049-4324-8f49-472ac641e141,7f96db1e-a049-4324-8f49-472ac641e141,61e3eb63c3a5bb497d6857c036d11e1d225d,0,weka_main,2,280,0,0,0,0,280,12659.260224900208,0.22184709087014198,2914.777295081876,1454.7379720024765,16363.313605,,,,,,
10c0d03a-01dc-4c42-a32a-ea15fb0465b3,9389c395-3b8a-4cb7-881a-9ed473073db0,68919a38-0ff7-4dde-b1c3-16dd518e7ed9,16b968359e79eda8a61415fa7ad536f6cda5::fa:002,13,weka_flat,7,503004,499008,0,0,499008,3996,12628.97151906509,0.20598899573087692,3372.8890139609575,968.0012069875374,19474.228961,d4d1ada4-f339-4d11-85e4-50f585dd4883,7,499033,499033,,
6d825b62-6451-442f-9760-4b890d08000a,38e1cbde-1938-4ff9-a976-c8aeddd0f986,d5a2d15d-8818-419f-86fa-3d3e086a5ecf,20c87b0b00ac5895cc4528c971b71cce3960::fa:000,18,weka_flat,2,131357,130944,0,0,130944,413,12598.254212993197,0.139484996907413,1895.2538559678942,932.9349560430273,16876.649171999998,8cc01052-f335-40b2-8070-b1c1cd2a1efc,2,130969,130969,,
423203a2-14c0-4bb9-82cf-94741997baeb,1cfc5df2-5030-43e5-9afe-4eb16af65e79,f04cfba2-dc18-4cc4-90b7-574b32c8521f,5cbd632dae8626a5743d4a3ce38bd74ff9dc::sa:subagent_006_534be3c4,2,weka_subagent,4,45245,42816,0,0,42816,2429,12551.936431904323,0.14538702089339495,3372.7455530315638,838.14852591604,16875.344822,7f2bc7a3-69e2-43e7-b2b4-36e1caa21332,4,42873,42873,,
8be74716-f6b4-4f12-9286-bde11629718a,bb69383f-1edc-415e-b9ec-e40a0e3ce5f4,bb69383f-1edc-415e-b9ec-e40a0e3ce5f4,264478eebbb2068593da2293ea8b67b31d4e,168,weka_main,1,354904,0,354880,0,354880,24,12547.654569963925,0.17441506497561932,2287.270464003086,1733.6964949499816,18765.232955,3fbeabb5-023f-438b-8d39-37b75593edbd,1,355416,354904,,
71a336d1-3dc6-4c52-8dab-c1580c1b32fa,485c7ddd-643a-42f4-a1fd-8e933f7eaa55,0b49c706-e626-42a3-bca1-66394c69cd9e,61962299108912449a53f411ed3cf2d1c013::sa:subagent_003_ef297c16,10,weka_subagent,2,35043,32960,0,0,32960,2083,12501.304690958932,0.3332759952172637,2369.1823600092903,915.8796310657635,16227.011719,b6e82bde-624e-402f-a57e-92c5ae4a0693,2,32992,32992,,
8e07e198-93e3-4f6b-a3f4-b6e70b3ca2f2,907bf9f9-f655-4db3-9d31-f1684e31392e,2e65449c-7ec8-4f83-87b6-7f3227b9f1e2,439e5f9ed3159bd826529d8ae5bd1536903f::sa:subagent_004_9ae2bb2f:aux:001,0,weka_subagent,2,10636,0,0,0,0,10636,12478.262796998024,0.21202804055064917,3698.6324309837073,887.1894630137831,16966.558442999998,,,,,,
97d2c177-93df-4794-979a-a8a7e83da356,39918494-dfab-43a1-832a-214b551fd056,eb325a9d-6162-4a78-9bb5-85e99127b5a5,6461675d6680680544f3a15eff53f5de2fdb::sa:subagent_006_0f32f112,7,weka_subagent,3,56022,53376,0,0,53376,2646,12459.472330054268,0.16594701446592808,3739.4995159702376,1049.0931870881468,18029.773398999998,a2f9c727-2c6a-4eec-9f95-d1042157b0c3,3,53394,53394,,
3ca5d2aa-5b87-4021-a092-fd65f07ec782,e712b3ef-df1d-4552-b101-43fb4d680a0b,2e65449c-7ec8-4f83-87b6-7f3227b9f1e2,439e5f9ed3159bd826529d8ae5bd1536903f::sa:subagent_041_87ccafba,11,weka_subagent,2,38248,37120,0,0,37120,1128,12431.535518029705,0.16941700596362352,2903.634110931307,1498.2616459019482,16634.578278999998,75f99f44-39de-44d4-94c6-3bf8b6f16bf8,2,37156,37156,,
a4512230-655d-4071-84db-4ad37a9526e2,fa46cf45-02cd-4718-afa2-3f70e26ed0f9,fa46cf45-02cd-4718-afa2-3f70e26ed0f9,6a66ece7b14e61912eb266be794a6bf62faf,10,weka_main,0,52047,51968,0,0,51968,79,12396.437064977363,0.16057700850069523,1874.2666780017316,821.3045709999278,18652.362533,fc369c70-2447-4164-8738-0be0996dd823,0,51982,51982,,
8cdcba70-d45d-43c9-937d-da5286cf0fab,3c7d3ced-df20-421b-a228-5bfcde78357d,3c7d3ced-df20-421b-a228-5bfcde78357d,4c7288cfa9373e0a49308bb974b43d422ab5,3,weka_main,7,60876,56000,0,0,56000,4876,12387.661417014897,0.1750460360199213,3237.4610870610923,950.3444279544055,16996.675404999998,99b2aba7-e261-4dce-8c86-b1d024d4a19b,7,56008,56008,,
423dab4c-4307-487f-afde-e3cf174b6ccb,a87a70ef-ea08-476d-bddd-4c1fc6c77c62,a87a70ef-ea08-476d-bddd-4c1fc6c77c62,3e119fc3136975fe98cfc7fa73500d6574a0,19,weka_main,0,106680,104960,0,0,104960,1720,12382.921474054456,0.2197379944846034,3535.2808199822903,812.6218130346388,16516.674601,199e43e7-a3f0-4223-a861-23dd721c0f56,0,105013,105013,,
a31ee2d0-22de-4926-9c3e-e3d595b17195,345aec01-94ca-49ca-8872-5562126d7f1e,345aec01-94ca-49ca-8872-5562126d7f1e,4dcd9742e24aa2939887e7b24aaa58e4215a,6,weka_main,6,56989,55104,0,0,55104,1885,12348.848853027448,0.1605279976502061,2577.283616992645,775.8111710427329,15863.055655,fc151cd6-91bc-4375-8138-1e278ce3fbcf,6,55132,55132,,
2164ddff-e53f-4ff4-8a6f-036c35c946de,9a631f3b-02f5-4c75-93f8-4c044bc321b0,9a631f3b-02f5-4c75-93f8-4c044bc321b0,6ec364366536cd218cfa078d299cf8846a18,4,weka_main,1,49424,47168,0,0,47168,2256,12324.044646928087,0.3156650345772505,2231.5350300632417,565.2204059297219,15303.499303999999,4fb9b2d9-7c20-4657-94cc-065fa77b5956,1,47181,47181,,
f1343bef-82a0-4b3c-8bc5-350856e8b405,bb69383f-1edc-415e-b9ec-e40a0e3ce5f4,bb69383f-1edc-415e-b9ec-e40a0e3ce5f4,264478eebbb2068593da2293ea8b67b31d4e,255,weka_main,1,496486,494912,0,0,494912,1574,12275.139329954982,0.2645769855007529,1974.5868489844725,837.3796989908442,20086.984339,aec62e89-8444-4bf9-9abf-9d0047ba8500,1,494946,494946,,
5afee1ba-74c2-4145-8869-76cc07410913,ea0707ac-14b3-4852-b5e3-670d29e8759f,9d953e27-4c78-4e04-95df-ab54f112ff68,6ec3296ff5a1f4f0ed4507093863aa53a4cc::sa:subagent_001_b7261658,2,weka_subagent,0,50565,41024,0,0,41024,9541,12242.873478098772,0.18534890841692686,2839.797616004944,754.6895850682631,19021.715836,9bd62cf9-85df-4312-ac25-2dac2576645d,0,41031,41031,,
aef7a106-e4e0-4026-8248-648fdffb4409,223555f9-2434-46d9-964e-205c7ac77ab4,2e65449c-7ec8-4f83-87b6-7f3227b9f1e2,439e5f9ed3159bd826529d8ae5bd1536903f::sa:subagent_060_3f63b958,2,weka_subagent,7,27607,27264,0,0,27264,343,12227.66854497604,0.4859240725636482,4055.9082499239594,1375.5005639977753,18100.17598,dcb28c09-6c68-4c50-b97a-0b464b13ba09,7,27284,27284,,
c93a4391-2e58-4cd2-9ddf-1b3cb5399237,f5ac041c-96e3-4f3a-8266-b39c3061fc70,f04cfba2-dc18-4cc4-90b7-574b32c8521f,5cbd632dae8626a5743d4a3ce38bd74ff9dc::sa:subagent_010_bb8f8581,3,weka_subagent,4,49036,46848,0,0,46848,2188,12191.745028016157,0.1392369158565998,1617.7552780136466,775.6833169842139,14705.772853999999,4b23c92f-56d8-4bbf-880c-e7c6a64a7055,4,46857,46857,,
f33e4797-2e85-46d2-977e-9aeb43b2c9b9,ad7a09ca-cfcd-4e16-b788-15c55ee66343,2e65449c-7ec8-4f83-87b6-7f3227b9f1e2,439e5f9ed3159bd826529d8ae5bd1536903f::sa:subagent_066_83699d12,3,weka_subagent,4,30163,28864,0,0,28864,1299,12116.297087050043,0.20080700051039457,3171.2728360434994,1456.0463569359854,16424.563727,94d2a8e8-60d0-4294-b4ea-5169ae34dffc,4,28881,28881,,
0cc8788f-5cbe-4b5e-ada7-4bd2d364b2db,f04cfba2-dc18-4cc4-90b7-574b32c8521f,f04cfba2-dc18-4cc4-90b7-574b32c8521f,5cbd632dae8626a5743d4a3ce38bd74ff9dc,15,weka_main,3,114902,0,104384,0,104384,10518,12080.18455596175,0.15386799350380898,4750.510697020218,903.820963925682,18975.529006999997,3f02428a-eaa8-4f06-a4fa-06f678c8fc27,3,104409,104409,,
07d7e89f-ce54-4eb2-8785-fb75c0378190,5ff12c7d-66f1-41ea-91d2-4575a4126db7,5ff12c7d-66f1-41ea-91d2-4575a4126db7,53caf6ae9c459b2fd1933358f4e418bde61b,18,weka_main,5,141188,139968,0,0,139968,1220,12064.421784016304,0.2601200249046087,4386.071510962211,1262.6554579474032,17465.432004,d9993dbe-2db6-4438-a3fe-2a5696b1383b,5,139969,139969,,
87fe9016-3bb6-4fcc-9dca-aebef53cf407,c3452f30-038f-4a96-8e73-4df50cb038de,ebd778cb-c17c-4939-a2dc-d0091acd2fcc,0470d446a4514dfe0c6ad0be92853bd13287::fa:009,91,weka_flat,3,134746,134080,0,0,134080,666,12025.793351000175,0.21594599820673466,2540.1735809864476,757.4936839519069,16395.293263,f75e779e-6ff6-4dfc-964f-26bf24be5b37,3,134103,134103,,
57c12529-fe54-4d1e-9b34-d63d1dc53e3b,a58c919a-5bdf-4619-a482-24b5be5356f7,b72ce93e-8d41-4a45-b5a8-4e828b3e716f,578354185933aedcdc6c17fbfbfcfb48876b::sa:subagent_001_bd5df00b,13,weka_subagent,0,73748,72320,0,0,72320,1428,11993.167178938165,0.1668879995122552,2799.2845779517666,1372.9533930309117,16756.282724,6ec7582d-7478-49bb-a685-61fc3df95926,0,72339,72339,,
00413602-36bd-4364-90b4-e803c9462a4a,9d5ec7aa-36b2-4cd7-af64-8dfb434aaa43,9d5ec7aa-36b2-4cd7-af64-8dfb434aaa43,5ca97cc975a39a898d775b63881b22fe178e,7,weka_main,1,55188,54528,0,0,54528,660,11883.13733402174,0.5083219148218632,3006.995411007665,1596.9993600156158,16064.263272999999,ec49252f-b46d-48ce-96b3-2beb63aaf572,1,54544,54544,,
fd3796af-7369-4478-89d5-430ac05fb8af,2fbcd7bc-8194-40e6-82c1-083149ea4674,0d38cf80-2c81-4832-abfd-72290c401a54,2654d8b687d9c22001c25155ff2a69840acc::fa:000,36,weka_flat,1,392388,379264,0,0,379264,13124,11883.087825030088,0.29491493478417397,7848.255894030444,1651.279901037924,21599.888451,3176a025-f2e5-45a9-88d0-bb8d98a5adf4,1,379276,379276,,
7b428d97-8ccc-45fc-ab5a-25947816ef7d,b589df1c-8fef-4d46-9823-e93e48e57545,b589df1c-8fef-4d46-9823-e93e48e57545,3cb1c6dc71a21714587287306ebe52748568,4,weka_main,2,118829,112256,0,0,112256,6573,11867.312894086353,0.16951700672507286,5202.462832909077,1248.9524469710886,19067.814345,6cdd5cc5-bb4e-43cf-9613-cd60436a36d3,2,112291,112291,,
fa4f7d19-c66a-4399-aff0-1464824bd0ed,6766c3a8-07bf-4f36-817a-16afa72ff0a6,b72ce93e-8d41-4a45-b5a8-4e828b3e716f,578354185933aedcdc6c17fbfbfcfb48876b::sa:subagent_003_e966f7a2,8,weka_subagent,4,58637,54720,0,0,54720,3917,11819.48965007905,7.4211410246789455,2966.803043964319,1045.5203669844195,15806.151226,4f1145e7-2c02-4b79-88fc-8c34e300ba53,4,54728,54728,,
e85e6679-8501-437d-9b17-6f04c067d7e9,4a952cb4-e4da-4919-b2a0-6788f81c7525,2e65449c-7ec8-4f83-87b6-7f3227b9f1e2,439e5f9ed3159bd826529d8ae5bd1536903f::sa:subagent_007_b52fbfde:aux:006,0,weka_subagent,7,664,0,0,0,0,664,11812.959695002064,0.2001760294660926,3468.9458470093086,11.445003096014261,16785.444523,,,,,,
5c00b339-ef35-4cf6-99d5-2447730542bd,7678c662-c35a-4aba-a6ee-908f827d54fb,7678c662-c35a-4aba-a6ee-908f827d54fb,4ba38d0b213f0aeab695e16da9c91635a817,85,weka_main,4,280285,277376,0,0,277376,2909,11776.89444902353,0.16074697487056255,3057.3392710648477,936.6744279395789,17347.051177999998,ba573f9b-d9c7-42d4-a439-6d92dbeb5179,4,277403,277403,,
33a5ea23-7671-4f00-859b-3c51b9ef90f8,b148e410-6464-494d-a905-f16c8b75fecf,b148e410-6464-494d-a905-f16c8b75fecf,48f9644a9b17cade09142b3d8f964bea35be,14,weka_main,0,150686,142464,0,0,142464,8222,11775.380316074006,0.24849700275808573,3524.9282899312675,921.5692729922011,17252.091244,131f9d73-e674-44d7-9698-0b167db832e5,0,142490,142490,,
c45d591c-eab9-4f8e-9461-bd0954c7a8d6,01dc4807-71fe-40e8-9225-07b16d2b3015,2e65449c-7ec8-4f83-87b6-7f3227b9f1e2,439e5f9ed3159bd826529d8ae5bd1536903f::sa:subagent_007_b52fbfde:aux:011,0,weka_subagent,6,10387,0,0,0,0,10387,11733.077454962768,0.377846066839993,3356.7217820091173,917.057926999405,15946.921401,,,,,,
3eb12100-9348-44b7-a390-9706f55d87ac,b148e410-6464-494d-a905-f16c8b75fecf,b148e410-6464-494d-a905-f16c8b75fecf,48f9644a9b17cade09142b3d8f964bea35be,17,weka_main,0,158179,154304,0,0,154304,3875,11719.561805017292,0.19359798170626163,2636.266359942965,911.5360419964418,15492.212963999998,a6324e0d-4b1b-4435-a9fe-648447d37914,0,154340,154340,,
0b914416-3d10-4f3c-9743-cac3bfedcc2d,3b544a27-147f-41cb-a442-8096a87c1b03,80ff1aba-68a7-4db4-98d1-a345fc20c1ab,5d0050ea4e9604db7d3244237a8065e15def::sa:subagent_003_3e6d458f,2,weka_subagent,5,47424,32320,0,0,32320,15104,11669.44100195542,0.3761760890483856,6741.638628998771,858.9369370602071,20511.10222,dfccc7c4-8ea8-44a2-bd38-268173fbd5e7,5,32332,32332,,
c117c2bb-3c3b-46df-b694-514c4e077dbd,c70e4a66-9d68-4484-998a-7a4ab8f4e913,12f5162a-87b2-4d4d-bd2c-e705dbb401fa,5ed3de2b572d237576f034af300c1a1f65d3::sa:subagent_002_8c9a5078:aux:002,0,weka_subagent,6,2964,0,0,0,0,2964,11661.30348702427,0.16948801930993795,2517.3649409553036,825.2095900243148,15044.329515,,,,,,
7ddc27bc-f1b3-4ea2-b22b-9a1c9a4b5ad8,1ddb2cc8-dd64-406b-85df-8b7f386d7125,1ddb2cc8-dd64-406b-85df-8b7f386d7125,46c7f09048fc482e94f4552b0a99a4ca5e30,16,weka_main,0,92338,90624,0,0,90624,1714,11656.573377898894,0.5463029956445098,1964.9224890163168,1835.4301410727203,15465.803328999998,45621b2f-c0ee-4597-8111-2be151e3d0c1,0,90670,90670,,
94aa70f9-49c1-4cbb-b154-70b49b5545e2,b148e410-6464-494d-a905-f16c8b75fecf,b148e410-6464-494d-a905-f16c8b75fecf,48f9644a9b17cade09142b3d8f964bea35be,6,weka_main,0,72963,71296,0,0,71296,1667,11656.563728000037,0.4129649605602026,1967.1693710843101,1833.917280077003,15328.157081,66565332-e39a-46d4-ae45-6702a058693b,0,71359,71359,,
ef913396-ea47-48a8-a365-afe3bbeb794a,2e14a1a8-fc13-4341-9934-f0a50fc660bc,2b3ea077-68ff-4ced-b121-c60b65ae65a3,0ede42538334da8586bc60008762abfc0ab7::sa:subagent_006_227ebcb4,7,weka_subagent,0,23657,23424,0,0,23424,233,11656.554747954942,0.28695701621472836,1969.4180230144411,1833.294786978513,15032.595125,cf3b4df0-5198-4efe-b97d-1fe190b52efc,0,23461,23461,,
11f68469-7b49-4a32-b6e5-7fec55e07506,8f29b911-f2f0-4c49-92a1-0b53f653efbe,8f29b911-f2f0-4c49-92a1-0b53f653efbe,3317a925c2a7f40e9eafe5f5532793a23c67,15,weka_main,5,53807,50752,0,0,50752,3055,11648.34320906084,0.16904796939343214,4095.886325929314,1038.4746110066772,16699.765506,b6ffbd71-9ca6-4c99-a348-c1b7993ecad2,5,50795,50795,,
ad6865b5-33d9-4197-bb72-ff5ab073d187,a5532247-f0e8-4fba-b66c-8a39c2f5f0fe,1da7f991-c484-4933-8c09-8210744a16cb,46350c0355fa3f1922abb20cf7f5724bd7cd::sa:subagent_003_33e1c58b,6,weka_subagent,0,39579,35520,0,0,35520,4059,11575.256461976096,0.15275797341018915,3935.753972036764,1183.9900460327044,16576.336553999998,217a1f21-730b-4217-afc1-3c7a02772c4b,0,35547,35547,,
ac717b62-b60e-4603-bfba-2cea14867493,41be23b0-3247-48f1-bcb2-81c34c7ee6b6,2e65449c-7ec8-4f83-87b6-7f3227b9f1e2,439e5f9ed3159bd826529d8ae5bd1536903f::sa:subagent_007_b52fbfde,9,weka_subagent,0,40359,38208,0,0,38208,2151,11567.032909020782,0.24959701113402843,2919.6434679906815,2132.6323080575094,17622.528946,cb6edef2-f2eb-4754-aeef-3e8a7a978713,0,38245,38245,,
b75fbf5b-3d59-4790-ab20-7caaa1c2765b,57735058-7eab-45fe-968a-5b29e18fa680,57735058-7eab-45fe-968a-5b29e18fa680,6359dd402eb0e2361bf439699c52f5cfea38,0,weka_main,5,470,0,0,0,0,470,11539.501357940026,0.23248698562383652,1553.5454670898616,11.024942039512098,13469.714376,,,,,,
475f365c-9377-48a0-901a-ef52e0b1f3dc,c60ccba1-55f1-473e-b731-5773df76200e,c60ccba1-55f1-473e-b731-5773df76200e,117ebe75819d050f308a0a81647893abd02d,40,weka_main,1,279453,278784,0,0,278784,669,11501.138099934906,0.34334498923271894,4726.360460044816,1603.386851027608,17427.394909,3ec4116d-5d38-4df1-9a3d-2c9362f0293a,1,278810,278810,,
05e1c112-34a0-4ba8-b3b7-ff7e0f992bb1,46b8e350-6b43-4576-9728-b516cf270f66,1da7f991-c484-4933-8c09-8210744a16cb,46350c0355fa3f1922abb20cf7f5724bd7cd::sa:subagent_002_ca33d26e:aux:005,0,weka_subagent,3,2962,0,0,0,0,2962,11457.773635047488,0.2625769702717662,1539.482878986746,871.6288149589673,13734.684455999999,,,,,,
e2e4eb24-7a69-4b10-a912-92f143481ed2,41460011-5fe4-4e01-8aed-0e2261322338,41460011-5fe4-4e01-8aed-0e2261322338,65c7b96990e2e7f206a2c01ed90474f56c57,19,weka_main,0,91396,89024,0,0,89024,2372,11332.601981936023,0.3074510022997856,1771.2605580454692,714.6160149713978,14624.334554,fc713501-aa2e-46fe-b316-eacf1a505bcd,0,89028,89028,,
896d800f-ec3a-4acb-979b-4e89ebdaca10,870664cf-3f94-4ce3-85f0-2af17127973a,1da7f991-c484-4933-8c09-8210744a16cb,46350c0355fa3f1922abb20cf7f5724bd7cd::sa:subagent_005_35b96488,5,weka_subagent,0,48531,45248,0,0,45248,3283,11332.57245295681,0.17079501412808895,2478.021790040657,1684.3372479779646,14807.345565,862e705c-1c5c-4d76-be19-96609ad2b4c7,0,45264,45264,,
faf381b4-74d1-446c-b4c9-1e5e6448381a,5d37f7b4-84d5-4b53-a015-c3a5e2af307c,2e65449c-7ec8-4f83-87b6-7f3227b9f1e2,439e5f9ed3159bd826529d8ae5bd1536903f::sa:subagent_063_49e32661:fa:000,2,weka_subagent,2,31119,28608,0,0,28608,2511,11306.769120972604,0.18571701366454363,2915.9486810676754,1452.642097021453,15298.970599999999,9be423fe-a2fe-4f5f-a30c-707d8ad309b9,2,28624,28624,,
397f6395-6286-45d0-94a8-57e418847f28,d83e87a3-fc17-4cae-8cd4-696016dc712e,0b49c706-e626-42a3-bca1-66394c69cd9e,61962299108912449a53f411ed3cf2d1c013::sa:subagent_004_4bf41cb2,6,weka_subagent,2,34396,32640,0,0,32640,1756,11296.760067925788,0.14519807882606983,1791.4331300416961,834.7968730377033,14077.373953,a0235a09-7939-4e25-b71d-94e34c472b9c,2,32665,32665,,
efe8f397-9df6-4e0b-b047-3bdda53298d1,925aea3d-77d6-4489-9558-72a4504d7ef5,2e65449c-7ec8-4f83-87b6-7f3227b9f1e2,439e5f9ed3159bd826529d8ae5bd1536903f::sa:subagent_098_51991dec,3,weka_subagent,1,28821,28160,0,0,28160,661,11295.84398609586,0.16781792510300875,1733.5948789259419,788.6741370894015,16794.547496,c6cdb2df-56bd-4769-a2c7-a9822149307e,1,28177,28177,,
3eae48b8-ba49-4715-b388-6cea3359bd2d,3d90debc-83cf-4cbe-aa70-9bb5bc2a2127,3d90debc-83cf-4cbe-aa70-9bb5bc2a2127,4dcf5b2627786f87d5f1badf0ccd6e0f6848,10,weka_main,2,162692,159744,0,0,159744,2948,11290.603734902106,0.425824080593884,3112.9315830767155,1582.3397659696639,15537.440187999999,ed65d8be-6897-45e3-84da-512531574e78,2,159748,159748,,
45f40fed-e349-45bc-9e25-e91ef990cf7f,e712b3ef-df1d-4552-b101-43fb4d680a0b,2e65449c-7ec8-4f83-87b6-7f3227b9f1e2,439e5f9ed3159bd826529d8ae5bd1536903f::sa:subagent_041_87ccafba,2,weka_subagent,2,28624,28160,0,0,28160,464,11290.594285004772,0.28427597135305405,3117.1189890010282,1579.6504690079018,15186.860708,67afd1c4-6504-4356-8529-4bf9df0c5773,2,28172,28172,,
98bdb700-920f-4040-9504-4fbc37d9a671,c3452f30-038f-4a96-8e73-4df50cb038de,ebd778cb-c17c-4939-a2dc-d0091acd2fcc,0470d446a4514dfe0c6ad0be92853bd13287::fa:009,153,weka_flat,3,91594,91456,0,0,91456,138,11285.911486949772,0.15484809409826994,2601.8175090430304,1457.9712999984622,15711.747589999999,7ed20af6-3a47-449a-8a39-e6017d1e05b8,3,91462,91462,,
0b038cbd-00ce-49e7-882e-25df40d30c21,ac071ab6-73ac-4c5d-86a4-b0028f918cfd,ff7d7f01-3776-40b8-86dd-ba3f2042f260,55a0906aeb5c8d3b40e7ddc4c61999d1eac4::sa:subagent_001_b95bb730,14,weka_subagent,6,123225,117184,0,0,117184,6041,11248.386251972988,0.16551802400499582,3520.515928976238,1101.0136400582269,16044.489825999999,7d8f8ae1-12d7-4ce7-8c90-4ef9722002d2,6,117211,117211,,
eccc93a5-83d4-4728-b31a-984e2473bd90,0b50deea-e5a8-4fd8-bf40-51a1e06fabb2,0b50deea-e5a8-4fd8-bf40-51a1e06fabb2,5bb55882afb8a5ef18dea87812024f0cf441,9,weka_main,3,87751,74880,0,0,74880,12871,11232.972558005713,0.18923799507319927,4363.33612492308,1146.2818769505247,18060.40769,08470518-7d19-4013-a5e7-eeb71547ef5c,3,74894,74894,,
c99f03ce-1a9d-489f-9257-fcbba2e03d41,7fd6223b-1b3d-41d4-97f6-5b6991321078,a87a70ef-ea08-476d-bddd-4c1fc6c77c62,3e119fc3136975fe98cfc7fa73500d6574a0::sa:subagent_004_768caaa4,0,weka_subagent,4,42885,21824,0,0,21824,21061,11181.49919505231,0.15747698489576578,11063.193034031428,824.5866459328681,22987.509013,,,,,,
19f607ed-8981-44f2-a5b9-2147384ab678,a0121e68-2d90-4708-b7e6-5b0dc96e6cab,95cb6894-2e6b-41e2-a757-f9b32fe8387d,5fc8495d01a2ad301e8ca7879579f2529029::sa:subagent_002_449da07d:aux:004,0,weka_subagent,2,2965,0,0,0,0,2965,11169.756332063116,0.37834502290934324,4396.799904992804,1456.0084879631177,17174.197018,,,,,,
4f3a82f5-6e0d-4b9b-a7d8-e1cdc33d8b18,6e0178a7-2664-4bf0-99bf-1af1b8b2b969,6e0178a7-2664-4bf0-99bf-1af1b8b2b969,5a9a76f59fdf426aa787299972bd5241209e,6,weka_main,6,132616,124480,0,0,124480,8136,11132.106976001523,0.16643793787807226,4752.649242058396,1222.6625790353864,18003.415705,fc653dad-b2e9-42f2-9815-0f5e990f13d4,6,124484,124484,,
f2143048-61ad-4f09-b1df-e50dbb39f85e,6b2bac05-dd5c-4ec2-b77e-5ca1d9bb405c,9d953e27-4c78-4e04-95df-ab54f112ff68,6ec3296ff5a1f4f0ed4507093863aa53a4cc::sa:subagent_007_c4ad2d94,1,weka_subagent,7,137495,27904,0,0,27904,109591,11115.153876016848,0.15119800809770823,26297.437523957342,1418.8619940541685,40436.020355,f65dfdcf-325d-4dc8-af11-bb588e832978,7,27914,27914,,
436bcb27-f832-4e2c-8450-e32015574f72,448bd517-f769-4ddd-a18e-0e0b93b49ca2,f04cfba2-dc18-4cc4-90b7-574b32c8521f,5cbd632dae8626a5743d4a3ce38bd74ff9dc::sa:subagent_001_8bedfb1b,5,weka_subagent,4,51344,48000,0,0,48000,3344,11068.453893996775,0.174417975358665,2105.82602606155,2223.6449180636555,16732.856182,d6f625cf-b8c7-4dac-b842-05d0deaeffb9,4,48013,48013,,
ea89b932-7c6f-40b6-b1f2-b53a61dd7c8e,345aec01-94ca-49ca-8872-5562126d7f1e,345aec01-94ca-49ca-8872-5562126d7f1e,4dcd9742e24aa2939887e7b24aaa58e4215a,38,weka_main,6,126278,124672,0,0,124672,1606,11065.456990036182,0.19231694750487804,3595.24183801841,1158.5198800312355,15664.87803,e2b3f93f-3270-42a0-bd4b-cf606e414054,6,124674,124674,,
b382d15f-470e-479c-93d5-0b340163ac6b,e9f9313b-300b-4551-97d4-5b8de42c49af,34f71a99-fc26-42dc-9bc3-963f5292e654,509ad65c576a007df9c0cf1e9863874da21d::sa:subagent_006_3300066f,21,weka_subagent,0,74967,74368,0,0,74368,599,11046.395816025324,0.2632279647514224,1429.009762010537,754.0992849972099,16894.491607,2e1b5dc5-d41c-4095-a493-199be3ff5306,0,74387,74387,,
526481a4-03fc-4d49-9129-255d512cdaf3,4ae4fe56-9ee1-4057-927c-2b3800ac8e83,6cdf6425-f6b1-4d32-8315-7da85151f224,3e573575f7a9f0d647460e769c0a64e71d59::sa:subagent_006_e076f9e0,5,weka_subagent,5,37717,29824,0,0,29824,7893,11040.605291025713,668.4204250341281,3080.6360819842666,748.7466409802437,15704.361485,9319810f-2f20-4e6f-bfd0-09b49bd3f2a1,5,29843,29843,,
a995a76e-436a-4503-9dab-b9e28fceb3fc,2f400e42-79ab-41f9-aad3-4a830806ea2b,0b49c706-e626-42a3-bca1-66394c69cd9e,61962299108912449a53f411ed3cf2d1c013::fa:000,4,weka_flat,0,54529,52096,0,0,52096,2433,11013.164410018362,0.18763705156743526,1727.4589719017968,910.6255830265582,13645.051153999999,782c23d3-16fc-401b-96b1-f3f19e23a5d4,0,52158,52158,,
b8b5fa00-403f-4bbe-8868-46af1909a439,58673e8d-edef-4825-b135-1d55b19b62b0,58673e8d-edef-4825-b135-1d55b19b62b0,31dd54e63bd3605ad9ab96003ab1ae8f39f3,25,weka_main,5,102278,100928,0,0,100928,1350,11001.301820972003,1329.8310079844669,2873.9889970747754,1261.674824054353,15781.301222,a14cc00e-4002-4b1e-a70c-35413e75f17e,5,100932,100932,,
e699cfec-fcc3-4e89-ba50-ec123befa946,bfd62a78-fe12-481f-82ac-61cdb4243f5a,bfd62a78-fe12-481f-82ac-61cdb4243f5a,4b5b64c7c1aa215a5177db1a78083cccce9d,37,weka_main,4,187953,185344,0,0,185344,2609,10980.494825984351,0.22065709345042706,3069.486408960074,2222.643470042385,17889.379838,5eb3f318-c81c-47e5-9de5-8f385b52a7bb,4,185390,185390,,
6728d0c6-6caa-479f-9517-4cf0797e2591,2810a091-c24f-4db8-adc6-50e0b4fe130c,6cdf6425-f6b1-4d32-8315-7da85151f224,3e573575f7a9f0d647460e769c0a64e71d59::sa:subagent_002_d326cae4,4,weka_subagent,3,21400,21056,0,0,21056,344,10968.36042101495,0.18885696772485971,1400.4882560111582,718.9557390520349,12584.258322,bdc8d774-f178-4e8b-ae10-c66e65fa4c9a,3,21075,21075,,
65e92408-4835-4e0e-856c-3cb63ef1eafd,6c9bc205-06a0-4654-9338-6a3dbc82a588,6c9bc205-06a0-4654-9338-6a3dbc82a588,002001296e8a8c38ad9d7cc436d691afc602,99,weka_main,5,339348,339136,0,0,339136,212,10963.957253959961,0.21974695846438408,2176.4642550842836,1034.718377981335,14915.863059,be88292a-ba61-4ec4-a7b7-c35f71d56b25,5,339729,339348,,
610a4ad9-18c7-481c-9a4f-b63fbbae8494,2b1955bb-a18c-468a-99af-6a1df55885de,2b1955bb-a18c-468a-99af-6a1df55885de,38f9148d19708a1c29ed7c8505f1b82083aa,17,weka_main,3,208704,199680,0,0,199680,9024,10893.6646070797,0.23055600468069315,5486.202797968872,1111.3124589901417,17885.756315,4bd5db5c-ce7d-41b0-847a-21c9d4130586,3,199738,199738,,
306671e3-d988-4f0e-9686-ae23b4b95613,3025707b-b8a6-48ea-833a-af55c71cf415,3025707b-b8a6-48ea-833a-af55c71cf415,212e46e294bd09113e425ebc8a430cc528a6,65,weka_main,3,197273,192768,0,0,192768,4505,10878.253577975556,0.16131694428622723,3418.6117170611396,1053.0412320513278,15766.642168999999,b1918831-aca1-4489-8d12-a6ba6e61705a,3,192859,192859,,
877db4da-78f2-4c03-a58f-473c73be1258,bb69383f-1edc-415e-b9ec-e40a0e3ce5f4,bb69383f-1edc-415e-b9ec-e40a0e3ce5f4,264478eebbb2068593da2293ea8b67b31d4e,225,weka_main,1,446281,444032,0,0,444032,2249,10836.114060948603,1462.0227869600058,4863.031907007098,1626.0331509402022,18597.932302999998,a75f6555-7e37-4502-ad3a-11611a16d0a0,1,444037,444037,,
58465a6b-385c-4db1-bea1-06f1e155391d,7b49eab6-55f0-40a9-81dc-dbdd6db09b4a,1da7f991-c484-4933-8c09-8210744a16cb,46350c0355fa3f1922abb20cf7f5724bd7cd::sa:subagent_002_ca33d26e:aux:004,0,weka_subagent,3,2969,0,0,0,0,2969,10814.993701991625,0.3942360635846853,2170.3816959634423,872.8244350058958,13910.879923999999,,,,,,
9ec4524c-e55e-4770-ae53-e895b7c19983,d3d73507-1c0c-4bfc-bd98-2339a9dbc4fb,f04cfba2-dc18-4cc4-90b7-574b32c8521f,5cbd632dae8626a5743d4a3ce38bd74ff9dc::sa:subagent_008_8261a9b9,4,weka_subagent,0,53902,49024,0,0,49024,4878,10794.350996962748,0.17178605776280165,2685.7572799781337,749.9333900632337,17400.773653,de643b10-1104-407e-bc50-431e710a9bdf,0,49034,49034,,
f43545c8-a910-4b02-ab87-17a0b338183b,e449332d-c2e6-4164-b39b-91d0e7943b8f,b148e410-6464-494d-a905-f16c8b75fecf,48f9644a9b17cade09142b3d8f964bea35be::sa:subagent_003_ac104aef,2,weka_subagent,7,48961,47104,0,0,47104,1857,10791.822959086858,0.2011460019275546,1928.6996820010245,948.4507120214403,13845.25253,e812b3e6-3337-4f93-802b-077474255129,7,47167,47167,,
f58239bd-ef79-48f9-8565-f7789337727e,f56c7f84-0d39-41ef-ae1e-976e24f996fc,12f5162a-87b2-4d4d-bd2c-e705dbb401fa,5ed3de2b572d237576f034af300c1a1f65d3::sa:subagent_003_f5a11a71,0,weka_subagent,0,32641,29824,0,0,29824,2817,10790.957814082503,0.2526369644328952,2182.9580640187487,1315.4153599170968,14172.168738999999,,,,,,
b4f2c03b-152b-401f-8f6d-18549de71934,ddb8f796-7e42-42de-901c-12dd594f6f83,ddb8f796-7e42-42de-901c-12dd594f6f83,471e3ed9d7e44080765f4950172ec9443476,25,weka_main,1,136706,135808,0,0,135808,898,10758.435174939223,0.3829851048067212,2587.366936961189,1433.8172839488834,15948.6312,fc9be309-40af-4844-9007-4c2e2f48b6d1,1,135808,135808,,
abc0fea0-bd40-4e08-9676-5dd65aea4166,4e8311bb-c0ff-432f-8d9d-46c92cfe47f0,2e65449c-7ec8-4f83-87b6-7f3227b9f1e2,439e5f9ed3159bd826529d8ae5bd1536903f::sa:subagent_065_0f9e1218,2,weka_subagent,1,27986,27648,0,0,27648,338,10758.405165048316,0.191007973626256,3991.6936840163544,1303.0061640311033,16175.054811999998,f9dbf4ea-08ed-4d4f-a620-a14f81db37e8,1,27664,27664,,
fc08582d-037a-49d7-951c-91145f8f6d76,edfe88b1-55cd-43ca-8467-f6243f7cad93,82746d90-f2c6-47d4-9076-5a2f3081c382,58df1d60a757e733f6a572d720e17dabd505::sa:subagent_001_16940ddb,14,weka_subagent,3,79090,77760,0,0,77760,1330,10748.064993065782,0.1853179419413209,2190.258137998171,1443.8654310069978,14237.466257,20183def-aeb4-432a-9e55-a015ab339a9b,3,77806,77806,,
36fea2da-47dc-4926-8042-e6a8ea03331e,3598bfce-7865-465d-8566-a5d9d7cf4920,3598bfce-7865-465d-8566-a5d9d7cf4920,421c59c8640de974ad4d7644b9ea88738998,58,weka_main,4,138485,0,136128,0,136128,2357,10683.410421945155,719.8184810113162,2380.2554520079866,848.838065052405,16377.96612,3c25754a-a272-4ce4-a2fe-50cd0b9df8ed,4,136178,136178,,
191f904d-eb06-4654-a9f9-93231ec7f5c4,73c6019e-9140-429b-9bd2-9e9e493eb34f,b589df1c-8fef-4d46-9823-e93e48e57545,3cb1c6dc71a21714587287306ebe52748568::sa:subagent_005_e635be92:aux:015,0,weka_subagent,2,2906,0,0,0,0,2906,10683.324482990429,0.33120601437985897,1779.2484379606321,986.520683974959,13052.157009999999,,,,,,
04e2e7c1-3b13-4721-be1a-c8a11334d305,7f96db1e-a049-4324-8f49-472ac641e141,7f96db1e-a049-4324-8f49-472ac641e141,61e3eb63c3a5bb497d6857c036d11e1d225d,1,weka_main,2,34306,0,0,0,0,34306,10664.554561953992,0.20010804291814566,17264.04904294759,1585.9481489751488,28966.394498999998,2500790f-2f11-473f-88a3-cdbb90a72e7b,2,280,280,,
e6b1d30f-bcdf-4d5a-ae30-5ca12a6f1800,6a1666a9-8209-4876-9c1f-08f2d9212609,5e0ca19d-a5f3-4363-97e9-f3f48b2d8571,6c6be4bc5a49a5d1062b8becdbf188480843::sa:subagent_004_118e2455,0,weka_subagent,1,72134,0,0,0,0,72134,10648.76527292654,0.17588702030479908,17904.30848603137,953.6959900287911,30723.420834999997,,,,,,
6139eb20-04c2-4d8a-9052-9b316d816af8,9f466003-59a7-45aa-88fd-0690a69fc7a9,2b3ea077-68ff-4ced-b121-c60b65ae65a3,0ede42538334da8586bc60008762abfc0ab7::sa:subagent_004_98336eba,7,weka_subagent,0,47900,46912,0,0,46912,988,10640.570910996757,0.15420792624354362,3178.6220649955794,1034.5763890072703,14991.625379,8713de93-452a-4ae4-a0c4-769672d45fe5,0,46939,46939,,
4cb3250a-2128-44ee-8b62-9557d44c075e,2c2a9dbf-f28b-42d8-835e-94b9694db402,0b49c706-e626-42a3-bca1-66394c69cd9e,61962299108912449a53f411ed3cf2d1c013::sa:subagent_002_6e6558e9,10,weka_subagent,2,74276,66688,0,0,66688,7588,10619.343969039619,0.19399798475205898,3370.648073963821,836.6629200754687,15735.786697,3027e67f-49ed-4b4e-abf0-d6ebe05d0278,2,66723,66723,,
7a3998a8-894d-43f6-a999-d838003fbadc,b7b83d9b-04ec-43f6-ac79-8b1d2a98ca9b,b7b83d9b-04ec-43f6-ac79-8b1d2a98ca9b,4b433e21f63822412e0f27d5473da9ea1322,11,weka_main,7,84295,80640,0,0,80640,3655,10613.932492095046,0.19290391355752945,2243.002438917756,413.2453460479155,13649.748955,6d7e2b66-30c7-45c7-a85c-d82f9d90514e,7,80644,80644,,
4b5a9afe-8bda-4bff-a197-39697cdb40ad,1da7f991-c484-4933-8c09-8210744a16cb,1da7f991-c484-4933-8c09-8210744a16cb,46350c0355fa3f1922abb20cf7f5724bd7cd,32,weka_main,4,218361,216704,0,0,216704,1657,10510.989560978487,0.1986360875889659,1558.249625028111,847.5892980350181,15635.666258,2f3078ca-8099-4ac4-a0d7-dbc5a430950c,4,216757,216757,,
9fccf66e-313c-4a13-8778-067273b4796c,29774b56-b07e-4b09-a013-6a4a324caadf,115c9363-c814-4c2e-b848-4352ec33835d,1499c406c828e8fe6b6af697e7799c6a715b::fa:002,46,weka_flat,3,183908,183424,0,0,183424,484,10429.362363065593,0.14472799375653267,1577.256939955987,927.2129309829324,13424.377891999999,1acb5449-0a38-4156-9443-cf811158bf8d,3,183457,183457,,
6c13a93e-73b9-4b90-91c3-44d1b4a13b2d,aed121d1-755a-49b6-a0a6-125e3f418dd9,2e65449c-7ec8-4f83-87b6-7f3227b9f1e2,439e5f9ed3159bd826529d8ae5bd1536903f::sa:subagent_093_3945b167,12,weka_subagent,1,39226,36928,0,0,36928,2298,10424.407572951168,0.21685706451535225,3099.0740680135787,1311.4822159986943,14832.44214,8d16d2a3-cf35-4c1f-be32-ad2b5d225955,1,36983,36983,,
fae10b27-f7eb-4c80-acb2-dfe09b8c4c42,23cd4028-50e2-4734-b76d-1493574099d0,23cd4028-50e2-4734-b76d-1493574099d0,13e0b7038bafff59abfdc31aad12dbcd4a2f,67,weka_main,4,298121,295744,0,0,295744,2377,10401.354589965194,0.1743470784276724,1884.3159049283713,939.0460009453818,14641.268825,03d79b49-498f-40c2-bb7a-b20f211286ff,4,295753,295753,,
03c2121b-ed37-4299-9eb0-35292920c1e2,e2a2af74-307a-4d4a-9162-666d7db93372,1da7f991-c484-4933-8c09-8210744a16cb,46350c0355fa3f1922abb20cf7f5724bd7cd::sa:subagent_002_ca33d26e:aux:006,0,weka_subagent,3,2967,0,0,0,0,2967,10396.180876996368,0.15173805877566338,2388.834695913829,928.8045630091801,14148.977173,,,,,,
5a323978-94fb-49a1-8977-421563de91b6,249fb61d-ae85-4f4a-abd2-08a3ceae713b,1da7f991-c484-4933-8c09-8210744a16cb,46350c0355fa3f1922abb20cf7f5724bd7cd::sa:subagent_002_ca33d26e:fa:007,1,weka_subagent,0,132414,132096,0,0,132096,318,10385.13809000142,1272.4831500090659,2704.7602999955416,1181.9892460480332,15209.420420999999,2944b7a4-02ea-4e58-ae35-f1c2586be393,0,132411,132411,,
b043e1cb-988a-4b0c-96ca-d07e0a239262,342ee696-8920-416b-8832-7c6a7e17194a,2e65449c-7ec8-4f83-87b6-7f3227b9f1e2,439e5f9ed3159bd826529d8ae5bd1536903f::sa:subagent_036_b44952ab,10,weka_subagent,0,35887,35520,0,0,35520,367,10385.096210986376,0.20018708892166615,3842.57900796365,1290.468376944773,15475.612313,9cecc5b7-3d92-4317-9e83-081a52b04b28,0,35563,35563,,
bb581d99-0c7f-4167-93f6-b18b50b65c50,ac711aae-fada-4782-b3d0-acd1369074c5,2e65449c-7ec8-4f83-87b6-7f3227b9f1e2,439e5f9ed3159bd826529d8ae5bd1536903f::sa:subagent_028_252d205a,16,weka_subagent,0,40063,39040,0,0,39040,1023,10362.700297962874,0.402125995606184,1647.1200799569488,746.3773950003088,13354.269472,b125482b-9e1e-450b-96e2-cb516fed008f,0,39100,39100,,
0e33bdba-bf0d-4ef5-b7d4-fd043e18d207,342ee696-8920-416b-8832-7c6a7e17194a,2e65449c-7ec8-4f83-87b6-7f3227b9f1e2,439e5f9ed3159bd826529d8ae5bd1536903f::sa:subagent_036_b44952ab,6,weka_subagent,0,34596,31104,0,0,31104,3492,10362.657858990133,0.2504370640963316,2385.8384659979492,722.8190599707887,13712.572596,8d0d87b4-1929-41e4-9a8f-21677eeade8f,0,31138,31138,,
9c14025f-9855-4c34-9def-fb603c60c4cf,b5be0137-bddb-403d-ae19-72fbed3984d3,b5be0137-bddb-403d-ae19-72fbed3984d3,1d8a2c1d4dc1f585337036c6ad60e1ce5eb3,95,weka_main,7,353622,351552,0,0,351552,2070,10359.031926025636,0.2172250533476472,2437.8782329149544,1315.1633460074663,15283.508295,93ec6608-43a0-484b-84c6-275c11d71ffb,7,351575,351575,,
c4174db8-181b-4614-b00d-4d84d178064b,1e170382-9a1d-4596-b87f-3e41e6a3d135,1e170382-9a1d-4596-b87f-3e41e6a3d135,3c49da29dedf8ccfa4ee310634b4b8af275a,37,weka_main,2,239837,238080,0,0,238080,1757,10352.105812984519,0.18509698566049337,2616.976477089338,595.4528009751812,18955.102050999998,7d1c690f-d612-49d4-9c45-2d48dc6ca122,2,238108,238108,,
70fb0da3-cd7e-4305-8a5e-4a24bf61b6e7,ba6f2235-c7cf-49a6-98b5-49049579dffa,ba6f2235-c7cf-49a6-98b5-49049579dffa,3a066e6ad705e8792dec8c84610bbee401cb,13,weka_main,2,69225,0,67584,0,67584,1641,10332.68859994132,0.17553498037159443,1754.3778480030596,602.1512609440833,13873.875401,f989fa81-7163-4f0d-8f75-bff46f2ba0dc,2,67621,67621,,
8ac92922-4c65-4af8-8bf7-eaa1d954da4c,db6e748d-b9ef-41c0-9404-b9b146be3dcd,38d5e0a7-fddf-4363-a06a-9759552bfdc1,1b577bfa02cd2c421c0b59c5cac702b3c287::fa:007,15,weka_flat,2,204551,204160,0,0,204160,391,10332.515895948745,0.2053349744528532,2214.2048610839993,1260.8075740281492,15403.313771,556109a1-7e4a-42d2-bfdb-09038b8889c3,2,204164,204164,,
f6b7861b-6874-4672-9da0-f5e9f5094fe1,1e170382-9a1d-4596-b87f-3e41e6a3d135,1e170382-9a1d-4596-b87f-3e41e6a3d135,3c49da29dedf8ccfa4ee310634b4b8af275a,42,weka_main,2,248105,246464,0,0,246464,1641,10278.352341032587,0.3262369427829981,2375.773612060584,737.1993249980733,14463.598136999999,dd4fa19e-2ef5-4ea2-acbf-4f9db1b4c9ac,2,246502,246502,,
4ead2e2f-7a1d-4d8f-a077-e6212231be6f,012ac7eb-b6e0-43ac-8b9e-17666f4c8387,012ac7eb-b6e0-43ac-8b9e-17666f4c8387,27de9ca964aa7905c2f5438db8bdd72d8b02,367,weka_main,3,297611,289920,0,0,289920,7691,10255.819063051604,0.21389697212725878,4078.2417559530586,1444.9063189094886,16036.466606,0130971e-b49a-4fc5-bb0a-f11fc384368c,3,289929,289929,,
bfb26936-7eb3-42cf-b8ad-b482a60c3218,bd116574-5a17-4ec2-abed-f73c89f007f6,bd116574-5a17-4ec2-abed-f73c89f007f6,33c12a75f9b49c1983a8d4d1dacb21ff90fe,55,weka_main,5,207585,207552,0,0,207552,33,10203.046929906122,0.17858808860182762,1802.821482066065,1218.0204610340297,13462.982285,40a7e9b7-e936-4588-85ab-fcf8f2853f7d,5,208097,207585,,
9875bc35-a491-4e63-a4cc-724ea408babb,2e14a1a8-fc13-4341-9934-f0a50fc660bc,2b3ea077-68ff-4ced-b121-c60b65ae65a3,0ede42538334da8586bc60008762abfc0ab7::sa:subagent_006_227ebcb4,28,weka_subagent,0,67560,67136,0,0,67136,424,10191.322406986728,0.2673420822247863,1559.3795449240133,1004.8196649877355,13553.516136,207d3b6e-7677-442e-bdd1-6f3e09f8fe48,0,67170,67170,,
6d43dabe-df7a-4eca-ba26-46f69e5f6a2a,5458fafa-40d7-4924-89d9-faf9c109e8cd,2e65449c-7ec8-4f83-87b6-7f3227b9f1e2,439e5f9ed3159bd826529d8ae5bd1536903f::sa:subagent_010_6853b293,5,weka_subagent,0,30499,29760,0,0,29760,739,10174.851687042974,0.20203692838549614,1909.5872800098732,1197.1885239472613,13052.198413999999,b1ecfcd4-f2aa-4e87-943a-e2bf09357083,0,29792,29792,,
dcdc3aff-d5bf-48cc-8ba1-238dfb7b61f0,c60ccba1-55f1-473e-b731-5773df76200e,c60ccba1-55f1-473e-b731-5773df76200e,117ebe75819d050f308a0a81647893abd02d,36,weka_main,1,278094,277248,0,0,277248,846,10173.36872103624,0.18639699555933475,2526.3767930446193,1441.505349939689,18062.003364,695d2916-61be-4cb1-b861-0d4a667e3576,1,277259,277259,,
44cdc7b7-3cb6-4534-a88e-fb16e2a370f5,89abcfc1-91d4-4661-baef-12db3357b2dc,89abcfc1-91d4-4661-baef-12db3357b2dc,5c5e408b76e5e22747853915f67be3c491a4,15,weka_main,5,69155,67584,0,0,67584,1571,10132.721485104412,0.22524793166667223,2702.9921049252152,1041.6613440029323,13746.365769,1fbabbe0-a082-443e-b0b8-0f64550e34b3,5,67618,67618,,
e6ce92e1-a3eb-48dc-95fd-4163e79298ff,8abb9a1a-5605-4605-8069-80217880bc40,8abb9a1a-5605-4605-8069-80217880bc40,65e68541af1a7d2427b660ff82d4e100583d,8,weka_main,6,86554,86400,0,0,86400,154,10081.061133998446,0.142366043291986,1847.3458389053121,1600.6748450454324,13512.319447,294b40dd-6ae4-4d6d-867a-b755b0ae7f9e,6,86423,86423,,
dc075e5b-4e12-4e17-8a10-dc7080c1bbc6,3c1cad43-8e6f-4ed3-a6f8-b8c19949092d,9b899d40-18e7-4b98-a358-b84033b17ee0,208d6e28928b0b3d3b33db3c690173d15be3::sa:subagent_018_824d9222,7,weka_subagent,2,56106,54464,0,0,54464,1642,10072.405398939736,0.24223700165748596,2921.3782000588253,1490.5466140480712,13906.811694,66a7c1e6-ac42-4cf0-9ba9-a33d972d2f55,2,54501,54501,,
7fcced8a-abc9-422c-8144-714a02e1af1b,afda97e4-8cfc-419b-adfc-22ec180f4c68,a4a3f998-63b9-4ea4-8c92-207fc7ec761c,1a271af3dedd40be2efd413ef35fe7f0f53b::fa:002,10,weka_flat,7,265977,265920,0,0,265920,57,10043.893974041566,0.21769700106233358,2717.0875798910856,1375.0119369942695,15934.533093,2b64eb3b-9838-4cbc-aa90-cc2003b4f3f1,7,266168,265977,,
fba36354-ef4d-439a-8e54-08e139fe4c3b,edfe88b1-55cd-43ca-8467-f6243f7cad93,82746d90-f2c6-47d4-9076-5a2f3081c382,58df1d60a757e733f6a572d720e17dabd505::sa:subagent_001_16940ddb,9,weka_subagent,3,74718,74240,0,0,74240,478,10031.846598954871,0.394366099499166,2604.8467149958014,2330.9296029619873,16025.899030999999,ffdffd38-4b23-4699-a3ec-88291872947c,3,74265,74265,,
85fb14e8-ded3-4078-833a-3b9d21f5e77a,97b70d54-46aa-4606-b15c-6ee0ab51fa6c,3cd77a9c-ea79-4997-a4d6-45188b4506cb,16e46bc4d9e121ffbd67ada51cb3f965342f::fa:001,176,weka_flat,3,614908,612800,0,0,612800,2108,10031.820159056224,0.22817798890173435,4000.134111964144,932.3471039533615,16467.017319,1ab9cf4f-254c-4ae1-b18d-67b753e7bd3c,3,612856,612856,,
6fdee4df-2ad6-403f-a66d-b12313af6a1f,dd70d3cf-cad9-414e-b215-65619deda150,0d38cf80-2c81-4832-abfd-72290c401a54,2654d8b687d9c22001c25155ff2a69840acc::sa:subagent_007_b02ee573:aux:016,0,weka_subagent,3,2963,0,0,0,0,2963,10010.200410033576,0.5289739929139614,2255.9821059694514,732.9539749771357,12870.40189,,,,,,
b9648f95-ad76-4296-83f4-53a955eb9acd,51ec6602-2ccc-4b19-86fe-047d81f48b07,51ec6602-2ccc-4b19-86fe-047d81f48b07,631738ac31321409f3a8de750fd5cd0ea334,60,weka_main,5,197567,195136,0,0,195136,2431,10009.438042063266,0.16466795932501554,1898.5636120196432,859.0956320986152,13523.996513,e03b32b3-04c7-4b75-a577-c86c84d96d21,5,195136,195136,,
a03271ac-5c2f-4242-913d-501c9acef496,ff7d7f01-3776-40b8-86dd-ba3f2042f260,ff7d7f01-3776-40b8-86dd-ba3f2042f260,55a0906aeb5c8d3b40e7ddc4c61999d1eac4,9,weka_main,5,133432,133056,0,0,133056,376,10005.113908904605,0.15640805941075087,1554.4381880899891,449.06379107851535,12529.454615999999,448456b5-153d-4113-a20c-c5f62ce94797,5,133108,133108,,
