request_index,success,input_tokens,output_tokens,start_time_monotonic_s,e2e_ms,ttft_ms,tpot_ms,decode_tokens_s,e2e_tokens_s,pass_70,pass_80,itl_p50_ms,itl_p90_ms,itl_p99_ms,raw_chunk_gap_p90_ms,raw_chunk_gap_p99_ms,itl_samples
0,True,10000,500,3898254.500345453,7249.246726743877,69.72086988389492,14.387827368456879,69.50319700056644,68.97268348660324,False,False,13.106439029797912,17.382276399681967,17.649383284151554,52.77088973671198,53.37565520312637,499
1,True,10000,500,3898254.501039246,7302.398825995624,86.89931407570839,14.459918861562956,69.15668127697303,68.47065079766155,False,False,13.115998939611018,17.385099704066914,17.63606707875927,52.78875781223178,53.631405252963305,499
2,True,10000,500,3898254.501480601,7302.2509682923555,86.48056909441948,14.46046172183955,69.15408506560381,68.47203720757983,False,False,13.120818766765296,17.38719968125224,17.6450302824378,52.81602153554559,53.73661546036601,499
3,True,10000,500,3898254.501906717,7301.234087906778,85.9250146895647,14.459537220876179,69.15850657766796,68.48157366001494,False,False,13.108146493323147,17.387479388465483,17.636893782764673,52.78435805812478,53.57851385138929,499
4,True,10000,500,3898254.502279113,7301.367457024753,85.66620713099837,14.460323146079668,69.15474778107635,68.4803227536429,False,False,13.120098737999797,17.386336345225573,17.63565031190713,52.80140503309667,53.705281424336135,499
5,True,10000,500,3898254.50264032,7300.575743895024,85.20826091989875,14.459654274499249,69.15794672653962,68.48774912281624,False,False,13.108553946949542,17.38038643573721,17.652340078105528,52.78051197528839,53.59685079194605,499
6,True,10000,500,3898254.502991296,7300.187378190458,84.84915504232049,14.459595637571418,69.15822717764163,68.49139263106669,False,False,13.108626240864396,17.378436401486397,17.64279045164585,52.77751027606428,53.58448420185596,499
7,True,10000,500,3898254.503346182,7299.754653126001,84.47693986818194,14.45947437526617,69.15880716318168,68.49545275961886,False,False,13.112743967212737,17.38732261583209,17.629843670874834,52.7642170432955,53.572688694112,499
8,True,10000,500,3898254.504019916,7299.341126810759,83.90281489118934,14.459796216271684,69.15726785102925,68.49933320193529,False,False,13.111356529407203,17.384555966903765,17.652173371364672,52.78940466232598,53.61071671359241,499
9,True,10000,500,3898254.504372682,7298.916161060333,83.53391895070672,14.4596838519231,69.15780526328746,68.50332144757279,False,False,13.108891434967518,17.384229227900505,17.652130064864952,52.78879306279123,53.59800213947892,499
10,True,10000,500,3898254.504719489,7298.605374060571,83.1950823776424,14.459740063492843,69.15753641552278,68.50623843522389,False,False,13.110848958604038,17.384286038577557,17.652123235166073,52.7891100384295,53.60459883697331,499
11,True,10000,500,3898254.505070625,7297.987941186875,82.74197718128562,14.4594107495102,69.15911148273274,68.51203427977778,False,False,13.115086243487895,17.39575636262695,17.634823607901733,52.75584599003196,53.56705493759364,499
12,True,10000,500,3898254.505412622,7297.584364190698,82.376420032233,14.459334557431793,69.15947591004601,68.51582318849287,False,False,13.105158694088459,17.394709400832653,17.63763992736737,52.72135273553431,53.614965579472475,499
13,True,10000,500,3898254.505755978,7297.496645711362,82.14189298450947,14.459628762979666,69.15806874380169,68.51664677281394,False,False,13.11196619644761,17.384409283598263,17.65207356462876,52.7806990314275,53.611363586969674,499
14,True,10000,500,3898254.506139724,7296.593334991485,81.55672904103994,14.458991194289469,69.1611182663246,68.52512906292914,False,False,13.10269150417298,17.390819421658914,17.61623689283927,52.73871682584286,53.48289268091321,499
15,True,10000,500,3898254.506481881,7297.212118282914,81.47095935419202,14.460403124105657,69.15436529794862,68.5193183225779,False,False,13.118323753587902,17.38700969144702,17.636990329871576,52.79989214614034,53.72350482735783,499
16,True,10000,500,3898254.506819587,7296.579444780946,81.11172402277589,14.45985515181998,69.15698597949896,68.52525951151495,False,False,13.146858429536223,17.37021980807185,17.706583098818857,52.88848523050547,53.66703693754971,499
17,True,10000,500,3898254.507165054,7303.1244883313775,80.85064636543393,14.473494673278443,69.0918138689919,68.46384732984886,False,False,13.13511875923723,17.370729396740597,17.714922937254112,52.86922394298017,57.78959245886651,499
18,True,10000,500,3898254.50750328,7303.311337251216,80.63411805778742,14.474303044475809,69.08795518010486,68.46209574138017,False,False,13.14498099964112,17.36998635654648,17.707309685647488,52.88541503250599,57.966308402828844,499
19,True,10000,500,3898254.507879106,7302.680503111333,80.18554328009486,14.473937795252981,69.0896986118021,68.4680097653147,False,False,13.140628463588655,17.370592957983416,17.70822595184048,52.89465403184295,57.897718166932435,499
20,True,10000,500,3898254.508220923,7302.629872690886,79.92401486262679,14.474360436529578,69.08768124056495,68.46848446609812,False,False,13.14473117236048,17.36992287139098,17.706916201859713,52.88525288924575,57.9771052394062,499
21,True,10000,500,3898254.508560729,7302.108118776232,79.52731987461448,14.47410981743811,69.08887749319274,68.47337671080602,False,False,13.148540980182588,17.370332963764668,17.706673126667738,52.88111404515803,57.933677108958335,499
22,True,10000,500,3898254.508896866,7301.806231960654,79.19886289164424,14.474163064266554,69.08862333247956,68.47620768289572,False,False,13.147598598152399,17.370279723157484,17.70671969279647,52.88926921784878,57.944947332143755,499
23,True,10000,500,3898254.509241702,7301.3911168091,78.83878704160452,14.474052765065121,69.08914982081737,68.48010084666073,False,False,13.14925600308925,17.37053645774722,17.707133044799168,52.891957154497504,57.92095422279087,499
24,True,10000,500,3898254.509613939,7300.735531840473,78.41082103550434,14.473596614839616,69.09132723615575,68.48625016196867,False,False,13.13547883182764,17.37071294337511,17.724776019652683,52.87192352116108,57.8154655313119,499
25,True,10000,500,3898254.509957025,7300.7810222916305,78.16594420000911,14.474178513209662,69.0885495910779,68.48582343085477,False,False,13.146313489414752,17.369903003176052,17.706422756115597,52.887838846072555,57.94405667576936,499
26,True,10000,500,3898254.510310202,7300.171118229628,77.73861708119512,14.47381262755197,69.09029609077751,68.4915451846635,False,False,13.14123347401619,17.370179605980713,17.71007974942525,52.897319849580526,57.87351185921577,499
27,True,10000,500,3898254.510653278,7300.23500835523,77.49875029549003,14.474421358837153,69.08739045305353,68.49094576102583,False,False,13.144258526153862,17.369873045633238,17.706599552184343,52.878098050132394,57.988056796602876,499
28,True,10000,500,3898254.510987735,7299.609314184636,77.085274271667,14.473996071969877,69.08942043563111,68.49681653898895,False,False,13.149536098353565,17.370693075160187,17.707752995193005,52.895709685981274,57.90929006878284,499
29,True,10000,500,3898254.511335821,7299.184759147465,76.72111829742789,14.473875031763601,69.08999820749128,68.50080063713845,False,False,13.141400995664299,17.370413057506084,17.709023008743923,52.89601804688573,57.88582685403523,499
30,True,10000,500,3898254.511704837,7299.072000198066,76.42575213685632,14.474240978078578,69.08825143332301,68.50185886458334,False,False,13.145445962436497,17.369903003176052,17.7076297501723,52.887033065781,57.95519185718146,499
31,True,10000,500,3898254.512049424,7298.392007127404,75.99088503047824,14.473749743681214,69.09059626629019,68.50824120048829,False,False,13.140798546373844,17.370836343616247,17.72760258366664,52.88763321004808,57.860772218555184,499
32,True,10000,500,3898254.51238948,7298.007340636104,75.64330007880926,14.473675431978547,69.09095099580385,68.51185216215737,False,False,13.13979853875935,17.380573010692995,17.696999944746494,52.821043878793716,57.603240213356884,499
33,True,10000,500,3898254.512728457,7347.422467079014,99.64069491252303,14.524612769872727,68.84865130960476,68.05107535878174,False,False,13.141600997187197,17.391024654110275,17.947425583843035,52.81881373375654,58.12850628979501,499
34,True,10000,500,3898254.513070633,7347.319068852812,99.44982687011361,14.52478806008557,68.84782042004603,68.05203303605386,False,False,13.142223469913006,17.39152865484357,17.94283368547126,52.818287862464786,58.13313408754763,499
35,True,10000,500,3898254.51344359,7347.385847009718,99.17408879846334,14.525474465353216,68.84456699746661,68.05141453180833,False,False,13.139323680661619,17.392619357754786,17.93800978688513,52.82253627665341,58.132779709994765,499
36,True,10000,500,3898254.513782246,7345.895993057638,98.47907675430179,14.523881595798269,68.85211734921455,68.0652163429122,False,False,13.141376082785428,17.390160759290058,17.950888026195162,52.82331113703549,58.14037033356723,499
37,True,10000,500,3898254.514124883,7346.392407082021,98.44410605728626,14.524946495039549,68.84706944301051,68.06061700679007,False,False,13.140898430719972,17.39182692642013,17.94044918613498,52.818979090079665,58.133850847370894,499
38,True,10000,500,3898254.514464879,7345.566655974835,97.8681230917573,14.52444595768152,68.84944203129012,68.06826803393082,False,False,13.139396207407117,17.390551635374628,17.949081371383016,52.82078720629215,58.13004958909002,499
39,True,10000,500,3898254.514801796,7345.9749119356275,97.80070278793573,14.525399216728841,68.84492364576832,68.06448510838332,False,False,13.139643473550677,17.392454730967682,17.938942548353122,52.821176033467054,58.13397799618539,499
40,True,10000,500,3898254.515177952,7345.252559054643,97.35873807221651,14.524837316598049,68.84758694386645,68.07117876207535,False,False,13.142361305654049,17.391608903805416,17.94224435385927,52.82023404724896,58.13351626507935,499
41,True,10000,500,3898254.515512799,7344.958201982081,97.04053122550249,14.52488511173663,68.8473603961221,68.07390678752563,False,False,13.141731033101678,17.391742207109928,17.94141763976454,52.81642209738493,58.13367049675432,499
42,True,10000,500,3898254.515846975,7344.353927765042,96.53927572071552,14.524678661411475,68.8483389761149,68.07950773038996,False,False,13.141530915163457,17.390988022089005,17.946584384577864,52.81865671277046,58.129515144973965,499
43,True,10000,500,3898254.516184492,7344.385317992419,96.401107031852,14.525018458838812,68.84672834212316,68.07921675556567,False,False,13.140236027538776,17.391970319052536,17.939546926257407,52.82080993056297,58.13402003608641,499
44,True,10000,500,3898254.516518548,7343.7829138711095,95.96870187669992,14.524677779547915,68.84834315623112,68.08480123446844,False,False,13.141105999238789,17.391254628698032,17.9444411303847,52.8181379660964,58.13146566040811,499
45,True,10000,500,3898254.516883225,7343.464266974479,95.62111459672451,14.524735776308125,68.84806824721313,68.08775556362868,False,False,13.141523580998182,17.391338044156633,17.943596838352477,52.81673092395067,58.13242203555998,499
46,True,10000,500,3898254.517227781,7342.875322792679,95.12384096160531,14.524552067797742,68.84893904694599,68.09321662427975,False,False,13.139043468981981,17.390714306384325,17.94833538277685,52.8193851467222,58.12890576198694,499
47,True,10000,500,3898254.517559988,7342.696615029126,94.84254289418459,14.524757659589062,68.84796451938134,68.09487388823794,False,False,13.14129598904401,17.391110646227997,17.945655020885063,52.81856092624366,58.1306364573538,499
48,True,10000,500,3898261.750982986,7521.340815350413,60.523704160004854,14.951537296974767,66.88275460492855,66.47750876805672,False,False,13.19721806794405,17.5039516761899,18.233997592081625,52.79434393160045,55.42951405979694,499
49,True,10000,500,3898261.803876167,7525.423302780837,81.83857565745711,14.917003461169097,67.03759254351118,66.44144520285487,False,False,13.195888022892177,17.50544800112645,17.819198314100504,52.86921910010278,55.81670415587724,499
50,True,10000,500,3898261.804499001,7525.096136145294,81.26943232491612,14.917488384409575,67.03541335048804,66.44433386018154,False,False,13.195303035899997,17.49983833481868,17.834447945157688,52.90763480588794,55.97437598276884,499
51,True,10000,500,3898261.804899167,7524.549452122301,80.83099639043212,14.917271454372482,67.03638819329018,66.44916126625694,False,False,13.198032975196838,17.504428358127672,17.8308617323637,52.8856148943305,55.89581830427051,499
52,True,10000,500,3898261.805265333,7524.464612826705,80.51970973610878,14.917725256694583,67.03434892335432,66.44991048900232,False,False,13.195825507864356,17.495828215032816,17.844281625002623,52.90935663506389,56.0461015906185,499
53,True,10000,500,3898261.80561658,7523.531871847808,80.08187403902411,14.916733462542654,67.03880594978088,66.45814871482668,False,False,13.197150430642068,17.508675033847492,17.808028341581423,52.84631820395589,55.8230276266113,499
54,True,10000,500,3898261.805959156,7521.82079013437,79.62432922795415,14.914221364541916,67.05009772601794,66.47326677282722,False,False,13.187535805627704,17.50367507338524,17.73761926839749,52.79633128084242,55.13368643354625,499
55,True,10000,500,3898261.806308122,7522.767480928451,79.38178209587932,14.9166046068789,67.03938505810115,66.46490154954127,False,False,13.196775573305786,17.50840510552128,17.802891942361992,52.83584101125598,55.80096943769605,499
56,True,10000,500,3898261.806649069,7522.72371109575,79.0736242197454,14.917134442637284,67.03700391287781,66.46528826554108,False,False,13.196825399063528,17.50496495515108,17.82490499317646,52.87390393204987,55.856669908389456,499
57,True,10000,500,3898261.806989296,7521.723260171711,78.62586807459593,14.91602683786997,67.04198181389177,66.47412869435796,False,False,13.195657986216247,17.502444951484602,17.782255696753662,52.80499588698149,55.60236004646868,499
58,True,10000,500,3898261.807591779,7521.242965944111,78.03425472229719,14.916249922288205,67.04097914756557,66.47837362308067,False,False,13.19649547804147,17.507914764185745,17.79025544722875,52.80769485980272,55.66951555665583,499
59,True,10000,500,3898261.807934806,7521.729580592364,77.8414667584002,14.917611450569066,67.0348603269093,66.47407283693163,False,False,13.195645529776812,17.49539157996575,17.839051317423582,52.90908822789788,56.011009742505856,499
60,True,10000,500,3898261.808280192,7521.50706294924,77.51290127635002,14.917823971288357,67.03390534200253,66.47603941808255,False,False,13.195988140068948,17.496371641755104,17.849281740685303,52.91096246801317,56.07644435483963,499
61,True,10000,500,3898261.808619599,7520.604382269084,77.08724495023489,14.916868010659018,67.03820126888826,66.48401838272765,False,False,13.19737802259624,17.508831651260454,17.813734865436953,52.852963004261255,55.7781560625881,499
62,True,10000,500,3898261.809207673,7519.789400044829,76.47444074973464,14.916462844278746,67.04002218485417,66.49122380967468,False,False,13.196775456890464,17.50825826699535,17.796732019633055,52.822217950597405,55.75998293235899,499
63,True,10000,500,3898261.809566499,7519.9548387899995,76.19376387447119,14.917356863558172,67.03600437708334,66.48976100506113,False,False,13.200032757595181,17.50386490797003,17.829771774510544,52.897800924256444,55.935527561232455,499
64,True,10000,500,3898261.809917886,7518.998218234628,75.75451815500855,14.91632004023972,67.04066400441278,66.49822030645382,False,False,13.21309304330498,17.503278329968452,17.933177296072245,52.93837673962116,55.53684557322413,499
65,True,10000,500,3898261.81246728,7518.210546113551,73.38401209563017,14.919492052140122,67.02641058457183,66.50518722948894,False,False,13.214368023909628,17.502878326922655,17.937627000113327,52.9386498965323,56.573078585788615,499
66,True,10000,500,3898261.812883726,7518.128927331418,73.07015499100089,14.919957459600035,67.02431978829566,66.50590922726786,False,False,13.217952684499323,17.50524838765462,17.962847060213488,52.94095799326897,56.746371150948114,499
67,True,10000,500,3898261.813246662,7517.956969328225,72.73703906685114,14.920280421365478,67.02286899165946,66.50743041492535,False,False,13.223882764577866,17.494628361115854,17.979553590218227,52.97498987056315,56.83809099253268,499
68,True,10000,500,3898261.813591718,7517.275955993682,72.31124397367239,14.919768961963948,67.02516657927966,66.51345552923856,False,False,13.218092848546803,17.505701320866745,17.95004401355982,52.9401998501271,56.67377235367895,499
69,True,10000,500,3898261.813935945,7517.17267697677,72.0330560579896,14.92011948079916,67.02359195493771,66.51436936274932,False,False,13.22397030889988,17.507004862030346,17.97127661605676,52.95124030672014,56.79355408065022,499
70,True,10000,500,3898261.814298521,7516.428415197879,71.58057112246752,14.919534757666156,67.0262187288492,66.520955483195,False,False,13.215567683801055,17.50244836633404,17.941950354725122,52.93902987614274,56.59809385426343,499
71,True,10000,500,3898261.814639678,7515.982148703188,71.20328396558762,14.919396522520241,67.02683975793119,66.52490520966316,False,False,13.212455320172012,17.503835105647642,17.92853061730663,52.937619714066386,56.5503865107894,499
72,True,10000,500,3898261.815127613,7515.831210184842,70.81873808056116,14.919864673555674,67.02473660987181,66.52624121234132,False,False,13.217692729085684,17.50578172504902,17.958036934336025,52.940459409728646,56.71869120560587,499
73,True,10000,500,3898261.815479279,7515.082867816091,70.35417295992374,14.919295981675685,67.02729145049668,66.53286581060705,False,False,13.212695252150297,17.504067936291296,17.923510633409023,52.95654581859708,56.52177577372641,499
74,True,10000,500,3898261.815823506,7515.424113720655,70.16699481755495,14.920354947701606,67.02253421618795,66.52984481436874,False,False,13.224295224063098,17.506474629044533,17.983256683995325,52.984539745375514,56.858883071690805,499
75,True,10000,500,3898261.816169092,7514.98484890908,69.80720907449722,14.920195671011188,67.02324969791947,66.53373360727174,False,False,13.224077760241926,17.501401559760172,17.97555697460969,52.96381278894842,56.81496866047383,499
76,True,10000,500,3898261.816507199,7513.98008922115,69.31722303852439,14.919164060486223,67.02788413249807,66.54263041197741,False,False,13.213085476309061,17.506561397264402,17.91815102721254,52.94471266679466,56.482232995331294,499
77,True,10000,500,3898261.816845705,7514.2134972848,69.11534629762173,14.920036374723804,67.02396528296076,66.54056345094146,False,False,13.223685207776725,17.505241557955742,17.96683995053172,52.93843378312886,56.769466777332134,499
78,True,10000,500,3898261.817184002,7513.728161808103,68.75501899048686,14.919785857349932,67.02509067899055,66.54486151648052,False,False,13.218137668445706,17.505854678650696,17.953997012227774,52.93988985940814,56.69540830887855,499
79,True,10000,500,3898261.817569118,7513.203106820583,68.31779377534986,14.919609845782032,67.02588139613538,66.54951195796816,False,False,13.216910301707685,17.501808392504852,17.94582714016239,52.939390670508146,56.62057729437948,499
80,True,10000,500,3898261.817907474,7512.913180980831,67.98747787252069,14.919690787792206,67.02551776865468,66.5520801259577,False,False,13.2154303137213,17.506374667088192,17.982263428469498,52.96632889658213,56.57064370345325,499
81,True,10000,500,3898261.861115584,7524.356993846595,48.58036478981376,14.981516290694953,66.74891783958489,66.45086090531045,False,False,13.215458020567894,17.508151785780985,18.48909833158056,52.96481605619192,57.88124940358104,499
82,True,10000,500,3898261.861807407,7523.437443189323,47.84126300364733,14.981154669710772,66.75052905112994,66.45898284867519,False,False,13.216180261224508,17.506311647593975,18.47445499151945,52.96498700045049,57.85242926795037,499
83,True,10000,500,3898261.862233373,7523.550182115287,47.49507596716285,14.982074361018284,66.74643149562056,66.45798697383346,False,False,13.213845202699304,17.50788154701392,18.5158879806598,52.97112111002207,57.91378169320525,499
84,True,10000,500,3898261.862603549,7523.0657872743905,47.11280995979905,14.981869694017217,66.7473433171919,66.46226606788058,False,False,13.21431272663176,17.508234983930986,18.50768473620216,52.968680113554,57.90009260643275,499
85,True,10000,500,3898261.862964075,7523.045707959682,46.805232763290405,14.982445842076936,66.74477655654755,66.46244345836953,False,False,13.21591017767787,17.508651750783127,18.532871268689632,52.97380601987243,57.940529971383526,499
86,True,10000,500,3898261.863324642,7522.07842702046,46.3639167137444,14.981391804221875,66.7494724834706,66.47099001306916,False,False,13.215775485150516,17.506724999596674,18.483818353464205,52.96227098442614,57.87241836544128,499
87,True,10000,500,3898261.863668438,7522.284605074674,46.095170080661774,14.98234355710223,66.74523222543245,66.46916811186466,False,False,13.215137994848192,17.508365058650572,18.529001312951248,52.9727369081229,57.93326237238945,499
88,True,10000,500,3898261.864015155,7522.052837070078,45.760623179376125,14.982549526835074,66.74431465812353,66.47121614672884,False,False,13.216375256888568,17.5089316132168,18.536814333250124,52.975654881447554,57.96664345543833,499
89,True,10000,500,3898261.864359841,7521.535382606089,45.39779666811228,14.982239651178311,66.74569512184733,66.47578912628317,False,False,13.214828097261488,17.508114998539288,18.52507796138525,52.973250299692154,57.927456926554456,499
90,True,10000,500,3898261.864872406,7520.735251251608,44.836963061243296,14.981760096573877,66.74783160015267,66.48286148841491,False,False,13.214530306868255,17.508221324533224,18.503111321479082,52.96754613518715,57.89296282920988,499
91,True,10000,500,3898261.865221332,7520.117517095059,44.4346871227026,14.98132831657787,66.74975535336418,66.48832267093941,False,False,13.215955346822739,17.506754957139492,18.47943865383665,52.96398247592151,57.86264785565437,499
92,True,10000,500,3898261.865560369,7520.166095811874,44.162139762192965,14.981971855810983,66.74688816827106,66.48789317013353,False,False,13.214202830567956,17.507681778321665,18.512161448597908,52.969834208488464,57.90635422337802,499
93,True,10000,500,3898261.865897705,7519.650092348456,43.80525415763259,14.98165298234634,66.74830882669302,66.49245561422731,False,False,13.21480527985841,17.508008051663637,18.499018313984077,52.96674417331815,57.88507305551322,499
94,True,10000,500,3898261.866290411,7518.376254942268,43.33947924897075,14.98003361862384,66.75552441729876,66.50372142140675,False,False,13.216420309618115,17.506501637399197,18.469741723189752,52.9657200910151,57.8406906919554,499
95,True,10000,500,3898261.866638388,7519.204066134989,43.112719897180796,14.982146986448512,66.74610794464299,66.49639983198504,False,False,13.214295264333487,17.50776171684265,18.520294688642025,52.97166323289275,57.92046437505634,499
96,True,10000,500,3898269.273854955,7436.465149745345,59.43230492994189,14.78363295554189,67.64237200742551,67.23624597596911,False,False,13.215640326961875,17.578214251746733,18.624366726726294,52.968094032257795,55.110579994507106,499
97,True,10000,500,3898269.331699676,7434.62536809966,79.82221711426973,14.739084470912605,67.84681924942402,67.25288434107115,False,False,13.215680490247905,17.5551596408089,17.799230854337342,52.98475124873221,54.99284188263116,499
98,True,10000,500,3898269.333347259,7432.51913972199,78.119324054569,14.738276183702245,67.85054015379434,67.27194247342393,False,False,13.215452898293734,17.55505834395687,17.800071720654696,52.97049670480192,54.92999593727288,499
99,True,10000,500,3898269.333887934,7432.798026595265,77.69127795472741,14.73969288304717,67.84401872783579,67.2694183551002,False,False,13.216063030995429,17.548422360171873,17.806882513686944,52.96640093438327,55.16632332932201,499
100,True,10000,500,3898269.334333379,7432.067935355008,77.19558337703347,14.73922315025646,67.84618088793914,67.27602658493682,False,False,13.215945567935705,17.555310328801472,17.80077636552346,52.985215093940496,55.027540884911986,499
101,True,10000,500,3898269.334732255,7431.211363058537,76.7445182427764,14.738410510652828,67.84992175901237,67.28378128033894,False,False,13.215462793596089,17.555037575463455,17.801922230670776,52.97325262799859,54.97614894062278,499
102,True,10000,500,3898269.335123111,7431.127343792468,76.39028178527951,14.73895202807052,67.84742891458548,67.28454201739268,False,False,13.21569294668734,17.55506383876006,17.807564555356826,52.97421487048268,55.03251477144656,499
103,True,10000,500,3898269.335502517,7431.239592842758,76.08585525304079,14.739787049277991,67.8435853012533,67.28352568278979,False,False,13.213763013482094,17.553379324575264,17.815580995132454,52.96448823064566,55.19533893093464,499
104,True,10000,500,3898269.335871164,7429.024824872613,75.4944495856762,14.736533818210294,67.85856242288642,67.30358449281042,False,False,13.209827709943056,17.54109070946773,17.78002936703456,52.950671035796404,54.40189793705939,499
105,True,10000,500,3898269.33624356,7430.23104313761,75.29336214065552,14.739354070134178,67.84557825544499,67.29265847820284,False,False,13.215865241363645,17.554696245739855,17.802626614769224,52.98522016964853,55.065791262313695,499
106,True,10000,500,3898269.337080031,7428.598479833454,74.31893283501267,14.738035164325535,67.851649751832,67.30744720654357,False,False,13.212560210376978,17.530048576494057,17.78247379387411,52.96179600991309,54.93490222375837,499
107,True,10000,500,3898269.337446467,7428.578690160066,74.03887575492263,14.738556742294877,67.84924857196664,67.30762651303709,False,False,13.215580256655812,17.555145733058453,17.80297672996911,52.97397985123098,55.01962557900694,499
108,True,10000,500,3898269.337809564,7427.976295817643,73.6015997827053,14.738225843757391,67.85077190437856,67.31308502983879,False,False,13.214180245995522,17.551501095294952,17.797797396778986,52.9654570389539,54.8863768065348,499
109,True,10000,500,3898269.33817604,7428.00076585263,73.32935323938727,14.738820466158804,67.84803453546765,67.31286328059593,False,False,13.215832761488855,17.554961300144594,17.806095049406018,52.9731469694525,54.99529838562009,499
110,True,10000,500,3898269.338549146,7427.997676189989,73.01455596461892,14.739445130712163,67.84515910414622,67.31289127926368,False,False,13.215927756391466,17.55476833010713,17.80383428869141,52.98321098089218,55.103658442385466,499
111,True,10000,500,3898269.338912702,7427.703308872879,72.65886990353465,14.739568013966622,67.84459348146704,67.31555895652392,False,False,13.216105289757252,17.555363290011883,17.805397001405485,52.98342895694077,55.12923731002954,499
112,True,10000,500,3898269.339383978,7426.716899033636,72.11085502058268,14.738689466960027,67.84863757674772,67.32449974834236,False,False,13.215620187111199,17.553783052911363,17.83464608713977,52.96612083911896,54.80660073459147,499
113,True,10000,500,3898269.34017475,7427.344512194395,71.49357115849853,14.741184250572939,67.83715493964696,67.3188108050041,False,False,13.215635321103036,17.5589091454943,17.83216006432963,52.96734096482396,55.68200469017025,499
114,True,10000,500,3898269.340553516,7427.128694020212,71.16873515769839,14.741402723171369,67.83614956995534,67.32076696106854,False,False,13.215840328484774,17.553826949248712,17.834790485600557,52.96550001949072,55.760983228683436,499
115,True,10000,500,3898269.340915432,7427.218813914806,70.9332968108356,14.742055144496934,67.83314742743248,67.31995010881542,False,False,13.223775196820498,17.568255650500458,17.840844855333298,52.974321227520704,55.938514475710654,499
116,True,10000,500,3898269.341277538,7426.76693899557,70.55412093177438,14.741909455037666,67.8338178001952,67.32404613031014,False,False,13.223840272985399,17.56804684797923,17.837866544723436,52.971506770700216,55.90402686502781,499
117,True,10000,500,3898269.341631105,7426.276602782309,70.17739489674568,14.741681779329786,67.83486544948767,67.32849134823114,False,False,13.224590220488608,17.554895021021366,17.84166668852163,52.96752764843404,55.84808160550889,499
118,True,10000,500,3898269.341979461,7425.757009070367,69.75111924111843,14.741494769196889,67.83572600042918,67.3332024451195,False,False,13.216035207733512,17.553868362059195,17.835560475165575,52.96473796479404,55.7850763853639,499
119,True,10000,500,3898269.342336948,7425.290583167225,69.37532313168049,14.741313146363817,67.83656178192416,67.33743203713479,False,False,13.22390791028738,17.55400924012065,17.837087788308587,52.96451738104224,55.70976563263681,499
120,True,10000,500,3898269.342764693,7425.098406150937,69.034687243402,14.741610659133338,67.83519271555569,67.33917487016751,False,False,13.224399997852743,17.55445192878445,17.840640172362257,52.96698287129402,55.829780455678666,499
121,True,10000,500,3898269.343129049,7424.821788910776,68.68703104555607,14.741753021773988,67.83453762405134,67.3416836410494,False,False,13.224327703937888,17.5674457103014,17.83512132242315,52.9690470546484,55.86505250539627,499
122,True,10000,500,3898269.343477726,7423.914547078311,68.15779488533735,14.740995495376701,67.83802357945468,67.34991315286292,False,False,13.215420534834266,17.558730424692236,17.82764202294243,52.967625902965665,55.62036175746468,499
123,True,10000,500,3898269.343830182,7423.950446769595,67.94961774721742,14.741484627299354,67.83577267028636,67.34958747166294,False,False,13.224007678218186,17.55417057623466,17.837796465804107,52.96660917811096,55.79552608542141,499
124,True,10000,500,3898269.344192989,7423.895407002419,67.64728995040059,14.741980194493024,67.83349229932878,67.35008679249259,False,False,13.223930262029171,17.568235689153276,17.83896982359382,52.973311906680465,55.91940064914521,499
125,True,10000,500,3898269.344548575,7422.913667745888,67.11124582216144,14.74108701788322,67.8376023957287,67.3589943761039,False,False,13.215410173870623,17.558776338895164,17.82915500923984,52.96745910309255,55.65587645862248,499
126,True,10000,500,3898269.344902471,7423.089625779539,66.92128768190742,14.741820316828921,67.83422796562125,67.35739768836379,False,False,13.224427704699337,17.567864681283634,17.836012492577165,52.96971006318927,55.88198369368907,499
127,True,10000,500,3898269.345314157,7422.509181778878,66.47501280531287,14.741551440828786,67.83546521639238,67.36266507118958,False,False,13.2244877750054,17.554389933745068,17.839576313272048,52.966813929378986,55.8134436421096,499
128,True,10000,500,3898269.345666524,7421.90944775939,66.03612704202533,14.741229099633998,67.83694855029616,67.3681083714846,False,False,13.22021777741611,17.564842260132234,17.8608185797929,52.973844995722175,55.47740069217977,499
129,True,10000,500,3898269.386479968,7439.978812821209,48.27095801010728,14.81304179320862,67.50807929661502,67.20449245612866,False,False,13.21861776523292,17.56523571287592,19.247124798906167,52.973104221746325,57.65651824418454,499
130,True,10000,500,3898269.387595546,7440.154091920704,47.302317805588245,14.815334216663558,67.49763355829322,67.20290921702176,False,False,13.22031277231872,17.563472284624975,19.25278327583006,52.96802190132439,58.301183125004144,499
131,True,10000,500,3898269.388151761,7439.54359786585,46.722063794732094,14.815273615372982,67.49790965469283,67.20842393388659,False,False,13.224462745711207,17.56824500237902,19.252901906147407,52.968471171334386,58.27931676991281,499
132,True,10000,500,3898269.388596466,7438.785016071051,46.242439188063145,14.81471458293184,67.50045668460658,67.21527761856,False,False,13.223205227404833,17.56355691080292,19.250344278601123,52.97597413882613,58.15123981796203,499
133,True,10000,500,3898269.389011132,7438.622226938605,45.85575312376022,14.815163274178046,67.49841236936895,67.2167485786917,False,False,13.22393526788801,17.563428574552137,19.252440983739803,52.970300102606416,58.25452107936141,499
134,True,10000,500,3898269.389393008,7437.849255278707,45.42899737134576,14.81446945472417,67.50157358359607,67.22373401761882,False,False,13.221445144154131,17.564239011456568,19.249154121304365,52.97438791021705,58.09074895456431,499
135,True,10000,500,3898269.389754214,7437.817246187478,45.10508105158806,14.81505443915008,67.49890822928145,67.22402331897749,False,False,13.224055175669491,17.562765007217724,19.25170139875244,52.97193014994264,58.22933895047751,499
136,True,10000,500,3898269.390121991,7436.9442840106785,44.6520852856338,14.814212823096282,67.50274293622525,67.23191419828069,False,False,13.217702740803361,17.564966343343258,19.254221253407312,52.973686857149005,58.01538495812563,499
137,True,10000,500,3898269.390478547,7436.692686751485,44.303398579359055,14.814407391126505,67.50185637523222,67.23418878001415,False,False,13.218642678111792,17.564841639250517,19.255262490672184,52.97366585582495,58.06773783639071,499
138,True,10000,500,3898269.39118422,7436.264900956303,43.66125492379069,14.814836965997019,67.49989907382698,67.23805655924119,False,False,13.223752728663385,17.563555017113686,19.250793936662188,52.97523704357445,58.17944224458185,499
139,True,10000,500,3898269.391541626,7436.263082083315,43.36354834958911,14.815429927322096,67.49719750999834,67.23807300533562,False,False,13.220752705819905,17.5634509883821,19.252712732801644,52.96970815397799,58.322862372733624,499
140,True,10000,500,3898269.391895363,7435.4203697294,42.93607175350189,14.814597791534865,67.50098882680466,67.2456936040318,False,False,13.222292764112353,17.56377893810471,19.24970952483496,52.97519024461508,58.12307290267197,499
141,True,10000,500,3898269.392255179,7435.670266859233,42.664804961532354,14.815642208211825,67.4962303993635,67.24343361868787,False,False,13.221475179307163,17.56323895727595,19.252405762672232,52.97657521441579,58.372331825084956,499
142,True,10000,500,3898269.392608995,7435.256612021476,42.304178699851036,14.81553593852029,67.49671454003949,67.24717465589416,False,False,13.22090276516974,17.563389086474974,19.252757698607752,52.97364881262183,58.3480760361999,499
143,True,10000,500,3898269.392970482,7434.541039168835,41.88139317557216,14.81494919036726,67.49938775694243,67.25364718087546,False,False,13.224575202912092,17.562998986492556,19.2514630019042,52.97304899431765,58.20599948987362,499
144,True,10000,500,3898276.711962968,7324.406881816685,57.764302007853985,14.562409979576815,68.66995239129095,68.26491319608178,False,False,13.115313951857388,17.36361300572753,17.755252309143543,52.623327635228634,53.41980709694326,499
145,True,10000,500,3898276.768831499,7322.468541096896,67.33800424262881,14.539339753214964,68.77891410295149,68.28298369515434,False,False,13.122156262397766,17.36159964154164,17.60712405666709,52.64567509293556,54.46963482536376,499
146,True,10000,500,3898276.769777549,7320.949676912278,66.31462415680289,14.538346799109169,68.78361163191364,68.29715024224598,False,False,13.117986265569925,17.35895313322544,17.599640724559624,52.654487174004316,54.21796243637801,499
147,True,10000,500,3898276.770237854,7320.555480662733,65.86518883705139,14.538457498648661,68.78308789587543,68.30082789765767,False,False,13.11839371919632,17.35843640441696,17.606230452656746,52.65500685200095,54.24917583353818,499
148,True,10000,500,3898276.770621401,7319.769938010722,65.44058304280043,14.53773417829243,68.78651017661252,68.3081578020038,False,False,13.117668800987303,17.3658630810678,17.592720687389374,52.63246297836304,54.07484913244844,499
149,True,10000,500,3898276.770990787,7320.184824056923,65.16365613788366,14.539120576992064,68.77995094025734,68.3042863011886,False,False,13.119053794071078,17.361179925501347,17.607387000073988,52.65244739130139,54.413410294801004,499
150,True,10000,500,3898276.771349403,7319.508410990238,64.7622300311923,14.538569500919932,68.78255800453577,68.31059846167405,False,False,13.117748778313398,17.3586867749691,17.60850738113125,52.65449108555913,54.27911707200111,499
151,True,10000,500,3898276.771706659,7319.528992287815,64.45560418069363,14.539225226667577,68.77945587952091,68.31040638363787,False,False,13.125668745487928,17.36150976891319,17.60721066966653,52.64507681131363,54.440648136660464,499
152,True,10000,500,3898276.772070266,7319.357023108751,64.11652592942119,14.539560114587834,68.77787169067652,68.31201134490294,False,False,13.115666224621236,17.35573324064414,17.63238028312723,52.70628575235605,54.3702958803624,499
153,True,10000,500,3898276.772423672,7318.559710867703,63.70458099991083,14.538787835406398,68.78152507079676,68.319453520004,False,False,13.118859031237662,17.357559874653816,17.607737332582474,52.66969120129943,54.33690617792309,499
154,True,10000,500,3898276.773029346,7318.335312884301,63.1491569802165,14.539451214236642,68.77838683628077,68.32154836083072,False,False,13.120164046995342,17.359113475928705,17.59261405095458,52.6397293433547,54.627579413354404,499
155,True,10000,500,3898276.773384052,7317.151726223528,62.688942067325115,14.538001571455316,68.78524500667636,68.33259972019961,False,False,13.117951457388699,17.359579758097727,17.58579770103097,52.63677183538675,54.12345526739956,499
156,True,10000,500,3898276.773734979,7317.383393179625,62.409894075244665,14.539025048305373,68.78040285903195,68.33043632318612,False,False,13.119831215590239,17.35904300585389,17.607427046944697,52.65148198232055,54.38689792528749,499
157,True,10000,500,3898276.774088485,7316.834268625826,62.030857894569635,14.538684189842197,68.78201541090452,68.33556448640253,False,False,13.11888126656413,17.358276682595413,17.6081705528001,52.65419380739331,54.3072980362922,499
158,True,10000,500,3898276.774436382,7316.617819946259,61.70067097991705,14.538912122177038,68.78093708776481,68.33758606837722,False,False,13.11924122273922,17.36003967622916,17.607327395429213,52.65455776825547,54.36969712376595,499
159,True,10000,500,3898276.774783278,7314.814689103514,61.262546107172966,14.536176639271224,68.7938805929463,68.35443155447575,False,False,13.116878690198064,17.37852270404498,17.59115730722745,52.63003595173359,53.5707410890609,499
160,True,10000,500,3898276.775225704,7315.417002886534,60.85630878806114,14.538197783764474,68.78431665833777,68.34880360240693,False,False,13.126168749295175,17.36883632838726,17.66566668326656,52.73060817271471,53.706521494314075,499
161,True,10000,500,3898276.775975186,7373.7970679067075,106.65243305265903,14.56341610191192,68.6652082864485,67.80767024036658,False,False,13.124343706294894,17.368999775499105,17.66538666561246,52.72972518578172,56.819185996428146,499
162,True,10000,500,3898276.776361652,7373.927447013557,106.39196587726474,14.564199360994575,68.66151548832623,67.80647132655206,False,False,13.132423511706293,17.364269743363064,17.66356670608123,52.762668672949076,57.024111198261394,499
163,True,10000,500,3898276.776724858,7373.232093639672,105.93481082469225,14.563722009649258,68.66376598904083,67.8128660063898,False,False,13.125816243700683,17.36928305278222,17.665496716896694,52.73099299520254,56.887239580974,499
164,True,10000,500,3898276.777081885,7373.106845188886,105.65217304974794,14.56403741911651,68.66227895620598,67.8140179572009,False,False,13.125891331583261,17.364649567753077,17.664086694518726,52.74356994777918,56.98521310463549,499
165,True,10000,500,3898276.777430451,7372.2819639369845,105.15204817056656,14.56338660474232,68.66534736325457,67.82160563660636,False,False,13.124041142873466,17.368786347409088,17.6652433971564,52.729589119553566,56.79685113020243,499
166,True,10000,500,3898276.777780247,7372.351733036339,104.94395112618804,14.563943450721746,68.66272197386505,67.82096379903358,False,False,13.125676312483847,17.3647600846986,17.6643799059093,52.738390024751425,56.96263800375165,499
167,True,10000,500,3898276.778131034,7371.494221966714,104.43908581510186,14.563236745794812,68.66605394496204,67.82885327509625,False,False,13.123763957992196,17.367763134340446,17.665366642177105,52.72996313869953,56.75574015825988,499
168,True,10000,500,3898276.77854565,7371.908586937934,104.23712665215135,14.564471864300165,68.66023082176834,67.82504070735972,False,False,13.13133630901575,17.363916306445997,17.658493326356012,52.77748992666602,57.087445100769415,499
169,True,10000,500,3898276.778900716,7371.44571216777,103.86226186528802,14.56429549158814,68.66106229289066,67.82929964127236,False,False,13.132276013493538,17.364009749144316,17.66315335407853,52.76850974187255,57.04485576599838,499
170,True,10000,500,3898276.779249333,7370.583281386644,103.38856605812907,14.563516463584197,68.66473509337402,67.83723633686884,False,False,13.124421238899231,17.36823298657934,17.665239982306957,52.7301661670208,56.84322942979635,499
171,True,10000,500,3898276.779594039,7370.311063714325,103.05509995669127,14.563639205927123,68.66415638702578,67.83974186131856,False,False,13.12445371877402,17.36878293255965,17.665886630614597,52.72967228665948,56.873895246535554,499
172,True,10000,500,3898276.779937695,7369.097997434437,102.60103503242135,14.562118161126286,68.67132850696883,67.85090932079825,False,False,13.123748824000359,17.366573059310515,17.6650732755661,52.72952448576689,56.40372504480184,499
173,True,10000,500,3898276.780289502,7369.950217194855,102.45583625510335,14.564116995871247,68.66190379296513,67.84306342171055,False,False,13.132136198692024,17.364473082125187,17.663763370364904,52.75329854339361,57.00509038753809,499
174,True,10000,500,3898276.780634868,7369.767050258815,102.13709017261863,14.564388697567528,68.6606228908883,67.84474958166292,False,False,13.131431303918362,17.36375658462445,17.66264997422695,52.77266800403595,57.06713206134738,499
175,True,10000,500,3898276.781029174,7368.996747769415,101.63958510383964,14.563842009349852,68.66320022958291,67.85184158906696,False,False,13.126038713380694,17.365009679148596,17.664903309196234,52.735594660043716,56.91476483829321,499
176,True,10000,500,3898276.781381491,7368.6998300254345,101.29782697185874,14.563931869846845,68.66277657274676,67.85457564204704,False,False,13.124516233801842,17.36608302841584,17.65590673312545,52.77407802641392,56.817408604547396,499
177,True,10000,500,3898276.828511341,7322.553639765829,54.349846206605434,14.565538664447342,68.65520205173564,68.28219014807924,False,False,13.12524382956326,17.3649862408638,17.65728664274017,52.77954265475273,57.385629927739515,499
178,True,10000,500,3898276.829738668,7321.6871987096965,53.16438805311918,14.56617797726769,68.65218875951007,68.29027059338388,False,False,13.125493773259223,17.367533097664516,17.654813670863707,52.74917175993323,57.513059722259655,499
179,True,10000,500,3898276.830320202,7321.055866312236,52.5773442350328,14.566089222599604,68.65260707372836,68.29615961554738,False,False,13.125101220794022,17.366446399440367,17.655203429361183,52.755071967840195,57.49490518122913,499
180,True,10000,500,3898276.830768037,7320.901387836784,52.164898719638586,14.566606190615524,68.6501705966518,68.29760073407333,False,False,13.128768769092858,17.361669645955164,17.652370346089203,52.74779060855508,57.60416283272208,499
181,True,10000,500,3898276.831191583,7320.0334357097745,51.687982864677906,14.565822550791776,68.6538639690926,68.30569892766049,False,False,13.124376302585006,17.365922996153433,17.65624713152647,52.78338212519884,57.44629427790643,499
182,True,10000,500,3898276.831585749,7320.034826174378,51.34079698473215,14.566521100580452,68.6505716152192,68.30568595276912,False,False,13.128621270880103,17.36246965204676,17.653013424326975,52.74702487513423,57.58595034480096,499
183,True,10000,500,3898276.831968235,7319.752229377627,50.97073130309582,14.566696388926918,68.6497455085399,68.30832305952427,False,False,13.12928122933954,17.36124310021599,17.65176358943184,52.74812662974,57.62279874645175,499
184,True,10000,500,3898276.832345501,7319.224584847689,50.57485494762659,14.566432324449023,68.65099001088622,68.3132474217424,False,False,13.125081197358668,17.362712882459164,17.65352999791503,52.748091984540224,57.56755420006813,499
185,True,10000,500,3898276.832714178,7318.608109839261,50.17700791358948,14.565994192235815,68.65305497190401,68.3190017139723,False,False,13.124858727678657,17.366069679458935,17.65585659692685,52.75021065026522,57.47536667622627,499
186,True,10000,500,3898276.83345005,7318.024977110326,49.45893585681915,14.566264611730476,68.65178044305758,68.32444567542804,False,False,13.125886209309101,17.36772960672776,17.654376725355785,52.74913376197219,57.53189730457963,499
187,True,10000,500,3898276.833811476,7317.186176311225,49.041980877518654,14.565419229326064,68.65576501818751,68.33227800308102,False,False,13.125738711096346,17.359279717008274,17.657496811201174,52.779189962893724,57.35558182932438,499
188,True,10000,500,3898276.834174513,7317.100736312568,48.71089290827513,14.565911509828243,68.6534446763086,68.33307590240634,False,False,13.124088989570737,17.366069679458935,17.65600669508179,52.78554195538163,57.465240787714734,499
189,True,10000,500,3898276.834542109,7316.632780712098,48.33108698949218,14.565734857159532,68.65427730262903,68.33744633434193,False,False,13.124533696100116,17.36580642561118,17.656440070519846,52.782342210412025,57.42877488024534,499
190,True,10000,500,3898276.834900136,7316.218134015799,47.96721087768674,14.565633112501226,68.65475687024764,68.34131935942635,False,False,13.124728691764176,17.36530630538861,17.656856682151556,52.78082890436053,57.406391603872194,499
191,True,10000,500,3898276.835260702,7316.2596840411425,47.65369417145848,14.566344669077523,68.65140312949421,68.34093123985787,False,False,13.124986318871379,17.363276643057663,17.65395002439618,52.747518196702,57.54951384849848,499
192,True,10000,500,3898284.037697676,7195.330697111785,54.98016998171806,14.30931969364743,69.88452431068029,69.48950938428732,False,False,13.109066523611546,17.407669375340145,25.57345957029611,52.68912808969617,53.7380412220955,499
193,True,10000,500,3898284.092822805,7195.278467144817,73.86962696909904,14.271360401153744,70.07040477508764,69.49001380323321,True,False,13.105479069054127,17.394941362241905,18.21853339361638,52.689713425934315,54.951151856221266,499
194,True,10000,500,3898284.093846584,7194.896600674838,72.9071069508791,14.272524035518956,70.06469195717418,69.49370195995631,True,False,13.10070650652051,17.386344696084656,18.165226196870105,52.70610749721527,55.2031931700185,499
195,True,10000,500,3898284.094356609,7192.902231123298,72.31254316866398,14.269718813536342,70.07846567035322,69.51297041638173,True,False,13.105261488817632,17.39426062752803,18.243670643617612,52.680048858746886,54.55214970279485,499
196,True,10000,500,3898284.094778415,7194.12982929498,72.01591599732637,14.27277337334199,70.06346796395945,69.50110880178538,True,False,13.10895406641066,17.385941588630278,18.15383863945792,52.70424298942089,55.10291473474354,499
197,True,10000,500,3898284.095174521,7192.797882016748,71.50860084220767,14.271120803956995,70.07158118391985,69.51397887185004,True,False,13.105111545883119,17.385367614527542,18.22284303605547,52.67428350634873,54.88317070994527,499
198,True,10000,500,3898284.095554297,7192.851671949029,71.16772420704365,14.271911718921814,70.06769798570096,69.5134590290413,True,False,13.108811224810779,17.396877550830443,18.18499584061394,52.68711340613663,55.06586730480195,499
199,True,10000,500,3898284.095929363,7192.923651076853,70.85714815184474,14.272678362575169,70.06393436442391,69.5127634122941,True,False,13.100883923470974,17.38677068303029,18.161771862457094,52.70887282676995,55.260647763498135,499
200,True,10000,500,3898284.096301759,7192.035629879683,70.41388284415007,14.27178706820748,70.06830996152179,69.52134635189016,True,False,13.108506565913558,17.396881555517513,18.169355199982622,52.68755764700472,55.01560110133142,499
201,True,10000,500,3898284.096667505,7191.874762065709,70.06728602573276,14.272159270621193,70.06648265609464,69.5229014049719,True,False,13.099931529723108,17.39690334846576,18.177983419348696,52.69515793770552,55.123494192957885,499
202,True,10000,500,3898284.097305969,7190.872502047569,69.39579313620925,14.271496410644007,70.06973699367484,69.53259147031564,True,False,13.108796556480229,17.397553380578756,18.214995625118316,52.68732784315944,54.98723152559251,499
203,True,10000,500,3898284.097668335,7191.295247990638,69.13310615345836,14.272870023721802,70.06299352113342,69.52850394227771,True,False,13.114461209625006,17.40065931032101,18.150259787216683,52.71019251085818,55.122252646833665,499
204,True,10000,500,3898284.098028601,7190.445546992123,68.69984976947308,14.272035465376053,70.0670904599417,69.53672018407231,True,False,13.108538696542382,17.397054750472307,18.181580264742077,52.683067973703146,55.09443958289922,499
205,True,10000,500,3898284.098385458,7189.878481905907,68.32361407577991,14.271653041743743,70.06896797974692,69.54220453910357,True,False,13.10862903483212,17.397369382282097,18.211497481291396,52.68733808770776,55.02549558877946,499
206,True,10000,500,3898284.098744064,7189.865622669458,67.99673708155751,14.272282335847496,70.0658784957129,69.54232891690118,True,False,13.099803938530385,17.397311919679247,18.173793694004313,52.69523290917277,55.14980866573752,499
207,True,10000,500,3898284.09910509,7189.574046060443,67.64210108667612,14.272408707362258,70.06525811471202,69.54514923926224,True,False,13.10034655034542,17.38624759018421,18.16933802018553,52.69558262079954,55.17735013272614,499
208,True,10000,500,3898284.099516816,7189.282678999007,67.24362494423985,14.272623354819173,70.06420439605789,69.5479677632619,True,False,13.11374141369015,17.409115936607122,18.217981376995542,52.72853258065879,54.90765231661499,499
209,True,10000,500,3898284.152191129,7194.6981637738645,60.28907606378198,14.297413001423012,69.94272319757921,69.49561866508282,False,False,13.110966538079083,17.409640674789745,18.90299728140221,52.73216776549816,56.73534232191742,499
210,True,10000,500,3898284.153235659,7192.576005123556,58.94322879612446,14.295857267189241,69.9503346536009,69.51612324205267,False,False,13.111003674566746,17.400691316773493,18.8504678693909,52.70715826191008,56.236342689953744,499
211,True,10000,500,3898284.153721844,7192.981091327965,58.64611221477389,14.297264487200783,69.94344973440349,69.51220831135123,False,False,13.114164001308382,17.40921859939893,18.900075533116716,52.72684805095196,56.67432679329068,499
212,True,10000,500,3898284.15413556,7192.30567663908,58.17655706778169,14.296851943028654,69.94546799427506,69.51873606040155,False,False,13.114326517097652,17.408081733932097,18.866400284071624,52.719612838700414,56.58441802952439,499
213,True,10000,500,3898284.154516536,7192.281208001077,57.87506001070142,14.297407110201153,69.94275201735728,69.51897256794872,False,False,13.112516258843243,17.40940073505044,18.89920108641173,52.72914795204997,56.70148534700275,499
214,True,10000,500,3898284.154893792,7191.948161460459,57.572093326598406,14.297346829927577,69.94304690900931,69.52219186997945,False,False,13.11174628790468,17.409393346558016,18.90090540672328,52.729847840964794,56.71776428353042,499
215,True,10000,500,3898284.155267568,7191.116950009018,57.03220935538411,14.296763007321912,69.94590310323129,69.53022784581093,False,False,13.111608917824924,17.4080320323507,18.863298666352883,52.71489289589226,56.56279607210309,499
216,True,10000,500,3898284.155625754,7190.6280647963285,56.64748279377818,14.296554272550202,69.94692433826722,69.53495515195476,False,False,13.112073997035623,17.404093996932108,18.855998612319286,52.70738806575537,56.50660290848464,499
217,True,10000,500,3898284.155985471,7190.509516280144,56.33769603446126,14.29693751552241,69.94504934460853,69.53610156108441,False,False,13.116386253386736,17.409056363006435,18.870655617986973,52.72423732094467,56.60288557410241,499
218,True,10000,500,3898284.156601714,7190.382048022002,55.90317118912935,14.297552859384515,69.94203902128802,69.5373342696783,False,False,13.11044895555824,17.41199834893147,18.90791192029899,52.74361767806113,56.76991329528392,499
219,True,10000,500,3898284.156963571,7189.369277097285,55.32398587092757,14.296683950353422,69.94628988600391,69.5471300372368,False,False,13.111999025568366,17.406292632222176,18.860468740264434,52.710723131895065,56.542890495620675,499
220,True,10000,500,3898284.157323437,7189.3295282498,55.03432918339968,14.297184767668137,69.94383973140046,69.54751455407582,False,False,13.114948640577495,17.40912403911352,18.89793468949681,52.7257074136287,56.6557685378939,499
221,True,10000,500,3898284.157674604,7189.261347986758,54.818951059132814,14.297479753361973,69.94239664965117,69.548174116666,False,False,13.110301457345486,17.411813978105783,18.905800112212557,52.7391922660172,56.75188957247884,499
222,True,10000,500,3898284.15803243,7188.516556285322,54.302836302667856,14.297021482931171,69.94463855243367,69.55537990140985,False,False,13.115618727169931,17.40896866346399,18.875323139751806,52.725222427397966,56.62111607380212,499
223,True,10000,500,3898284.158382556,7188.36921826005,53.99612011387944,14.297340878048438,69.94307602579161,69.55680555888661,False,False,13.112773653119802,17.40919075285395,18.897262349103748,52.729107439517975,56.68486263602973,499
224,True,10000,500,3898284.158787862,7187.814123928547,53.558504208922386,14.297105450339929,69.94422776508401,69.5621772320848,False,False,13.110596453770995,17.41243302822113,18.78037637099609,52.755977027118206,56.51481512468309,499
225,True,10000,500,3898284.159541175,7188.084720168263,52.9981991276145,14.298770583247792,69.93608255884487,69.55955855627363,False,False,13.112421263940632,17.412525694817305,18.95635178933527,52.75504710152745,57.03146192245186,499
226,True,10000,500,3898284.159929981,7187.879282049835,52.63141309842467,14.299093925754327,69.93450110841526,69.56154665099082,False,False,13.10747629031539,17.412089928984642,18.961148302381098,52.759331883862615,57.0752033032477,499
227,True,10000,500,3898284.160295097,7187.617274932563,52.2772166877985,14.299278673837204,69.93359754780208,69.56408234809514,False,False,13.108946499414742,17.411245219409466,18.96488411352024,52.75917728431523,57.09921682719142,499
228,True,10000,500,3898284.160652363,7186.796683818102,51.864451728761196,14.298461386952587,69.9375948878321,69.57202520085303,False,False,13.104306417517364,17.413285343597334,18.886620725194472,52.7501676697284,57.02977608889342,499
229,True,10000,500,3898284.16100916,7186.667335219681,51.54133401811123,14.298849701806754,69.93569558771175,69.5732773868148,False,False,13.108121464028955,17.41253798827529,18.951816173891086,52.75517771951854,57.042643381282694,499
230,True,10000,500,3898284.161364556,7186.147290281951,51.164339296519756,14.298563028026917,69.93709773771523,69.57831224474975,False,False,13.1042564753443,17.413089238107204,18.888554563745714,52.75109736248851,57.05626180861146,499
231,True,10000,500,3898284.161719852,7186.241559684277,50.87081203237176,14.29934017565512,69.93329676165882,69.57739951368504,False,False,13.10914650093764,17.411246616393328,18.966894556457657,52.759467624127865,57.11707626469434,499
232,True,10000,500,3898284.162148368,7229.702107142657,82.26411184296012,14.32352303667274,69.81522614511,69.15914274061444,False,False,13.107084087096155,17.41246065745751,19.199083886730122,52.74751293472946,57.06987115554512,499
233,True,10000,500,3898284.162507574,7228.839575778693,81.81650703772902,14.322691520522975,69.81927932798808,69.16739467774671,False,False,13.105446239933372,17.412873761107523,19.234019845413613,52.751887356862426,57.074245647527285,499
234,True,10000,500,3898284.162858411,7229.091082699597,81.57519856467843,14.323679126522883,69.81446534559122,69.16498827862083,False,False,13.109133811667562,17.411496676504612,19.208643850870377,52.75925202295184,57.09596888627858,499
235,True,10000,500,3898284.163212277,7228.523929137737,81.15637302398682,14.323381875979459,69.81591419251455,69.17041499780207,False,False,13.1071264622733,17.412787365416683,19.195451137299287,52.7468528598547,57.058651652187116,499
236,True,10000,500,3898284.163583183,7228.086672723293,80.77381690964103,14.323272256139584,69.81644851241,69.17459939804752,False,False,13.105796300806105,17.412683678170044,19.180748375753506,52.75390692986548,57.02752866782249,499
237,True,10000,500,3898284.16395179,7228.083623107523,80.49199916422367,14.32383090970601,69.81372555315403,69.1746285836464,False,False,13.109116582199931,17.411329069485266,19.22692966647441,52.75784758850932,57.13689993135632,499
238,True,10000,500,3898284.164314606,7227.480868808925,80.06623387336731,14.323476222315747,69.81545432679366,69.18039757916357,False,False,13.107236241921782,17.412794039895136,19.19750051728134,52.74626798927784,57.064552488736815,499
239,True,10000,500,3898284.165508354,7226.393910124898,78.9144360460341,14.323606160478684,69.81482098824901,69.19080335483099,False,False,13.10796127654612,17.411651990065973,19.207846457138604,52.759266924113035,57.092826929874725,499
240,True,10000,500,3898291.234379339,7253.638752736151,56.12736800685525,14.423870510479551,69.32951868040259,68.93092102379576,False,False,13.11810384504497,17.447309102863073,18.062529309342306,52.810881938785315,53.94095076248049,499
241,True,10000,500,3898291.290608436,7251.108868978918,68.16189596429467,14.394683312654555,69.47009380337579,68.95497075475694,False,False,13.11314629856497,17.449105624109507,18.02653633058071,52.870482951402664,54.076858554035425,499
242,True,10000,500,3898291.291792294,7250.060258898884,67.00075697153807,14.394908821497687,69.46900549356569,68.96494403426357,False,False,13.119271257892251,17.447759086887043,18.013043018678825,52.839863486588,54.104549027979374,499
243,True,10000,500,3898291.292356718,7249.732773285359,66.47138297557831,14.395313407434429,69.46705303988395,68.96805932522878,False,False,13.119803741574287,17.448252222190302,18.02363634730379,52.841873466968536,54.110486228019,499
244,True,10000,500,3898291.292795224,7249.251096975058,66.02586666122079,14.3952409425127,69.46740273354878,68.97264190622921,False,False,13.121731230057776,17.44705221305291,18.021869628379743,52.8404857032001,54.09434428438544,499
245,True,10000,500,3898291.29320639,7248.602454084903,65.57925185188651,14.39483607661927,69.46935655795652,68.97881393926194,False,False,13.118731207214296,17.448111902922392,18.032226245850325,52.83839190378785,54.11182755604386,499
246,True,10000,500,3898291.293606876,7247.605604119599,65.13913627713919,14.393720376437795,69.47474133490728,68.98830142134057,False,False,13.119093724526465,17.43845905487736,18.01447632412116,52.823479659855366,53.900344856083386,499
247,True,10000,500,3898291.293992892,7247.902221046388,64.80720918625593,14.39497998368764,69.46866207061058,68.98547810814898,False,False,13.11989116948098,17.44729559868574,18.015149670342606,52.84059289842844,54.122850112617016,499
248,True,10000,500,3898291.294375588,7247.884070966393,64.4804029725492,14.395598533053795,69.46567714457275,68.98565086090467,False,False,13.124838704243302,17.44094242652257,18.06753563384215,52.85512302070856,54.1465088352561,499
249,True,10000,500,3898291.294743634,7247.2395482473075,64.0715672634542,14.3951262143965,69.46795638373108,68.9917859995288,False,False,13.121814001351595,17.445755346367758,18.01969964678089,52.84270383417606,54.15962276980281,499
250,True,10000,500,3898291.295604595,7246.69602420181,63.257915899157524,14.395667551708723,69.46534409800975,68.99696059144038,False,False,13.124138815328479,17.435545567423105,18.069905694574118,52.857475355267525,54.15865905582905,499
251,True,10000,500,3898291.295968102,7246.207698248327,62.87448899820447,14.395457333166577,69.46635850853023,69.00161033486086,False,False,13.122238800860941,17.439902294427156,18.065099449207384,52.85374140366912,54.12025332450867,499
252,True,10000,500,3898291.296335708,7245.603614021093,62.472262885421515,14.395052807887117,69.46831063044766,69.00736317295103,False,False,13.12058896292001,17.44679578890403,18.017019610852003,52.84172780811787,54.14083117619157,499
253,True,10000,500,3898291.296692004,7245.440635830164,62.14290717616677,14.39538622976753,69.46670162500732,69.00891541742807,False,False,13.12025380320847,17.44893907258908,18.05879594758153,52.83144135028124,54.16870230808854,499
254,True,10000,500,3898291.297052541,7244.602334219962,61.70764099806547,14.394578543530855,69.47059943268818,69.01690071216804,False,False,13.116318732500076,17.430339008569717,17.997956679513056,52.862218860536814,54.016454834491014,499
255,True,10000,500,3898291.297406087,7244.358737021685,61.37213483452797,14.394762729833982,69.46971053072254,69.01922145914615,False,False,13.118053670041263,17.444382266451914,18.029656261205673,52.83764014020562,54.09582272171974,499
256,True,10000,500,3898291.297817203,7244.4014069624245,61.03167776018381,14.39553051944337,69.46600534446068,69.01881493196412,False,False,13.140688533894718,17.427489006270964,18.2033513362209,52.90008885785937,54.22816628590225,499
257,True,10000,500,3898291.348358578,7253.674861975014,61.712780967354774,14.412749661337996,69.38301319993688,68.93057788143831,False,False,13.140875962562859,17.426429005960625,17.83528830856085,52.901930548250675,57.344639543443854,499
258,True,10000,500,3898291.349327778,7252.3957951925695,60.68242201581597,14.41225124885121,69.38541264188059,68.94273480377855,False,False,13.140393770299852,17.422012674311798,17.815711752822,52.89843063801527,57.216442003846105,499
259,True,10000,500,3898291.349813393,7252.01813923195,60.21661637350917,14.412427901519921,69.38456218709278,68.9463250643433,False,False,13.140521012246609,17.42214895784855,17.819391718755167,52.89932871237397,57.26596519350999,499
260,True,10000,500,3898291.350228159,7251.232766546309,59.65421162545681,14.411981071985675,69.38671338833646,68.9537925615571,False,False,13.12419876921922,17.425608976433676,17.812338192015886,52.91025033220649,57.11269928142422,499
261,True,10000,500,3898291.350602135,7251.37825589627,59.45776402950287,14.412666316366268,69.38341442516105,68.95240909456598,False,False,13.141156174242496,17.426716008534033,17.83651129032175,52.90417270734906,57.304657548665936,499
262,True,10000,500,3898291.350963831,7249.979610089213,58.849730994552374,14.411081922033388,69.39104263026083,68.9657112006481,False,False,13.123906217515469,17.428275663405657,17.814355436712503,52.90927505120635,56.81873274967069,499
263,True,10000,500,3898291.351330248,7250.0031888484955,58.52836277335882,14.411773198547369,69.38771421276563,68.96548690751874,False,False,13.123948825523257,17.428165612121422,17.813445379336674,52.90983086451888,57.056024800985995,499
264,True,10000,500,3898291.351685644,7250.197177752852,58.355364948511124,14.41250864289447,69.38417348273448,68.96364164194655,False,False,13.1404809653759,17.422139023741085,17.825028393417597,52.89842709898949,57.285798527300294,499
265,True,10000,500,3898291.35204242,7250.038769096136,58.03848896175623,14.41282621269415,69.38264468347272,68.96514845290064,False,False,13.140953495167196,17.426946045209963,17.83131839086612,52.90339048951864,57.36376674845808,499
266,True,10000,500,3898291.352597705,7249.07635897398,57.39662470296025,14.412183836214467,69.38573719044803,68.97430448239464,False,False,13.14013625960797,17.421642318367958,17.812231710801523,52.89660347625613,57.19742007553571,499
267,True,10000,500,3898291.352952811,7248.980959877372,57.0979081094265,14.412591286108107,69.38377562707075,68.9752122080975,False,False,13.140378519892693,17.422762388984363,17.829154928525288,52.899749018251896,57.30587912723416,499
268,True,10000,500,3898291.353311297,7248.260878026485,56.65936321020126,14.412027083800169,69.38649186442686,68.98206458266125,False,False,13.141273520886898,17.425748985260725,17.809868634988863,52.911011036485434,57.15771302580827,499
269,True,10000,500,3898291.353665144,7247.856340836734,56.29561562091112,14.411945341113872,69.38688541561676,68.98591479839916,False,False,13.138321344740689,17.42595573887229,17.810914975901444,52.91106291115284,57.138691712170775,499
270,True,10000,500,3898291.35402176,7247.60190397501,55.95943005755544,14.412109166167244,69.38609668233174,68.98833664218928,False,False,13.141453731805086,17.426399048417807,17.809128543982904,52.91186096146703,57.1782700531184,499
271,True,10000,500,3898291.354372277,7247.032918967307,55.49970408901572,14.411890210176935,69.38715084672596,68.99375311120421,False,False,13.124076300300658,17.428305620948475,17.813021627565224,52.91037252172828,57.08845427259797,499
272,True,10000,500,3898291.354775382,7247.003200929612,55.245316587388515,14.412340449583615,69.38498320228696,68.99403603628356,False,False,13.134938664734364,17.42297907670339,17.927187339713175,52.918460592627525,57.11811805143945,499
273,True,10000,500,3898291.355386976,7247.10316862911,54.73961168900132,14.413554222324867,69.37914025751677,68.99308432152235,False,False,13.133623753674328,17.430972307920456,17.89548775802056,52.90584899485111,57.58386479690664,499
274,True,10000,500,3898291.355764632,7247.192648705095,54.42032590508461,14.41437339238479,69.37519743510367,68.9922324735411,False,False,13.139836024492979,17.417622730135918,17.94674728686611,52.9243066906929,57.73687945678822,499
275,True,10000,500,3898291.356121039,7246.769081801176,54.05421881005168,14.414258242467183,69.37575164664439,68.99626500527675,False,False,13.135713408701122,17.419299421211083,17.94039721911152,52.924306597560644,57.71286087110631,499
276,True,10000,500,3898291.356474605,7246.074080001563,53.66170313209295,14.413652057854648,69.37866933280486,69.00288273065684,False,False,13.134121196344495,17.434155723700922,17.901087335000437,52.90585495531559,57.60816067457192,499
277,True,10000,500,3898291.356822432,7245.971349999309,53.34291607141495,14.41408503793165,69.37658528921062,69.00386102134502,False,False,13.134663691744208,17.422578918437164,17.930894003560145,52.91932700201869,57.68484732136123,499
278,True,10000,500,3898291.357188058,7245.509564876556,52.968479692935944,14.413909990347936,69.37742782282083,69.00825891167237,False,False,13.135905959643424,17.427708953619003,17.91618096952637,52.9121863655746,57.66350958496325,499
279,True,10000,500,3898291.357548894,7245.102500077337,52.59767407551408,14.413837326656958,69.37777757145902,69.01213612846234,False,False,13.13640596345067,17.42774900048971,17.912250943481922,52.91029494255781,57.64366265386336,499
280,True,10000,500,3898291.39228513,7255.918920040131,53.3564961515367,14.433992833444076,69.28089902351651,68.90925953142192,False,False,13.140086084604263,17.417695994178455,17.944233647237223,52.924491092562675,57.75309477001421,499
281,True,10000,500,3898291.393069222,7255.07313804701,52.565693855285645,14.43388265369083,69.2814278730674,68.91729283580935,False,False,13.139051152393222,17.418382689356804,17.943624096612137,52.924276888370514,57.73183949291698,499
282,True,10000,500,3898291.393534767,7254.384554922581,52.06034006550908,14.433515460635414,69.28319041381873,68.92383443619858,False,False,13.135318760760128,17.42399934058388,17.92367734014988,52.91658649221063,57.685752902179885,499
283,True,10000,500,3898291.393928513,7254.153678193688,51.69912287965417,14.433776663955982,69.28193661865362,68.92602806348347,False,False,13.134766253642738,17.420712237556774,17.937463708221912,52.92280241847038,57.70903464406721,499
284,True,10000,500,3898291.394310859,7253.684172872454,51.308928057551384,14.433617725079966,69.28269953155211,68.9304894014982,False,False,13.134283479303122,17.42169555897514,17.934513743966818,52.92022246867418,57.70310278981916,499
285,True,10000,500,3898291.394691626,7253.1618368811905,50.895350985229015,14.433399771334592,69.28374574547895,68.93545342633587,False,False,13.135688728652894,17.4272822526594,17.91975072895487,52.91342120617628,57.68046224489801,499
286,True,10000,500,3898291.395061082,7252.317475620657,50.49472488462925,14.43251052251709,69.28801461393952,68.94347933344021,False,False,13.134988839738071,17.43471234415968,17.90554402396083,52.906708139926195,57.63054156675928,499
287,True,10000,500,3898291.395410018,7252.363136038184,50.168228801339865,14.433256327127944,69.28443431857131,68.94304526967463,False,False,13.135916087776423,17.428415672232706,17.90894071261088,52.90849460288882,57.63663677498691,499
288,True,10000,500,3898298.489389438,7306.691211648285,53.911680821329355,14.534628318290494,68.80120895431443,68.43042705881739,False,False,13.11922399327159,17.414396007855732,18.789362007131178,52.74238083511591,55.182210882194326,499
289,True,10000,500,3898298.543383088,7306.064657866955,70.4558021388948,14.500218147751625,68.96447969336641,68.43629551808233,False,False,13.101381598971784,17.407875663290422,18.775801950444777,52.64193778857589,55.34256844781338,499
290,True,10000,500,3898298.544379148,7305.905390065163,69.54682106152177,14.501720579165614,68.95733472045266,68.43778742055957,False,False,13.129038736224174,17.415255929032963,18.78323871642351,52.76909186504781,55.43979178182779,499
291,True,10000,500,3898298.544805713,7305.437005124986,69.11326618865132,14.501650779431532,68.95766662774376,68.44217527975873,False,False,13.126028468832374,17.415092637141544,18.7934716232121,52.77053210884333,55.45147278811781,499
292,True,10000,500,3898298.545185359,7305.220096837729,68.76136967912316,14.501921296911036,68.95638029789913,68.44420748068072,False,False,13.136906316503882,17.414542691161234,18.80587839211027,52.79559916816652,55.50810656975953,499
293,True,10000,500,3898298.545555156,7304.808950982988,68.38474282994866,14.501852120547172,68.95670923185975,68.44805981307921,False,False,13.13651620876044,17.41465926170349,18.803994947423536,52.795226033777,55.49573726020752,499
294,True,10000,500,3898298.545919082,7304.2809558101,67.99263693392277,14.501579797347048,68.95800416054962,68.45300763003662,False,False,13.125561294145882,17.414712347090244,18.791851587593555,52.76387492194772,55.44060080312191,499
295,True,10000,500,3898298.546287568,7303.787812124938,67.6053911447525,14.5013675771146,68.95901332631239,68.45762950149722,False,False,13.118188944645226,17.418242680529755,18.7823719655474,52.719955844804645,55.50020175985991,499
296,True,10000,500,3898298.546641465,7303.176977206022,67.21119536086917,14.500933430551408,68.96107790503623,68.46335527135003,False,False,13.11425375752151,17.401359199235838,18.769308769454558,52.6197490748018,55.461870543658726,499
297,True,10000,500,3898298.546999461,7303.160908166319,66.90609781071544,14.501512646003214,68.95832348052406,68.46350591028401,False,False,13.123516226187348,17.414172645658255,18.786182006200153,52.74107581935823,55.52605070639401,499
298,True,10000,500,3898298.547856522,7302.115289028734,66.02279702201486,14.501187358730899,68.95987033764641,68.4733094739327,False,False,13.113013934344053,17.4191656212012,18.781412082413834,52.70676971413195,55.47634712886064,499
299,True,10000,500,3898298.548213818,7302.111618686467,65.71929110214114,14.501788231631917,68.95701302676297,68.47334389144027,False,False,13.136233552359045,17.4147457194825,18.78386860092481,52.77561186812818,55.44939937535672,499
300,True,10000,500,3898298.548570015,7301.461664959788,65.31623378396034,14.501293449250156,68.95936583172232,68.47943917853243,False,False,13.115823967382312,17.418438879152138,18.781025273104508,52.708437759429216,55.49031210597604,499
301,True,10000,500,3898298.548923881,7301.194828003645,64.97530825436115,14.501441923345258,68.95865978611012,68.48194189836656,False,False,13.11822875868529,17.414368999501068,18.784298716733854,52.731594210490584,55.513496301136904,499
302,True,10000,500,3898298.549297447,7300.625514239073,64.57346212118864,14.501106316869508,68.96025573143163,68.48728222325671,False,False,13.110706582665443,17.39250946169098,18.79728864878416,52.72142202593386,55.496286144480095,499
303,True,10000,500,3898298.549658014,7300.78722210601,64.2956648953259,14.501987088598565,68.9560674610032,68.48576527282606,False,False,13.138900976628065,17.4141856841743,18.807778290162485,52.802960528060794,55.52007796242832,499
304,True,10000,500,3898298.55006558,7299.809652380645,63.796869944781065,14.501027620111953,68.96062997722086,68.49493669152562,False,False,13.175378320738673,17.422662271807592,18.841461433718603,52.91398004628718,55.41435861960052,499
305,True,10000,500,3898298.603325007,7305.687551852316,63.98629816249013,14.512427362103859,68.90646030803151,68.43982807247592,False,False,13.175945729017258,17.39699610819419,17.699982970952988,52.90879993699491,56.749354768544414,499
306,True,10000,500,3898298.604155178,7305.7462316937745,63.32485470920801,14.51387049495905,68.89960884984605,68.43927836295504,False,False,13.173358282074332,17.423042406638462,17.70201961820324,52.9381338506937,57.21287592779843,499
307,True,10000,500,3898298.604573224,7305.438954848796,62.92714877054095,14.514051715587687,68.89874857797481,68.44215701345885,False,False,13.174663065001369,17.424229066818953,17.702446319162846,52.93811005540192,57.25585955195127,499
308,True,10000,500,3898298.60495657,7304.998578969389,62.53332272171974,14.513958429354048,68.89919141407556,68.44628299305452,False,False,13.172968290746212,17.424006015062332,17.702322608480852,52.93796490877867,57.23594224080441,499
309,True,10000,500,3898298.605326476,7304.2457471601665,62.03519785776734,14.513447994593985,68.9016145834183,68.45333759401456,False,False,13.175623258575797,17.420766099045675,17.700846306979656,52.91445096954703,57.075138026848414,499
310,True,10000,500,3898298.605683993,7304.115408100188,61.77720986306667,14.513703804082407,68.90040016654608,68.45455911683779,False,False,13.173630693927407,17.423425645877916,17.701746275027592,52.93754297308624,57.17054760549215,499
311,True,10000,500,3898298.606039859,7304.164868313819,61.496573965996504,14.514365319334313,68.89725992137726,68.45409557621691,False,False,13.174805790185928,17.423796001821756,17.697589627156656,52.94196573086083,57.338442294858375,499
312,True,10000,500,3898298.606396086,7303.7607609294355,61.13123707473278,14.514287622955317,68.89762873504264,68.45788305042632,False,False,13.175393221899867,17.423605701575678,17.703006354471047,52.94182626530528,57.32187237590549,499
313,True,10000,500,3898298.606749322,7303.100989200175,60.720551293343306,14.513788452719101,68.8999983193674,68.46406762543747,False,False,13.173480750992894,17.423285637050867,17.701706383377314,52.93778809718788,57.192161409184315,499
314,True,10000,500,3898298.607296577,7302.762780804187,60.212325770407915,14.514129168404368,68.89838090850726,68.46723836001962,False,False,13.174628256820142,17.42379553616047,17.70255637044708,52.93938657268882,57.27954623289404,499
315,True,10000,500,3898298.607654523,7301.836811006069,59.694960713386536,14.51331032122782,68.90226818463015,68.47592091435806,False,False,13.175690779462457,17.39689599101742,17.700299775848787,52.91009829379618,57.041483405046144,499
316,True,10000,500,3898298.608006989,7301.741202827543,59.44408383220434,14.513621480952583,68.90079097848749,68.47681753036917,False,False,13.17359576933086,17.42389937862754,17.701649727920692,52.93745077215135,57.14963587466625,499
317,True,10000,500,3898298.608355506,7301.282077096403,59.01583796367049,14.513559597460386,68.90108476041826,68.48112355067941,False,False,13.177145505324006,17.424008964250486,17.70154930030306,52.929431945085526,57.102614156901815,499
318,True,10000,500,3898298.608704002,7300.993189681321,58.735801838338375,14.513541859404777,68.90116896944765,68.48383322787681,False,False,13.1807632278651,17.42421230301261,17.701346271981794,52.935585053637624,57.12913035415111,499
319,True,10000,500,3898298.609065558,7301.042990293354,58.4526052698493,14.514209188423857,68.89800105661789,68.48336609779504,False,False,13.17603571806103,17.423585678140324,17.702759709209204,52.94090057723224,57.30067546479402,499
320,True,10000,500,3898298.609465754,7300.787412095815,58.08031791821122,14.514443074504216,68.89689083259283,68.48576349060772,False,False,13.17081821616739,17.42418234546979,17.6970597046117,52.90395924821496,57.24060856737194,499
321,True,10000,500,3898298.610060308,7300.667264033109,57.51763377338648,14.515329920360164,68.89268142623018,68.4868905700251,False,False,13.171870727092028,17.417849351962406,17.699729651212692,52.92422212660313,57.585689672268906,499
322,True,10000,500,3898298.610448364,7300.79075274989,57.199396658688784,14.516215142467336,68.88848023990012,68.48573215328378,False,False,13.17085581831634,17.42349239066243,17.6973397222658,52.90518277324736,57.769578034058185,499
323,True,10000,500,3898298.610816341,7300.105789210647,56.77965097129345,14.51568364376624,68.8910026245612,68.49215811899411,False,False,13.17186828237027,17.421892378479242,17.700509633868933,52.907656226307154,57.65516962390391,499
324,True,10000,500,3898298.611173897,7300.015280023217,56.46557407453656,14.516131675247857,68.88887634610998,68.49300731852848,False,False,13.171250931918621,17.42006605491042,17.69733273734649,52.90803052484989,57.74873847141859,499
325,True,10000,500,3898298.611532903,7299.6093654073775,56.09677918255329,14.516057287023695,68.88922937042469,68.49681605833382,False,False,13.171355705708265,17.420186040302116,17.702229631443817,52.906521735712886,57.72967532742766,499
326,True,10000,500,3898298.61188447,7299.154119100422,55.72019191458821,14.515899653679025,68.88997746319858,68.50108818658867,False,False,13.171988306567073,17.419762598971527,17.702316244443256,52.91013442911208,57.69563412759451,499
327,True,10000,500,3898298.612249206,7298.5327751375735,55.33804604783654,14.515420298777029,68.89225247471843,68.50691987069624,False,False,13.171583297662437,17.417756064484518,17.699616340299446,52.92372335679829,57.61037068441508,499
328,True,10000,500,3898298.648477937,7308.873889036477,54.52773394063115,14.537767845883456,68.78635087594702,68.4099914146849,False,False,13.171885744668543,17.42119264478485,17.70205268015464,52.88522872142494,57.675404367037096,499
329,True,10000,500,3898298.649346608,7308.232705574483,53.698332980275154,14.538145035258934,68.78456622730957,68.41599332470848,False,False,13.172053266316652,17.42228229219715,17.70031312480569,52.88878087885678,57.64708484057335,499
330,True,10000,500,3898298.649753534,7307.655452284962,53.272197023034096,14.537842194913683,68.785999090695,68.42139770610828,False,False,13.172035687603056,17.42001933356126,17.702223112185795,52.88242590613663,57.68312006257472,499
331,True,10000,500,3898298.65013669,7307.333624921739,52.896230947226286,14.537950689327682,68.78548575172294,68.4244111004792,False,False,13.171710772439837,17.419806060691673,17.70241294677059,52.8817858081311,57.71631134208289,499
332,True,10000,500,3898298.650503796,7306.3739547505975,52.46157571673393,14.536898555178084,68.79046422483269,68.4333984403988,False,False,13.171785743907094,17.41781271994114,17.69972297673424,52.911734161898494,57.575402222573736,499
333,True,10000,500,3898298.650868032,7306.3554358668625,52.119298838078976,14.537547368795158,68.78739409279585,68.43357189351923,False,False,13.171263271942735,17.41762226447463,17.69989635795355,52.910520834848285,57.63077369891105,499
334,True,10000,500,3898298.651231769,7306.063117925078,51.76283186301589,14.537675923972067,68.78678581292615,68.4363099428027,False,False,13.17129097878933,17.417325638234615,17.70017637560765,52.910138899460435,57.639623414725044,499
335,True,10000,500,3898298.651591545,7305.932560004294,51.44762620329857,14.538045959521034,68.78503498918266,68.43753290814747,False,False,13.171655707992613,17.41991937160492,17.70233626787861,52.88012004457414,57.72261332720515,499
336,True,10000,500,3898305.797475306,7233.080171979964,54.78528095409274,14.385360503057857,69.51511571694242,69.12684335187333,False,False,13.172015664167702,17.465823298941054,17.83641993533804,52.97633493319154,53.98522107861937,499
337,True,10000,500,3898305.851475465,7233.253720682114,71.00041676312685,14.353213033905787,69.67081152058124,69.12518477961655,False,False,13.17141077015549,17.486155033111572,19.871927448548377,52.92276595719159,54.39172824844718,499
338,True,10000,500,3898305.852297797,7232.3018200695515,70.15722524374723,14.35299518001163,69.67186900422199,69.1342828935189,False,False,13.170725665986538,17.48260498667757,19.86993756145239,52.90374578908086,54.33726592455059,499
339,True,10000,500,3898305.852719853,7232.089331839234,69.77116875350475,14.35334301219585,69.67018060881796,69.1363141490458,False,False,13.164013274945319,17.494185051570337,19.887047237716615,52.94042080640793,54.398841760121286,499
340,True,10000,500,3898305.853100389,7231.867674272507,69.41806338727474,14.353606434639746,69.66890199710973,69.13843318493763,False,False,13.173270737752318,17.489775083959103,19.892749725840986,52.9650510288775,54.36654377263039,499
341,True,10000,500,3898305.853472195,7231.418949086219,69.0331868827343,14.35347848136971,69.66952305658614,69.14272337425302,False,False,13.173820683732629,17.491834859053295,19.890444818884134,52.95100505463779,54.42085755057633,499
342,True,10000,500,3898305.853831441,7230.565467849374,68.58811201527715,14.352660031731657,69.67349590871271,69.15088484064549,False,False,13.164103263989091,17.463838681578636,19.851032528094947,52.88124596700072,54.33566002175212,499
343,True,10000,500,3898305.854193818,7229.7886852175,68.21129517629743,14.351858497076558,69.67738709266803,69.15831454691515,False,False,13.161928276531398,17.466291940460604,19.846252747811377,52.8842459898442,54.20434717088938,499
344,True,10000,500,3898305.854548524,7230.221300851554,67.93475802987814,14.353279644933219,69.67048819069063,69.15417650371387,False,False,13.163486029952765,17.49027504896124,19.885574700310826,52.93123098090291,54.38664322718978,499
345,True,10000,500,3898305.85490447,7229.557569138706,67.52512184903026,14.352770435450251,69.67295996946179,69.16052541505213,False,False,13.164158561266959,17.466892022639513,19.852365250699222,52.90686571970582,54.328082920983434,499
346,True,10000,500,3898305.856771691,7227.741887327284,65.66769117489457,14.35285410050579,69.6725538347638,69.17789923802783,False,False,13.166530756279826,17.483168592055637,19.86326032783836,52.9110855422914,54.31493232026696,499
347,True,10000,500,3898305.857139748,7227.713907137513,65.35800406709313,14.353418643427696,69.66981350173961,69.17816704203523,False,False,13.17398832179606,17.49118836596608,19.888982293196023,52.952834870666265,54.410065338015556,499
348,True,10000,500,3898305.857496884,7227.1917918697,64.97186794877052,14.353146140122103,69.67113622599072,69.18316469233318,False,False,13.170990743674338,17.48239838828643,19.870315096341074,52.90085566230118,54.37979414127767,499
349,True,10000,500,3898305.85785507,7227.074664086103,64.65697195380926,14.353542469202994,69.6692124711097,69.18428593033323,False,False,13.173425802960992,17.48556535070141,19.891912350431085,52.95176478102803,54.43631645757705,499
350,True,10000,500,3898305.858225657,7226.787505671382,64.29908378049731,14.353684212206181,69.66852448583293,69.18703498720751,False,False,13.169670826755464,17.482842008272808,19.845375209115446,52.915736101567745,54.63469820097089,499
351,True,10000,500,3898305.858584503,7225.971404928714,63.862478826195,14.352923699604245,69.67221598395128,69.19484896645984,False,False,13.170443242415786,17.48225201542179,19.8684650240466,52.9004808049649,54.32312835473567,499
352,True,10000,500,3898305.858937569,7225.705828052014,63.523842953145504,14.353070110418575,69.67150528123751,69.19739218539368,False,False,13.173293205909431,17.489145044237375,19.913012045435607,53.11477859504521,54.06738247256727,499
353,True,10000,500,3898305.911628663,7233.279190026224,63.21458471938968,14.368866944502674,69.59490987440634,69.12494138058942,False,False,13.173958170227706,17.488268204033375,20.401892252266407,53.13539854250848,57.64064516406509,499
354,True,10000,500,3898305.912634052,7232.423339039087,62.25930619984865,14.369066198074625,69.59394481278083,69.13312130128031,False,False,13.175600790418684,17.48798539241155,20.39424702525139,53.14090335741639,57.70055791363123,499
355,True,10000,500,3898305.913053618,7232.051453087479,61.84927001595497,14.36914265144594,69.59357452682619,69.13667625892539,False,False,13.176575652323663,17.48267871638139,20.39346203673631,53.13723860308528,57.71928145550194,499
356,True,10000,500,3898305.913427384,7231.290430761874,61.37979496270418,14.368558388375089,69.59640438313227,69.14395221536152,False,False,13.172528357245028,17.48943856606881,20.395432016812265,53.10237384401262,57.58236199617389,499
357,True,10000,500,3898305.91380395,7231.011033989489,61.0204478725791,14.368718609452726,69.59562833544055,69.14662384689244,False,False,13.173783314414322,17.48948497697711,20.40299726650119,53.12116304412484,57.605611090548365,499
358,True,10000,500,3898305.914173017,7230.445979163051,60.616052243858576,14.36839664713265,69.59718781145699,69.1520276122548,False,False,13.17265082616359,17.48747502764066,20.396514562889934,53.10443905182183,57.54419290460649,499
359,True,10000,500,3898305.914528153,7230.141642037779,60.269986279308796,14.368480272061062,69.5967827540161,69.15493841681884,False,False,13.172403210774064,17.489281948655844,20.3959095524624,53.09650860726833,57.5634236680344,499
360,True,10000,500,3898305.914890109,7229.159342125058,59.78198070079088,14.36748970225304,69.60158111985177,69.1643352065085,False,False,13.170505757443607,17.48280832543969,20.4157194821164,53.09082893654704,57.22193508408966,499
361,True,10000,500,3898305.915251556,7229.705465957522,59.601322282105684,14.368946179710255,69.59452610463913,69.15911061029352,False,False,13.174598221667111,17.48821496342619,20.40100982412696,53.142063319683075,57.658949703909485,499
362,True,10000,500,3898305.91580585,7228.96209359169,59.01002883911133,14.368641412329817,69.5960022456886,69.16622241569624,False,False,13.173098326660693,17.489425372332335,20.40148456580937,53.10766841284931,57.601919467560975,499
363,True,10000,500,3898305.916167456,7228.3439808525145,58.54931380599737,14.368325986065164,69.59753007899668,69.17213698247794,False,False,13.172963284887373,17.483931966125965,20.412636804394424,53.10534895397723,57.49386085662994,499
364,True,10000,500,3898305.916519193,7228.343559894711,58.31459490582347,14.368795521019814,69.5952558122997,69.17214101086294,False,False,13.174103223718703,17.488788347691298,20.40263474918902,53.12789371237159,57.62352820020172,499
365,True,10000,500,3898305.916871169,7227.568057831377,57.8336208127439,14.368205284606479,69.59811473958825,69.17956302856655,False,False,13.173930812627077,17.483095328013103,20.409486955031753,53.10315848328173,57.46004860848191,499
366,True,10000,500,3898305.917225866,7228.110641706735,57.6863419264555,14.36958777511078,69.59141874146704,69.17437000963473,False,False,13.174625812098384,17.48252830778559,20.39273956324905,53.13588841818273,57.85518926568332,499
367,True,10000,500,3898305.917577442,7227.433320134878,57.2844659909606,14.36903577984753,69.59409213821381,69.18085271116261,False,False,13.174705789424479,17.488302042086918,20.400462090037763,53.141833283007145,57.678287033923,499
368,True,10000,500,3898305.917978078,7226.591827813536,56.79969070479274,14.368320916049585,69.59755463722891,69.18890839740136,False,False,13.174978201277554,17.479851997147005,20.437669241800904,53.110124077647924,57.38412821665409,499
369,True,10000,500,3898305.918580522,7227.418640162796,56.413565296679735,14.370751653038308,69.58578257725141,69.18099322785841,False,False,13.171063270419836,17.479341632376116,20.39206202607602,53.11063886620104,58.05943468585613,499
370,True,10000,500,3898305.918959528,7226.62471793592,55.99289899691939,14.370003645168339,69.58940475538657,69.18859350189292,False,False,13.174650724977255,17.480408307164907,20.392079721204937,53.109859116375446,57.94134233146909,499
371,True,10000,500,3898305.919335824,7226.5056991018355,55.64309284090996,14.370466144811473,69.58716508726857,69.18973302161012,False,False,13.173088198527694,17.479405427972477,20.392612204886973,53.114034002646804,58.01434898748997,499
372,True,10000,500,3898305.91969616,7226.355100981891,55.312816984951496,14.370826220434749,69.58542151028445,69.19117494406852,False,False,13.17095069680363,17.479182065774996,20.39003954268992,53.110073786228895,58.07891993317756,499
373,True,10000,500,3898305.920055247,7225.637327879667,54.90601994097233,14.370203021921231,69.58843924992122,69.19804818749779,False,False,13.173465733416378,17.47964198390643,20.39366471581161,53.11104794964194,57.96577986329797,499
374,True,10000,500,3898305.920424833,7225.343381054699,54.54616388306022,14.370335104552383,69.5877996389388,69.2008633542637,False,False,13.173310784623027,17.47942840059598,20.3930422430858,53.11205890029669,57.99089968204501,499
375,True,10000,500,3898305.920780279,7225.102643948048,54.206687957048416,14.370532977937875,69.58684145781048,69.20316909529502,False,False,13.17297830246389,17.478998595227797,20.392284728586674,53.113489178940654,58.030321123078494,499
376,True,10000,500,3898305.957843251,7233.136661816388,51.45305581390858,14.39215151503503,69.48231464596043,69.12630348041009,False,False,13.175840838812292,17.479142018904287,22.527225548401475,53.11342887580395,58.04658746346834,499
377,True,10000,500,3898305.958639363,7232.226001098752,50.627714954316616,14.391980533355582,69.48314011975971,69.13500766209985,False,False,13.17515829578042,17.479675356298685,22.560975048691034,53.11210406944156,57.985212211497156,499
378,True,10000,500,3898305.959051499,7231.365900021046,50.185208674520254,14.391143670033118,69.48718065280066,69.14323060302408,False,False,13.179315719753504,17.479865346103907,22.389022167772055,53.110698936507106,57.95384657103571,499
379,True,10000,500,3898305.959424585,7231.356339994818,49.834802746772766,14.391826727951994,69.48388268584327,69.1433220120305,False,False,13.178703258745372,17.479531932622194,22.556134965270758,53.1110386364162,57.96043283771726,499
380,True,10000,500,3898305.959788752,7231.38820938766,49.52912498265505,14.39250317516033,69.4806169454856,69.14301729105192,False,False,13.17372068297118,17.479071704049904,22.541024954989552,53.10961906798184,58.094131178222625,499
381,True,10000,500,3898305.960150478,7230.968544259667,49.1607990115881,14.392400291078316,69.48111362771702,69.14703015779635,False,False,13.176113250665367,17.479628324508667,22.58328511379659,53.11256810091436,58.05131809320304,499
382,True,10000,500,3898305.960510754,7230.4153800942,48.763254191726446,14.392088428662273,69.48261921518424,69.15232026316666,False,False,13.175572967156768,17.47919199988246,22.555229952558875,53.11322375200689,58.00900580361488,499
383,True,10000,500,3898305.960867571,7230.181730818003,48.437175806611776,14.392273657337457,69.48172497332837,69.15455497733822,False,False,13.176120817661285,17.48006495957573,22.53686496987939,53.111398592591286,58.05479073897007,499
384,True,10000,500,3898313.031914974,7512.1010090224445,55.12549774721265,14.943838699950364,66.91721050250104,66.5592754143578,False,False,13.136856257915497,17.43892775848508,17.823351838160157,52.56930706091225,56.853803619742415,499
385,True,10000,500,3898313.086119222,7512.100559193641,94.53282598406076,14.864865196812787,67.27272577045721,66.55927939996462,False,False,13.14048352651298,17.431905586272478,17.67544272666176,52.626512153074145,57.05040775705131,499
386,True,10000,500,3898313.087091542,7511.346306186169,93.61823601648211,14.865186513366107,67.27127164538736,66.56596296035661,False,False,13.148938422091305,17.443270701915026,17.676907172426578,52.62700794264674,57.108322051353774,499
387,True,10000,500,3898313.087575017,7510.395556222647,92.94157288968563,14.86463724114822,67.27375742690879,66.57438962528825,False,False,13.137438800185919,17.43385624140501,17.673725904896852,52.62313005514443,57.01780493836852,499
388,True,10000,500,3898313.087990313,7509.481875225902,92.45473705232143,14.863781840027213,67.27762898854341,66.58248975199223,False,False,13.134461245499551,17.442648764699697,17.665391396731135,52.56409500725567,56.98173696640881,499
389,True,10000,500,3898313.088385639,7510.1743983104825,92.35738823190331,14.865364749656472,67.27046506027438,66.57635009281302,False,False,13.148130965419114,17.4438896899422,17.6804661595573,52.6265702676028,57.15063620358708,499
390,True,10000,500,3898313.088751395,7509.600294288248,91.93494310602546,14.86506082401247,67.27184044781283,66.58143981115701,False,False,13.143911026418209,17.443838249891996,17.6747671701014,52.621251018717885,57.087477082386634,499
391,True,10000,500,3898313.089116171,7508.9682610705495,91.49663802236319,14.86467259127893,67.2735974411369,66.58704400073137,False,False,13.139098766259849,17.434357727567356,17.674797360474862,52.627357468008995,57.01648308429869,499
392,True,10000,500,3898313.089475807,7509.002291131765,91.24594135209918,14.865243185931192,67.27101517897958,66.5867422347849,False,False,13.148196041584015,17.443931133796774,17.668480947613713,52.6256606914103,57.13040709961208,499
393,True,10000,500,3898313.089832134,7508.204967714846,90.69748595356941,14.86474445242741,67.27327221805689,66.59381332155841,False,False,13.13730631954968,17.43429231767853,17.674338112895683,52.625696174800396,57.0380292600021,499
394,True,10000,500,3898313.090677465,7507.585895247757,89.9855331517756,14.86493058536269,67.27242984805375,66.59930462021035,False,False,13.143228483386338,17.443708330392838,17.673246276875336,52.62487377040088,57.05965944565835,499
395,True,10000,500,3898313.091040641,7506.863743066788,89.46137875318527,14.864533796219645,67.27422559692525,66.60571140135472,False,False,13.137471280060709,17.4307009515663,17.6732875375698,52.623725682497025,56.99565264862033,499
396,True,10000,500,3898313.091398998,7506.776362657547,89.23880103975534,14.864804732700986,67.27299940914169,66.60648670543185,False,False,13.138296199031174,17.4329643137753,17.67518357063333,52.62574194930494,57.03885052353146,499
397,True,10000,500,3898313.091768884,7506.748623680323,88.96408369764686,14.865299679324002,67.27075952534547,66.60673283007387,False,False,13.147930963896215,17.444270973404247,17.679137901092567,52.625838946551085,57.13946754112842,499
398,True,10000,500,3898313.09212504,7506.271238904446,88.572908192873,14.865126915253654,67.27154135319647,66.61096889338839,False,False,13.146578799933195,17.4400775693357,17.675622465709843,52.624389017000794,57.09905835799875,499
399,True,10000,500,3898313.092479047,7505.649985279888,88.1453319452703,14.86473878423771,67.27329787055399,66.61648238068683,False,False,13.141250936314464,17.433304401735462,17.674740503231682,52.6270211674273,57.02682883478703,499
400,True,10000,500,3898313.092880383,7505.429566837847,87.79373485594988,14.86500166729839,67.2721081626184,66.61843876454599,False,False,13.14788346644491,17.450183692077797,17.69754229734341,52.68827322870493,57.15171188581737,499
401,True,10000,500,3898313.146418837,7511.296357028186,65.77941030263901,14.920875644740576,67.0201953162506,66.56640561547793,False,False,13.147998484782875,17.46179535984993,22.19348377548158,52.68749510869384,56.78607914131136,499
402,True,10000,500,3898313.147226449,7509.50026512146,64.76035993546247,14.919318447266528,67.02719052043673,66.58232669919387,False,False,13.145095901563764,17.458871938288212,22.19344617333263,52.6775480248034,56.317814113572254,499
403,True,10000,500,3898313.147661165,7509.6461633220315,64.3996731378138,14.920333647663762,67.0226298965225,66.58103313070289,False,False,13.149815960787237,17.46033209686478,22.186421556398273,52.68250498920679,56.62968936376275,499
404,True,10000,500,3898313.148048571,7509.850230999291,64.18878538534045,14.921165221671243,67.01889464688838,66.57922390197494,False,False,13.149756006896496,17.45767534400026,22.204716224223375,52.69585927017033,56.85086261015387,499
405,True,10000,500,3898313.148414847,7508.945071138442,63.71735082939267,14.920296032683465,67.0227988646782,66.58724964200522,False,False,13.149925973266363,17.460118979215622,22.17214903794229,52.68308389931917,56.65074660442771,499
406,True,10000,500,3898313.148773763,7508.781332988292,63.39661404490471,14.920610659205185,67.02138557466183,66.58870165833069,False,False,13.1487010512501,17.461255347977083,22.17651146929711,52.688150899484754,56.72573005314918,499
407,True,10000,500,3898313.14913829,7508.625604212284,63.06970724835992,14.92095370133051,67.01984471078612,66.59008270694754,False,False,13.147911056876183,17.457258887588978,22.20516628585756,52.68974886275828,56.79626199416818,499
408,True,10000,500,3898313.149493276,7508.167888969183,62.6965407282114,14.920784265011967,67.02060576969262,66.59414219207694,False,False,13.148350990377367,17.461212041477363,22.19211868941784,52.68809702247381,56.76521486602725,499
409,True,10000,500,3898313.149845522,7507.7621829696,62.33462505042553,14.92069650885606,67.02099995174206,66.59774082005237,False,False,13.148703495971859,17.461372073739767,22.190951509401202,52.68820393830538,56.74526879563929,499
410,True,10000,500,3898313.150394677,7507.020290009677,61.74866994842887,14.920384008138775,67.02240367637452,66.60432244540469,False,False,13.149271020665765,17.46069531266888,22.173091652803123,52.68406821414828,56.67209815233947,499
411,True,10000,500,3898313.150747413,7506.422927137464,61.29033537581563,14.920105394311921,67.02365523377843,66.60962283278548,False,False,13.145553530193865,17.459868763883907,22.18479651492089,52.68148798495531,56.56848592683674,499
412,True,10000,500,3898313.15110366,7506.35938718915,61.0490869730711,14.920461523479116,67.02205547907359,66.61018667096238,False,False,13.149081030860543,17.461041919887066,22.174331825226545,52.684242743998766,56.69112731702627,499
413,True,10000,500,3898313.151455506,7506.3536167144775,60.76034065335989,14.921028609340917,67.0195082511923,66.61023787723572,False,False,13.149738544598222,17.457118723541498,22.206326248124242,52.69290818832815,56.81288367137314,499
414,True,10000,500,3898313.151804082,7505.704913754016,60.357114765793085,14.920536671319084,67.02171791998904,66.61599486595357,False,False,13.14889604691416,17.46139194195469,22.175454068928957,52.68726474605501,56.70728642493488,499
415,True,10000,500,3898313.152159839,7505.0845900550485,59.88984927535057,14.92022994144228,67.02309575152124,66.62150093052217,False,False,13.1487010512501,17.45978199566404,22.185603971593082,52.68230699002743,56.603048802353456,499
416,True,10000,500,3898313.152615214,7505.237618926913,59.61211258545518,14.921093199081076,67.01921814023557,66.62014254406634,False,False,13.153931009583175,17.468978340427082,22.24422583822161,52.74269091896713,56.69559173751624,499
417,True,10000,500,3898313.153196168,7505.226518958807,59.093177784234285,14.92211090415746,67.01464735270056,66.62024107293227,False,False,13.152491068467498,17.466255308439333,22.212566225789487,52.70542302168906,57.07434228621425,499
418,True,10000,500,3898313.153575784,7504.9705118872225,58.731631841510534,14.922322404901227,67.01369752415688,66.6225136005589,False,False,13.152796076610684,17.467574992527563,22.214646101929247,52.71563986316323,57.11520859040321,499
419,True,10000,500,3898313.153931441,7504.404447041452,58.348015416413546,14.921956776803684,67.01533954008693,66.62753900439371,False,False,13.153305975720286,17.465581962217886,22.21180370543152,52.70666219294071,57.04439292196186,499
420,True,10000,500,3898313.154286737,7504.433136899024,58.03710874170065,14.9226373309766,67.0122832727555,66.6272842836747,False,False,13.152663479559124,17.467865254729986,22.216755896806717,52.732837898656726,57.16555500868709,499
421,True,10000,500,3898313.154638143,7504.177380353212,57.702312245965004,14.922795727669834,67.01157197681135,66.62955506742907,False,False,13.154630782082677,17.468232040603954,22.219056263566017,52.74555408395827,57.185895675793304,499
422,True,10000,500,3898313.15499019,7503.68169369176,57.32553591951728,14.922557430405297,67.01264207986634,66.63395655766462,False,False,13.151975930668414,17.46820208306114,22.215798497200012,52.72873416543007,57.14751841966064,499
423,True,10000,500,3898313.155348656,7503.12296114862,56.94978032261133,14.922190743138295,67.01428880071327,66.63891856617758,False,False,13.153088511899114,17.46614541237553,22.213476011529565,52.705867076292634,57.092509944923236,499
424,True,10000,500,3898313.191456828,7511.481325142086,58.825621381402016,14.935181771063494,66.95599794690632,66.56476643647146,False,False,13.153288513422012,17.46756195401152,22.171084070578218,52.716018818318844,57.133344709873214,499
425,True,10000,500,3898313.192347719,7510.774763301015,57.966980151832104,14.93548653937712,66.9546316662346,66.57102839018542,False,False,13.165733427740633,17.46875528867046,22.167179500684142,52.735257940366864,57.186002568341806,499
426,True,10000,500,3898313.192826934,7510.372426826507,57.49516375362873,14.935625777701159,66.95400747740995,66.57459465179599,False,False,13.165773241780698,17.467855320622522,22.169394185766578,52.74541126564145,57.20196469686927,499
427,True,10000,500,3898313.19323833,7509.564055129886,57.02979909256101,14.934938388852355,66.95708907285575,66.5817611154729,False,False,13.153141015209258,17.466485345115263,22.14008942246437,52.713027969002724,57.109641302377,499
428,True,10000,500,3898313.193621026,7509.37741715461,56.66764313355088,14.935290128298716,66.95551217349605,66.58341593775637,False,False,13.166723190806806,17.46820208306114,22.174933925271034,52.72564832121134,57.143014194443836,499
429,True,10000,500,3898313.194009172,7508.872881997377,56.266277097165585,14.93508337655353,66.95643906279707,66.58788980151158,False,False,13.166780932806432,17.4678354524076,22.129679564386606,52.72066011093557,57.13786569423975,499
430,True,10000,500,3898313.194368039,7508.701763115823,55.93971023336053,14.935394895556037,66.95504250092146,66.58940730022006,False,False,13.165725744329393,17.46802528699239,22.152853896841407,52.73591806180775,57.18116096686573,499
431,True,10000,500,3898313.194723175,7507.698614150286,55.51625415682793,14.934233186359634,66.96025082247694,66.59830471319333,False,False,13.153603533282876,17.466015337655943,22.013276116922498,52.7054897043854,57.06620805431159,499
432,True,10000,500,3898320.545727125,7403.638604097068,54.88835088908672,14.726954415246455,67.90270220193827,67.53436070249393,False,False,13.152071041986346,17.411398608237505,17.742363295207273,52.68806689418852,54.93284283205865,499
433,True,10000,500,3898320.599642946,7403.456905856729,71.08522625640035,14.694131622445548,68.05437882919752,67.53601815450021,False,False,13.155303546227515,17.410230760773022,17.627916994194152,52.72600292228162,55.0075819948688,499
434,True,10000,500,3898320.600670286,7402.898240834475,70.12652512639761,14.694933298012177,68.05066615275298,67.54111480852109,False,False,13.150148559361696,17.409382667392492,17.636552042483004,52.70649278536439,55.03680735360829,499
435,True,10000,500,3898320.60117588,7402.30410778895,69.60875075310469,14.694780274620934,68.05137479510873,67.54653587845485,False,False,13.153838575817645,17.40948176011443,17.624447060904117,52.70634084008634,54.98368946835397,499
436,True,10000,500,3898320.601589606,7401.657004840672,69.16271476075053,14.694377334829502,68.05324085626545,67.55244125376261,False,False,13.15003598574549,17.4085627309978,17.6235431207654,52.704010251909494,55.01253138296305,499
437,True,10000,500,3898320.601997282,7400.574065279216,68.7084998935461,14.693117365502344,68.059076581521,67.56232632625311,False,False,13.147693476639688,17.40699466317892,17.623423020510586,52.70819808356464,54.846280105411985,499
438,True,10000,500,3898320.602385568,7401.137290056795,68.40547313913703,14.694853340516348,68.05103642938855,67.55718484937915,False,False,13.153548236005008,17.405587745209534,17.624756489725126,52.70570404827595,54.96357701718806,499
439,True,10000,500,3898320.602761394,7400.944741908461,68.0533372797072,14.695173155568645,68.04955541616441,67.55894246429226,False,False,13.155436026863754,17.411399974177282,17.62222145451229,52.7207690756768,54.98348907101897,499
440,True,10000,500,3898320.60314437,7400.517796166241,67.66432104632258,14.695097144528894,68.04990740549873,67.56284002979083,False,False,13.154156040400267,17.411011084914207,17.622420922076913,52.71134818904102,54.977030544541755,499
441,True,10000,500,3898320.603513847,7399.514375720173,67.2051147557795,14.694006534998787,68.05495816393977,67.57200197362093,False,False,13.156453496776521,17.40363861123721,17.623366287443748,52.70408596843481,54.94061631150542,499
442,True,10000,500,3898320.604409527,7398.740524891764,66.32766500115395,14.694214148077373,68.05399662225845,67.57906948052006,False,False,13.155553489923477,17.41043006380399,17.62333778276415,52.703966898843646,54.9881154578179,499
443,True,10000,500,3898320.604774074,7398.839942645282,66.02862663567066,14.695012657333889,68.05029865019726,67.57816142475394,False,False,13.151325983926654,17.41123730316758,17.623786417922588,52.70532392896712,55.045754089951494,499
444,True,10000,500,3898320.60515224,7398.142199963331,65.60670118778944,14.694459917385855,68.05285839848003,67.58453493939035,False,False,13.147298712283373,17.40364336098234,17.6237374435489,52.707777777686715,55.02204949036239,499
445,True,10000,500,3898320.605514206,7397.828003857285,65.25103515014052,14.694543023461211,68.05247352050394,67.5874053491506,False,False,13.148216297850013,17.40385269125303,17.624037477653435,52.70753679797053,55.03191842231898,499
446,True,10000,500,3898320.605876573,7397.559386212379,64.90182830020785,14.69470452487409,68.05172559320776,67.58985955988449,False,False,13.151218532584608,17.406400634596746,17.62423615359387,52.70755379460752,55.06162650417535,499
447,True,10000,500,3898320.606242039,7396.956572309136,64.50305320322514,14.694295629470764,68.05361925578848,67.59536778568825,False,False,13.152998522855341,17.408407976229984,17.623445747109713,52.70418906584382,54.99953826889394,499
448,True,10000,500,3898320.606666144,7396.723994985223,64.10570722073317,14.694625827183346,68.05209004710528,67.5974932063149,False,False,13.154613552615047,17.412247322499752,17.63531671216087,52.75301723740995,55.09886242914942,499
449,True,10000,500,3898320.659213769,7402.450746390969,64.65588137507439,14.704999729490769,68.00408149579951,67.54519781759747,False,False,13.152748462744057,17.414186770717304,17.640575118518072,52.74747088551521,56.24803580343718,499
450,True,10000,500,3898320.66011483,7402.243178337812,63.943018205463886,14.706012344954607,67.9993989222431,67.54709186847816,False,False,13.160623493604362,17.412620348234974,17.652448333489346,52.84166019409895,56.480425172485354,499
451,True,10000,500,3898320.660577415,7401.68086392805,63.46092280000448,14.705851585426943,68.00014226928347,67.55222350057545,False,False,13.159953523427248,17.412361378471054,17.651765892126857,52.82318494282663,56.45000342745328,499
452,True,10000,500,3898320.660967331,7400.873641949147,62.98782816156745,14.705181991558275,68.00323862527269,67.55959150091859,False,False,13.155331020243466,17.413053940981627,17.647354192255634,52.765125781297684,56.30048681050534,499
453,True,10000,500,3898320.661346227,7400.663455016911,62.637791968882084,14.705462250597252,68.00194260873273,67.5615102671707,False,False,13.161513255909085,17.41240443661809,17.646999921804863,52.7755796443671,56.36583998799319,499
454,True,10000,500,3898320.661726243,7399.852782953531,62.13221698999405,14.70485083359426,68.00477008004937,67.56891179670647,False,False,13.15244846045971,17.418675279865663,17.63540847071752,52.73974919691682,56.21008931193496,499
455,True,10000,500,3898320.662106809,7399.676684755832,61.838519759476185,14.705086502998709,68.00368020929879,67.57051980798788,False,False,13.154898420907557,17.412787365416687,17.647780876917093,52.755748899653554,56.28171441145236,499
456,True,10000,500,3898320.662464936,7399.597375188023,61.52763310819864,14.70555058533031,68.00153412804288,67.57124403505739,False,False,13.16215842962265,17.412149657805763,17.64662346181765,52.79695903882384,56.38646336272353,499
457,True,10000,500,3898320.662818532,7399.29674891755,61.19186710566282,14.705621005635045,68.0012084914204,67.57398938934912,False,False,13.162880786694586,17.41240338111917,17.650784294431357,52.789030969142914,56.403465396724584,499
458,True,10000,500,3898320.664502005,7397.22679881379,59.37758507207036,14.705108644772984,68.00357781480626,67.59289847381446,False,False,13.158143498003483,17.414003579566877,17.645384503994087,52.75594820268452,56.27171258442099,499
459,True,10000,500,3898320.664876741,7397.334039211273,59.15273819118738,14.705774150340854,68.00050033250523,67.59191856818076,False,False,13.160050730220973,17.41118070979913,17.652052632377742,52.81327716074884,56.43473811447615,499
460,True,10000,500,3898320.665239287,7397.0657316967845,58.80890088155866,14.705925512655764,67.99980043006546,67.59437027272529,False,False,13.160163536667824,17.412268587698538,17.652373789654373,52.83236266113818,56.46448743529612,499
461,True,10000,500,3898320.665593204,7395.510826725513,58.22451692074537,14.703980580771077,68.00879493187959,67.60858197828958,False,False,13.152525993064046,17.418268602341413,17.63108387434229,52.73255887441337,55.93452852685,499
462,True,10000,500,3898320.66594563,7396.216069813818,58.074919041246176,14.705693688922988,68.00087239361217,67.60213537306602,False,False,13.162943301722407,17.412416047106184,17.65162672381843,52.80769574455917,56.41832116991276,499
463,True,10000,500,3898320.666306397,7395.5925158225,57.65899224206805,14.705277602365596,68.0027964816613,67.6078351978256,False,False,13.158556073904037,17.412111038962998,17.647276406642,52.775272307917476,56.320069301873396,499
464,True,10000,500,3898320.666667213,7395.285988692194,57.30790598317981,14.705366899216461,68.00238354156825,67.61063747426779,False,False,13.163861003704369,17.41190180182457,17.649515634402583,52.816236298531294,56.307758078910354,499
465,True,10000,500,3898320.667308366,7395.820564124733,56.82870093733072,14.707398523421649,67.99298995043155,67.60575052690899,False,False,13.163788244128227,17.411495993534725,17.650560336963533,52.81549603678286,56.7463470436632,499
466,True,10000,500,3898320.667691122,7395.2372702769935,56.43664626404643,14.707015278583059,67.99476175538076,67.61108288027548,False,False,13.16264329943806,17.409782359997433,17.648740924584317,52.807419607415795,56.71102624852204,499
467,True,10000,500,3898320.668052179,7394.823474343866,56.03976920247078,14.706981373028848,67.9949185108714,67.61486622834691,False,False,13.163178227841854,17.40941641231378,17.64925188617776,52.81269405968487,56.692321328446205,499
468,True,10000,500,3898320.668417665,7394.838843960315,55.736641865223646,14.707619643477138,67.99196771746149,67.61472569593205,False,False,13.16576823592186,17.412864013264578,17.649124678379494,52.81312698498368,56.77730229217553,499
469,True,10000,500,3898320.668777842,7394.527455791831,55.38510484620929,14.707700102095435,67.99159576673229,67.61757299425138,False,False,13.165890704840422,17.414547875523567,17.649935636824566,52.81216376461089,56.794497887603875,499
470,True,10000,500,3898320.669140278,7393.6743051745,54.9420602619648,14.706878246317705,67.99539530086061,67.6253753360589,False,False,13.16309324465692,17.409527363876503,17.649382705179303,52.813749853521585,56.67101710569107,499
471,True,10000,500,3898320.669512534,7393.6918447725475,54.63278293609619,14.707533190053008,67.99236738600865,67.62521491256193,False,False,13.164145988412201,17.412520075837772,17.648700134983855,52.81414068304002,56.75833120010787,499
472,True,10000,500,3898320.703474948,7403.672023676336,53.55301359668374,14.729697414989282,67.89005719712726,67.53405585782852,False,False,13.17859801929444,17.410323365281023,17.743903407826885,52.80850296840072,56.736549334600504,499
473,True,10000,500,3898320.704412338,7402.870442252606,52.64636408537626,14.729907972279019,67.88908673984604,67.54136843273673,False,False,13.1763257086277,17.41123137374719,17.7450010917769,52.81325504183769,56.743218707852,499
474,True,10000,500,3898320.704891283,7402.327998075634,52.143978886306286,14.729827693766188,67.88945673975603,67.54631787864356,False,False,13.176898239180446,17.41085254276792,17.744677290320258,52.811219869181514,56.73904675059014,499
475,True,10000,500,3898320.705305249,7401.742144022137,51.713813096284866,14.72951569323818,67.89089477389035,67.5516642259437,False,False,13.177743181586266,17.409937673558794,17.743313049431755,52.80564287677407,56.7247081222012,499
476,True,10000,500,3898320.705697555,7400.920812040567,51.29650793969631,14.728706020242228,67.89462690243539,67.55916090691707,False,False,13.17890826612711,17.410186616082985,17.743880691317084,52.805401710793376,56.732353651896055,499
477,True,10000,500,3898320.706086301,7401.395967230201,50.99541135132313,14.730261635027812,67.88745677280103,67.55482374051572,False,False,13.173843268305063,17.41360059628884,17.745089573630306,52.80988407321274,56.81214720010751,499
478,True,10000,500,3898320.706473247,7400.952341966331,50.60126492753625,14.730162479035661,67.8879137567712,67.5588730878325,False,False,13.173078303225338,17.41500065351526,17.744827115287247,52.81092515215278,56.807580981403525,499
479,True,10000,500,3898320.706848754,7400.498855859041,50.21812813356519,14.730021498447849,67.88856350992926,67.56301294528889,False,False,13.173226034268737,17.41175844023625,17.743458831682663,52.81918221153319,56.76394954323762,499
480,True,10000,500,3898327.951098362,7219.181064050645,54.84322085976601,14.35739046731639,69.6505400669036,69.25993344173759,False,False,13.126421254128218,17.507058413078386,17.776458524167538,52.8602572157979,54.997707344591625,499
481,True,10000,500,3898328.004909914,7164.971815887839,69.3924818187952,14.219597863865818,70.32547682246019,69.78394512191716,True,False,13.129488681443036,17.503945001711447,17.771325695017975,52.83905295655131,54.907326167449355,499
482,True,10000,500,3898328.006005452,7164.079706184566,68.32463387399912,14.219950044710554,70.3237350944122,69.79263499376799,True,False,13.130093808285892,17.515231699993212,17.77945536499222,52.85146217793226,54.95766569860279,499
483,True,10000,500,3898328.006521207,7163.707389030606,67.82898912206292,14.220197194205495,70.32251285569262,69.79626230485387,True,False,13.129668543115258,17.50736792261402,17.774515319615602,52.85248709842563,54.99121761880814,499
484,True,10000,500,3898328.006944513,7162.833678070456,67.33600422739983,14.219434216118348,70.32628617997025,69.80477594095015,True,False,13.130923733115196,17.503324896097183,17.76773203164339,52.836589980870485,54.8503883369267,499
485,True,10000,500,3898328.007339969,7161.724308971316,66.90822821110487,14.218068298116656,70.3330423678202,69.81558887622388,True,False,13.136750902049243,17.486984996745985,17.739812688281138,52.77088787406683,54.471776373684406,499
486,True,10000,500,3898328.007717355,7162.612869869918,66.63894094526768,14.220388635119539,70.32156614414454,69.80692787450351,True,False,13.129123486578465,17.507134936749935,17.778695405771334,52.86698481068015,55.02871611155569,499
487,True,10000,500,3898328.008090351,7161.741569172591,66.20534602552652,14.219511469232595,70.32590410463436,69.81542061671543,True,False,13.130946201272309,17.503615003079176,17.76956891020139,52.83764535561204,54.870903454720974,499
488,True,10000,500,3898328.008461047,7161.5205821581185,65.85427885875106,14.219772150900535,70.32461486639716,69.8175749498894,True,False,13.129348517395556,17.514141276478767,17.775298717121284,52.85050990059972,54.94333536364138,499
489,True,10000,500,3898328.008821354,7161.312273237854,65.5160523019731,14.220032506885534,70.32332728605131,69.81960581003044,True,False,13.130661216564476,17.515831782172125,17.772185616195202,52.835581824183464,54.95941368862986,499
490,True,10000,500,3898328.009764874,7160.166454967111,64.54368215054274,14.219684915464066,70.32504629638375,69.8307788156437,True,False,13.128608698025346,17.500185097257297,17.773425672203302,52.847589552402496,54.9257202912122,499
491,True,10000,500,3898328.01013872,7159.580351319164,64.13339730352163,14.21933257317764,70.32678888785051,69.8364953621722,True,False,13.133388478308916,17.503474994252127,17.76544904957215,52.8363780118525,54.84909323044121,499
492,True,10000,500,3898328.010494787,7159.885608125478,63.868819270282984,14.220474526763917,70.32114140199265,69.83351793114812,True,False,13.128463760949671,17.50706493233641,17.780358903110027,52.87283081561327,55.046414015814655,499
493,True,10000,500,3898328.010849703,7158.773879054934,63.41264396905899,14.219160791755261,70.32763850450534,69.84436279834104,True,False,13.132098712958395,17.48469208056728,17.76179578155279,52.76887873187661,54.80122766457498,499
494,True,10000,500,3898328.011213299,7158.96808821708,63.13055707141757,14.220115292877079,70.32291788104591,69.84246805387333,True,False,13.130713836289942,17.51594167823593,17.77291561787327,52.837639302015305,54.975626328960054,499
495,True,10000,500,3898328.011566666,7158.467002213001,62.75636004284024,14.219861006353028,70.3241754299306,69.84735696140356,True,False,13.129633502103388,17.51450790713231,17.77697540819645,52.84933792427182,54.96355073526501,499
496,True,10000,500,3898328.011976332,7158.939917106181,62.31261510401964,14.221698000004332,70.3150917703143,69.84274289064186,True,False,13.136751251295209,17.508675033847492,17.80515831584732,52.93631898239255,55.3011714760214,499
497,True,10000,500,3898328.063740654,7208.824148867279,62.21561599522829,14.321860787318741,69.82332916442309,69.3594391643698,False,False,13.137123547494411,17.51355631276965,17.87550000163411,52.925605326890945,54.98300674371423,499
498,True,10000,500,3898328.064750224,7207.488703075796,61.140977311879396,14.3213381277834,69.82587737803632,69.37229048817308,False,False,13.138351263478398,17.512420037140448,17.866614998783863,52.8977457433939,54.98296045698227,499
499,True,10000,500,3898328.065251619,7206.07896707952,60.45097392052412,14.31989577787374,69.83291048424677,69.38586189302336,False,False,13.136288849636912,17.515600938349962,17.853947385835095,52.88532585836947,55.00637171790005,499
500,True,10000,500,3898328.065652124,7206.757571082562,60.27278583496809,14.321612796087363,69.82453821633818,69.37932836901194,False,False,13.139946036972106,17.512490320950747,17.871227310970372,52.91899619624019,54.98486340511592,499
501,True,10000,500,3898328.066035881,7205.974647775292,59.731630608439445,14.321128290915537,69.82690048481305,69.38686637682878,False,False,13.136698515154421,17.513507325202227,17.857667930268942,52.89097595959902,55.009005335159614,499
502,True,10000,500,3898328.066402227,7206.319524906576,59.5874129794538,14.322108440735715,69.82212180126677,69.38354568818292,False,False,13.137608766555786,17.514475993812084,17.878974253156482,52.93670599348843,54.98253644909711,499
503,True,10000,500,3898328.066760983,7205.59408236295,59.153446927666664,14.321524319509585,69.82496958356198,69.39053106305894,False,False,13.139575952664018,17.51237167045474,17.869426020576256,52.91850049979985,54.98456628993155,499
504,True,10000,500,3898328.0671214,7205.4988029412925,58.847509790211916,14.321946479260681,69.82291139322993,69.39144862475024,False,False,13.137283734977245,17.514008035262428,17.877309751541613,52.925420459359884,54.98261305037887,499
505,True,10000,500,3898328.067476236,7204.817870166153,58.42686537653208,14.321424859297837,69.82545450781556,69.39800686293675,False,False,13.138950918801129,17.51260543242097,17.86837164778257,52.91761574335396,54.98589610215278,499
506,True,10000,500,3898328.06805232,7204.021258279681,57.72760231047869,14.321229771481368,69.82640568977907,69.40568080991476,False,False,13.135226094163954,17.51359710469842,17.85972850397224,52.890520775690675,55.00087873078884,499
507,True,10000,500,3898328.068405846,7203.507564030588,57.34773585572839,14.320961579508737,69.82771334509115,69.41063024583462,False,False,13.13950854819268,17.513794576128323,17.855330853102057,52.89124557748437,55.007415032014265,499
508,True,10000,500,3898328.068760343,7203.369235154241,57.108608074486256,14.321163581322155,69.82672841641254,69.4119631629981,False,False,13.135981047526002,17.51190898939967,17.861308912591337,52.89103649556637,54.958320222795024,499
509,True,10000,500,3898328.069113609,7203.347145114094,56.82209087535739,14.32169349546841,69.82414477145558,69.41217602418916,False,False,13.140131020918489,17.5126776099205,17.873163255086737,52.91954590938985,54.98428037390114,499
510,True,10000,500,3898328.069460856,7203.046988230199,56.48470437154174,14.321768103925164,69.82378102644535,69.41506848657264,False,False,13.136303517967463,17.512875640143953,17.874065147091894,52.92556551285088,54.983426956459894,499
511,True,10000,500,3898328.069809702,7202.374794986099,56.07060855254531,14.32125087461634,69.82630279680717,69.42154695255137,False,False,13.137511210516095,17.512622351447742,17.863902632767903,52.8969953302294,54.981456371024265,499
512,True,10000,500,3898328.070215278,7202.4558540433645,55.76401203870773,14.32202773948829,69.82251523245053,69.42076565721767,False,False,13.140951050445437,17.5193989649415,17.906618720541346,52.90812044404447,54.92331692948939,499
513,True,10000,500,3898328.070824802,7202.665621880442,55.23466691374779,14.323508927788966,69.81529491421652,69.41874387186422,False,False,13.134821318089962,17.518194982161127,17.89536468296617,52.90280049666762,54.932275530882194,499
514,True,10000,500,3898328.071214938,7202.612982131541,54.900089744478464,14.324073932639402,69.8125410900987,69.41925121347143,False,False,13.14075873233378,17.519610250989597,17.90746053447942,52.93081980198622,54.924908233806505,499
515,True,10000,500,3898328.071579134,7202.029419131577,54.504115134477615,14.323698004002202,69.81437333575371,69.4248760872585,False,False,13.13979597762227,17.518576358755432,17.89808627994105,52.91336681693792,54.93042583111675,499
516,True,10000,500,3898328.071942171,7201.61123201251,54.129757918417454,14.323610168525235,69.81480145259779,69.42890748911944,False,False,13.13712855335325,17.518151520440977,17.896922451909578,52.90370620787144,54.9317928729579,499
517,True,10000,500,3898328.072311367,7201.053778175265,53.73615212738514,14.323281815727213,69.81640191579436,69.43428217622605,False,False,13.1364562548697,17.521065908173718,17.89091399560367,52.903495728969574,54.933179100044086,499
518,True,10000,500,3898328.072664323,7200.996819417924,53.42998635023832,14.323781228592555,69.81396769756859,69.43483139052634,False,False,13.141348725184798,17.51818936318159,17.899243322511463,52.9139859136194,54.927349090576186,499
519,True,10000,500,3898328.07302163,7200.720471329987,53.08243911713362,14.323923912250207,69.81327226576322,69.43749614927755,False,False,13.14107608050108,17.518889345228672,17.90235179631655,52.925605326890945,54.92551692295821,499
520,True,10000,500,3898328.107785605,7214.329713024199,53.60340420156717,14.350152923492248,69.68566853130373,69.30650800410997,False,False,13.14077852293849,17.518989307185013,17.99333136761548,52.899921080097556,54.92539515253158,499
521,True,10000,500,3898328.108809645,7212.892458308488,52.52919439226389,14.349425378589627,69.68920173570656,69.32031815115349,False,False,13.137461035512388,17.52012089515726,17.976080187751467,52.884066477417946,54.93346659932287,499
522,True,10000,500,3898328.109365559,7211.861758027226,51.94773059338331,14.348525105077842,69.69357426472405,69.33022522838442,False,False,13.138468726538122,17.51887804518143,17.97315469399702,52.8822704218328,54.93603558279575,499
523,True,10000,500,3898328.109807115,7212.10685512051,51.569563802331686,14.349774130898153,69.6875080316968,69.3278691018015,False,False,13.135258690454066,17.521670026083786,17.98250533485151,52.85081174224615,54.932680190540864,499
524,True,10000,500,3898328.11022262,7211.744269821793,51.16032902151346,14.349867616834226,69.6870540343433,69.33135470322983,False,False,13.140898430719972,17.518476707239945,17.989601870843387,52.88820597343147,54.9261065432802,499
525,True,10000,500,3898328.110611276,7211.010677274317,50.72039319202304,14.349279126417422,69.68991202902815,69.3384079399248,False,False,13.137951260432601,17.51961292078098,17.97453477202591,52.88263619877398,54.934076941572144,499
526,True,10000,500,3898328.110990223,7210.825507994741,50.380416214466095,14.34958936228512,69.68840534407833,69.34018850485886,False,False,13.135823770426214,17.52130798995495,17.98089076687258,52.84996656700969,54.93277788627894,499
527,True,10000,500,3898328.111365349,7210.39654314518,49.998079892247915,14.349495918342548,69.68885915509608,69.34431372922795,False,False,13.13683099579066,17.520735692232847,17.977332345520324,52.88367602042854,54.932839190587416,499
528,True,10000,500,3898335.171758871,7203.922038897872,63.11738584190607,14.310229765643218,69.88007994119387,69.40663673207865,False,False,13.12497875187546,17.4091593362391,18.43768870458007,52.86791664548218,55.925054778344936,499
529,True,10000,500,3898335.173011498,7202.218906022608,61.74528086557984,14.309566383080218,69.88331953806863,69.42304955239449,False,False,13.12585617415607,17.413202673196793,18.378029732654493,52.86423652432859,55.6953190593049,499
530,True,10000,500,3898335.173591772,7201.783420983702,61.19219586253166,14.309802054351042,69.88216861434081,69.42724749860699,False,False,13.123216223903,17.412749274323385,18.385635999341805,52.858551032841206,55.74201263953001,499
531,True,10000,500,3898335.174058577,7201.073967851698,60.659031849354506,14.309448769543774,69.88389392947126,69.43408750308468,False,False,13.127046287991107,17.415169316033523,18.36172289525469,52.85628652200103,55.642421031370766,499
532,True,10000,500,3898335.174480383,7200.597643386573,60.22649630904198,14.309361016187436,69.88432249831087,69.43868061552192,False,False,13.126966310665011,17.41575263440609,18.351613078266382,52.85267159342766,55.6124487426132,499
533,True,10000,500,3898335.174873229,7200.309196021408,59.85336983576417,14.309530713798885,69.88349373579985,69.4414623577942,False,False,13.127461192198098,17.415205637613933,18.369832697014015,52.86075151525438,55.66899268887938,499
534,True,10000,500,3898335.175248275,7200.170587748289,59.57604292780161,14.309808707055085,69.88213612575936,69.44279915406354,False,False,13.123016338795424,17.412112560123205,18.393179401755333,52.86268098279834,55.78881576657296,499
535,True,10000,500,3898335.175607791,7199.669062625617,59.15774777531624,14.309641913527656,69.88295067360473,69.44763650256685,False,False,13.125363737344742,17.41330899919073,18.386005889624357,52.866601618006825,55.720638949424036,499
536,True,10000,500,3898335.175977308,7199.343685992062,58.79684118553996,14.309713115844733,69.8826029497914,69.45077521064346,False,False,13.124843710102141,17.413455992937088,18.377022972951334,52.85682645626366,55.70405032485724,499
537,True,10000,500,3898335.176880208,7198.755672201514,57.98620032146573,14.310159262284666,69.88042422669352,69.45644813738909,False,False,13.124783639796078,17.409382698436577,18.430112084994715,52.866246085613966,55.911242170259364,499
538,True,10000,500,3898335.177244795,7198.347186204046,57.613973040133715,14.31008659952688,69.88077906062861,69.4603895958606,False,False,13.124486315064132,17.410009012868006,18.42290908098221,52.854731446132064,55.88773505296559,499
539,True,10000,500,3898335.177597571,7196.866740938276,57.0608489215374,14.308228240514508,69.8898552071211,69.47467807842355,False,False,13.119148788973689,17.419972612212103,18.18136451765895,52.83020646311343,55.36530178505928,499
540,True,10000,500,3898335.177946467,7197.034840006381,56.733562145382166,14.309220997717434,69.8850063298007,69.47305537839479,False,False,13.123461278155446,17.416185544182856,18.332153093069792,52.8472107835114,55.563695821911104,499
541,True,10000,500,3898335.178300374,7197.206208016723,56.540803983807564,14.3099507094848,69.88144266193653,69.47140120051958,False,False,13.123848708346486,17.411272662381332,18.40812573209405,52.861551055684686,55.83854333963246,499
542,True,10000,500,3898335.17864499,7196.904540993273,56.20510783046484,14.310018904133885,69.88110964068115,69.47431317895361,False,False,13.124313787557185,17.410429349790018,18.41526571661234,52.85426112823188,55.86292652878911,499
543,True,10000,500,3898335.179051876,7196.411835961044,55.78149203211069,14.309880448755377,69.88178577599344,69.47906976383149,False,False,13.122958829626441,17.411796065668266,18.4003422036767,52.86095105111599,55.814328300766654,499
544,True,10000,500,3898335.179560501,7196.737222839147,55.330316070467234,14.31143668691118,69.8741867694227,69.47592839894571,False,False,13.126768753863871,17.414635978639126,18.528481324513752,52.89016105234623,56.32628616876901,499
545,True,10000,500,3898335.274289566,7201.066568028182,66.65576109662652,14.297416446756623,69.94270634306456,69.43415885362542,False,False,13.125091325491667,17.416619819899402,18.065028322550113,52.860451862215996,56.26652776263655,499
546,True,10000,500,3898335.275569993,7199.450574815273,65.23659499362111,14.297022003650605,69.94463600494284,69.44974408867711,False,False,13.125226250849664,17.414878619213898,18.062643570980633,52.85869212821126,56.192900729365654,499
547,True,10000,500,3898335.276213556,7199.267726857215,64.76109009236097,14.29760849051073,69.9417668810624,69.45150798250299,False,False,13.12566630076617,17.408536622921627,18.066283112857448,52.86661139689386,56.30796963814647,499
548,True,10000,500,3898335.276726651,7198.672432918102,64.228855073452,14.297482119929157,69.94238507255115,69.45725127227614,False,False,13.125711237080395,17.416760449608166,18.06537440201884,52.86079132929444,56.27980504650623,499
549,True,10000,500,3898335.277194206,7198.118238709867,63.73863108456135,14.297353923096804,69.94301220903121,69.46259889301513,False,False,13.124671182595193,17.416636366397142,18.064421140588777,52.860366413369775,56.25372219365091,499
550,True,10000,500,3898335.277631282,7197.457135189325,63.186966348439455,14.297134606895561,69.94408512581929,69.46897919758821,False,False,13.125201337970793,17.41511793807149,18.06337028664222,52.86087654531002,56.19992041029037,499
551,True,10000,500,3898335.278050927,7197.1750180236995,62.860439997166395,14.297223603259585,69.94364974273836,69.47170226482793,False,False,13.12510622665286,17.416375254591305,18.06446036789562,52.86076106131077,56.24079259578139,499
552,True,10000,500,3898335.278463873,7197.146678809077,62.5407830812037,14.297807406268282,69.94079382840137,69.4719758139952,False,False,13.125648838467896,17.40877457583944,18.07019592495631,52.88269184529781,56.384238507598646,499
553,True,10000,500,3898335.278852149,7195.7551231607795,61.91448913887143,14.296273815675166,69.9482965207024,69.4854106959065,False,False,13.125218683853745,17.41421374802788,18.062093009551326,52.85544227808714,56.175294378772385,499
554,True,10000,500,3898335.279613531,7196.040350012481,61.40082469210029,14.297874800241246,69.940464157871,69.48265652778514,False,False,13.125818688422441,17.40876194089651,18.069681730897436,52.88418126292527,56.39828094281257,499
555,True,10000,500,3898335.279992668,7195.574393961579,61.000938061624765,14.297742396593094,69.94111183862725,69.48715594123976,False,False,13.125653844326735,17.408400028944016,18.071940314645524,52.867366932332516,56.367846601642675,499
556,True,10000,500,3898335.280377554,7194.759631995112,60.45166403055191,14.297210356642404,69.9437145467616,69.49502493127066,False,False,13.125041266903281,17.41521858299772,18.063805087003814,52.86059668287635,56.21312044095249,499
557,True,10000,500,3898335.28074568,7194.434666074812,60.154486913233995,14.297154667658473,69.9439869851933,69.49816395688994,False,False,13.124666293151677,17.415871905783813,18.064094847844252,52.86052101291716,56.22648734133691,499
558,True,10000,500,3898335.281113616,7194.412095937878,59.87047962844372,14.297678589798466,69.94142396749007,69.49838198486168,False,False,13.125506229698658,17.40816670159499,18.07178908260535,52.86522093228996,56.353054661303766,499
559,True,10000,500,3898335.281481283,7193.957620300353,59.48438309133053,14.29754155753311,69.9420943087323,69.50277251968642,False,False,13.125756289809942,17.416994428882997,18.0662690949005,52.866051672026515,56.293292413465686,499
560,True,10000,500,3898335.281907368,7193.363526836038,59.0144288726151,14.297292781489825,69.94331131657756,69.50851269154784,False,False,13.124436256475747,17.422357977678377,18.070485335774677,52.90984595194459,56.71175722964109,499
561,True,10000,500,3898335.282586771,7193.728232756257,58.50505409762263,14.299044446209688,69.93474310551392,69.50498876553006,False,False,13.121908763423562,17.423646338284016,18.070070943795102,52.91225598193705,56.740797986276455,499
562,True,10000,500,3898335.282967727,7193.280417937785,58.11578780412674,14.29892711449631,69.93531696417949,69.50931577102942,False,False,13.120881281793118,17.408616623530786,18.06965331546958,52.90850601159036,56.69787419028581,499
563,True,10000,500,3898335.283348314,7192.832401953638,57.72506119683385,14.29881230612586,69.93587849052209,69.51364525943848,False,False,13.122411211952567,17.408449202775955,18.06913684510311,52.90806107223034,56.656294781714685,499
564,True,10000,500,3898335.28370252,7192.43125570938,57.361064944416285,14.298737857244417,69.93624262391472,69.5175222708035,False,False,13.121576514095068,17.407885038604338,18.069375834117288,52.910651080310345,56.67096769902856,499
565,True,10000,500,3898335.284063626,7192.3847370781,57.0510090328753,14.299265988066583,69.93365959025782,69.51797189357873,False,False,13.121633674018085,17.424616993715365,18.07044886285435,52.91419546119869,56.804746924899526,499
566,True,10000,500,3898335.284415793,7191.636623814702,56.6376019269228,14.298595234244047,69.93694021109683,69.52520353215262,False,False,13.123846263624728,17.407463987668354,18.06986470085875,52.903135772794485,56.62353192456067,499
567,True,10000,500,3898335.284770579,7191.609114874154,56.3286361284554,14.299159276043486,69.93418149243077,69.52546947606864,False,False,13.12129630241543,17.42433635517955,18.069867383067766,52.915185457095504,56.76796990446747,499
568,True,10000,500,3898335.322565944,7203.369215130806,52.37423628568649,14.33065126021066,69.78049928383366,69.41196335594475,False,False,13.125071302056313,17.425172341366608,24.7879175003618,52.91421618312597,56.75499446224422,499
569,True,10000,500,3898335.323438785,7202.588173095137,51.50896497070789,14.330820056361581,69.77967737136514,69.41949032539746,False,False,13.125351280905306,17.425962258130312,24.768532486632466,52.91389604099095,56.81741982698441,499
570,True,10000,500,3898335.323864451,7201.341825071722,51.01876985281706,14.329304719877564,69.78705663316681,69.43150487027745,False,False,13.125613797456026,17.41556233416001,24.54780461266637,52.9058410320431,56.64071911014617,499
571,True,10000,500,3898335.324263116,7201.610843185335,50.65386416390538,14.330575108259378,69.78087009387735,69.42891123770382,False,False,13.125931262038648,17.425575604041416,24.724648101255298,52.91534052230418,56.78965942934156,499
572,True,10000,500,3898335.324638543,7201.513163745403,50.322926603257656,14.331042559403096,69.77859397562567,69.42985295328644,False,False,13.124081189744174,17.42501277476549,24.80839262716472,52.90919099934399,56.85177287086845,499
573,True,10000,500,3898335.325012989,7201.082528103143,49.94214093312621,14.330942659659353,69.77908039608121,69.43400496365459,False,False,13.124721241183579,17.424842342734337,24.79094243608415,52.91167111136019,56.83766845613719,499
574,True,10000,500,3898335.325374045,7200.432174839079,49.53660489991307,14.330452043966265,69.7814693445796,69.44027634163145,False,False,13.124351273290813,17.424582193295162,24.757752427831292,52.911471109837294,56.7269700113684,499
575,True,10000,500,3898335.325730631,7199.901120737195,49.17303891852498,14.3301163964302,69.78310380291899,69.44539815413538,False,False,13.12409876845777,17.41759603222211,24.70288355834782,52.913915598765016,56.68500799220056,499
576,True,10000,500,3898342.377209934,7272.976946085691,61.86483008787036,14.451126484965572,69.19875769133733,68.74763988755656,False,False,13.146218727342784,17.537017973760765,18.417409000297386,53.121946565806866,54.98659661039709,499
577,True,10000,500,3898342.378519391,7271.377071738243,60.46465365216136,14.450726288749664,69.20067407120781,68.76276598876389,False,False,13.144415919668972,17.506021695832413,18.361113034188747,53.098329436033964,54.94679940864443,499
578,True,10000,500,3898342.379105315,7271.131744142622,59.97626902535558,14.451213376988509,69.1983416141621,68.76508604080556,False,False,13.146496145054698,17.54514795417587,18.427188973873854,53.11936270445585,55.00501424074172,499
579,True,10000,500,3898342.37955378,7270.779928192496,59.54096419736743,14.451380689368996,69.1975404630811,68.76841342168076,False,False,13.149366015568376,17.552940951039393,18.4451622578005,53.14593790099025,55.02961922436951,499
580,True,10000,500,3898342.379967836,7270.027985796332,59.079577680677176,14.450798413057425,69.20032868885791,68.7755261708572,False,False,13.143958523869514,17.505891776333254,18.38070262844364,53.10605512931943,54.9386921711266,499
581,True,10000,500,3898342.380368942,7270.011486019939,58.73342091217637,14.451459048312149,69.19716525901892,68.77568226150512,False,False,13.150540995411575,17.5606709284087,18.4523887000978,53.15379975363612,55.03787409514187,499
582,True,10000,500,3898342.380753058,7268.943827133626,58.20944719016552,14.45036949888469,69.20238268489827,68.7857839998147,False,False,13.135201181285083,17.506501637399197,18.359502932677668,53.08839902281761,54.94920151308178,499
583,True,10000,500,3898342.381136714,7268.811827991158,57.902100030332804,14.450720897717085,69.20069988743464,68.78703312618045,False,False,13.144068769179285,17.505754871914785,18.37119273841381,53.1019470654428,54.92646982893347,499
584,True,10000,500,3898342.38151059,7268.328843638301,57.4665148742497,14.450625909346796,69.20115476473521,68.79160406145238,False,False,13.143773656338453,17.50592840835452,18.350636741767328,53.093348909169436,54.932704474776976,499
585,True,10000,500,3898342.382420051,7267.676500137895,56.642002891749144,14.450970936365023,69.19950253886114,68.79777876609025,False,False,13.143933727405965,17.52216136083007,18.400842634340126,53.11239045113325,54.96545918285846,499
586,True,10000,500,3898342.382786607,7267.498781904578,56.30168691277504,14.451296783550708,69.19794223161047,68.79946113578379,False,False,13.146958430297673,17.545671202242374,18.436062304923933,53.13494494184852,55.01727385446428,499
587,True,10000,500,3898342.383166904,7266.972875688225,55.901629850268364,14.451044580837587,69.19914988886151,68.80444010913513,False,False,13.144380995072424,17.529071308672428,18.408868927508593,53.11778839677572,54.975386895239346,499
588,True,10000,500,3898342.38352586,7266.524550970644,55.52935414016247,14.450892178016996,69.1998796808699,68.80868515516283,False,False,13.143948512151837,17.514081671833992,18.392258944610756,53.107976354658604,54.954195059835904,499
589,True,10000,500,3898342.383896376,7265.237954910845,55.03442883491516,14.449305663478816,69.20747773559383,68.82087043852864,False,False,13.138711103238165,17.50326839586099,18.189334776252508,53.05618159472942,54.70707418397069,499
590,True,10000,500,3898342.384254102,7265.533241908997,54.71640266478062,14.450534747984403,69.2015913210051,68.8180734093822,False,False,13.14383593853563,17.506228294223547,18.339936311046284,53.10998046770692,54.90501357242464,499
591,True,10000,500,3898342.384666498,7265.761560294777,54.44277497008443,14.451540651953293,69.19677452277992,68.81591087881979,False,False,13.15160351805389,17.568154260516167,18.461698666214943,53.15521024167538,55.052466373890624,499
592,True,10000,500,3898342.385182463,7265.972217079252,53.93924005329609,14.452971897847608,69.18992211898812,68.81391575166084,False,False,13.170795748010278,17.583700673033793,18.537927729388077,53.21508329361677,55.26218950748442,499
593,True,10000,500,3898342.476879529,7274.539788719267,67.43174279108644,14.443102296449258,69.23720260887742,68.73287032883609,False,False,13.166360789909959,17.53900122518341,17.86178769543767,53.15724788233638,55.17508467659353,499
594,True,10000,500,3898342.477823379,7273.551729973406,66.47883309051394,14.443031857480745,69.23754028016296,68.74220718601092,False,False,13.166660792194307,17.539071384817362,17.859117904057104,53.15340822562575,55.243533086031654,499
595,True,10000,500,3898342.478314244,7273.234652820975,66.02596677839756,14.443303980045243,69.23623579352704,68.74520400714303,False,False,13.171563157811761,17.538861216356356,17.868504704286654,53.1656458042562,55.17156977206467,499
596,True,10000,500,3898342.47870894,7272.754678037018,65.61117107048631,14.44317336065437,69.23686194366176,68.74974093515753,False,False,13.167435768991709,17.538861371576786,17.863508003453415,53.159359749406576,55.17290137708186,499
597,True,10000,500,3898342.479092316,7272.497021127492,65.25723543018103,14.443366304002629,69.23593703518232,68.75217666606655,False,False,13.171333353966475,17.5387947820127,17.870891373604536,53.16905090585351,55.170464329421506,499
598,True,10000,500,3898342.479451922,7271.8299380503595,64.83087036758661,14.44288390317189,69.23824955626652,68.75848366361195,False,False,13.166130753234029,17.53910134236018,17.854301258921623,53.145964443683624,55.246066376566866,499
599,True,10000,500,3898342.479810169,7271.820996887982,64.54897206276655,14.443430911473378,69.23562733322825,68.7585682065026,False,False,13.171173282898962,17.543847672641277,17.873120959848166,53.169896360486746,55.17000678926705,499
600,True,10000,500,3898342.480170815,7271.505551412702,64.19772608205676,14.443502655973235,69.23528342250427,68.7615510247201,False,False,13.170890742912889,17.544074294467766,17.874910961836576,53.18797184154391,55.1689171232283,499
601,True,10000,500,3898342.480520141,7270.202664192766,63.61989211291075,14.442049643446603,69.24224917435953,68.77387372742746,False,False,13.16453330218792,17.539178021252155,17.84554123878479,53.12985060736537,55.244204849004724,499
602,True,10000,500,3898342.481092896,7270.235343370587,63.19925608113408,14.442958090760426,69.23789390760115,68.77356459387913,False,False,13.166655786335468,17.538997965554397,17.856368018935125,53.150295093655586,55.24464355781672,499
603,True,10000,500,3898342.481449472,7270.316882990301,62.937099020928144,14.443646861662069,69.23459217590752,68.77279326982357,False,False,13.170760706998408,17.544034558037918,17.87726456920306,53.19203594699502,55.167183894664035,499
604,True,10000,500,3898342.481802738,7269.321063067764,62.38312507048249,14.442761398792147,69.23883683930626,68.78221441343139,False,False,13.170110760256648,17.539181280881166,17.847531319906313,53.135336469858885,55.246555134654024,499
605,True,10000,500,3898342.482159115,7269.3475019186735,62.172056175768375,14.443237366218247,69.23655511879437,68.78196425030305,False,False,13.171783299185336,17.538848022619884,17.86593146001299,53.16199203953147,55.172254424542174,499
606,True,10000,500,3898342.482503581,7268.686570227146,61.69430213049054,14.442870276746804,69.23831488052704,68.78821849988987,False,False,13.165485695935786,17.539084578553837,17.849558343489964,53.13937198370695,55.246257353574016,499
607,True,10000,500,3898342.482851448,7268.3860920369625,61.35620502755046,14.442945665349523,69.23795347365518,68.79106223426763,False,False,13.16573575604707,17.539081318924826,17.852094645301502,53.14478995278478,55.24593111127613,499
608,True,10000,500,3898342.483256354,7268.466930836439,61.12110707908869,14.443578805124952,69.23491840160656,68.79029715038699,False,False,13.165193493478,17.54012145102024,17.924977311243612,53.19712609052658,55.18476473167537,499
609,True,10000,500,3898342.483852758,7268.395652063191,60.58349180966616,14.444513347201452,69.23043898836126,68.79097175427854,False,False,13.167663244530559,17.580687689284485,17.9085338798662,53.17528396844864,55.19649894908069,499
610,True,10000,500,3898342.484236014,7268.353402148932,60.25609606876969,14.445084781723773,69.22770029465117,68.79137162650512,False,False,13.168100733309984,17.581153971453507,17.926613955448072,53.19775240495801,55.18509719520806,499
611,True,10000,500,3898342.48460113,7267.546281218529,59.81455044820905,14.444352165872385,69.23121151550819,68.79901147546134,False,False,13.177128275856376,17.582834387818973,17.904421004156273,53.16740181297064,55.19868979230522,499
612,True,10000,500,3898342.484964486,7267.237713560462,59.46242390200496,14.444439458233381,69.23079312918554,68.80193268853914,False,False,13.168065692298114,17.58102389673392,17.90685097997387,53.17174391821027,55.19779374822973,499
613,True,10000,500,3898342.485322653,7267.177784349769,59.16074709966779,14.444923922344893,69.22847121770556,68.8025000677395,False,False,13.17746564745903,17.582847581555445,17.9019410473605,53.164718579500914,55.197422746568904,499
614,True,10000,500,3898342.485685429,7266.607329715043,58.780140709131956,14.444543464941706,69.23029463873995,68.80790130978596,False,False,13.167650788091123,17.580497699479263,17.910807393491268,53.17796999588609,55.19549153745173,499
615,True,10000,500,3898342.486042845,7266.290944069624,58.431235142052174,14.444608635125395,69.22998229029685,68.8108973131711,False,False,13.170575723052025,17.58145758261283,17.93308074896534,53.20217553526163,55.18735928460954,499
616,True,10000,500,3898342.526610692,7275.484710000455,52.66852304339409,14.474581536988099,69.08662592038444,68.72394348004461,False,False,13.168858247809112,17.540181366105873,17.927993865062792,53.19866398349404,55.18540466204284,499
617,True,10000,500,3898342.527495623,7274.37014086172,51.74535186961293,14.474197973932078,69.0884567007438,68.73447326956752,False,False,13.167365686967969,17.54019471506278,17.913490689049166,53.18147987127304,55.194575842469916,499
618,True,10000,500,3898342.527977928,7273.370281793177,51.23719805851579,14.473212592654631,69.09316045751409,68.74392209229447,False,False,13.166955672204494,17.540340932706993,17.91594099874298,53.199898079037666,55.1934784837067,499
619,True,10000,500,3898342.528389394,7273.782117292285,50.896051339805126,14.474721575055069,69.0859575304954,68.74002986855048,False,False,13.169650686904788,17.540094597886007,17.929684060315292,53.19965807721019,55.18621074035762,499
620,True,10000,500,3898342.52876401,7273.019805084914,50.47002620995045,14.474047653056038,69.08917422203324,68.74723476628321,False,False,13.16620351281017,17.540141319235165,17.91874396925171,53.19921765476465,55.19231744110583,499
621,True,10000,500,3898342.529139666,7273.092965129763,50.15233904123306,14.47483091400507,69.08543567389472,68.74654323782306,False,False,13.170080725103617,17.539980976531904,17.931174021214247,53.20125138387084,55.18708089366554,499
622,True,10000,500,3898342.529498822,7272.43042178452,49.76624296978116,14.474276911452383,69.08807991705457,68.7528062836123,False,False,13.165763462893665,17.540028008321922,17.920813988894224,53.197129629552364,55.18947901204227,499
623,True,10000,500,3898342.529854109,7272.12874405086,49.4179860688746,14.474370256476925,69.08763436893045,68.75565843207012,False,False,13.165340758860111,17.540004725257557,17.92298412571351,53.19674201309681,55.18664507195352,499
624,True,10000,500,3898349.651835753,7389.043882954866,61.73771107569337,14.68398030436708,68.10142613052918,67.66775349019187,False,False,13.078831718303263,17.386326255897682,18.34232670565446,52.57062711752951,54.880949747748666,499
625,True,10000,500,3898349.65308849,7387.014763895422,60.368884820491076,14.682657072294452,68.10756357491707,67.68634096195215,False,False,13.086159247905016,17.386709339916706,18.360609654337168,52.55983183160424,54.79664843995123,499
626,True,10000,500,3898349.653667244,7387.466698884964,59.94398007169366,14.684414266158859,68.09941356016915,67.6822001885258,False,False,13.078334275633097,17.391096024463575,18.29879032447934,52.545783855021,54.862671084702015,499
627,True,10000,500,3898349.65411379,7386.937743984163,59.484484139829874,14.684275069828322,68.10005909346475,67.68704669363083,False,False,13.086606515571475,17.388172602901857,18.303643291195232,52.5441721547395,54.8525320366025,499
628,True,10000,500,3898349.654525436,7386.48682879284,59.066717978566885,14.684208638906359,68.10036717610119,67.69117871448422,False,False,13.086879043839872,17.387119277069967,18.306563297907513,52.575149992480874,54.84821973834187,499
629,True,10000,500,3898349.654918482,7385.665196925402,58.56974283233285,14.683558024234607,68.10338463944102,67.69870914378116,False,False,13.088879059068859,17.382462974637747,18.34450646614035,52.54696630872786,54.82485990971326,499
630,True,10000,500,3898349.655309488,7385.613007005304,58.27016616240144,14.684053789264333,68.1010853236666,67.69918753199588,False,False,13.086671708151698,17.386839725077152,18.312493649621803,52.56893401965499,54.83654981479048,499
631,True,10000,500,3898349.655685344,7385.068023111671,57.82695114612579,14.683849843618328,68.10203118731869,67.70418341919711,False,False,13.08624166995287,17.395469670494396,18.335453389833372,52.588003035634756,54.85309127252548,499
632,True,10000,500,3898349.65606232,7384.598948061466,57.43472510948777,14.683695837579116,68.10274545736361,67.70848403774929,False,False,13.080639182589948,17.394569392005604,18.341196545710165,52.589029306545854,54.84221782535314,499
633,True,10000,500,3898349.656931801,7383.77846730873,56.573544163256884,14.683777401093133,68.10236716919688,67.7160077613003,False,False,13.081821729429066,17.394676028440397,18.338263345261414,52.58824313059449,54.84842938836663,499
634,True,10000,500,3898349.657298837,7383.795007131994,56.30581732839346,14.68434707375471,68.09972516839356,67.71585607631997,False,False,13.077226700261235,17.387952965994675,18.300953321158886,52.545450953766704,54.85709822271019,499
635,True,10000,500,3898349.657661384,7383.514178916812,55.95683911815286,14.684483646891099,68.09909180645336,67.7184316145448,False,False,13.080911827273667,17.395955976098776,18.297790239254635,52.57024276070297,54.86999033484608,499
636,True,10000,500,3898349.65804132,7382.795126177371,55.524853989481926,14.683908361097973,68.1017597909625,67.72502710079776,False,False,13.081038952805102,17.394715920090675,18.344159703701735,52.586107701063156,54.874284826219075,499
637,True,10000,500,3898349.658402036,7382.391361054033,55.155797861516476,14.68383880399302,68.10208238788805,67.72873118563734,False,False,13.083779253065586,17.395909409970045,18.34706977630655,52.58623994886875,54.8836508532986,499
638,True,10000,500,3898349.658755513,7382.461268920451,54.87046996131539,14.684550699316906,68.09878085316684,67.72808983163358,False,False,13.08344432618469,17.396372742950916,18.297383716950815,52.565693156793714,54.879101533442736,499
639,True,10000,500,3898349.659165138,7381.7981872707605,54.42087631672621,14.684122867643355,68.10076495638104,67.73417361398535,False,False,13.08754668571055,17.397599760442972,18.309583732237417,52.569317165762186,54.84117296524346,499
640,True,10000,500,3898349.659676093,7381.974115036428,53.96120995283127,14.685396603373942,68.09485824647405,67.73255936803466,False,False,13.084586709737778,17.39283635591467,18.302113593866427,52.60002878494561,55.07771785836666,499
641,True,10000,500,3898349.752922183,7340.301549062133,67.4982420168817,14.574756126343189,68.61178268311103,68.11709255512599,False,False,13.089321786537766,17.377609697480995,18.303990364074707,52.59701609611511,55.11115616187453,499
642,True,10000,500,3898349.753799744,7339.477207977325,66.63170084357262,14.574840695658823,68.61138456887932,68.12474319785976,False,False,13.08953680563718,17.377156298607588,18.30400340259075,52.60130614042282,55.112305944785476,499
643,True,10000,500,3898349.754259929,7339.17199075222,66.20232574641705,14.575089509029665,68.6102132944345,68.12757633014036,False,False,13.093964196741581,17.375549767166376,18.305120058357716,52.60458402335644,55.11752790771425,499
644,True,10000,500,3898349.754643565,7338.836804963648,65.82925003021955,14.575165440748354,68.60985585825745,68.13068791253448,False,False,13.09445418883115,17.375103042771418,18.305376637727022,52.60636564344168,55.11874399147928,499
645,True,10000,500,3898349.755008642,7338.320308830589,65.43371267616749,14.574923038385615,68.61099694086374,68.13548318384571,False,False,13.089703978039324,17.376269679516554,18.304566697527964,52.60138567537069,55.11446036398411,499
646,True,10000,500,3898349.755372378,7338.306319899857,65.15599600970745,14.575451550882063,68.60850907493723,68.1356130697503,False,False,13.095533940941095,17.37555271635453,18.30615693082412,52.61250613257289,55.123775359243155,499
647,True,10000,500,3898349.755723674,7337.443799246103,64.68482129275799,14.574667290487664,68.6122008872657,68.14362244946575,False,False,13.089104322716594,17.377929606785376,18.303596880286932,52.59383609518409,55.10991363786161,499
648,True,10000,500,3898349.756079561,7336.819184944034,64.22531511634588,14.574336412480337,68.61375857522249,68.14942380290023,False,False,13.088286737911403,17.383599653840065,18.30244033286969,52.596587873995304,55.102470479905605,499
649,True,10000,500,3898349.756432107,7336.54249785468,63.884828705340624,14.574464266832344,68.61315666166458,68.15199395985341,False,False,13.088291510939598,17.37900637090206,18.30285709972183,52.598114125430584,55.105406269431114,499
650,True,10000,500,3898349.756983132,7336.548836901784,63.49882297217846,14.575250528917046,68.60945532401088,68.15193507403264,False,False,13.094581430777907,17.37440625826518,18.305753357708454,52.60822419077158,55.12061815708876,499
651,True,10000,500,3898349.757342868,7336.288379970938,63.17607592791319,14.575375358803656,68.60886772264092,68.15435464138348,False,False,13.094691443257034,17.37524646644791,18.306140477458637,52.61136209592223,55.12300624512136,499
652,True,10000,500,3898349.757689384,7334.719086997211,62.58075311779976,14.5734235147884,68.61805662789178,68.16893654269408,False,False,13.082366436719894,17.392659249405067,18.300736633439858,52.566014882177114,55.073638102039695,499
653,True,10000,500,3898349.758040931,7335.537147708237,62.451432924717665,14.575322073714469,68.60911854588977,68.16133432794483,False,False,13.094621477648616,17.375003080815077,18.305793559799593,52.609670255333185,55.12129626236856,499
654,True,10000,500,3898349.758387657,7334.6640272066,61.9960892945528,14.574484845515123,68.61305978219335,68.16944827265995,False,False,13.088364037685096,17.37830958639582,18.303443677723408,52.598249074071646,55.10809593833983,499
655,True,10000,500,3898349.758731704,7334.64758656919,61.72119081020355,14.575002797112198,68.61062148119339,68.16960107470916,False,False,13.093416579067707,17.375816280643146,18.30480992794037,52.60348664596677,55.11598400771618,499
656,True,10000,500,3898349.75913483,7333.971004001796,61.2611249089241,14.5745688959777,68.61266409574425,68.17588994109384,False,False,13.095921487547457,17.38550964122017,18.31586038072904,52.58842380717397,55.093780709430575,499
657,True,10000,500,3898349.759714164,7334.962164051831,60.91464916244149,14.57724952883645,68.60004680730876,68.16667745751536,False,False,13.095706584863365,17.38671601439516,18.31737362469236,52.59351618587971,55.10096184909344,499
658,True,10000,500,3898349.76008813,7334.314309991896,60.51309313625097,14.576755945602496,68.602369672086,68.17269875096919,False,False,13.097699265927076,17.388449205706518,18.31744673351447,52.59501775726676,55.09851638227701,499
659,True,10000,500,3898349.760442286,7334.15523217991,60.177387204021215,14.57710990977132,68.60070385623426,68.17417741666567,False,False,13.096486451104283,17.386022799958784,18.31463010360797,52.591310162097216,55.09968226775527,499
660,True,10000,500,3898349.760793023,7333.752925973386,59.81812020763755,14.577023658849194,68.60110976035465,68.17791723377927,False,False,13.097998918965459,17.38759968429804,18.314280081540346,52.58875181898475,55.09783276356757,499
661,True,10000,500,3898349.761156059,7333.195311948657,59.43631427362561,14.576671338026115,68.60276786177536,68.18310146264665,False,False,13.097401591949165,17.389306022475164,18.31712666898966,52.59454185143113,55.09719010442495,499
662,True,10000,500,3898349.761501416,7332.7928660437465,59.08185802400112,14.576575166372235,68.60322048123986,68.18684355798044,False,False,13.09584907721728,17.39038589100043,18.316253398855526,52.59008007124066,55.09528340771794,499
663,True,10000,500,3898349.761849362,7332.294031046331,58.72217193245888,14.576296310849443,68.60453291249843,68.19148248595933,False,False,13.095426489599049,17.392209731042385,18.313723305861156,52.5885540060699,55.08742058649659,499
664,True,10000,500,3898349.802732335,7340.134472120553,52.25357785820961,14.604971731988666,68.46983468031925,68.11864304381753,False,False,13.095611473545432,17.384816768268745,18.432637903218364,52.59239608421922,55.10286120697856,499
665,True,10000,500,3898349.803649316,7338.585666846484,51.27478810027242,14.603829416325073,68.47519041013568,68.1330194534417,False,False,13.094059191644192,17.386246658861637,18.42858334227144,52.59006805717945,55.088688945397735,499
666,True,10000,500,3898349.804111771,7338.694756384939,50.868232268840075,14.604862773779757,68.47034549309899,68.13200665758463,False,False,13.094688998535275,17.387226906915508,18.430159529670966,52.595745865255594,55.095096016302705,499
667,True,10000,500,3898349.804483308,7338.504226878285,50.514714792370796,14.605189402977784,68.46881422818896,68.13377556814383,False,False,13.095546513795853,17.38614160567522,18.434206265956057,52.59646801277995,55.102183194831014,499
668,True,10000,500,3898349.804843634,7338.0866618826985,50.14852900058031,14.60508643864152,68.46929692618883,68.13765263869442,False,False,13.094434048980474,17.386520964403946,18.431653408333553,52.58895196020603,55.096532460302114,499
669,True,10000,500,3898349.80520604,7337.542548310012,49.767592921853065,14.604759429635587,68.4708299933258,68.14270536872871,False,False,13.094961526803672,17.387726871917646,18.429501185503995,52.59550204500556,55.09420641697943,499
670,True,10000,500,3898349.805571136,7337.041533086449,49.371616914868355,14.604548930203569,68.47181688247193,68.14735854298301,False,False,13.093946501612663,17.38640731200576,18.432327394063165,52.58986195549369,55.089343870058656,499
671,True,10000,500,3898349.805923423,7336.760015226901,49.02633000165224,14.604676723898292,68.47121774107158,68.14997341637005,False,False,13.093909015879035,17.38633941859007,18.433298319578064,52.586459927260876,55.093359434977174,499
672,True,10000,500,3898357.042576609,7295.891731977463,86.9757728651166,14.446725368962618,69.21983871503521,68.53171872171973,False,False,13.108273968100548,17.368246614933014,17.694337811941903,52.710300125181675,55.71221705060451,499
673,True,10000,500,3898357.043825746,7294.968720991164,85.80732578411698,14.447217224863822,69.21748212375383,68.54038983899375,False,False,13.110241503454745,17.378323587278526,17.706632778669395,52.687779953703284,55.73325434233992,499
674,True,10000,500,3898357.04438512,7294.539286289364,85.28024097904563,14.447412916453544,69.21654456633841,68.54442486035926,False,False,13.10799375642091,17.387271393090487,17.709869081154466,52.70091975107789,55.74494041036813,499
675,True,10000,500,3898357.044816776,7293.5009258799255,84.69824679195881,14.446498354885705,69.22092644421386,68.55418338617369,False,False,13.094714027829468,17.365849670022726,17.69031973866125,52.70784804597497,55.67205332219599,499
676,True,10000,500,3898357.045232571,7293.426897842437,84.3667509034276,14.447014322523065,69.21845425466134,68.55487920882726,False,False,13.110643718391657,17.376726306974888,17.70156051342686,52.69486932083964,55.71887503843753,499
677,True,10000,500,3898357.045618898,7292.897762265056,83.94559426233172,14.446797931869188,69.21949103988165,68.55985320226237,False,False,13.10861122328788,17.375839004913963,17.695520079384245,52.71182209253311,55.689505087211714,499
678,True,10000,500,3898357.045991554,7292.891003191471,83.66274693980813,14.447351214933192,69.21684017526836,68.55991674374305,False,False,13.105586520396173,17.3868293253084,17.708901958540082,52.68265549093485,55.74809825047849,499
679,True,10000,500,3898357.04635634,7292.207519989461,83.21978198364377,14.446869214440515,69.21914950267839,68.56634271986854,False,False,13.107739039696753,17.37341626236836,17.696930874759953,52.694628573954105,55.70794698782264,499
680,True,10000,500,3898357.046711026,7292.127270717174,82.9318449832499,14.447285422312472,69.21715538723933,68.56709728693825,False,False,13.106396421790123,17.38630797093113,17.70703601030012,52.68266503699124,55.73840970639138,499
681,True,10000,500,3898357.047558338,7290.860113222152,81.9822340272367,14.446649056502835,69.22020435942358,68.57901430494296,False,False,13.10432399623096,17.366863352557026,17.69259839008252,52.70897480659187,55.707288281992064,499
682,True,10000,500,3898357.047915004,7290.697924792767,81.67279791086912,14.44694414204789,69.21879050459508,68.5805399095879,False,False,13.110199011862278,17.375259504963957,17.70052080663542,52.6944721583277,55.7132802158594,499
683,True,10000,500,3898357.04827408,7290.432928130031,81.3367823138833,14.447086464561417,69.2181086098565,68.58303271274292,False,False,13.111133710481226,17.37775234505534,17.70308251492679,52.69405785948038,55.724149970337734,499
684,True,10000,500,3898357.048623117,7290.128080639988,80.99931478500366,14.44715183538073,69.21779541009764,68.58590061371127,False,False,13.10929621104151,17.37797437235713,17.70542096036176,52.6945348829031,55.72843572590499,499
685,True,10000,500,3898357.048967663,7289.2802697606385,80.53459972143173,14.446384108295003,69.22147386527038,68.59387778986014,False,False,13.094361522234976,17.365863018979628,17.714286058520276,52.7462852653116,55.67588737234472,499
686,True,10000,500,3898357.04931947,7289.050752297044,80.20832296460867,14.446578014694259,69.22054475342571,68.5960376723172,False,False,13.103951467201114,17.366318280498184,17.6912641339004,52.71039302460849,55.68024628330021,499
687,True,10000,500,3898357.050914464,7286.775695160031,78.57056893408298,14.445300854160218,69.22666478850124,68.61745453920125,False,False,13.089374057017267,17.36781829968095,17.696966165676713,52.68481597304344,55.56886714417486,499
688,True,10000,500,3898357.051446668,7287.852764129639,78.24091333895922,14.448119941464288,69.21315742473357,68.60731359186744,False,False,13.106298982165754,17.387820780277252,17.72209599924584,52.748747961595654,55.820429436862455,499
689,True,10000,500,3898357.094940945,7295.200969092548,66.57578190788627,14.486222820009342,69.03110717161778,68.53820780515045,False,False,13.099751551635563,17.390092524389427,18.040432905157406,52.7316571213305,53.85755019728094,499
690,True,10000,500,3898357.096007234,7293.968651909381,65.48075284808874,14.485947693509605,69.03241825510993,68.54978734644169,False,False,13.101676595397294,17.392206005752087,18.04594276472926,52.73184487596154,53.86921486351639,499
691,True,10000,500,3898357.096490309,7293.213709723204,64.8811087012291,14.485636474993939,69.03390139095828,68.55688313828065,False,False,13.10161396395415,17.38842638830344,18.05353273327152,52.72979298606515,53.87406198773533,499
692,True,10000,500,3898357.096873875,7293.164790142328,64.62485203519464,14.486051980174615,69.03192128321673,68.55734298994804,False,False,13.100416515953839,17.391433008015156,18.04377604275942,52.73188594728708,53.868283261545,499
693,True,10000,500,3898357.097255151,7293.035312090069,64.29168535396457,14.486460173819848,69.02997612951819,68.55856013354581,False,False,13.094399240799248,17.38838975628217,18.03467919429143,52.736064000055194,53.85300665162504,499
694,True,10000,500,3898357.097620368,7292.718283832073,63.9548278413713,14.486499911805014,69.02978677307017,68.56154050383353,False,False,13.094358961097896,17.38839627554019,18.032726210852463,52.73713590577245,53.85105086490512,499
695,True,10000,500,3898357.097975384,7291.788933798671,63.46886279061437,14.485611364745605,69.03402105856247,68.57027878061798,False,False,13.101823977194726,17.38933629045884,18.05120597903927,52.731404826045036,53.87180638965219,499
696,True,10000,500,3898357.09833648,7291.58711573109,63.14125703647733,14.485863444277781,69.03281974503362,68.57217668308246,False,False,13.102406403049827,17.392825956145924,18.048119576026995,52.73154326714575,53.8705762848258,499
697,True,10000,500,3898357.098691037,7291.401158086956,62.81642010435462,14.486141759484171,69.03149345099384,68.57392552670699,False,False,13.100034091621637,17.390896410991747,18.04213272407651,52.731308760121465,53.85912054218352,499
698,True,10000,500,3898357.09930095,7289.797105360776,62.007809057831764,14.484547687981852,69.03909059098352,68.58901458756783,False,False,13.101241551339626,17.391206075747807,18.059002701193094,52.7275868691504,53.8756423164159,499
699,True,10000,500,3898357.099656187,7290.585905779153,61.88087910413742,14.486382818988007,69.03034473790457,68.58159364169298,False,False,13.099979027174413,17.388956000407536,18.036586077262957,52.73298220708966,53.85431259404868,499
700,True,10000,500,3898357.100013233,7289.559797383845,61.33761536329985,14.48541519442995,69.03495595932439,68.59124746866681,False,False,13.097329065203667,17.390966104964416,18.057132760683697,52.72939861752093,53.86686571873724,499
701,True,10000,500,3898357.10036534,7289.276589173824,60.99605839699507,14.485532125805268,69.03439868933422,68.59391242508342,False,False,13.09604151174426,17.390153060356777,18.055806091676157,52.7291988953948,53.8769785547629,499
702,True,10000,500,3898357.100718106,7289.104810915887,60.73831068351865,14.485704409283304,69.03357763942361,68.59552893946852,False,False,13.102208729833364,17.390739327917498,18.049932705859344,52.731577726081014,53.87156840413809,499
703,True,10000,500,3898357.101066453,7289.127821102738,60.46112300828099,14.486306008205327,69.0307107577032,68.59531239834361,False,False,13.099938980303705,17.389672653128702,18.03824631497264,52.732022013515234,53.85561171453446,499
704,True,10000,500,3898357.101468419,7288.406177889556,59.99968759715557,14.485784549684167,69.03319572164995,68.6021041907383,False,False,13.096489245072007,17.39080265785257,18.038196333994467,52.72832973860204,53.879186059348285,499
705,True,10000,500,3898357.102085392,7288.696866016835,59.50021417811513,14.487368039756953,69.02565029450142,68.59936819861774,False,False,13.098814059048891,17.389093060046434,18.041339392463367,52.72831134498119,53.88010560069233,499
706,True,10000,500,3898357.102457578,7288.59746735543,59.18679712340236,14.48779693433272,69.02360686946348,68.60030372639282,False,False,13.096891576424241,17.39228966956337,18.032629663745563,52.72888019680977,53.8841453846544,499
707,True,10000,500,3898357.102814115,7288.0583317019045,58.809869922697544,14.487471867293,69.02515560755674,68.60537844834184,False,False,13.096016482450068,17.390362763156492,18.03961644570033,52.72843176499009,53.880112492479384,499
708,True,10000,500,3898357.103173991,7288.140590768307,58.49769385531545,14.48826231846291,69.02138973047612,68.6046041199228,False,False,13.09515896718949,17.39390939474106,18.02811600888769,52.740662917494774,53.89710075687617,499
709,True,10000,500,3898357.103531648,7287.703354842961,58.131496887654066,14.488119955822258,69.02206794596118,68.60872014881487,False,False,13.095331494696438,17.39463598156969,18.02913627276818,52.739549009129405,53.895136401988566,499
710,True,10000,500,3898357.103882044,7287.253319751471,57.77170090004802,14.487939115934717,69.02292948623308,68.61295718165762,False,False,13.096721493639052,17.3935960046947,18.02998936424653,52.73308274336159,53.88841312844306,499
711,True,10000,500,3898357.10423762,7286.6849061101675,57.39702517166734,14.48755086360421,69.02477923388773,68.61830948401936,False,False,13.094309018924832,17.391109373420477,18.03714595735073,52.72922073490918,53.88677285052836,499
712,True,10000,500,3898357.143431471,7342.452907934785,56.75824172794819,14.600590513440554,68.49038051436696,68.09713405988126,False,False,13.095116475597024,17.38774947201212,18.028489624460537,52.675953693687916,53.879153756424785,499
713,True,10000,500,3898357.144362731,7341.477198060602,55.821111891418695,14.600513198735838,68.49074319432712,68.10618442458488,False,False,13.095839298330247,17.38704290861885,18.029282956073683,52.67625795677304,53.87831553816795,499
714,True,10000,500,3898357.144803927,7340.459328144789,55.31248636543751,14.599492668896495,68.49553081597493,68.115628416181,False,False,13.0966940196231,17.387523005406063,18.04048257569472,52.68901502713561,53.87367947027087,499
715,True,10000,500,3898357.145190633,7340.558806899935,54.98109012842178,14.600356145834695,68.49147993456913,68.114705317804,False,False,13.097001821734011,17.386625986546278,18.030432984232903,52.67869280651212,53.87699607759714,499
716,True,10000,500,3898357.145560379,7340.102632064372,54.590793792158365,14.600224124794016,68.49209926180556,68.11893853034275,False,False,13.094483991153538,17.390879336744547,18.03523612519105,52.68431957811117,53.87946270406246,499
717,True,10000,500,3898357.145922455,7339.465199038386,54.21544797718525,14.599698899922247,68.49456326837847,68.12485466454828,False,False,13.095794012770057,17.38598958278696,18.034436274319887,52.68232589587569,53.88000762090087,499
718,True,10000,500,3898357.146289922,7339.504197239876,53.88826131820679,14.600432737317973,68.4911206394623,68.12449268549122,False,False,13.09627399314195,17.386906314641237,18.029063008725643,52.67681898549199,53.87702468782663,499
719,True,10000,500,3898357.146645788,7338.790914975107,53.499274887144566,14.59978284586766,68.49416943780375,68.13111393863657,False,False,13.096973998472095,17.38636940717697,18.031356235345203,52.67914067953825,53.87686276808381,499
720,True,10000,500,3898364.340182533,7263.318424113095,82.5325190089643,14.390352515238739,69.4910009286461,68.83905823818452,False,False,13.121986296027899,17.48989773914218,18.19364893560603,52.83384583890438,54.907173160463564,499
721,True,10000,500,3898364.341597129,7262.435422744602,81.28349110484123,14.391086035350222,69.48745894115308,68.84742801761688,False,False,13.122348813340068,17.49468194320798,18.183057112619228,52.88684889674187,55.054782219231114,499
722,True,10000,500,3898364.342085884,7261.493272148073,80.6424580514431,14.39048259338002,69.49037278708255,68.85636070445487,False,False,13.124323799274862,17.49359763537844,18.191735402991327,52.88294069468975,54.90699948742985,499
723,True,10000,500,3898364.34249539,7261.145405936986,80.30044101178646,14.390470871593585,69.49042939060277,68.85965946793755,False,False,13.124891323968768,17.49345160399874,18.199639692902515,52.89142895489931,54.93939574807881,499
724,True,10000,500,3898364.342887406,7261.003827210516,79.9630950205028,14.39086319076155,69.48853496446038,68.86100212841875,False,False,13.126765959896147,17.49935035283367,18.18074120208616,52.892552968114614,55.003680344671,499
725,True,10000,500,3898364.343273232,7259.632810950279,79.4008206576109,14.38924246551637,69.49636177140574,68.87400685690471,False,False,13.124778750352561,17.491854230562847,18.20074929234877,52.796026319265366,54.5512917265296,499
726,True,10000,500,3898364.343642168,7260.479512624443,79.25804192200303,14.391225392189257,69.48678606220311,68.86597491675384,False,False,13.123241253197193,17.49390025312702,18.18168098727857,52.91835842654109,55.06008127704261,499
727,True,10000,500,3898364.344019274,7259.782609995455,78.81104666739702,14.390724575807731,69.48920429490406,68.87258570409357,False,False,13.118039001710713,17.49911429360509,18.180779426669034,52.873390913009644,54.977572895586476,499
728,True,10000,500,3898364.34438318,7259.553472977132,78.47817102447152,14.390932468843006,69.48820044601302,68.87475956492277,False,False,13.122543809004128,17.494310314456623,18.182546642298444,52.8777371160686,55.01834578812121,499
729,True,10000,500,3898364.345279031,7258.702801074833,77.59243994951248,14.391002727706054,69.48786119502053,68.88283123066597,False,False,13.122523669153452,17.494844334820904,18.181504523381538,52.881157118827105,55.03172650933264,499
730,True,10000,500,3898364.345645748,7258.519991766661,77.28238170966506,14.391257735585164,69.48662989526669,68.88456607781613,False,False,13.124048709869385,17.493754997849464,18.183601504812586,52.927318308502436,55.07252855226396,499
731,True,10000,500,3898364.346010154,7258.066476788372,76.87989575788379,14.391155473006991,69.48712366256251,68.88887027957416,False,False,13.12194624915719,17.488078617801268,18.185090143233484,52.91160298511386,55.06834309548138,499
732,True,10000,500,3898364.34637014,7257.328774780035,76.4370709657669,14.39056453670194,69.48997709225257,68.89587278139464,False,False,13.124721241183579,17.494772374629974,18.188283306856896,52.883202861994505,54.94188513606785,499
733,True,10000,500,3898364.346724797,7257.121677044779,76.11549412831664,14.390793953740404,69.4888692878605,68.89783887482074,False,False,13.118051341734827,17.499229684472084,18.184742474307562,52.87384493276477,54.991747029125676,499
734,True,10000,500,3898364.347098903,7256.6547421738505,75.72108833119273,14.390648604895105,69.48957114134808,68.90227215773763,False,False,13.122326228767633,17.498416360467672,18.186877630650944,52.879549749195576,54.962359257042394,499
735,True,10000,500,3898364.347528688,7256.679271813482,75.4094417206943,14.391322304795166,69.48631813122562,68.90203924846294,False,False,13.124048709869385,17.49338457981745,18.183065516253258,52.93907495215535,55.085450466722236,499
736,True,10000,500,3898364.348046533,7256.710111163557,74.90251725539565,14.392399987791906,69.48111509187015,68.90174643063273,False,False,13.127251295372844,17.499809712171555,18.16143768218651,53.07927504181862,55.26551390066741,499
737,True,10000,500,3898364.39152599,7262.993717100471,64.44476312026381,14.425949807575567,69.31952580861368,68.84213582930232,False,False,13.1314363097772,17.505959731837113,18.13804544663674,53.086474537849426,55.25213690474627,499
738,True,10000,500,3898364.39246388,7261.782410088927,63.45476396381855,14.425506304859935,69.32165699190061,68.8536190929297,False,False,13.132683467119932,17.50660166144371,18.144366922012185,53.0815489590168,55.27314169332383,499
739,True,10000,500,3898364.392897436,7261.4650232717395,63.04385792464018,14.425693718130459,69.32075639060483,68.85662857255203,False,False,13.130188803188503,17.50802705064416,18.141742324611755,53.08343479409814,55.26629000902174,499
740,True,10000,500,3898364.393292702,7260.992357973009,62.6335721462965,14.425568709071568,69.32135711025012,68.86111089911418,False,False,13.132743537425995,17.50848420585195,18.143089273168357,53.08270659297705,55.269812308251836,499
741,True,10000,500,3898364.393666078,7260.319075081497,62.16368731111288,14.425161097736241,69.32331592171482,68.86749670769635,False,False,13.131443760357797,17.512523010373116,18.144884697782462,53.107697144150734,55.27842318639157,499
742,True,10000,500,3898364.394035444,7260.443723760545,61.92757887765765,14.425884057881538,69.31984175026369,68.86631437741178,False,False,13.131276005879045,17.506684393932424,18.13917450529209,53.08390101417899,55.255588721483925,499
743,True,10000,500,3898364.394397381,7259.645310696214,61.440853867679834,14.425259432522113,69.3228433552796,68.87388826879877,False,False,13.13184597529471,17.512774746865034,18.144051185032936,53.07624312117696,55.27472250163553,499
744,True,10000,500,3898364.394754217,7259.45189408958,61.15682702511549,14.42544101616125,69.32197073764819,68.87572330454927,False,False,13.13267124351114,17.503559589385986,18.145186461042577,53.08035686612129,55.285643246024826,499
745,True,10000,500,3898364.395117883,7259.0452576987445,60.78485073521733,14.425371557041137,69.32230452753171,68.87958157716591,False,False,13.132676249369979,17.49999290332198,18.14843910746273,53.079069685190916,55.29138484969733,499
746,True,10000,500,3898364.395696087,7258.74803122133,60.25893706828356,14.425829848002097,69.3201022427486,68.88240201332238,False,False,13.130941311828792,17.506782182802755,18.14038684125986,53.08267716318369,55.259324982762315,499
747,True,10000,500,3898364.396056274,7257.568192202598,59.72804082557559,14.424529361476997,69.32635200359876,68.89359999912796,False,False,13.128018705174327,17.511578276753426,18.13801737812655,53.063685446977615,55.27245562523601,499
748,True,10000,500,3898364.39640956,7257.528493180871,59.41057484596968,14.425086008687177,69.32367678069808,68.89397685035573,False,False,13.128123711794615,17.512065544724464,18.139248750327738,53.06435711681843,55.27534674853084,499
749,True,10000,500,3898364.396760537,7257.646831218153,59.1880870051682,14.425769026478928,69.32039450822138,68.8928535140746,False,False,13.130488689057529,17.50742212558786,18.14073929407941,53.08123957365751,55.26225211098788,499
750,True,10000,500,3898364.397113533,7256.969458889216,58.732771780341864,14.425324022262274,69.32253296055761,68.89928403757293,False,False,13.132123509421945,17.49938853705923,18.14303377953665,53.07701490819454,55.27121312916277,499
751,True,10000,500,3898364.39745487,7256.665951106697,58.39943513274193,14.425383799547005,69.32224569521698,68.9021657285666,False,False,13.13250360544771,17.499678923437994,18.142050618771428,53.077810537070036,55.26719745248554,499
752,True,10000,500,3898364.397852216,7256.4718830399215,58.08188812807202,14.425631252328357,69.32105656302534,68.90400845741819,False,False,13.129701255820692,17.498292277256645,18.13039739693822,53.065790981054306,55.166455805301645,499
753,True,10000,500,3898364.398453059,7256.816911045462,57.59331397712231,14.427301797732143,69.31302983882905,68.90073239121682,False,False,13.128361199051142,17.496290523558855,18.128378657468872,53.05968541651964,55.15853915363548,499
754,True,10000,500,3898364.398832696,7256.197676062584,57.19422688707709,14.426860619590196,69.31514945407476,68.90661229495528,False,False,13.131731189787388,17.500802936653297,18.131421349632205,53.06619489565492,55.18514223396776,499
755,True,10000,500,3898364.399192772,7255.936909001321,56.84061115607619,14.427046689068625,69.31425547805983,68.90908869118297,False,False,13.129218714311719,17.498941036562126,18.130989215181486,53.066918812692165,55.17308520153163,499
756,True,10000,500,3898364.399546568,7255.437375046313,56.47407518699765,14.426780160038708,69.31553603138269,68.91383305431789,False,False,13.131771236658096,17.500704309592642,18.13237789086994,53.06706475093961,55.188570395112016,499
757,True,10000,500,3898364.399902355,7255.32402517274,56.13813828676939,14.427226226224391,69.31339290863122,68.9149096946219,False,False,13.128943741321564,17.497428972274065,18.129124544405656,53.06410361081362,55.16160514205692,499
758,True,10000,500,3898364.400258231,7254.684272222221,55.75547181069851,14.426711022868782,69.31586821243113,68.92098694280493,False,False,13.13202129676938,17.503191033999126,18.141045055041673,53.068064991384745,55.19941695034502,499
759,True,10000,500,3898364.400610777,7254.28136670962,55.39558595046401,14.426624811140593,69.31628243549909,68.92481484031393,False,False,13.132388703525066,17.50254022578398,18.14171420565492,53.069478925317526,55.202252250164726,499
760,True,10000,500,3898364.486407933,7233.046463225037,56.531974114477634,14.381792563347814,69.53236153249165,69.12716550932569,False,False,13.131273444741964,17.49247203891476,17.946997346977394,53.01357787102461,55.11901794001458,499
761,True,10000,500,3898364.487085926,7232.559218071401,55.87380100041628,14.382135104350672,69.53070547206129,69.13182248832351,False,False,13.127981219440699,17.495878351231415,17.93975072602431,53.00441384315491,55.11629885062573,499
762,True,10000,500,3898364.487496942,7232.287860009819,55.49960397183895,14.38234119446489,69.5297091397647,69.13441633935754,False,False,13.126513687893748,17.494512101014454,17.94666036342581,53.007453586906195,55.11286197230218,499
763,True,10000,500,3898364.487967907,7231.7756759002805,55.02140009775758,14.382273097800647,69.53003834650596,69.1393127231861,False,False,13.126041274517775,17.494781718899805,17.944293872763712,53.00682345405221,55.11557759717105,499
764,True,10000,500,3898364.488343143,7231.514588929713,54.670752957463264,14.382452577098695,69.5291706779071,69.14180893244959,False,False,13.126161298714578,17.492258300383885,17.949466904004414,53.01001621410251,55.1105338335037,499
765,True,10000,500,3898364.48870291,7231.189020909369,54.31668600067496,14.38250968919578,69.52889458167412,69.14492188687412,False,False,13.125743716955185,17.49420166015625,17.953046907981236,53.01061160862446,55.105031207203844,499
766,True,10000,500,3898364.489075656,7230.746346060187,53.93164977431297,14.382394180933614,69.52945298395974,69.14915502082779,False,False,13.126591336913407,17.49531179666519,17.94276402021448,53.0058678239584,55.11557711288331,499
767,True,10000,500,3898364.489433082,7230.270371306688,53.533744998276234,14.382237728072969,69.5302093392658,69.15370716761146,False,False,13.127353740856051,17.49547493333618,17.94117735698819,53.00538996234536,55.114677269011715,499
