request_index,success,input_tokens,output_tokens,start_time_monotonic_s,e2e_ms,ttft_ms,tpot_ms,decode_tokens_s,e2e_tokens_s,pass_70,pass_80,itl_p50_ms,itl_p90_ms,itl_p99_ms,raw_chunk_gap_p90_ms,raw_chunk_gap_p99_ms,itl_samples
0,True,10000,500,3897889.965725878,6851.246293168515,58.24241507798433,13.613234224630322,73.4579295044162,72.97942280933,True,False,12.388172675855458,16.454804378251236,16.637968985984724,49.74889396689832,50.464979321695864,499
1,True,10000,500,3897889.966404081,6901.865294203162,78.0178401619196,13.675044998078643,73.12590197257127,72.44418409903584,True,False,12.39010994322598,16.45392294352253,16.718902590994976,49.77164976298809,51.96605742909014,499
2,True,10000,500,3897889.966842567,6901.7246048897505,77.66961306333542,13.675460905463758,73.123678018082,72.44566084913889,True,False,12.388875242322683,16.46401087443034,16.72790031569694,49.79528565891087,52.051380914635956,499
3,True,10000,500,3897889.967276693,6900.948171969503,77.13726814836264,13.67497175114457,73.12629365514425,72.45381178646093,True,False,12.388372677378356,16.452812310308218,16.718684028213165,49.76226049475372,51.95314039941877,499
4,True,10000,500,3897889.967650459,6899.9856119044125,76.6944126226008,13.673930259081786,73.13186341109441,72.46391921997049,True,False,12.39320752210915,16.448573675006628,16.715449942275825,49.720138078555465,51.727571482770145,499
5,True,10000,500,3897889.968015415,6900.590877048671,76.5047948807478,13.675523210757362,73.12334486869108,72.45756325925615,True,False,12.39138504024595,16.454280850787956,16.722202754268984,49.77115108631551,52.078153914771974,499
6,True,10000,500,3897889.968372622,6899.937592912465,76.05683896690607,13.675111731353827,73.12554512496116,72.46442352081476,True,False,12.391625088639557,16.453304638465244,16.71477709275975,49.770340137183666,51.97653010953218,499
7,True,10000,500,3897889.968720498,6899.633766151965,75.75043197721243,13.675116902153812,73.12551747491835,72.46761450627805,True,False,12.391115189529955,16.458179739614327,16.728852391242924,49.77091602049768,51.97562277317047,499
8,True,10000,500,3897889.969106455,6899.541825987399,75.4211749881506,13.67559248697244,73.12297444901301,72.46858017683581,True,False,12.392487726174295,16.464335564523935,16.783655037482525,49.80303216725588,52.01747236773371,499
9,True,10000,500,3897889.969452371,6898.669695015997,74.94344003498554,13.674802114190403,73.12720079234606,72.47774166680705,True,False,12.400072417221963,16.450045630335808,16.717493894199475,49.74123202264309,52.02969520352781,499
10,True,10000,500,3897889.969791598,6898.386387620121,74.61394276469946,13.67489467906898,73.12670579690946,72.48071822959967,True,False,12.391942669637501,16.452027515818674,16.718134935945216,49.77281326428056,51.94368398748338,499
11,True,10000,500,3897889.970133944,6898.391838185489,74.37020586803555,13.675394052740389,73.12403548617392,72.48066096105045,True,False,12.389970012009144,16.46153690914313,16.728156475971083,49.79440709576011,52.03721122816205,499
12,True,10000,500,3897889.970476581,6898.215339984745,74.05912922695279,13.67566374901361,73.12259341504557,72.4825154561072,True,False,12.395477504469454,16.46743544066946,16.785098354642535,49.81192755512893,52.0286452025175,499
13,True,10000,500,3897889.970814448,6896.959412377328,73.57170293107629,13.674123666224954,73.13082903221046,72.4957144307239,True,False,12.392217759042978,16.449351639797293,16.705644602576832,49.73766505718231,51.99467855039984,499
14,True,10000,500,3897889.971194624,6897.205649875104,73.28510610386729,13.675191470483442,73.12511873478348,72.49312625745095,True,False,12.393885292112827,16.456712285677593,16.72866328619415,49.783464102074504,51.99169557541609,499
15,True,10000,500,3897889.971533311,6896.909841801971,72.95437902212143,13.675261448456613,73.12474454467265,72.49623548353705,True,False,12.393899960443377,16.45833362514774,16.728531215339842,49.788242345675826,52.00735975522548,499
16,True,10000,500,3897889.971868327,6896.618606057018,72.62766314670444,13.675332550922473,73.1243643455343,72.49929691064408,True,False,12.409207527525723,16.51997234051426,16.827061126629456,49.89878926426172,52.07664011511951,499
17,True,10000,500,3897889.972212024,6897.152000106871,72.42083502933383,13.676815962079232,73.11643315027645,72.49369014808613,True,False,12.405407498590648,16.49398235604167,16.792976198097012,49.884666968137026,52.360595827922225,499
18,True,10000,500,3897889.972547181,6896.629445254803,72.05436797812581,13.676503160875104,73.11810542776301,72.4991829659665,True,False,12.41045247297734,16.48432593792677,16.79136864220097,49.87077112309635,52.31161953415722,499
19,True,10000,500,3897889.972920067,6898.278338834643,71.78947096690536,13.680338412560596,73.09760693360118,72.48185350614125,True,False,12.412842479534447,16.523572926719982,16.845363508909887,49.88407208584249,53.26864607166499,499
20,True,10000,500,3897889.973260334,6896.061490755528,71.36506494134665,13.676746344316998,73.11680532961869,72.5051539447947,True,False,12.40893010981381,16.486964498956997,16.792690772563162,49.87608650699258,52.35766177531332,499
21,True,10000,500,3897889.9735945,6895.917573012412,71.06041861698031,13.677068445682227,73.11508339462134,72.50666712676208,True,False,12.401384999975562,16.502631052086752,16.805959862346395,49.88498957827687,52.43528903461993,499
22,True,10000,500,3897889.973929657,6897.225839085877,70.76788088306785,13.680276469344307,73.09793791381833,72.49291405923681,True,False,12.413350050337613,16.524941318978865,16.84044633371129,49.8845087364316,53.247803235426545,499
23,True,10000,500,3897889.974270884,6895.3228779137135,70.39875397458673,13.677202653184622,73.11436595312554,72.51292054815028,True,False,12.40487745963037,16.509853738049667,16.816034140065256,49.89790888503194,52.47909175232053,499
24,True,10000,500,3897889.97463601,6894.768523983657,70.00443898141384,13.676881933872231,73.11608046592808,72.51875073988853,True,False,12.40192772820592,16.496344314267237,16.793363144000313,49.8884710483253,52.3805384663865,499
25,True,10000,500,3897889.974981117,6896.129900123924,69.70951100811362,13.680201180592805,73.09834020706025,72.50443469619314,True,False,12.412874726578593,16.52191998437047,16.83555150094126,49.88621585071087,53.22697322815657,499
26,True,10000,500,3897889.975321183,6895.742934197187,69.36241500079632,13.680121280954692,73.09876714267062,72.50850340148457,True,False,12.411965057253838,16.522839634368818,16.830802233889642,49.89880151115358,53.21854579728097,499
27,True,10000,500,3897889.97565718,6893.811643123627,68.98996885865927,13.676997343216367,73.11546349725573,72.52881655081703,True,False,12.398445047438145,16.49953465287884,16.79351549285148,49.88798825070262,52.41184204351157,499
28,True,10000,500,3897889.975989896,6893.240189179778,68.61950317397714,13.67659456113387,73.11761678172422,72.53482923529097,True,False,12.415314908139408,16.489449298630156,16.79203999539211,49.87023202702403,52.329289615154266,499
29,True,10000,500,3897889.976329083,6893.224198836833,68.3335647918284,13.677135539168347,73.11472472698813,72.5349974957104,True,False,12.40514509845525,16.50651196638743,16.811234947914823,49.89434918388724,52.45891621336341,499
30,True,10000,500,3897889.97669192,6892.583965323865,67.92605901136994,13.676669150926845,73.11721801300075,72.5417350757665,True,False,12.412334908731282,16.495107921461265,16.792502636089868,49.86993707716465,52.342693884857,499
31,True,10000,500,3897889.977030576,6893.966761883348,67.64641171321273,13.680000701743758,73.09941145489358,72.5271846050221,True,False,12.40573509130627,16.515059644977253,16.820731979484304,49.899711878970265,53.18670629058033,499
32,True,10000,500,3897889.977360283,6945.805789902806,85.77131293714046,13.747564082095524,72.7401592040858,71.98588833664994,True,False,12.417887570336461,16.52519715329011,22.815229720436037,49.87481371499598,53.41671653091907,499
33,True,10000,500,3897889.9776964,6945.203495677561,85.38654679432511,13.74712815407462,72.74246582938868,71.99213101692148,True,False,12.411460047587752,16.530306699375313,22.81706198118627,49.873829958960414,56.72895141877231,499
34,True,10000,500,3897889.978032656,6944.782559759915,85.04192112013698,13.746975227735025,72.74327504296825,71.99649459108268,True,False,12.41168996784836,16.53016669054826,22.817471995949745,49.874510848894715,56.72077367082235,499
35,True,10000,500,3897889.978392023,6944.711880758405,84.73155274987221,13.747455567151368,72.740733375377,71.9972273270748,True,False,12.417937512509525,16.527126698444288,22.81564229633659,49.872327176854014,56.75508806947616,499
36,True,10000,500,3897889.978726749,6944.498713128269,84.41239735111594,13.747667967489285,72.73960953703688,71.99943734668307,True,False,12.41709222085774,16.52458030730486,22.815167205408216,49.869731068611145,56.75877191592005,499
37,True,10000,500,3897889.979064096,6943.374653812498,83.98902090266347,13.74626379340648,72.74703985236039,72.01109329819296,True,False,12.412292533554137,16.531193318466347,22.821037215180695,49.87308452837169,56.706866365857394,499
38,True,10000,500,3897889.979400923,6943.559552077204,83.70742294937372,13.747198655566795,72.74209277502946,72.00917573327678,True,False,12.411067495122552,16.52910669023792,22.81603473238647,49.873437732458115,56.73567815218118,499
39,True,10000,500,3897889.97973172,6943.300554063171,83.38408591225743,13.747327591484797,72.74141052835664,72.01186180935282,True,False,12.410507188178599,16.528040015449125,22.815949749201536,49.87272182479501,56.746572721749516,499
40,True,10000,500,3897896.81815024,6977.9443820007145,58.699159882962704,13.866222890015534,72.11769260683504,71.65434010762925,True,False,12.45378702878952,16.56903636952241,20.37956123240292,49.921360705047846,50.12756041251123,499
41,True,10000,500,3897896.8697469,6977.94963279739,78.10942875221372,13.827335078246847,72.32051543852432,71.65428618887222,True,False,12.45492440648377,16.56993633757035,16.72654179856181,49.95266078040004,50.94635888934136,499
42,True,10000,500,3897896.870275195,6977.118540555239,77.44366489350796,13.827003758841144,72.32224836567276,71.66282142028936,True,False,12.456602067686617,16.55670969436566,16.724388270328443,49.90568906068802,51.061932556331165,499
43,True,10000,500,3897896.871262995,6975.722624920309,76.39369601383805,13.82631047877048,72.32587475418288,71.67716190632107,True,False,12.444157269783318,16.544336608300608,16.746868068973225,49.88304004073143,50.88546628132463,499
44,True,10000,500,3897896.871655851,6975.872613955289,76.1585789732635,13.827082234432917,72.3218379008225,71.67562076746441,True,False,12.453949777409434,16.567350054780643,16.720375046133995,49.92983676493168,51.098934030160315,499
45,True,10000,500,3897896.872016898,6975.87646311149,75.89215133339167,13.827623871298794,72.31900500820265,71.67558121821759,True,False,12.457934557460248,16.57277625054121,16.72506829102834,49.9675408937037,51.01282604038716,499
46,True,10000,500,3897896.872380834,6975.47307703644,75.51688514649868,13.827567518817519,72.31929973504958,71.67972616022584,True,False,12.457987060770392,16.571880007783573,16.726554681857426,49.95948299765587,51.000647591426976,499
47,True,10000,500,3897896.872731481,6974.753853864968,75.07202867418528,13.827017685753072,72.32217552092733,71.68711763540324,True,False,12.45394698344171,16.566669568419456,16.720141749829054,49.930641148239374,51.08597638085485,499
48,True,10000,500,3897896.873086417,6974.569675978273,74.7600020840764,13.827273895579552,72.3208354410113,71.68901068148962,True,False,12.4545720173046,16.569470055401325,16.72592495257656,49.9526372179389,50.93623161315919,499
49,True,10000,500,3897896.873430054,6974.385717883706,74.457214679569,13.827512030469212,72.3195899447767,71.69090156827733,True,False,12.45828450191766,16.570326406508684,16.72629453241825,49.9518190510571,50.9913181513548,499
50,True,10000,500,3897896.874055418,6973.28145802021,73.65142274647951,13.82691389834415,72.32271838474061,71.70225424142788,True,False,12.444662279449403,16.547572954247396,16.74338135247429,49.8923278413713,51.084154294803746,499
51,True,10000,500,3897896.874417244,6973.319687880576,73.44947522506118,13.827395215742513,72.32020090533742,71.70186114785263,True,False,12.457896955311298,16.57089963555336,16.726361742864054,49.95663296431303,50.95635288394988,499
52,True,10000,500,3897896.874764931,6972.676034085453,72.9658892378211,13.827074438572408,72.32187867669035,71.70848000907887,True,False,12.454031966626644,16.56514297549923,16.7208017470936,49.91224780678749,51.07320069335402,499
53,True,10000,500,3897896.875114797,6972.819454036653,72.80503073707223,13.82768421502922,72.31868940954745,71.70700507820315,True,False,12.45564199052751,16.577932983636856,16.725135035812855,49.97109202668071,51.03442009538413,499
54,True,10000,500,3897896.875461464,6972.109550144523,72.36443506553769,13.827144519196365,72.32151212505879,71.7143063234908,True,False,12.453926960006356,16.567580091456573,16.72047469764948,49.94598086923361,51.112470049411066,499
55,True,10000,500,3897896.87580867,6971.806143876165,72.02754868194461,13.827211613615672,72.32116119603599,71.71742726082331,True,False,12.454279465600848,16.568093094974756,16.72054175287485,49.94703242555261,51.1260445509106,499
56,True,10000,500,3897896.876160877,6971.615065354854,71.71618239954114,13.827452671253132,72.31990040211605,71.71939289716795,True,False,12.468354543671012,16.599385999143124,16.78599774216612,50.05268733948469,50.78191997483373,499
57,True,10000,500,3897896.877339335,6978.057921864092,70.71523182094097,13.842370120326956,72.2419637177264,71.65317422106348,True,False,12.464822037145495,16.59099959457914,16.773557600875694,50.04825806245208,55.54940372705463,499
58,True,10000,500,3897896.877726481,6978.014352265745,70.42272528633475,13.842868991942707,72.23936024981914,71.65362161194912,True,False,12.469246750697494,16.605942665288847,16.781647689640522,50.043356232345104,55.63692515715961,499
59,True,10000,500,3897896.878085768,6977.142600342631,69.93712903931737,13.842095132872373,72.24339887862698,71.6625743001793,True,False,12.464502011425793,16.588149437059958,16.747394266227882,50.05167406052351,55.45615862123672,499
60,True,10000,500,3897896.878434894,6977.381738834083,69.73192188888788,13.842985605100592,72.23875170624605,71.66011818117174,True,False,12.469142093323171,16.605022673805554,16.78612098718683,50.04417123273015,55.66481663845484,499
61,True,10000,500,3897896.878777741,6976.9238429144025,69.36079496517777,13.842811719337123,72.23965912958947,71.66482123891721,True,False,12.468997039832175,16.60445270438989,16.782590964188177,50.04316587001085,55.62511738389735,499
62,True,10000,500,3897896.879131028,6976.159269921482,68.90390906482935,13.842195111937178,72.24287708079075,71.6726755588577,True,False,12.468096800148487,16.59030296529333,16.7646543122828,50.05871318280697,55.500151384621894,499
63,True,10000,500,3897896.879475964,6976.303599309176,68.6804922297597,13.842932078315464,72.23903103349542,71.67119275736684,True,False,12.469176785089076,16.60513924434781,16.78192103281617,50.04345001652837,55.648396853357596,499
64,True,10000,500,3897896.87990703,6975.757393985987,68.22195602580905,13.842756388697751,72.23994787746709,71.67680464791755,True,False,12.468956992961466,16.60496260349949,16.783317706237238,50.042878184467554,55.614556549117005,499
65,True,10000,500,3897896.880264127,6975.363787729293,67.85352993756533,13.842705927438333,72.24021121606354,71.68084923105727,True,False,12.465089443139732,16.60533606385191,16.78433734923601,50.043428130447865,55.60477048158649,499
66,True,10000,500,3897896.880612113,6974.901702720672,67.47258407995105,13.8425433239293,72.24105979652757,71.68559806440958,True,False,12.468344531953335,16.595296406497557,16.78575420131286,50.06515011191368,55.59319799765948,499
67,True,10000,500,3897896.881187527,6974.168899934739,66.85629999265075,13.842309819523223,72.24227842304164,71.69313034628094,True,False,12.46832951437682,16.590849341203768,16.768874290088814,50.04842188209295,55.53244619630281,499
68,True,10000,500,3897896.881556274,6973.920372314751,66.5180729702115,13.842489577844768,72.24134028610891,71.69568525400905,True,False,12.46558700222522,16.59178299208482,16.78214765464266,50.07914379239082,55.579687580466306,499
69,True,10000,500,3897896.88190911,6973.642754834145,66.18585670366883,13.842598994249451,72.24076926705918,71.69853942595479,True,False,12.468546978197992,16.603926351914804,16.785490947465103,50.043645687401295,55.58851411566142,499
70,True,10000,500,3897896.882256987,6973.181088920683,65.80724008381367,13.842432562799337,72.24163783809479,71.70328629417403,True,False,12.464944506064057,16.59182629858454,16.77769764016072,50.07851803675294,55.564911020919716,499
71,True,10000,500,3897896.882599853,6972.989472094923,65.50577422603965,13.842652701140047,72.2404889864529,71.7052566909703,True,False,12.468544184230268,16.60504937171936,16.78474759683013,50.04411181434989,55.59325352311138,499
72,True,10000,500,3897896.923669158,6977.788453921676,42.776558082550764,13.897819430539329,71.95373382119077,71.65594132034609,True,False,12.465092004276812,16.592292580753565,16.78561108807723,50.046622194349766,55.31504753977064,499
73,True,10000,500,3897896.924635748,6976.8904033117,41.81840689852834,13.897939872571484,71.95311025726676,71.6651647219034,True,False,12.468364206142724,16.59226603806019,16.789224309225876,50.04717018455267,55.818528952077074,499
74,True,10000,500,3897896.925171693,6976.4736872166395,41.31256230175495,13.898118486803376,71.95218553860552,71.66944539849356,True,False,12.469384470023215,16.59357299407323,16.789621052642662,50.049971882253885,55.85258448496465,499
75,True,10000,500,3897896.925589359,6976.1652098968625,40.90914595872164,13.898308745367016,71.95120056124446,71.67261453193024,True,False,12.469289475120604,16.594539396464825,16.785661069055397,50.048699881881475,55.81526658497755,499
76,True,10000,500,3897896.925973405,6975.831473711878,40.53147975355387,13.898396781479606,71.95074480335431,71.67604347728705,True,False,12.468224507756531,16.594872654726107,16.785444381336372,50.04858514294028,55.78177575953309,499
77,True,10000,500,3897896.926348051,6975.355858914554,40.14366399496794,13.898220831502178,71.95165569202686,71.68093070993596,True,False,12.469374458305538,16.59429290642341,16.786010935902596,50.050886161625385,55.81580170430247,499
78,True,10000,500,3897896.926705998,6974.882943090051,39.75555719807744,13.89805087353101,71.95253558213051,71.68579086984465,True,False,12.468877015635371,16.59274271999796,16.789774255206186,50.049389246851206,55.81733297556643,499
79,True,10000,500,3897896.927065644,6974.097711034119,39.35598209500313,13.897278013906044,71.95653702828491,71.69386216211473,True,False,12.4644769821316,16.592799220234156,16.782253980636597,50.04638973623514,55.818351386115,499
80,True,10000,500,3897903.797245141,7035.5763039551675,59.008816722780466,13.98109716880238,71.52514483851913,71.06738359427878,True,False,12.398972525261343,16.4867773031195,16.888199135040182,49.69214973971248,50.31481310725212,499
81,True,10000,500,3897903.848217778,7035.917030181736,79.32493602856994,13.941066320948229,71.73052455086399,71.06394203558213,True,False,12.404310051351786,16.49052171657483,16.870964051534685,49.7313691303134,50.845915451645844,499
82,True,10000,500,3897903.849095509,7035.120018292218,78.4651949070394,13.941192030832022,71.72987774563487,71.07199290132017,True,False,12.40308745764196,16.492827236652374,16.869562460730425,49.76042918860912,50.8655397221446,499
83,True,10000,500,3897903.849506935,7034.790030680597,78.07178888469934,13.941319121835466,71.72922384609639,71.07532674313896,True,False,12.410117429681122,16.494074370712042,16.85866236376261,49.78991812095046,50.87631316855549,499
84,True,10000,500,3897903.849886941,7033.447385299951,77.47079525142908,13.93983284578862,71.73687167289894,71.08889462157778,True,False,12.374675483442843,16.474617924541235,16.877730628475497,49.64196030050516,50.8946212939918,499
85,True,10000,500,3897903.850251478,7033.8415200822055,77.28119706735015,13.941002651332376,71.73085214960687,71.08491122133734,True,False,12.399832485243678,16.4896399093171,16.87076888357595,49.71507890149951,50.84007959812879,499
86,True,10000,500,3897903.850620454,7033.1547469832,76.79331162944436,13.940604078865244,71.7329029891938,71.0918525167486,True,False,12.390197720378637,16.481250648697216,16.879130372156652,49.70671935006976,50.9329249151051,499
87,True,10000,500,3897903.850972041,7032.9764490015805,76.53662376105785,13.940761172826699,71.73209465414254,71.09365481679968,True,False,12.399835046380758,16.488997731357813,16.871525996054164,49.69040909782052,50.90216174721717,499
88,True,10000,500,3897903.851328327,7032.3831853456795,76.07331918552518,13.940500733787884,71.73343476653453,71.09965239691675,True,False,12.37471029162407,16.47355407476425,16.877672423918995,49.643858801573515,51.0913954116404,499
89,True,10000,500,3897903.851679983,7032.65696298331,75.91587072238326,13.941364914350554,71.72898824064559,71.09688452483482,True,False,12.413754942826927,16.49199395130078,16.852308309947404,49.79553818702698,50.880469847470515,499
90,True,10000,500,3897903.852474446,7031.781901139766,75.09544817730784,13.941255416758432,71.72955161541084,71.10573209316348,True,False,12.406907510012388,16.492337298889954,16.864676053325287,49.77262765169144,50.871649850159876,499
91,True,10000,500,3897903.852828172,7031.347895041108,74.72410192713141,13.941129845919793,71.73019769934028,71.11012105554148,True,False,12.400122475810349,16.49104378496607,16.871071147421947,49.745548982173204,50.856700446456664,499
92,True,10000,500,3897903.853182339,7030.684380792081,74.30794602259994,13.940634137814591,71.73274831791586,71.11683200656914,True,False,12.40010024048388,16.486615656564634,16.871459971492442,49.68977905809879,50.91441003605723,499
93,True,10000,500,3897903.853534515,7030.287705827504,73.94608994945884,13.940564360477044,71.73310736508662,71.12084468257864,True,False,12.39614502992481,16.484645288437605,16.87169633805747,49.68971014022827,50.91792941093444,499
94,True,10000,500,3897903.853879962,7030.028128065169,73.61980294808745,13.940698046326817,71.73241947260212,71.1234707588022,True,False,12.399845290929079,16.486731295784317,16.871322523802473,49.691158812493086,50.91088460758328,499
95,True,10000,500,3897903.854230998,7029.82092089951,73.29289708286524,13.94093792348025,71.73118519635138,71.12556715541793,True,False,12.399279978126287,16.489486551533144,16.871192529797504,49.69129012897611,50.94118537381291,499
96,True,10000,500,3897903.854641774,7029.348284937441,72.8743807412684,13.940829467327,71.73174324696326,71.1303494623257,True,False,12.419819715432823,16.516537715991337,16.80880029996231,49.843148328363895,50.50901481881738,499
97,True,10000,500,3897903.857269258,7034.926930442452,70.48660423606634,13.956794240894562,71.64969137897852,71.07394361643401,True,False,12.419882463291287,16.51046176751455,16.804725136607836,49.85931841656566,55.192301236093,499
98,True,10000,500,3897903.857666884,7034.074518829584,69.96911996975541,13.95612304380727,71.6531372545994,71.08255658388961,True,False,12.415257515385747,16.510027615974348,16.807398709158054,49.87595696002245,55.18795158714052,499
99,True,10000,500,3897903.858038531,7034.233535639942,69.74282069131732,13.956895220337925,71.64917298675456,71.08094968224741,True,False,12.419447186402977,16.51072697713971,16.80408957103883,49.86169841140509,55.18302675336595,499
100,True,10000,500,3897903.858390937,7033.4966839291155,69.3047558888793,13.95629644897843,71.65224697367314,71.0883963509151,True,False,12.423229985870421,16.512530980010826,16.807015435770104,49.84255786985159,55.187653005123096,499
101,True,10000,500,3897903.858742434,7033.416395075619,69.00712801143527,13.956731998124617,71.65001091475936,71.08920784927085,True,False,12.419885024428368,16.513924735287826,16.805053617184313,49.85664784908295,55.193437729030805,499
102,True,10000,500,3897903.8590997,7032.90920984,68.62033298239112,13.956490735185588,71.65124951352625,71.09433451812967,True,False,12.421269784681499,16.512403606126707,16.80573159828777,49.85437775030732,55.18279243260618,499
103,True,10000,500,3897903.859444447,7032.639401964843,68.29030625522137,13.956611414247739,71.65062996445832,71.09706205899103,True,False,12.4206772306934,16.513556924959023,16.805407690505138,49.85221801325679,55.1952568814158,499
104,True,10000,500,3897903.859787053,7032.333035953343,67.95421987771988,13.956670974099444,71.65032419663567,71.10015942699408,True,False,12.42031471338123,16.513615443060793,16.805528498565106,49.85222779214382,55.19493082538243,499
105,True,10000,500,3897903.860250949,7031.983478926122,67.52188317477703,13.956836865233155,71.64947256000578,71.10369378688539,True,False,12.41968001704663,16.50979984551668,16.80442023401454,49.86010817810893,55.1851417869329,499
106,True,10000,500,3897903.860597555,7031.369474716485,67.11438810452819,13.956423019262438,71.65159716209631,71.1099028145098,True,False,12.421512277796865,16.518698974202074,16.80584570703402,49.842326901853085,55.183925107121425,499
107,True,10000,500,3897903.860939292,7030.844900291413,66.70497125014663,13.956192242567669,71.65278197801747,71.11520835558129,True,False,12.418689904734492,16.51379093527794,16.807596966003327,49.844007939100266,55.19695170223709,499
108,True,10000,500,3897903.861285239,7030.542032793164,66.36692397296429,13.956262743126652,71.65242002143388,71.11827191528147,True,False,12.422814965248108,16.517339615772165,16.807655437538973,49.843238200992346,55.19685298204418,499
109,True,10000,500,3897903.861628085,7030.299906153232,66.07538787648082,13.956361760073648,71.65191166517333,71.12072126003866,True,False,12.422294705174863,16.513402853161097,16.806813127671628,49.842477310448885,55.18563501536842,499
110,True,10000,500,3897903.861969092,7030.079588294029,65.7588210888207,13.956554643697814,71.65092141501825,71.12295013452808,True,False,12.420879676938057,16.5129496405522,16.805614968761752,49.84261794015765,55.180973093956666,499
111,True,10000,500,3897903.863444207,7028.234266210347,64.18315740302205,13.956014246106864,71.65369584506963,71.14162406393463,True,False,12.411259696818888,16.508117597550154,16.80656555419162,49.875077325850725,55.165977030992465,499
112,True,10000,500,3897903.902048066,7035.855131223798,43.71293913573027,14.012309002180496,71.36582556410846,71.06456723093889,True,False,12.428229791112244,16.508061376710735,16.86581410079563,49.84655790030956,54.993799701333,499
113,True,10000,500,3897903.902782009,7034.521583933383,42.95104602351785,14.01116340262498,71.37166067256419,71.07803907261918,True,False,12.427307199686766,16.507641101876896,16.866301522434895,49.84527686610818,55.46202398836608,499
114,True,10000,500,3897903.903208445,7034.852450247854,42.57917916402221,14.012571685538742,71.36448772155224,71.07469609862021,True,False,12.428587418980896,16.50733044371009,16.864391381386564,49.844896886497736,55.45062031596894,499
115,True,10000,500,3897903.903575871,7034.403475001454,42.19131264835596,14.012449223152501,71.36511141447843,71.07923248600645,True,False,12.428719666786492,16.508071062465508,16.865384663299864,49.845978152006865,55.44987879693503,499
116,True,10000,500,3897903.903930158,7034.274406265467,41.8733861297369,14.012827695662786,71.36318391394461,71.08053668686101,True,False,12.429369729943573,16.50560029471914,16.860727868042783,49.839927814900875,55.454466212540815,499
117,True,10000,500,3897903.904289234,7033.8435508310795,41.50675982236862,14.012698979977376,71.36383943085421,71.08489069833274,True,False,12.429137248545885,16.506545276691515,16.86272299693266,49.84260676428676,55.4522361606359,499
118,True,10000,500,3897903.904638901,7033.179737161845,41.115574073046446,14.012152631440477,71.36662198185019,71.0915999143467,True,False,12.427979847416282,16.508052746454876,16.86613390843063,49.84644800424576,55.4604403674602,499
119,True,10000,500,3897903.904987947,7033.284805715084,40.82255670800805,14.012950398811775,71.3625590285965,71.09053789400247,True,False,12.42961478419602,16.505457709232964,16.85905534153173,49.83857786282897,55.4565704427659,499
120,True,10000,500,3897910.834137671,6934.467721730471,58.59124194830656,13.779311582729788,72.57256605281671,72.10358747985157,True,False,12.391482712700963,16.428387568642695,20.175323239527643,49.66531805694103,51.138643901795156,499
121,True,10000,500,3897910.884654273,6934.976526070386,78.2630373723805,13.740908794985982,72.77539025401997,72.09829739442802,True,False,12.375665246509016,16.432627569884062,16.98075234889984,49.616822227835655,51.259582536295056,499
122,True,10000,500,3897910.885538884,6935.051695909351,77.58173393085599,13.742424773503998,72.76736212724585,72.09751591252386,True,False,12.391347438097,16.42979805668195,17.10345425332586,49.685014970600605,51.754198083654046,499
123,True,10000,500,3897910.88597633,6934.567931108177,77.13518803939223,13.74235018651059,72.76775707415709,72.10254553236422,True,False,12.391275260597467,16.429297626018524,17.09604791055123,49.68050308525562,51.73225794918835,499
124,True,10000,500,3897910.886368176,6934.272193815559,76.76262222230434,13.742504151489488,72.76694181617653,72.10562060801895,True,False,12.394245248287916,16.43075126533707,17.16272036234538,49.71629297360778,51.63378583267331,499
125,True,10000,500,3897910.886732052,6933.390142861754,76.22826704755425,13.741807366361122,72.77063149989444,72.11479372969848,True,False,12.37646269146353,16.42946107313037,17.035102006047964,49.63887631893158,51.509380489587784,499
126,True,10000,500,3897910.887094389,6933.35728161037,75.99420892074704,13.74221056651227,72.7684963900096,72.11513552405134,True,False,12.385755311697721,16.42810134217143,17.075911319504183,49.66147178784013,51.68155085295439,499
127,True,10000,500,3897910.887447685,6933.333112858236,75.74093202129006,13.742669701076043,72.76606523706967,72.11538690860293,True,False,12.404137523844838,16.42831787467003,17.191473705073196,49.747597239911556,51.70454473234713,499
128,True,10000,500,3897910.887800472,6932.697009295225,75.29910607263446,13.742280367179541,72.76812677961973,72.12200379298413,True,False,12.387127499096096,16.428314770261448,17.08606133858363,49.66907575726509,51.70662570744753,499
129,True,10000,500,3897910.888159688,6932.573800906539,75.01767901703715,13.742597438656317,72.76644786138588,72.12328557319036,True,False,12.400815263390541,16.428257804363966,17.182403709739447,49.74634442478418,51.679877415299416,499
130,True,10000,500,3897910.888900241,6931.459371000528,74.16628720238805,13.742070308212705,72.76923910092118,72.13488144962278,True,False,12.385882786475122,16.42511102060477,17.06597146888574,49.639619421213865,51.628251960501075,499
131,True,10000,500,3897910.889259777,6931.568901054561,73.94092017784715,13.742741444642713,72.7656853640237,72.13374160126008,True,False,12.405609944835305,16.428448104610045,17.20159330094854,49.74867673590779,51.72570406459272,499
132,True,10000,500,3897910.889625884,6931.060914881527,73.51614395156503,13.742574691242408,72.76656830813951,72.13902837391907,True,False,12.39766029175371,16.428207668165367,17.172373986492556,49.7321049682796,51.655367854982615,499
133,True,10000,500,3897910.88998897,6930.26628298685,73.05105915293097,13.741914276220278,72.7700653562111,72.14729991363433,True,False,12.382892775349319,16.419201313207548,17.043798385808866,49.64221380650997,51.56885634176433,499
134,True,10000,500,3897910.890341707,6929.859227035195,72.63210183009505,13.741938126663525,72.76993905682757,72.15153780460203,True,False,12.380272732116282,16.427628075083096,17.046621690193813,49.63017012923956,51.554944878444076,499
135,True,10000,500,3897910.890690893,6929.620880167931,72.36297614872456,13.741999807653722,72.76961242882871,72.15401948336935,True,False,12.385080219246447,16.419544350355864,17.055274918675423,49.64214600622654,51.6014015302062,499
136,True,10000,500,3897910.891096929,6929.309512954205,71.9810388982296,13.742141230573099,72.76886354327594,72.1572617106019,True,False,12.410677503794432,16.41793471450607,17.03741168603301,49.85625194385648,51.53084896504879,499
137,True,10000,500,3897910.893787682,6935.659911017865,69.49636386707425,13.759846787877336,72.67522781438362,72.0911933997382,True,False,12.41185748949647,16.420180909335613,17.241896285365026,49.824870098382235,56.80541712790731,499
138,True,10000,500,3897910.894196948,6935.587461106479,69.15624812245369,13.760383192352757,72.672394803347,72.09194647229374,True,False,12.411677511408925,16.418741084635258,17.350055743008852,49.79867618530989,56.922220624983346,499
139,True,10000,500,3897910.894571485,6935.344692785293,68.83670017123222,13.760537059346815,72.67158219822184,72.09447001533182,True,False,12.415505014359951,16.419847961515188,17.370938323438168,49.80375813320279,56.924376981332934,499
140,True,10000,500,3897910.894935351,6934.390462934971,68.3282851241529,13.759643642907452,72.67630077872403,72.10439081452816,True,False,12.408609967678785,16.422031292070944,17.22676958888769,49.80167802423239,56.76771845668558,499
141,True,10000,500,3897910.895298368,6934.708799235523,68.12761723995209,13.76068373145405,72.67080760777961,72.10108087813573,True,False,12.41471990942955,16.420891353239615,17.38152528802554,49.819494131952524,56.933817416429555,499
142,True,10000,500,3897910.895649324,6934.224023949355,67.74849072098732,13.760472010477692,72.67192573325725,72.10612150301243,True,False,12.412014999426901,16.419381368905306,17.364708706736565,49.79733256623149,56.9194699916989,499
143,True,10000,500,3897910.895996571,6933.399442117661,67.2774650156498,13.759763481166356,72.67566781716471,72.11469700745894,True,False,12.408729991875589,16.41925796866417,17.233633281042177,49.80790000408888,56.77417948842052,499
144,True,10000,500,3897910.896355037,6933.60291980207,67.06199795007706,13.760603049803594,72.67123369380771,72.11258068615693,True,False,12.415497563779354,16.420164611190557,17.37648838510116,49.810849875211716,56.92956942133609,499
145,True,10000,500,3897910.896817503,6932.841166853905,66.50764308869839,13.760187422375163,72.6734287335302,72.12050412903055,True,False,12.411307543516159,16.41809769595663,17.278975962350767,49.856421910226345,56.846608472988045,499
146,True,10000,500,3897910.897168849,6932.661729864776,66.218385938555,13.760407502858158,72.67226641306162,72.12237081265361,True,False,12.411914998665452,16.41913130879402,17.35790865495801,49.7976609505713,56.91415464505557,499
147,True,10000,500,3897910.897516016,6931.981496047229,65.77799003571272,13.759926865754542,72.67480487042282,72.12944816501764,True,False,12.411980074830353,16.417031331608694,17.249536390105884,49.81154194101691,56.81314725428823,499
148,True,10000,500,3897910.897859272,6931.72991881147,65.45477407053113,13.760070430342562,72.67404662369192,72.13206600030531,True,False,12.411222560331225,16.418104370435078,17.271609666446846,49.856857769191265,56.840300578624046,499
149,True,10000,500,3897910.898206989,6931.49626115337,65.12754736468196,13.760257943464305,72.67305628343755,72.13449754018943,True,False,12.411374947987497,16.418277751654387,17.28572277352214,49.849762208759785,56.85259500518445,499
150,True,10000,500,3897910.898549756,6930.993636138737,64.75517014041543,13.759996925848341,72.67443484100541,72.13972862317479,True,False,12.408642447553575,16.41743800913294,17.256086381773155,49.856877978891134,56.81913807056848,499
151,True,10000,500,3897910.898940172,6930.803157854825,64.40455373376608,13.760317843929979,72.67273992810603,72.1417112291437,True,False,12.411532457917929,16.418287996202707,17.29180912176768,49.804642144590616,56.85739438980821,499
152,True,10000,500,3897910.938743979,6976.140529848635,42.68455784767866,13.894701346695303,71.96988082351541,71.6728680938497,True,False,12.420342536643147,16.435978313287098,20.03772711303701,49.802120961248875,56.52035268023597,499
153,True,10000,500,3897910.939805258,6973.897072952241,41.55131010338664,13.892476478655018,71.98140673741229,71.6959247848974,True,False,12.420302256941795,16.43123772616188,20.32761356094848,49.799894355237484,57.25706587079899,499
154,True,10000,500,3897910.940358373,6974.429246969521,41.0584039054811,13.894530747623326,71.97076448019311,71.69045412816489,True,False,12.420357204973698,16.435796612252794,20.329379251537183,49.801991786807775,57.092754561453916,499
155,True,10000,500,3897910.940794048,6973.8833932206035,40.616198908537626,13.89432303469352,71.97184040582931,71.6960654211764,True,False,12.420564773492515,16.43112823367119,20.329596662583405,49.802483012899756,57.10827589500681,499
156,True,10000,500,3897910.941192004,6973.077850881964,40.18462402746081,13.893573600910827,71.97572264161343,71.70434787799756,True,False,12.420124839991331,16.43130568166574,20.32898825127627,49.8032228089869,57.16113015543655,499
157,True,10000,500,3897910.941582201,6973.2595779933035,39.840565994381905,13.894627278554953,71.97026447362181,71.70247922190286,True,False,12.42038980126381,16.4359279597799,20.329123410241017,49.801763286814094,57.075816844589866,499
158,True,10000,500,3897910.941956007,6972.457627300173,39.42766087129712,13.89384762811398,71.97430307041196,71.71072622116552,True,False,12.420612503774464,16.431275630990665,20.329821532747353,49.80284101329744,57.14242807123796,499
159,True,10000,500,3897910.942321033,6972.209529951215,39.06854474917054,13.89407011062534,71.97315056264621,71.71327795759726,True,False,12.420542421750724,16.431256383657455,20.3296795339944,49.802741687744856,57.12422695010886,499
160,True,10000,500,3897917.769858421,6999.757937155664,60.65276125445962,13.906022396595601,71.91128933064387,71.43104154301282,True,False,12.42489751894027,16.500370266536873,17.04390828187267,49.80991277843714,52.248980347067096,499
161,True,10000,500,3897917.821206054,6999.953154940158,78.3267468214035,13.870994805849207,72.0928825939949,71.42904944258508,True,False,12.413884978741407,16.486007254570723,17.04355500017603,49.79821923188865,52.36582818906753,499
162,True,10000,500,3897917.822433792,6999.240471981466,77.25260686129332,13.871719168577501,72.08911799953536,71.43632255550314,True,False,12.428525020368397,16.50449043760697,17.015965345005196,49.84273500740528,52.352884914726005,499
163,True,10000,500,3897917.823029346,6998.60180914402,76.64825301617384,13.871650413081856,72.08947531268059,71.44284153253658,True,False,12.427197303622961,16.500060291339953,17.02170508603255,49.84502703882754,52.350708423182354,499
164,True,10000,500,3897917.823499721,6997.790227178484,76.10768917948008,13.871107290579166,72.09229797243148,71.45112725129522,True,False,12.421494931913912,16.483790706843138,17.044155082354944,49.80627615004778,52.39286741241811,499
165,True,10000,500,3897917.823938007,6997.777197044343,75.77011222019792,13.871757685018327,72.08891783627482,71.45126029608166,True,False,12.430104776285589,16.509633666525286,17.010018695145845,49.845525808632374,52.36146788578479,499
166,True,10000,500,3897917.824353253,6996.739356778562,75.1685481518507,13.870883384021466,72.09346170064033,71.46185880364278,True,False,12.40106497425586,16.493837038675945,17.041011713445187,49.795798026025295,52.38858848344533,499
167,True,10000,500,3897917.824749239,6996.755626983941,74.90328000858426,13.87144758912897,72.09052938236225,71.46169262674859,True,False,12.424462474882603,16.501300347348053,17.043758338938158,49.83090288005769,52.337274597957716,499
168,True,10000,500,3897917.825132225,6996.113172732294,74.46553464978933,13.871037350866741,72.0926614718916,71.46825496602533,True,False,12.419105041772127,16.48427064840992,17.044025318076212,49.803814152255654,52.38437219988553,499
169,True,10000,500,3897917.825508971,6995.913986116648,74.1263790987432,13.871317849735279,72.09120365006156,71.47028979948112,True,False,12.425184831954539,16.49221374342839,17.04404829069972,49.82731179334223,52.427919241599724,499
170,True,10000,500,3897917.826419602,6994.783236645162,73.12262803316116,13.871063343911825,72.09252637714411,71.48184340874728,True,False,12.417022488079965,16.484273908038933,17.043791711330414,49.79939698241651,52.374747861176715,499
171,True,10000,500,3897917.826790109,6993.890375364572,72.69245199859142,13.8701361189699,72.09734579549804,71.49096899791432,True,False,12.398015009239316,16.489487296591204,17.041184939444065,49.787692027166486,52.2352079907432,499
172,True,10000,500,3897917.827161245,6994.303131010383,72.48316379263997,13.871382699835157,72.09086661648256,71.48675009282461,True,False,12.420380022376776,16.489810310304165,17.04345162337025,49.832926923409104,52.31232399586586,499
173,True,10000,500,3897917.827525251,6993.810985703021,72.09223881363869,13.871179853485737,72.0919208432516,71.49178052168074,True,False,12.423944775946438,16.483590627710026,17.044141578177612,49.80996502563357,52.40332142449914,499
174,True,10000,500,3897917.827886948,6993.660117033869,71.77417119964957,13.871514921511462,72.09017945467764,71.49332275701991,True,False,12.423880049027503,16.491017459581297,17.038428379843634,49.81826180592179,52.3364105215296,499
175,True,10000,500,3897917.828255064,6993.33430128172,71.41508534550667,13.871581595062553,72.08983295429987,71.4966535931739,True,False,12.42699974682182,16.49467709163825,17.030008602887392,49.82728394679725,52.34382149763404,499
176,True,10000,500,3897917.82867695,6992.701896931976,70.95029996708035,13.871245685300392,72.09157870080247,71.50311959092282,True,False,12.440826976671815,16.52806345373392,17.016318626701832,49.95798426680267,52.59063573554157,499
177,True,10000,500,3897917.83169876,6997.60374892503,68.07573791593313,13.886829681380958,72.01067651465257,71.45303134330946,True,False,12.439692160114646,16.52389004205664,17.015651954958837,49.95416719466448,56.728790975175706,499
178,True,10000,500,3897917.832128306,6997.443510219455,67.6867919974029,13.887288012469043,72.00829990003271,71.45466758963788,True,False,12.440489837899804,16.526473375658195,17.02070872609814,49.96986482292414,56.79986943956455,499
179,True,10000,500,3897917.832526352,6997.13095324114,67.30392621830106,13.887428911869415,72.00756931654298,71.45785941999486,True,False,12.440299498848617,16.530236539741356,17.02101854607463,49.97764714062214,56.82635986711821,499
180,True,10000,500,3897917.832899518,6996.878716163337,66.96828920394182,13.887596046010811,72.00670272140069,71.46043547174268,True,False,12.43479223921895,16.52934355661273,17.021088705708582,49.97988692484796,56.86569748446336,499
181,True,10000,500,3897917.833263575,6995.991123840213,66.50368310511112,13.886748378226658,72.01109811767903,71.46950176882756,True,False,12.439414742402732,16.52616324524085,17.016022000461817,49.953205743804574,56.69052375946185,499
182,True,10000,500,3897917.833627241,6996.189523022622,66.2483056075871,13.887657750330732,72.00638278806844,71.46747502403007,True,False,12.434852193109691,16.529820393770933,17.021518666297197,49.976879078894854,56.87681192066511,499
183,True,10000,500,3897917.833984538,6995.63169805333,65.8384901471436,13.88736113808855,72.00792073141402,71.47317377201757,True,False,12.440497288480401,16.53017693509658,17.02106837183237,49.969012942165136,56.814087871462014,499
184,True,10000,500,3897917.834352684,6995.178792625666,65.45600388199091,13.887220017522393,72.00865246883365,71.47780132898122,True,False,12.440437218174338,16.52674361442526,17.02067193885644,49.9715912155807,56.786737176589575,499
185,True,10000,500,3897917.834842059,6994.569239206612,64.94679907336831,13.887018918102694,72.00969523390154,71.48403038136406,True,False,12.443881947547197,16.52752375230193,17.02204206958413,49.97200686484575,56.74993752967557,499
186,True,10000,500,3897917.835201216,6994.146891869605,64.58107195794582,13.886905450724766,72.01028361202023,71.48834700358218,True,False,12.44268729351461,16.52777660638094,17.02203865473469,49.96021008118987,56.723079704679456,499
187,True,10000,500,3897917.835554242,6994.182982016355,64.30655485019088,13.887527910152633,72.00705600519001,71.48797812205005,True,False,12.435289798304439,16.5302533035477,17.021102054665487,49.98046271502972,56.85248824767759,499
188,True,10000,500,3897917.835907389,6993.790726177394,63.946118112653494,13.887464144418319,72.0073866330681,71.49198761817766,True,False,12.43511470966041,16.529889932523172,17.021095380187035,49.980177311226726,56.8382160505279,499
189,True,10000,500,3897917.836261505,6992.926575243473,63.49659338593483,13.886633230175429,72.01169523416347,71.50082224087866,True,False,12.439767247997224,16.523600400735933,17.01548198858897,49.94100616313517,56.65953800547859,499
190,True,10000,500,3897917.836614392,6992.837434634566,63.181465957313776,13.887086109573652,72.00934682118861,71.50173369161543,True,False,12.443659477867186,16.527253668755293,17.021778660515945,49.973028898239136,56.76188946235916,499
191,True,10000,500,3897917.837029088,6992.4629791639745,62.772990204393864,13.887154286492144,72.00899330201055,71.50556270228269,True,False,12.440489721484482,16.527183664341766,17.02071198572715,49.97258805669844,56.7748120892792,499
192,True,10000,500,3897917.915144886,6996.964375022799,52.50955233350396,13.916743131641873,71.85589261372117,71.45956063244509,True,False,12.434999807737768,16.52591886619727,17.069317597585375,49.94390984065831,56.57729768659911,499
193,True,10000,500,3897917.915929349,6997.0097239129245,51.78664764389396,13.918282717974009,71.84794419419319,71.45909749006121,True,False,12.434804695658386,16.526258705804747,17.075028765636137,49.95435196906328,57.04095520544787,499
194,True,10000,500,3897917.916400344,6996.385870035738,51.28527386114001,13.918037266882962,71.84921126626331,71.46546935631582,True,False,12.43514206726104,16.526624994973343,17.07445122456794,49.94909125380218,57.03840700443824,499
195,True,10000,500,3897917.91680941,6996.2422722019255,50.91908713802695,13.9184833368014,71.84690858923783,71.46693618467776,True,False,12.434842297807336,16.525868698954582,17.07529286853964,49.95362600311637,57.04141843598326,499
196,True,10000,500,3897917.917202736,6995.691386982799,50.496422220021486,13.918226382290134,71.84823500732986,71.47256394562699,True,False,12.43508979678154,16.526434601595003,17.07475939920788,49.9547160230577,57.04004807397713,499
197,True,10000,500,3897917.917579082,6994.755137246102,50.09940639138222,13.917145753215872,71.85381383024801,71.48213056631093,True,False,12.435262207873166,16.526858353366457,17.070345215809798,49.94516898877919,57.036171914078196,499
198,True,10000,500,3897917.917951929,6995.030654128641,49.77059829980135,13.918356825308296,71.84756164475253,71.47931506274209,True,False,12.434794683940709,16.526105999946594,17.074925052002023,49.95311992242932,57.04132896382352,499
199,True,10000,500,3897917.918328885,6994.518058840185,49.36367319896817,13.918145061405244,71.84865480192337,71.4845534451174,True,False,12.435199809260666,16.526519569257896,17.074655069348665,49.95146403089166,57.03944552689781,499
200,True,10000,500,3897924.770947555,7042.4727951176465,59.33752376586199,13.99425906082522,71.45787395056495,70.99778934845673,True,False,12.391555239446461,16.506402318676315,16.777283346746046,49.750128760933876,50.07816329598427,499
201,True,10000,500,3897924.82205253,7042.904921807349,77.29611685499549,13.959135881668043,71.63767216517024,70.99343318576138,True,False,12.379587744362652,16.467017432053883,16.67036861181259,49.602370243519545,51.27787003293633,499
202,True,10000,500,3897924.822957752,7042.444565333426,76.43325533717871,13.9599425050025,71.63353284883897,70.99807394455897,True,False,12.379557825624943,16.477044050892193,16.663372206191223,49.60382031276822,51.465969718992696,499
203,True,10000,500,3897924.823397237,7041.945011354983,75.98326029255986,13.95984318850185,71.63404248148424,71.00311053178645,True,False,12.38113024737686,16.470530691246193,16.667555707196396,49.614999908953905,51.454899739474044,499
204,True,10000,500,3897924.823781083,7041.881882119924,75.69450326263905,13.960295348411393,71.63172232697747,71.00374706220967,True,False,12.391912750899792,16.48310696085294,16.67883200570941,49.74268935620785,51.54260732233523,499
205,True,10000,500,3897924.82415969,7041.704542934895,75.38280496373773,13.96056460515262,71.63034076937807,71.00553522962868,True,False,12.391882832162082,16.48499413082997,16.68463492145141,49.78350829333067,51.52541967108844,499
206,True,10000,500,3897924.824522936,7041.17810819298,74.96057031676173,13.96035578732709,71.63141220997952,71.01084396916612,True,False,12.391830212436616,16.48466397697727,16.681415339310963,49.743179231882095,51.55013678595422,499
207,True,10000,500,3897924.824882042,7040.612163953483,74.55710368230939,13.960030180904155,71.63308295478431,71.01655202084548,True,False,12.390757678076625,16.486510323981445,16.669508690635364,49.70972891896963,51.488663163036094,499
208,True,10000,500,3897924.825238669,7040.667283348739,74.31157631799579,13.960632679420328,71.62999148843173,71.01599605232104,True,False,12.393162469379604,16.4843473273019,16.680428758263588,49.774938728660345,51.54258515685795,499
209,True,10000,500,3897924.825594855,7040.228568017483,73.93949991092086,13.960499134482088,71.63067669479129,71.0204214492995,True,False,12.392955017276108,16.49187070628007,16.6793252962331,49.77981885895133,51.5084834769368,499
210,True,10000,500,3897924.826373798,7039.208617061377,73.08471808210015,13.960168134227006,71.63237508209076,71.03071200193133,True,False,12.392039992846549,16.486507064352434,16.672542008260887,49.71563955768943,51.524948514997945,499
211,True,10000,500,3897924.826732114,7039.215208031237,72.8248511441052,13.960702118010284,71.62963521082008,71.03064549433523,True,False,12.394470279105008,16.494207084178925,16.69119158759713,49.7944881208241,51.45921381190418,499
212,True,10000,500,3897924.827092651,7038.689482025802,72.43399415165186,13.960431839427155,71.63102198427649,71.03595083670253,True,False,12.392540229484439,16.492250375449657,16.67382863039772,49.77336758747697,51.49379372596739,499
213,True,10000,500,3897924.827446627,7038.294286932796,72.07133900374174,13.960366629116342,71.63135658016007,71.03993945355387,True,False,12.392075266689062,16.484600647042196,16.683978339036305,49.7543690726161,51.4823113568127,499
214,True,10000,500,3897924.827806364,7037.641083355993,71.6225323267281,13.95995701609071,71.63345838725483,71.04653307519462,True,False,12.386387679725885,16.477110795676708,16.666612432648737,49.694128800183535,51.47764999419449,499
215,True,10000,500,3897924.82816132,7037.460844963789,71.30525587126613,13.960231641467981,71.63204921539865,71.04835266796752,True,False,12.392125325277448,16.485840547829866,16.67558525999387,49.73292909562588,51.53477145358919,499
216,True,10000,500,3897924.828564166,7036.975239869207,70.88444987311959,13.960101783559294,71.63271554206663,71.05325554752034,True,False,12.404995271936059,16.489317485441763,16.743994628389675,49.852767027914524,51.178220938891165,499
217,True,10000,500,3897924.831377728,7042.901481967419,68.36182530969381,13.977033380075603,71.54594060178104,70.99346785982956,True,False,12.42040004581213,16.50018369158109,16.76282798871398,49.88112719729543,56.26526521518821,499
218,True,10000,500,3897924.831785154,7042.072460055351,67.8673000074923,13.976363046188094,71.5493720859476,71.0018255046569,True,False,12.420659768395126,16.494753770530224,16.74712464834253,49.84372807666659,56.160185113549176,499
219,True,10000,500,3897924.832162751,7042.040158994496,67.563122138381,13.976907889491212,71.54658297146452,71.00215118219278,True,False,12.420394807122648,16.499546977380913,16.764590982347727,49.873728305101395,56.232183985412064,499
220,True,10000,500,3897924.832525127,7041.19538795203,67.10315681993961,13.97613673573565,71.55053065866873,71.01066970184273,True,False,12.402057531289756,16.496943930784862,16.73929455379645,49.82745787128806,56.096486002206746,499
221,True,10000,500,3897924.832884343,7040.8854321576655,66.75153132528067,13.976220242149067,71.55010315194018,71.01379575306852,True,False,12.402357533574104,16.499150233964126,16.741238068789244,49.84860774129629,56.12030196934933,499
222,True,10000,500,3897924.83324968,7040.564163587987,66.39411393553019,13.976292684674263,71.54973229034853,71.01703618949647,True,False,12.420552433468401,16.498466953635216,16.749724590529997,49.84628828242421,56.12182924523944,499
223,True,10000,500,3897924.833601496,7040.561005007476,66.10243767499924,13.976870876417788,71.54677243868878,71.0170680496034,True,False,12.420584680512547,16.499060361335676,16.76519758378466,49.87403843551874,56.21876278892154,499
224,True,10000,500,3897924.833953283,7039.94520008564,65.70688122883439,13.976429496707025,71.5490319065831,71.02328012353243,True,False,12.420514947734773,16.498496911178034,16.752774361521006,49.855818040668964,56.16115545853967,499
225,True,10000,500,3897924.834423188,7039.816471748054,65.30980486422777,13.97696726830426,71.54627901774602,71.02457883761353,True,False,12.420274666510522,16.499623966713745,16.763624735176563,49.882007762789726,56.24736482277507,499
226,True,10000,500,3897924.834778015,7039.219076745212,64.89633908495307,13.97659867266585,71.54816586067598,71.03060645630447,True,False,12.420557322911918,16.50246698409319,16.757714717338484,49.86107721924782,56.198660843074265,499
227,True,10000,500,3897924.835136651,7038.906280882657,64.54481277614832,13.976676288790598,71.54776853507065,71.03376292393277,True,False,12.42048223502934,16.50081357608239,16.76050464933117,49.85316842794418,56.214853003621045,499
228,True,10000,500,3897924.835489858,7038.631223142147,64.20657597482204,13.97680290013492,71.54712040693848,71.03653880261008,True,False,12.420375016517937,16.49884693324566,16.76634435231487,49.844278022646904,56.20203707367176,499
229,True,10000,500,3897924.835842044,7038.240117020905,63.84770991280675,13.976738290797792,71.54745114304633,71.04048621342524,True,False,12.420520070008934,16.499840343991917,16.763441264629364,49.84828783199191,56.19096364825958,499
230,True,10000,500,3897924.836199161,7037.7370016649365,63.46838269382715,13.976490218378977,71.54872105766637,71.04556477198759,True,False,12.420777347870171,16.503443631033104,16.75518477956454,49.863806925714016,56.173263490199986,499
231,True,10000,500,3897924.837765975,7035.8901410363615,61.85375992208719,13.976024811852252,71.55110365516512,71.06421362149804,True,False,12.402254971675575,16.49685064330697,16.745277990897495,49.8133790679276,56.06277035549277,499
232,True,10000,500,3897924.913467928,7044.582514092326,53.829108364880085,14.009525863181254,71.38000313259153,70.97652685588899,True,False,12.421677471138537,16.50615899513165,16.891374058710923,49.8343575745821,56.045972835272494,499
233,True,10000,500,3897924.91423367,7043.9594108611345,53.095155861228704,14.009748006011836,71.37887130952548,70.98280538485872,True,False,12.424059677869081,16.504434247811638,16.899391718519126,49.83129817992449,56.318565830588284,499
234,True,10000,500,3897924.914822654,7043.463296256959,52.5180222466588,14.009910368758119,71.37804409013097,70.98780514206842,True,False,12.426012312062085,16.501400899142027,16.905957007935783,49.827948212623596,56.32999558001751,499
235,True,10000,500,3897924.91524969,7042.989870067686,52.08480590954423,14.009829787892068,71.37845463791754,70.99257690614779,True,False,12.425252236425877,16.504107664028805,16.90220019935309,49.8302080668509,56.323410198092404,499
236,True,10000,500,3897924.915636956,7042.3319968394935,51.653279922902584,14.009376186205593,71.38076576062362,70.99920881668082,True,False,12.42100226227194,16.506783633182444,16.88883550309876,49.835678189992905,56.30772747099394,499
237,True,10000,500,3897924.916014883,7041.538883931935,51.25392274931073,14.008587096558365,71.38478656749619,71.00720570342207,True,False,12.420539744198322,16.507158428430557,16.88689017435525,49.84165774658322,56.30167443305248,499
238,True,10000,500,3897924.916382399,7041.718223132193,50.92068715021014,14.009614300565095,71.3795525376929,71.00539728464133,True,False,12.422727537341416,16.50581577171882,16.89369422150765,49.83349796384573,56.30761943757528,499
239,True,10000,500,3897924.916745845,7041.40586592257,50.5768908187747,14.009677304817226,71.37923152991897,71.00854708855638,True,False,12.42358225863427,16.50525163859129,16.896287156268848,49.83254801481962,56.31300425156945,499
240,True,10000,500,3897931.814349331,6853.250244166702,60.36018393933773,13.61300613272017,73.45916032436097,72.95808298049327,True,False,12.387347407639027,16.444427737345297,16.71875501051545,49.719356931746006,52.76343215256929,499
241,True,10000,500,3897931.866272568,6852.741669397801,78.7527933716774,13.575128008068384,73.66413041598204,72.96349754914058,True,False,12.380642700009048,16.452831060936052,16.67692543317874,49.667119421064854,52.75659365579486,499
242,True,10000,500,3897931.867303958,6852.603209670633,77.92209088802338,13.576515268101423,73.65660335163773,72.96497180726625,True,False,12.410960043780506,16.447994392365217,16.768574248999357,49.80460572987795,52.80586659908294,499
243,True,10000,500,3897931.867772824,6851.811907719821,77.35279574990273,13.576070364669174,73.65901716320165,72.97339838483576,True,False,12.401559972204268,16.452477624018986,16.730581255008776,49.7060670517385,52.768215071409934,499
244,True,10000,500,3897931.86817967,6851.609020028263,77.0195689983666,13.576331565190175,73.65760000764921,72.97555925015953,True,False,12.410659925080836,16.442457679659128,16.75018124903242,49.76560240611434,52.799566574394696,499
245,True,10000,500,3897931.868566256,6850.825468078256,76.48556493222713,13.575831469230517,73.66031334924051,72.983905710308,True,False,12.383612454868853,16.4530777061979,16.670148664464552,49.66615978628397,52.7794355340302,499
246,True,10000,500,3897931.868936112,6851.049185730517,76.30577683448792,13.576640097988033,73.65592611887777,72.98152245664922,True,False,12.410684954375029,16.456017270684242,16.778781078755856,49.8129497282207,52.81173855066299,499
247,True,10000,500,3897931.869305469,6850.442701019347,75.8849699050188,13.576267998225106,73.65794488814858,72.98798367083633,True,False,12.408194947056472,16.442454420030117,16.744831421722967,49.77005468681455,52.79758939519524,499
248,True,10000,500,3897931.869663835,6849.962405860424,75.47154510393739,13.576133989491957,73.65867195874823,72.99310133034153,True,False,12.40445242729038,16.447460899750393,16.7359650755922,49.72263919189572,52.770165093243115,499
249,True,10000,500,3897931.870028421,6849.514071363956,75.08892938494682,13.576002288535088,73.65938652238579,72.99787908902479,True,False,12.399579980410635,16.449317646523316,16.72488808011015,49.720587115734816,52.76750335469841,499
250,True,10000,500,3897931.870808694,6848.69036776945,74.29903605952859,13.575934532484812,73.65975414857643,73.00665866762567,True,False,12.407150003127754,16.44309734304746,16.741184672961634,49.74110499024391,52.74402197450399,499
251,True,10000,500,3897931.87117734,6848.770038224757,74.05649917200208,13.576580238582673,73.65625086928334,73.00580939487976,True,False,12.410612544044852,16.4552410133183,16.77371095865965,49.80195062234998,52.81026763841509,499
252,True,10000,500,3897931.871539767,6848.16888300702,73.61283292993903,13.576264629412988,73.65796316561915,73.01221808952393,True,False,12.4081049580127,16.443084304531414,16.739871352910995,49.75811615586281,52.79426900669932,499
253,True,10000,500,3897931.871902453,6847.765618003905,73.24135722592473,13.576200923402766,73.65830880391523,73.0165177799628,True,False,12.408187496475875,16.443447520335514,16.74683454136054,49.75459109991789,52.74568952620029,499
254,True,10000,500,3897931.872264999,6847.562179900706,72.9426802136004,13.57639178294009,73.65727330118644,73.0186870690454,True,False,12.41074234712869,16.442457679659128,16.75659480194251,49.77717576548457,52.80133003368973,499
255,True,10000,500,3897931.872620516,6847.2466128878295,72.59644288569689,13.57645324649726,73.65693983868732,73.022052259503,True,False,12.410554918460548,16.442534358551104,16.762334387749434,49.79110648855567,52.80303450301289,499
256,True,10000,500,3897931.873033462,6846.4184808544815,72.06503767520189,13.57585860356569,73.66016612292579,73.03088489232935,True,False,12.428435031324625,16.442911078532536,16.84965364014109,49.93102494627237,52.822007294744246,499
257,True,10000,500,3897931.875784435,6851.611800026149,69.54327318817377,13.591319693062074,73.57637246296748,72.97552964079077,True,False,12.423082254827023,16.441337609042723,16.83757361024618,49.90698089823127,56.95487488061181,499
258,True,10000,500,3897931.876194341,6851.7255880869925,69.23113577067852,13.592173251134898,73.5717520313761,72.97431772068391,True,False,12.434624717570841,16.460527665913105,16.895916312932968,49.910368863493204,57.13177580386392,499
259,True,10000,500,3897931.876575627,6851.207934319973,68.82796995341778,13.591943816365841,73.57299393747611,72.97983140977726,True,False,12.43436720687896,16.45895093679428,16.89378668864568,49.91843719035387,57.0745285972952,499
260,True,10000,500,3897931.876945773,6850.514451041818,68.3911950327456,13.591429370759663,73.57577872945288,72.98721921883701,True,False,12.423889944329858,16.441301132241886,16.844090384741623,49.93485473096371,56.98442773893467,499
261,True,10000,500,3897931.87731158,6850.683528929949,68.12954694032669,13.5922925490774,73.57110630081876,72.9854178621061,True,False,12.435559765435755,16.46127738058567,16.894766750435036,49.907931592315435,57.15315964072934,499
262,True,10000,500,3897931.877669546,6849.836117122322,67.67617212608457,13.591502895784044,73.57538071159081,72.99444708613765,True,False,12.429017224349082,16.443944225708645,16.85554689417283,49.93129763752222,56.98662851005784,499
263,True,10000,500,3897931.878029142,6849.601239897311,67.34240613877773,13.591701069656379,73.57430794534696,72.99695011260188,True,False,12.43147230707109,16.456674008319776,16.87147996077935,49.921652767807245,57.027506623417054,499
264,True,10000,500,3897931.878387709,6849.2814330384135,66.99168868362904,13.591763014739046,73.57397262706758,73.00035848843704,True,False,12.4337796587497,16.45756761233012,16.87733332316081,49.9207709915936,57.039078362286006,499
265,True,10000,500,3897931.878860184,6848.983576055616,66.55075307935476,13.59204974544341,73.5724205493906,73.00353321739954,True,False,12.434672331437469,16.459661070257425,16.89647634824117,49.91433518007398,57.10094513371578,499
266,True,10000,500,3897931.879218831,6848.664338700473,66.1990256048739,13.592114855903006,73.57206811460276,73.00693613710881,True,False,12.434292235411704,16.460037790238857,16.89665966356794,49.91336949169636,57.11321193724862,499
267,True,10000,500,3897931.879573067,6847.975325770676,65.78155094757676,13.591570691028254,73.57501371494145,73.01428177148544,True,False,12.430887203663588,16.444374341517687,16.861623618751764,49.924069084227085,57.000757250934754,499
268,True,10000,500,3897931.879941564,6847.804106771946,65.45392284169793,13.591884136132762,73.5733169871271,73.01610738331999,True,False,12.434369651600718,16.458514301727217,16.888693440705538,49.9188213609159,57.063023243099366,499
269,True,10000,500,3897931.88029849,6847.29038272053,65.06430776789784,13.591635420746758,73.57466331634853,73.02158548172198,True,False,12.430537259206176,16.444410973538954,16.867156606167555,49.92303512990475,57.01419200748197,499
270,True,10000,500,3897931.880648167,6847.308152355254,64.7854502312839,13.592229863975891,73.57144559851403,73.02139598142901,True,False,12.43547978810966,16.460777415583532,16.895639554907877,49.90950347855687,57.1421416103839,499
271,True,10000,500,3897931.881062392,6846.646599005908,64.32501506060362,13.591826821533676,73.57362723425003,73.02845163245274,True,False,12.434094795025885,16.457961096117895,16.882626805454493,49.91964707151055,57.051418703049336,499
272,True,10000,500,3897931.958570517,6853.111114818603,54.6547407284379,13.624161070320973,73.39901479720548,72.95956414873257,True,False,12.43133726529777,16.466007257501285,19.622725900262594,49.89493703469634,56.923590097576295,499
273,True,10000,500,3897931.959500898,6851.9428968429565,53.679170086979866,13.623775003518992,73.40109475836925,72.97200334672605,True,False,12.430964736267924,16.466433958460886,19.59447143599391,49.90135710686445,57.177000716328536,499
274,True,10000,500,3897931.960012243,6851.709648966789,53.21975378319621,13.624228246860907,73.39865289106596,72.97448748071191,True,False,12.431484763510525,16.466120568414528,19.62179597467184,49.894090835005045,57.16262690722934,499
275,True,10000,500,3897931.960432869,6851.070235017687,52.754429168999195,13.623879370438251,73.40053246286429,72.98129822759132,True,False,12.431254726834595,16.466657631099224,19.602531334385276,49.899599608033895,57.17597227543584,499
276,True,10000,500,3897931.960813085,6850.828018039465,52.40640277042985,13.6240914133648,73.3993900700807,72.98387854481383,True,False,12.431639828719199,16.466293949633837,19.61617637425661,49.895746912807226,57.17492934316388,499
277,True,10000,500,3897931.961180371,6849.988905712962,51.97728658095002,13.623269777819663,73.40381687428089,72.99281894938468,True,False,12.43101223371923,16.466690537830193,19.507601857185364,49.90262659266591,57.176703158765946,499
278,True,10000,500,3897931.961537178,6850.014655850828,51.65668996050954,13.623963859499636,73.40007726919548,72.99254455943874,True,False,12.431282317265868,16.46682775268952,19.604731583967805,49.89799177274108,57.176753319799815,499
279,True,10000,500,3897931.961893344,6849.702099338174,51.31995398551226,13.624012315335994,73.39981621084861,72.99587525832847,True,False,12.431654729880393,16.46622410044074,19.609745824709535,49.89669295027852,57.175585180520926,499
280,True,10000,500,3897938.66908071,6912.43130993098,59.33895381167531,13.733652016271153,72.81384433035254,72.3334493438883,True,False,12.431037263013422,16.519783685604732,16.82145707309246,50.003405986353755,50.717066284269094,499
281,True,10000,500,3897938.720316404,6913.489609025419,79.21582786366343,13.695939441205923,73.01434153478927,72.322376726691,True,False,12.429389753378928,16.524456907063723,16.690422004709642,49.958822410553694,51.747908303514116,499
282,True,10000,500,3897938.721218156,6912.3063599690795,78.09545891359448,13.695813428968908,73.01501332405965,72.33475687588543,True,False,12.421177234500647,16.52100371817748,16.674135345965624,49.923999700695276,51.70309153851121,499
283,True,10000,500,3897938.721667591,6911.937033757567,77.68222317099571,13.695901424021185,73.01454420853995,72.33862194606579,True,False,12.42455979809165,16.51991003503402,16.68918163826068,49.92884681560099,51.653350228443735,499
284,True,10000,500,3897938.722060427,6911.663887090981,77.42990599945188,13.69585968154615,73.01476674351473,72.34148074443515,True,False,12.42481719236821,16.520603249470394,16.689881992836792,49.94350099004805,51.705604949966066,499
285,True,10000,500,3897938.722424924,6910.5152282863855,76.70933194458485,13.695001796276154,73.01934055035413,72.35350527170259,True,False,12.4201700091362,16.509907009700935,16.685272101312876,49.87444467842579,51.417175554670386,499
286,True,10000,500,3897938.72278286,6910.781575832516,76.54902385547757,13.695856817589256,73.01478201171936,72.35071670453814,True,False,12.424507294781506,16.52252006654938,16.688824941714604,49.932721722871065,51.64098502136766,499
287,True,10000,500,3897938.723140997,6910.197911318392,76.09384832903743,13.695599324627965,73.0161547732899,72.35682775178365,True,False,12.418749742209911,16.511503607034683,16.68774864325921,49.88266914151609,51.63833726663142,499
288,True,10000,500,3897938.723490993,6910.2750811725855,76.01737976074219,13.695907217258203,73.01451332409005,72.35601971364017,True,False,12.426337227225304,16.520793239275616,16.69014198705554,49.9635751824826,51.725585362873964,499
289,True,10000,500,3897938.72384368,6910.002272576094,75.70731174200773,13.69598188543905,73.01411526129097,72.3588763471704,True,False,12.432364746928215,16.52053665990631,16.690895427018404,49.99748384580016,51.769359814934425,499
290,True,10000,500,3897938.724609122,6909.316029865295,74.97632969170809,13.69607154343404,73.01363729217701,72.36606312965947,True,False,12.432492221705616,16.516107134521008,16.690874937921762,50.00418187119067,51.81270953267812,499
291,True,10000,500,3897938.724961169,6908.434737939388,74.29558597505093,13.695669643215103,73.01577988159232,72.37529468927681,True,False,12.422062456607819,16.53152999157707,16.6905887114505,49.89058407954872,51.640086648985736,499
292,True,10000,500,3897938.725319325,6908.324719872326,74.13559779524803,13.695769783721598,73.0152460060019,72.37644729723137,True,False,12.424717308022082,16.519993698845308,16.689718700945377,49.931677244603634,51.66643132455646,499
293,True,10000,500,3897938.725669472,6908.216050826013,73.89910984784365,13.696025933823988,73.01388043741794,72.37758580816464,True,False,12.432854739017785,16.51721028611064,16.690811918427546,50.001019425690174,51.79161616135388,499
294,True,10000,500,3897938.726024408,6907.455589156598,73.27136723324656,13.695759963774252,73.01529835839952,72.38555406493032,True,False,12.421369669027627,16.519346740096807,16.676302067935467,49.91287714801729,51.686086957342916,499
295,True,10000,500,3897938.726371385,6907.068091910332,72.90457002818584,13.695718480725745,73.01551951489948,72.38961500692427,True,False,12.421417282894254,16.532250369588535,16.68766823907693,49.90722290240228,51.663988786749535,499
296,True,10000,500,3897938.726770241,6906.91422438249,72.70277198404074,13.69581453386463,73.01500743364872,72.39122765343193,True,False,12.450964539311826,16.52214691663782,16.706371679902077,50.10227393358946,51.39269532170146,499
297,True,10000,500,3897938.729468334,6912.499418947846,70.33447595313191,13.711753392774977,72.9301331022276,72.3327366407367,True,False,12.45597202796489,16.525507128487032,16.71655507137378,50.0985155813396,56.50101282633837,499
298,True,10000,500,3897938.7298821,6912.274620961398,69.94698895141482,13.712079422865697,72.9283990532057,72.33508901451273,True,False,12.455949559807777,16.52439668153723,16.729301617791254,50.09911782108247,56.50134948547925,499
299,True,10000,500,3897938.730280126,6911.836784798652,69.54302312806249,13.712011546434047,72.92876005928251,72.33967114207044,True,False,12.456411961466074,16.524743443975847,16.72606123611331,50.09913253597915,56.50261268485333,499
300,True,10000,500,3897938.730643342,6911.082503385842,69.11994842812419,13.711347805526488,72.9322904052467,72.34756635520449,True,False,12.445689528249204,16.522216765830915,16.69358865668376,50.08043022826314,56.4441765658557,499
301,True,10000,500,3897938.730995119,6910.894114989787,68.7944907695055,13.711622493427418,72.93082933688875,72.34953852288025,True,False,12.454524752683938,16.525693393001955,16.70977504303058,50.10217847302556,56.49973718449469,499
302,True,10000,500,3897938.731360605,6910.32155090943,68.3894851244986,13.711286704979823,72.93261540777267,72.35553314218754,True,False,12.44641956873238,16.522457047055166,16.69326874737938,50.06277500651777,56.44810641184445,499
303,True,10000,500,3897938.731712812,6910.096941981465,68.06264771148562,13.711491571683325,72.93152570397069,72.35788501928388,True,False,12.444032356142998,16.525850010414917,16.699071663121384,50.0973470043391,56.47383345291014,499
304,True,10000,500,3897938.732066198,6910.128323361278,67.76955118402839,13.71214182801052,72.92806714974658,72.35755641608493,True,False,12.455457006581128,16.527200117707253,16.729538328945637,50.09912773966789,56.501944963820236,499
305,True,10000,500,3897938.732531164,6909.481727983803,67.27857608348131,13.7118299637281,72.92972583858608,72.36432769985785,True,False,12.456157011911273,16.525283611069124,16.719501620779436,50.09835227392614,56.50148042012002,499
306,True,10000,500,3897938.73288715,6908.682377077639,66.82754028588533,13.711131937458426,72.93343865126323,72.37270042388302,True,False,12.447014800272882,16.522053629159927,16.692855084935825,50.054275803267956,56.42085101921107,499
307,True,10000,500,3897938.733241767,6908.607526682317,66.54134299606085,13.711555478329172,72.93118578563016,72.3734845363422,True,False,12.450666981749237,16.524690203368664,16.703028697520494,50.10118279606104,56.48323972709473,499
308,True,10000,500,3897938.733587133,6908.465678803623,66.22912595048547,13.711896899505286,72.92936982599973,72.37497054289308,True,False,12.456204276531935,16.524803669502337,16.723058031251032,50.099070090800524,56.50234587956216,499
309,True,10000,500,3897938.73392997,6907.8377252444625,65.83963008597493,13.711419028373722,72.93191156441577,72.38154975366122,True,False,12.44489976670593,16.525856995334227,16.693608680119116,50.08577276021242,56.44396810792382,499
310,True,10000,500,3897938.734284247,6907.350318972021,65.45002339407802,13.711223037230347,72.93295406869838,72.38665724346987,True,False,12.448639492504299,16.51987697308262,16.693211626261473,50.05573756061494,56.447749459184664,499
311,True,10000,500,3897938.734683553,6907.2442296892405,65.11271698400378,13.711686398206886,72.93048943496642,72.38776903976583,True,False,12.456431984901428,16.52564698209365,16.7129283460478,50.10220562107861,56.50044364854689,499
312,True,10000,500,3897938.812147178,6913.687136955559,54.46100188419223,13.745944158459652,72.7487314419629,72.32031043570984,True,False,12.446564505808055,16.523906650642555,16.93213591352105,50.07439302280545,56.52622084133323,499
313,True,10000,500,3897938.81291304,6913.054392673075,53.713149856776,13.746174835303204,72.74751063341489,72.32692983436294,True,False,12.445922358892858,16.52238688742121,16.93190960213542,50.0730921048671,56.69254026375707,499
314,True,10000,500,3897938.813372826,6912.549067754298,53.24734374880791,13.74609563928956,72.74792975699702,72.33221711689586,True,False,12.445989763364196,16.5229804503421,16.932056285440922,50.073769548907876,56.6918772552162,499
315,True,10000,500,3897938.813760042,6912.118551786989,52.85441782325506,13.746020308544557,72.74832842916707,72.33672227319293,True,False,12.446274748072028,16.523373623689015,16.932102696349222,50.07412834092975,56.69051122386004,499
316,True,10000,500,3897938.814132878,6910.797015763819,52.42141289636493,13.744239685105118,72.75775327781268,72.35055506036119,True,False,12.447544489987195,16.5261869939665,16.932946319381397,50.09378585964441,56.69576336164023,499
317,True,10000,500,3897938.814507544,6911.006143782288,52.06739576533437,13.745368232498905,72.75177958751566,72.34836572238346,True,False,12.447301996871829,16.525886797656614,16.93267608061433,50.07693669758737,56.698177917860406,499
318,True,10000,500,3897938.814870481,6910.790904890746,51.71138886362314,13.745650332719684,72.75028651206364,72.35061903640458,True,False,12.44736707303673,16.525483534981806,16.93231938406825,50.07492364384234,56.69952751602973,499
319,True,10000,500,3897938.815229037,6910.543478094041,51.35909328237176,13.74586049060455,72.74917424656763,72.35320949574609,True,False,12.447076966054738,16.52436361958583,16.93205613022049,50.07406282238662,56.70068424195047,499
320,True,10000,500,3897945.582402651,6842.211962677538,60.218014754354954,13.591170236319005,73.57718155334041,73.07578349331592,True,False,12.397949933074415,16.503723648687203,16.72012498602271,49.79256400838494,50.799299795180545,499
321,True,10000,500,3897945.634248889,6842.274541966617,78.14088882878423,13.555378062400466,73.77145774884526,73.07511514384356,True,False,12.395242811180651,16.47656395410498,16.697778676946957,49.81597410514951,51.7654114961624,499
322,True,10000,500,3897945.635246399,6841.358230914921,77.17539835721254,13.55547661835212,73.7709213887874,73.08490260612082,True,False,12.402950320392847,16.470080707222223,16.709241705636185,49.80789199471474,51.58816132694482,499
323,True,10000,500,3897945.635714845,6840.607148129493,76.6355530358851,13.555053296780779,73.77322523973346,73.0929271587714,True,False,12.3857551952824,16.477320653696854,16.65901578962803,49.81445446610451,51.7211746238172,499
324,True,10000,500,3897945.636107231,6840.254112146795,76.2512069195509,13.555116042539566,73.77288374822713,73.09669959659969,True,False,12.384265311993659,16.47986068079869,16.666221898049116,49.8236364684999,51.73249818384646,499
325,True,10000,500,3897945.636475537,6839.674928225577,75.79883188009262,13.554861916524017,73.77426683933628,73.10288942777511,True,False,12.372875236906111,16.463680658489466,16.67755205805103,49.766164645552635,51.667403094470494,499
326,True,10000,500,3897945.636842373,6839.436701033264,75.499655213207,13.554984059759633,73.77360206336773,73.1054357041513,True,False,12.385610258206725,16.47710691516598,16.650481925656397,49.81175782158971,51.70994853600859,499
327,True,10000,500,3897945.63720845,6838.440210092813,75.00639883801341,13.553975573656913,73.77909120210965,73.11608855803887,True,False,12.376577709801495,16.47048071026802,16.66948866720001,49.73231079056859,51.40197314321994,499
328,True,10000,500,3897945.637571076,6838.831095956266,74.79486195370555,13.555182833672465,73.77252024339336,73.11190947465352,True,False,12.386950314976275,16.481263873477776,16.674428712576628,49.82895804569125,51.740734875202165,499
329,True,10000,500,3897945.637931143,6838.512469083071,74.44220501929522,13.555251030187927,73.77214909358534,73.11531597851156,True,False,12.391650234349072,16.48103368158142,16.682791678855818,49.83706409111619,51.74935871735214,499
330,True,10000,500,3897945.638739545,6837.905065156519,73.69046192616224,13.555540287034784,73.77057489596719,73.12181073525258,True,False,12.405949993990362,16.470644002159435,16.71677501872182,49.80930611491203,51.58984238281845,499
331,True,10000,500,3897945.639107471,6836.937265004963,73.14657792448997,13.55469075567229,73.77519841841657,73.13216146640144,True,False,12.373853009194136,16.47107396274805,16.67332525054614,49.74148292094469,51.64281111210584,499
332,True,10000,500,3897945.639462368,6837.0194640010595,72.91859993711114,13.555312352833564,73.7718153570222,73.13128222504685,True,False,12.394535238854587,16.48115397741397,16.689734999090433,49.844101537019014,51.75738196820019,499
333,True,10000,500,3897945.639818584,6836.416539736092,72.51443387940526,13.55491403979296,73.7739831521111,73.13773189415717,True,False,12.38500524777919,16.47643744945526,16.646498969445627,49.81919629499316,51.69517342001199,499
334,True,10000,500,3897945.640176261,6836.388860363513,72.22217600792646,13.555444257225624,73.77109750327496,73.13802801636028,True,False,12.399620027281344,16.470157230893772,16.694381677856047,49.81633210554719,51.69256461784242,499
335,True,10000,500,3897945.640530657,6835.6637470424175,71.79387100040913,13.554849450985989,73.77433468486508,73.14578634976519,True,False,12.381380191072822,16.470087381700676,16.650008969008923,49.821941927075386,51.68193826451897,499
336,True,10000,500,3897945.640938173,6835.166601929814,71.3262758217752,13.55479023268144,73.77465699092399,73.15110649370742,True,False,12.42007256951183,16.43963437527418,16.730734923233587,49.894130043685436,51.040079016238444,499
337,True,10000,500,3897945.643694126,6840.713107027113,68.82544001564384,13.570917168359658,73.68698722378775,73.0917949893814,True,False,12.40960496943444,16.47354398543636,16.731628372023504,49.854869302362204,56.37169906869519,499
338,True,10000,500,3897945.644130841,6840.238253120333,68.38122522458434,13.570855767326151,73.68732061891399,73.09686907059319,True,False,12.410287512466311,16.47286070510745,16.714181595792372,49.84394796192646,56.35879701003421,499
339,True,10000,500,3897945.644508268,6840.167522896081,68.0910567753017,13.571295523288136,73.68493290003266,73.09762492312518,True,False,12.420524726621807,16.443861027558643,16.732491242388885,49.89294344559312,56.44148742780078,499
340,True,10000,500,3897945.644868024,6839.274981990457,67.60368263348937,13.570483565845626,73.68934166184124,73.10716432905924,True,False,12.413992546498775,16.472130548208952,16.70789159834385,49.82978189364076,56.27728920429934,499
341,True,10000,500,3897945.645235451,6839.476739056408,67.37064383924007,13.571354900234805,73.68461051613193,73.10500774785605,True,False,12.416912359185517,16.461984099199373,16.73028136913975,49.87596394494176,56.53162203729141,499
342,True,10000,500,3897945.645593587,6838.610608130693,66.88655028119683,13.570589294287567,73.68876754828489,73.11426672042569,True,False,12.413707212544978,16.472510683039825,16.713998435686033,49.84065378084779,56.30881899967778,499
343,True,10000,500,3897945.645947054,6838.301211129874,66.54044287279248,13.57066286223864,73.68836807394081,73.11757475470817,True,False,12.412834679707885,16.47290401160717,16.714568405101698,49.84035603702068,56.3190797343849,499
344,True,10000,500,3897945.64630294,6838.180443271995,66.25930592417717,13.570984243181998,73.68662302458979,73.11886607086306,True,False,12.413674965500832,16.465877338002127,16.73073476801316,49.86258503049612,56.39651628211129,499
345,True,10000,500,3897945.646775605,6837.86235563457,65.81640988588333,13.571234360217808,73.68526498454418,73.12226745658128,True,False,12.41749501787126,16.446480993181467,16.733308012286823,49.885014817118645,56.430093254893904,499
346,True,10000,500,3897945.647132742,6837.39001955837,65.4373336583376,13.571047466733532,73.68627974010718,73.12731884092452,True,False,12.415387551300228,16.445551067590714,16.72973499322931,49.889003206044436,56.39775743708003,499
347,True,10000,500,3897945.647482528,6837.079714052379,65.09519834071398,13.571111253931193,73.68593339844048,73.13063777395202,True,False,12.417320045642555,16.44576108083129,16.729118302464485,49.8941408470273,56.409715004265195,499
348,True,10000,500,3897945.647830155,6836.460408754647,64.66584093868732,13.57073059682557,73.68800027862298,73.13726257519302,True,False,12.412267504259944,16.471923949817818,16.714424981425207,49.84053960070014,56.33291786536563,499
349,True,10000,500,3897945.648181001,6836.419039871544,64.40394464880228,13.571172535516515,73.68560066441896,73.13770514707872,True,False,12.417974998243153,16.445860887567203,16.728508441398542,49.8931129463017,56.42136896029103,499
350,True,10000,500,3897945.648530008,6835.800076369196,63.973828218877316,13.570794084469576,73.68765554731985,73.14432757161218,True,False,12.411307543516159,16.47244409347574,16.71435497701168,49.833518266677856,56.346007399260884,499
351,True,10000,500,3897945.650021223,6834.424490109086,62.50654300674796,13.570977849904486,73.68665773830278,73.15904956205308,True,False,12.408879934810102,16.47015055641532,16.73142472282052,49.859855975955725,56.38417579233635,499
352,True,10000,500,3897945.726238721,6842.242402024567,54.25219377502799,13.603186790079237,73.51218618340938,73.0754583982663,True,False,12.416939833201468,16.470730615158875,16.7668042704463,49.912906903773546,56.35311892256129,499
353,True,10000,500,3897945.727112162,6841.195392888039,53.341204300522804,13.602914205586204,73.5136592708449,73.08664221457398,True,False,12.418024940416217,16.474290595700342,16.767387744039297,49.920857045799494,56.639431007206326,499
354,True,10000,500,3897945.727590417,6840.2969520539045,52.829929161816835,13.602138322429033,73.51785258285939,73.09624180129596,True,False,12.41904473863542,16.468334011733532,16.771787622322638,49.92564292624593,56.636140700429564,499
355,True,10000,500,3897945.727975924,6840.461229905486,52.508621010929346,13.603111440670455,73.51259337699825,73.09448635043407,True,False,12.417187565006316,16.47144400825103,16.767150877664488,49.91375524550676,56.638768706470614,499
356,True,10000,500,3897945.72833975,6839.8559163324535,52.10066633298993,13.602715931862653,73.51473080883984,73.10095506633145,True,False,12.418684782460332,16.472020652145147,16.77087772016724,49.92562159895897,56.6384340263902,499
357,True,10000,500,3897945.728699416,6839.558029081672,51.747649908065796,13.602826411169552,73.51413373759442,73.10413887476491,True,False,12.418312253430486,16.47422757620613,16.769940964877605,49.91982905194163,56.63850437849749,499
358,True,10000,500,3897945.729059243,6839.333151001483,51.41975171864033,13.603032864294274,73.51301801415445,73.10654254746825,True,False,12.417427496984601,16.472144052386284,16.767121230562527,49.91407888010144,56.63875803351391,499
359,True,10000,500,3897945.729416859,6838.934685103595,51.05574615299702,13.60296380551222,73.51339122102038,73.11080205065974,True,False,12.417842517606914,16.47313063343366,16.76734754194816,49.91496494039893,56.63899652659882,499
360,True,10000,500,3897952.425797292,6855.770186986774,59.383944142609835,13.620012510709747,73.42137161868799,72.93126612514973,True,False,12.408912414684892,16.4911604175965,17.437731381505728,49.86764611676335,51.76853019744156,499
361,True,10000,500,3897952.476969297,6915.543517097831,78.94901977851987,13.700590174988598,72.98955645177762,72.30089706814967,True,False,12.425462249666452,16.51873703425129,17.66017886499564,49.91824529133737,58.41914108954366,499
362,True,10000,500,3897952.477835488,6914.4837581552565,77.91539095342159,13.700537810023716,72.98983542590355,72.31197837586606,True,False,12.414654833264649,16.516537095109623,17.646742674211662,49.91054376587272,58.32828721031542,499
363,True,10000,500,3897952.478292994,6914.077120833099,77.56659388542175,13.700421897690735,72.99045295594541,72.31623125715923,True,False,12.420204700902104,16.51666685938835,17.6515889664491,49.910365510731936,58.35339755285527,499
364,True,10000,500,3897952.47868192,6914.012242108583,77.31120707467198,13.700803677422668,72.98841904054751,72.31690984792266,True,False,12.420537532307208,16.497170242170494,17.674355302006006,49.92937697097659,58.5083083575591,499
365,True,10000,500,3897952.479067896,6913.536717183888,76.88844110816717,13.700697948047535,72.98898229797909,72.321883929137,True,False,12.422712286934257,16.508946971346933,17.673128750175238,49.92599370889366,58.470892715267794,499
366,True,10000,500,3897952.479445432,6912.773285061121,76.26873720437288,13.700409915544585,72.99051679215763,72.32987100568265,True,False,12.41456507705152,16.51939672107498,17.6259926520288,49.893907411023974,58.28893147408958,499
367,True,10000,500,3897952.479817699,6911.4716267213225,75.71384171023965,13.698913396815797,72.99849053958118,72.3434931088896,True,False,12.41003256291151,16.485277252892654,17.478707246482372,49.87132856622338,57.618381609208846,499
368,True,10000,500,3897952.480189705,6911.98052233085,75.50556398928165,13.700350617918975,72.99083270847676,72.33816680828703,True,False,12.414362514391541,16.521163595219452,17.613902688026428,49.91733026690781,58.25729208067055,499
369,True,10000,500,3897952.480548511,6911.495867185295,75.10393904522061,13.700184224729608,72.99171920585881,72.34323938091637,True,False,12.412767275236547,16.511426928142708,17.58653639505307,49.90375000052154,58.171230405569034,499
370,True,10000,500,3897952.481309554,6910.961481742561,74.42219508811831,13.700479532373633,72.99014590234187,72.34883327318556,True,False,12.414717231877148,16.516499997427065,17.63999570781986,49.909506645053625,58.325819047167855,499
371,True,10000,500,3897952.48167939,6909.81018403545,73.9503400400281,13.699117923838521,72.99740067642237,72.36088788013438,True,False,12.409855029545724,16.491550641755264,17.494057305157185,49.909161031246185,57.728615412488544,499
372,True,10000,500,3897952.482054637,6910.596015397459,73.91995005309582,13.700753637964656,72.98868561719186,72.35265943573505,True,False,12.420697254128754,16.50311689202984,17.677205614745617,49.93748492561281,58.49391421303149,499
373,True,10000,500,3897952.482417923,6910.140939988196,73.51962383836508,13.700643920139942,72.9892701269318,72.35742430469936,True,False,12.420694692991674,16.514846589416265,17.665835252652567,49.91240371018648,58.44382755458351,499
374,True,10000,500,3897952.482775039,6909.692705143243,73.12417775392532,13.700538131040716,72.98983371568036,72.3621181630587,True,False,12.420367449522018,16.51666701460878,17.65662571415305,49.919299175962806,58.397922492586034,499
375,True,10000,500,3897952.483137136,6908.9794820174575,72.5374142639339,13.70028470491688,72.99118387234034,72.36958820060028,True,False,12.41891470272094,16.517783359934885,17.600099711368483,49.91074879653752,58.219499187543946,499
376,True,10000,500,3897952.483544552,6908.876363188028,72.3351864144206,13.70048332018759,72.99012572253602,72.37066835702937,True,False,12.42579473182559,16.509540379047394,17.74528467406829,49.99366570264101,58.47829687874761,499
377,True,10000,500,3897952.486230895,6907.553436234593,70.10117825120687,13.702309134235243,72.98039988759984,72.38452870696244,True,False,12.436999706551433,16.52179363494118,17.76249458392461,49.99690996482968,59.08067988231774,499
378,True,10000,500,3897952.486644871,6906.940612010658,69.62072290480137,13.702043865943601,72.98181277068436,72.39095108629384,True,False,12.425764696672559,16.510410079111654,17.74917806809147,49.99499865807593,58.995817960239904,499
379,True,10000,500,3897952.487053757,6906.447247136384,69.17921686545014,13.701939940422713,72.9823663180609,72.39612236339237,True,False,12.433864525519311,16.509317016849916,17.737941661228735,49.982598749920726,58.95349666941907,499
380,True,10000,500,3897952.487419264,6905.800912994891,68.71236115694046,13.701580264204312,72.98428215703868,72.4028981286055,True,False,12.428349698893726,16.50058027977745,17.715051614989836,49.96416135691106,58.82032782770689,499
381,True,10000,500,3897952.48777771,6905.9628918766975,68.53831326588988,13.702253664550717,72.98069532803304,72.40119992363944,True,False,12.437382247298956,16.519473555187385,17.759584666540224,49.99603000469506,59.06035217456515,499
382,True,10000,500,3897952.488147736,6905.1722898148,68.01969883963466,13.701708599148628,72.98359856099525,72.40948943989495,True,False,12.432729708962142,16.507806877295177,17.72372843697667,49.97226293198764,58.86918280273672,499
383,True,10000,500,3897952.488505073,6905.361587181687,67.859570030123,13.702408852007142,72.9798687807742,72.40750447132878,True,False,12.436539749614894,16.528760083019733,17.769937713940937,49.99604015611112,59.118929104879456,499
384,True,10000,500,3897952.488866499,6904.4987158849835,67.31729581952095,13.701766372876678,72.98329082442606,72.4165534059213,True,False,12.432967312633991,16.508577081064384,17.727407937248547,49.97603609226644,58.88945120386775,499
385,True,10000,500,3897952.489347835,6904.1965287178755,66.90196879208088,13.701993106063716,72.98208313631812,72.41972297866369,True,False,12.425587512552738,16.50893036276102,17.741604708135128,49.992938013747334,58.973306464031296,499
386,True,10000,500,3897952.489701481,6903.927362058312,66.58055307343602,13.702097813596945,72.98152542800229,72.4225464404266,True,False,12.425377150066197,16.513400245457888,17.752404635151226,49.99521868303418,59.015539893880444,499
387,True,10000,500,3897952.490057788,6903.216188307852,66.09204737469554,13.701651585036384,72.98390225395185,72.43000745751849,True,False,12.429509777575731,16.507026894638937,17.719628289341927,49.96514702215791,58.847306873649316,499
388,True,10000,500,3897952.490412044,6903.045070357621,65.80437021329999,13.701885170629902,72.98265804646414,72.43180290782846,True,False,12.43361970409751,16.509240337957937,17.734345048666,49.98120074160397,58.933389214798765,499
389,True,10000,500,3897952.49079165,6903.033851180226,65.5572828836739,13.7023578522977,72.98014040936127,72.43192062784307,True,False,12.436702265404165,16.525780006001394,17.765884287655354,49.996209936216474,59.099619188345926,499
390,True,10000,500,3897952.491152667,6902.257998008281,65.04738703370094,13.701824871692546,72.98297922826049,72.44006238889943,True,False,12.432584655471146,16.50836691260338,17.73068495094776,49.97873092070222,58.91093652695413,499
391,True,10000,500,3897952.491556393,6902.12235879153,64.74287016317248,13.702163303864443,72.98117660865773,72.44148596744716,True,False,12.425914639607072,16.516860264043014,17.755864653736353,49.995202058926225,59.0395400812849,499
392,True,10000,500,3897952.568884259,6879.842519760132,54.66267978772521,13.677715110165144,73.11162660909714,72.67608212890208,True,False,12.429047259502113,16.527630388736725,17.81238072241346,50.0235958956182,59.77174147963514,499
393,True,10000,500,3897952.569749831,6878.926297649741,53.791227750480175,13.677625390579681,73.11210619123545,72.68576204557249,True,False,12.429337250068784,16.527293249964714,17.80909098063906,50.02338206395507,60.52240958437309,499
394,True,10000,500,3897952.570236536,6878.302324563265,53.2777039334178,13.67740404935841,73.11328936333564,72.69235581786488,True,False,12.430217233486474,16.523293685168028,17.80167439331611,50.023702532052994,60.512280724942535,499
395,True,10000,500,3897952.570644722,6878.139236010611,52.908397279679775,13.677817312086034,73.11108031223498,72.69407943681072,True,False,12.428959715180099,16.5267667422692,17.81632735704382,50.02390183508396,60.533110927790254,499
396,True,10000,500,3897952.571028428,6877.440283074975,52.47925175353885,13.677276615874622,73.11397057213446,72.70146732214806,True,False,12.430172297172248,16.523730320235092,17.79814064502716,50.02327049151063,60.50649940967545,499
397,True,10000,500,3897952.571398464,6876.9994378089905,52.10183607414365,13.677149502474643,73.11465008253857,72.70612779914663,True,False,12.431192211806774,16.52343695362409,17.793971113860607,50.02450421452522,60.50065252929911,499
398,True,10000,500,3897952.571779981,6876.286834012717,51.69929936528206,13.67652812554596,73.1179719604518,72.71366248522543,True,False,12.431437498889863,16.52401654670636,17.790337714056175,50.025480054318905,60.493932105600685,499
399,True,10000,500,3897952.572151387,6876.467092894018,51.383052952587605,13.67752312613513,73.11265283764655,72.71175637802273,True,False,12.429862283170223,16.52498325953881,17.80537764231364,50.02390807494521,60.517758429050296,499
400,True,10000,500,3897959.282945046,6978.238538838923,49.41563168540597,13.885416647602238,72.01800460000472,71.65131962989513,True,False,12.403142522089183,16.460840590298176,17.35407035953033,49.79273905046284,51.241747471503906,499
401,True,10000,500,3897959.394240367,6916.921094991267,54.81512797996402,13.75171536475211,72.7182008553757,72.28649758084761,True,False,12.406000052578747,16.45962397257487,17.120417673140764,49.79904284700751,51.256237383931875,499
402,True,10000,500,3897959.394971049,6916.055024135858,54.067977238446474,13.751477047890605,72.71946108170206,72.29554973971214,True,False,12.405092478729784,16.45587446788947,17.116847603271406,49.80562096461654,51.23408178798854,499
403,True,10000,500,3897959.396051889,6914.345520082861,52.93552717193961,13.750320627075995,72.7255768880678,72.31342410467333,True,False,12.399534927681088,16.448697540909052,17.029551944384973,49.733591079711914,51.06978521682322,499
404,True,10000,500,3897959.396500304,6914.4732700660825,52.5311422534287,13.751387029684677,72.71993711189512,72.31208806093504,True,False,12.398444931022823,16.45322423428297,17.111934255808592,49.80070861056447,51.22551663778722,499
405,True,10000,500,3897959.39692054,6913.908435031772,52.09349608048797,13.751132142186941,72.72128503020572,72.31799563132374,True,False,12.39975995849818,16.451737688233454,17.084397996465366,49.792981054633856,51.177065474912524,499
406,True,10000,500,3897959.397311466,6913.942845072597,51.759529393166304,13.751870372103069,72.71738119554935,72.3176357114867,True,False,12.407412403263152,16.45877429594596,17.147530646373827,49.799834098666906,51.32522262632847,499
407,True,10000,500,3897959.397688213,6913.053933065385,51.31637305021286,13.750977074178701,72.72210509882815,72.32693464294877,True,False,12.40830251481384,16.452020965516567,17.072718280057114,49.792125914245844,51.15023403428495,499
408,True,10000,500,3897959.398064969,6913.143771700561,50.99864583462477,13.751793839410693,72.71778588871378,72.32599473003658,True,False,12.407099944539368,16.45915737996499,17.142170574516058,49.79838076978922,51.30542625673115,499
409,True,10000,500,3897959.398437845,6912.466648966074,50.58514093980193,13.751265547146838,72.72057954022156,72.33307954907632,True,False,12.400044943206012,16.4546809780101,17.100381354490917,49.80246406048536,51.20515312068164,499
410,True,10000,500,3897959.398808562,6912.2865200042725,50.23879278451204,13.751598651743008,72.71881803162213,72.3349644944537,True,False,12.401567539200187,16.456684097647667,17.10972422733903,49.810840003192425,51.22334377840161,499
411,True,10000,500,3897959.399631424,6969.628514256328,96.20459005236626,13.774396641691308,72.59846118945605,71.73983505394202,True,False,12.397492537274957,16.448847794284422,17.078954571237166,49.79557394981384,55.709115546196735,499
412,True,10000,500,3897959.40001762,6970.392646733671,96.08385106548667,13.776169931198767,72.58911620531836,71.73197054175996,True,False,12.407375033944845,16.45867107436061,17.1521605613331,49.79911595582962,56.20094200596217,499
413,True,10000,500,3897959.400384606,6969.680454116315,95.65267618745565,13.77560676939651,72.59208372741672,71.73930043015078,True,False,12.405357440002263,16.45639104147752,17.104637653877337,49.81051487848163,56.07591847889129,499
414,True,10000,500,3897959.400753412,6969.034071080387,95.20691027864814,13.775204731065608,72.59420237470714,71.74595430303107,True,False,12.397987535223365,16.452694311738014,17.106484311322372,49.80974402278662,55.979042043909466,499
415,True,10000,500,3897959.401124209,6968.568584881723,94.77035375311971,13.775146755768745,72.59450790106615,71.75074678675728,True,False,12.399734929203987,16.44997422893842,17.094777741779883,49.79469869285822,55.9521245863289,499
416,True,10000,500,3897959.401499125,6968.611074611545,94.5487660355866,13.775675969090095,72.59171907380829,71.75030930074854,True,False,12.410702533088624,16.465111014743645,17.22433635344108,49.839438777416945,56.19821463711563,499
417,True,10000,500,3897959.402316717,6967.4245761707425,93.63284520804882,13.775133729384155,72.59457654969039,71.7625278226976,True,False,12.413745047524571,16.466757282614708,17.205283356209595,49.814766086637974,55.62487912364307,499
418,True,10000,500,3897959.402747053,6966.892811004072,93.13695970922709,13.775061826242176,72.59495547925239,71.76800527349289,True,False,12.414389988407493,16.46642091994484,17.198383652915556,49.812469724565744,55.57822671718898,499
419,True,10000,500,3897959.403124329,6967.068399768323,92.96668181195855,13.775754945804337,72.5913029038433,71.7661965277428,True,False,12.413452262990177,16.465560998767614,17.23945668588082,49.867021292448044,55.82410570234063,499
420,True,10000,500,3897959.403487955,6966.383836697787,92.49300695955753,13.77533232412471,72.59352997594854,71.77324875010197,True,False,12.414020020514727,16.465667635202408,17.214906712373097,49.835965130478144,55.68124593235555,499
421,True,10000,500,3897959.403845832,6965.731652919203,92.02754078432918,13.774958140550849,72.59550190981639,71.77996869725231,True,False,12.41341233253479,16.465294330070417,17.24215659002463,49.8676179908216,55.4339025449008,499
422,True,10000,500,3897959.404212328,6965.808612760156,91.81476384401321,13.775538775383053,72.59244203116064,71.7791756558006,True,False,12.414185097441077,16.465377683440845,17.220626585185528,49.852002039551735,55.74548202566805,499
423,True,10000,500,3897959.404571605,6965.581343974918,91.51004627346992,13.775693983369637,72.59162414664735,71.7815176234342,True,False,12.413497432135046,16.46498745928208,17.237356398254633,49.86761510372162,55.80675042234364,499
424,True,10000,500,3897959.404997371,6964.833791833371,90.97339073196054,13.775271344892607,72.59385132698424,71.7892221040904,True,False,12.414020020514727,16.46695410211881,17.201450032492478,49.813123885542154,55.688746320083766,499
425,True,10000,500,3897959.405367967,6964.546194765717,90.62198456376791,13.775399218841581,72.5931774545038,71.79218660015216,True,False,12.413454707711935,16.466184053570032,17.20853041236599,49.81720224022865,55.724072754383116,499
426,True,10000,500,3897959.405720803,6964.238018263131,90.27858916670084,13.775469797788437,72.59280552163408,71.79536349688104,True,False,12.412404990755022,16.465657390654087,17.211606570829947,49.82779994606972,55.742818266153364,499
427,True,10000,500,3897959.40608147,6971.134369727224,90.11588990688324,13.78961619202473,72.51833452611635,71.72433831878135,True,False,12.413629912771285,16.46534726023674,17.227516664812963,49.87020818516612,59.15961407125002,499
428,True,10000,500,3897959.406446556,6970.908171962947,89.7720237262547,13.789852000474333,72.51709445218141,71.72666568912848,True,False,12.413837481290102,16.46563069274028,17.23080004254977,49.87076399847865,59.15418105199939,499
429,True,10000,500,3897959.406808453,6970.63556406647,89.42372677847743,13.790003681939865,72.51629680923539,71.72947077846001,True,False,12.41362001746893,16.46511737878124,17.23439960430066,49.871273059397936,59.15391983464366,499
430,True,10000,500,3897959.407169189,6969.9508510529995,89.01034109294415,13.78945993979971,72.51915625163525,71.73651732773143,True,False,12.414409895427525,16.465917384872835,17.188640000919502,49.83291383832693,59.08363156020647,499
431,True,10000,500,3897959.407569635,6969.497135840356,88.6016646400094,13.789369681764223,72.51963092428016,71.74118738477848,True,False,12.414272408932447,16.466070897877216,17.194853629916906,49.811910931020975,59.100833227858004,499
432,True,10000,500,3897959.449202904,6928.373221773654,47.047905158251524,13.790231095421648,72.51510094939596,72.16701294737709,True,False,12.410862254910171,16.468040645122528,17.27015944197774,49.842983949929476,59.242897443473396,499
433,True,10000,500,3897959.450086545,6927.17850394547,46.11667478457093,13.789703064450698,72.51787767482534,72.1794594603298,True,False,12.41094246506691,16.467387322336435,17.260359600186348,49.850140139460564,59.24677867442375,499
434,True,10000,500,3897959.45062015,6926.375131588429,45.541269704699516,13.78924621619986,72.52028024745701,72.18783136935507,True,False,12.411057483404875,16.465044269959133,17.252823027471702,49.85980000346899,59.25240970216697,499
435,True,10000,500,3897959.451048436,6926.4851696789265,45.19631387665868,13.790158027659855,72.51548517386328,72.18668455232934,True,False,12.411479954607785,16.468890632192295,17.268043011426926,49.84931396320462,59.240347575396356,499
436,True,10000,500,3897959.451441562,6926.047885324806,44.79714808985591,13.79008163774539,72.51588687211681,72.19124214538286,True,False,12.41120498161763,16.467950617273647,17.266223051895697,49.848627764731646,59.238725518807826,499
437,True,10000,500,3897959.451832588,6925.3359120339155,44.35567231848836,13.78953955854795,72.51873753682467,72.19866391335147,True,False,12.410847470164299,16.464877252777416,17.25511299446225,49.85555773600936,59.24258927814668,499
438,True,10000,500,3897959.452227314,6925.082184839994,43.98197587579489,13.789779977884166,72.51747320144226,72.2013091908963,True,False,12.410937459208071,16.465034025410812,17.257886317869026,49.85294183716178,59.236599626019654,499
439,True,10000,500,3897959.45260791,6924.79004804045,43.61674981191754,13.789926449355775,72.51670294780412,72.20435515463578,True,False,12.411114992573857,16.46805073445042,17.26332601780693,49.851054325699806,59.24051920883363,499
440,True,10000,500,3897966.262364604,6995.544088073075,49.706959165632725,13.919513284383651,71.8415924155842,71.47406887942653,True,False,12.389160227030516,16.508229728788137,17.73775364117062,49.82316670939326,51.99654310010371,499
441,True,10000,500,3897966.312139082,6995.146933011711,66.44389405846596,13.885176430768027,72.01925052850677,71.47812687684726,True,False,12.396637466736138,16.513553634285927,17.64022523847717,49.81765989214182,52.12148010265079,499
442,True,10000,500,3897966.312990774,6994.571107905358,65.62473205849528,13.885664079853433,72.01672129249401,71.48401128339282,True,False,12.38675497006625,16.501215876390535,17.566199911137403,49.818120850250125,51.92327297292647,499
443,True,10000,500,3897966.313497329,6994.020602665842,65.11187693104148,13.885588628727055,72.01711261495682,71.48963784999718,True,False,12.396704987622797,16.510181594640017,17.63442808218919,49.817347852513194,52.111342838034005,499
444,True,10000,500,3897966.313928354,6992.76692699641,64.620282035321,13.884061412747673,72.02503433770816,71.5024546391916,True,False,12.393430224619806,16.502487038572628,17.457791625832495,49.83417708426714,51.675358531065264,499
445,True,10000,500,3897966.31435359,6992.772036232054,64.2151259817183,13.884883587676024,72.02076947102259,71.50240239626304,True,False,12.386570102535188,16.50717972467343,17.573582301847615,49.8222682159394,51.9368746038526,499
446,True,10000,500,3897966.314752346,6992.7183971740305,63.8505001552403,13.885506807652886,72.01753697955468,71.50295086987417,True,False,12.396640027873218,16.510044410824776,17.629209718822167,49.81777281500399,52.11110243108121,499
447,True,10000,500,3897966.315152552,6992.270321119577,63.443934079259634,13.88542362132328,72.01796843017023,71.5075328952588,True,False,12.39650254137814,16.509978349010147,17.623825482247995,49.80324697680771,52.09986745379862,499
448,True,10000,500,3897966.315532089,6991.843455005437,63.05751670151949,13.885342561731298,72.01838885531353,71.51189857405227,True,False,12.396182748489082,16.508983665456373,17.61802516567208,49.820828856900334,52.08843649365005,499
449,True,10000,500,3897966.315899505,6991.1651420407,62.66093114390969,13.88477797774908,72.02131727295465,71.51883696657343,True,False,12.401305022649467,16.501370631158352,17.549120989472893,49.809613078832626,51.89030830282715,499
450,True,10000,500,3897966.316849546,6990.327479783446,61.72706978395581,13.884970761522025,72.0203173038863,71.5274071845758,True,False,12.395509984344244,16.50757032136122,17.580535452968107,49.8507110401988,51.94996289908883,499
451,True,10000,500,3897966.370678984,6993.501968681812,55.197604931890965,13.904417562625094,71.91958925974633,71.49493947940415,True,False,12.40237255115062,16.51268359273672,18.584043951705098,49.854254024103284,55.27811692561948,499
452,True,10000,500,3897966.371595865,6992.9412649944425,54.37103286385536,13.904950364991157,71.9168334838307,71.50067204238093,True,False,12.40214507561177,16.512290108948946,18.55735678691417,49.85626111738384,55.51161381881677,499
453,True,10000,500,3897966.372018631,6992.112142965198,53.8436877541244,13.904345601625398,71.91996147471345,71.50915056519119,True,False,12.402492575347424,16.513806922982138,18.58550647739321,49.85303124412894,55.266224010847445,499
454,True,10000,500,3897966.372399347,6991.550938226283,53.439542185515165,13.904030853789113,71.92158953872581,71.51489053255003,True,False,12.3995675239712,16.50036731734872,18.569901818409562,49.858126137405634,55.20898560993367,499
455,True,10000,500,3897966.372769354,6991.69052625075,53.18893399089575,13.904812810139989,71.91754492881464,71.51346274877557,True,False,12.402590014971793,16.508173663169146,18.567666760645807,49.85477398149669,55.412931614555355,499
456,True,10000,500,3897966.37313804,6991.172162350267,52.78886901214719,13.904575738152545,71.91877111763402,71.51876514966438,True,False,12.408387497998774,16.516910245021183,18.603231175802648,49.91368721239269,55.49759053625161,499
457,True,10000,500,3897966.373498756,6989.858204964548,52.2969039157033,13.90292845901572,71.92729236490631,71.53220928643086,True,False,12.402929947711527,16.527720261365175,18.629746045917273,49.842968909069896,54.5547324325889,499
458,True,10000,500,3897966.373859893,6990.37165986374,52.02702572569251,13.904498264805706,71.91917183600536,71.526955121832,True,False,12.408252456225455,16.517387082179386,18.611171282827854,49.88405494950712,55.04575247876342,499
459,True,10000,500,3897966.374221119,6990.139871835709,51.71682871878147,13.904655397027911,71.91835909962556,71.52932690439755,True,False,12.408704962581396,16.516879977037508,18.602433963678777,49.91171881556511,55.10351533535864,499
460,True,10000,500,3897966.374709084,6990.050302818418,51.266833674162626,13.905377693675861,71.91462339457331,71.53024346597304,True,False,12.409272487275302,16.51656674221158,18.596706562675536,49.89329311065376,55.3308022441342,499
461,True,10000,500,3897966.375078391,6989.334370009601,50.86981737986207,13.904738582424327,71.91792884650172,71.53757046528497,True,False,12.408902519382536,16.516783740371466,18.601914052851498,49.90974077954888,55.15388290397818,499
462,True,10000,500,3897966.375436447,6988.638597074896,50.41447188705206,13.904256763903495,71.92042098906543,71.54469258279798,True,False,12.406889931298792,16.51816659917434,18.618331290781498,49.8657597694546,54.974576514214235,499
463,True,10000,500,3897966.375795214,7034.760540816933,93.09219010174274,13.91115901946932,71.88473646232158,71.07562469239869,True,False,12.403402477502823,16.531160101294518,18.714571992556255,49.84444500878453,54.95954292360689,499
464,True,10000,500,3897966.37616082,7034.733371809125,92.84903295338154,13.911591861434355,71.88249985770464,71.07589919522633,True,False,12.409024988301098,16.516296658664942,18.80334100375573,49.89631795324385,55.18608636222775,499
465,True,10000,500,3897966.376527336,7034.227507188916,92.44925808161497,13.91137925672806,71.88359842295026,71.0810105998142,True,False,12.408455018885434,16.51713376243909,18.762098004420597,49.912672163918614,55.070691714063244,499
466,True,10000,500,3897966.377668845,7033.569143153727,91.36800793930888,13.912226723876591,71.87921961362011,71.08766400436762,True,False,12.406997266225517,16.517550374070805,18.88710695008437,49.88815910182893,55.35544616635884,499
467,True,10000,500,3897966.37920838,7031.593163032085,89.77761305868626,13.911454007962723,71.88321216657971,71.10764067362447,True,False,12.40947749465704,16.517229999105137,19.019458908587694,49.9082597438246,55.56892278604204,499
468,True,10000,500,3897966.379615226,7031.676452141255,89.43072706460953,13.912316082317927,71.8787579352776,71.10679841472829,True,False,12.407329981215298,16.516986923913162,19.00245264793436,49.891090020537376,55.56164590176189,499
469,True,10000,500,3897966.379983382,7030.516464263201,88.89335300773382,13.911068359229393,71.8852049444889,71.11853055768358,True,False,12.403104919940233,16.530973215897877,19.00735901047786,49.843783816322684,55.48830404411996,499
470,True,10000,500,3897966.380356689,7030.299894977361,88.55012524873018,13.911322183824913,71.88389333421723,71.12072137309728,True,False,12.407397502101958,16.518106994529564,19.04503519957264,49.882125901058316,55.57641963940108,499
471,True,10000,500,3897966.380718515,7030.129847116768,88.27684819698334,13.911529055951473,71.88282438099004,71.12244167226335,True,False,12.40912510547787,16.517226739476126,19.04474866266052,49.90164018236101,55.62144707888359,499
472,True,10000,500,3897966.381092421,7029.516324400902,87.80532330274582,13.91124449117867,71.88429479721351,71.12864910269812,True,False,12.407180038280785,16.510513766358297,19.029395654797554,49.84732922166586,55.636055991053524,499
473,True,10000,500,3897966.381454208,7028.984748292714,87.4111270532012,13.910969180840707,71.88571745074955,71.1340282992428,True,False,12.408164911903441,16.510420323659975,18.893030006438494,49.84632492996752,55.37844509817655,499
474,True,10000,500,3897966.382903533,7027.182707097381,85.91143181547523,13.910363277118048,71.88884862877428,71.15226981290884,True,False,12.408609967678785,16.510269915064175,18.890426959842443,49.84896997921169,55.36774167325343,499
475,True,10000,500,3897966.383307609,7027.633202262223,85.71177441626787,13.911666188068045,71.88211580706948,71.14770871067203,True,False,12.40673998836428,16.510250357290108,18.973219363639753,49.84438088722527,55.545054259709964,499
476,True,10000,500,3897966.383685546,7027.019908186048,85.28084820136428,13.911300721412191,71.88400423698741,71.1539182374495,True,False,12.40706245880574,16.510330295811098,18.956255943824846,49.845310766249895,55.50880468450482,499
477,True,10000,500,3897966.384059632,7026.927498634905,84.96902091428638,13.911740436313863,71.8817321655669,71.15485396670638,True,False,12.406709953211248,16.5103569937249,18.974632645646732,49.84381999820471,55.55343204177911,499
478,True,10000,500,3897966.384431648,7026.908958796412,84.62404506281018,13.912394616700604,71.8783521852944,71.15504170209734,True,False,12.406497495248914,16.510697081685066,18.982816021889448,49.84227898530662,55.58039973489935,499
479,True,10000,500,3897966.384794635,7026.67573094368,84.26941791549325,13.912637901860094,71.87709527510249,71.15740346436198,True,False,12.407404952682555,16.51053378979365,18.93657973657052,49.84872485511005,55.461070076562414,499
480,True,10000,500,3897973.259241639,7105.599171016365,49.11202471703291,14.141256806211087,70.71507247932747,70.36704266115835,True,False,12.481310172006488,16.518658647934597,24.9546910636127,49.903313210234046,50.60275270137936,499
481,True,10000,500,3897973.308412194,7106.459417380393,63.013638369739056,14.115121801624555,70.84600572734035,70.35852463705642,True,False,12.48190551996231,16.519375673184793,16.959106355594944,49.88170713186264,50.61423792503774,499
482,True,10000,500,3897973.309250565,7105.534516274929,62.16180743649602,14.114975368413694,70.84674070617132,70.36768294556461,True,False,12.476067990064621,16.513244031618036,16.95143396190042,49.901556968688965,50.59579910710454,499
483,True,10000,500,3897973.309714561,7104.6713553369045,61.59869208931923,14.11437407464446,70.84975888491108,70.37623205813858,True,False,12.46495300438255,16.50255201384425,16.892912567903448,49.867291608825326,50.53845418617129,499
484,True,10000,500,3897973.310141637,7104.298178106546,61.18101580068469,14.114463251113952,70.84931124965573,70.37992880716348,True,False,12.462683022022247,16.50088494643569,16.92089665060227,49.86068601720035,50.53340491838753,499
485,True,10000,500,3897973.310541083,7104.114450048655,60.80313911661506,14.114852326517115,70.84735829090698,70.38174898724718,True,False,12.46661797631532,16.51115094621976,16.918412727924533,49.86491100862622,50.57569689117372,499
486,True,10000,500,3897973.310934199,7103.767762891948,60.469563119113445,14.114826051648967,70.84749017386402,70.38518384734606,True,False,12.466740561649203,16.512235595534246,16.922319806180745,49.87613414414227,50.5752215674147,499
487,True,10000,500,3897973.311316285,7102.7717939578,59.98440831899643,14.113802376029666,70.85262875002141,70.3950534389041,True,False,12.464648229070008,16.502059313158195,16.89697346494829,49.85841382294893,50.529949981719255,499
488,True,10000,500,3897973.311689801,7103.141129948199,59.729490894824266,14.115053384876504,70.84634912337239,70.39139316715877,True,False,12.481888057664037,16.519143929084144,16.95572820181633,49.881887109950185,50.60910513624549,499
489,True,10000,500,3897973.312065658,7102.420246694237,59.264264069497585,14.114541047344167,70.84892074391345,70.39853777065936,True,False,12.464375817216933,16.50551523392399,16.924746983374007,49.888227973133326,50.54226756095886,499
490,True,10000,500,3897973.31287375,7101.676394231617,58.46329219639301,14.11465551510065,70.84834616970595,70.4059115402848,True,False,12.461688020266593,16.506243031471968,16.92846733921503,49.885434145107865,50.55124175734818,499
491,True,10000,500,3897973.36545984,7105.669765267521,54.21060509979725,14.131180681698845,70.76549529191784,70.36634357031303,True,False,12.481145444326103,16.521898408730824,20.243132719770074,49.91998882032931,54.05565692111852,499
492,True,10000,500,3897973.366209513,7104.963852092624,53.467742167413235,14.13125472930904,70.76512448154672,70.37333481334112,True,False,12.481198064051569,16.521992006649572,20.251887501217425,49.92257719859481,54.070680397562704,499
493,True,10000,500,3897973.366638079,7104.205389041454,53.00280638039112,14.130666498318764,70.76807029017193,70.38084804970191,True,False,12.480293051339686,16.516475317378838,20.236702752299607,49.918027175590396,53.99627147242429,499
494,True,10000,500,3897973.367031255,7104.2584190145135,52.65988036990166,14.131459997283791,70.76409657545717,70.38032268952273,True,False,12.479322962462902,16.517955344170332,20.23013774305582,49.91217995993793,54.21923221088948,499
495,True,10000,500,3897973.367407651,7103.589755948633,52.256143651902676,14.130929082758978,70.76675526028158,70.38694761071947,True,False,12.480642995797098,16.5179749019444,20.234202733263373,49.9169590882957,54.0590100316331,499
496,True,10000,500,3897973.367775828,7102.7741227298975,51.85226770117879,14.130103917893225,70.7708878725004,70.39503035862117,True,False,12.487655272707343,16.515638679265976,20.285139442421496,49.88321992568672,53.84304034523668,499
497,True,10000,500,3897973.368150314,7102.753234095871,51.49899097159505,14.130770026301155,70.7675518134349,70.39523738482326,True,False,12.486985535360873,16.52856698880593,20.285037229768932,49.900368228554726,53.648064271546914,499
498,True,10000,500,3897973.36851287,7102.7314639650285,51.17139499634504,14.131382903744857,70.76448262788189,70.39545314879186,True,False,12.487507774494588,16.5394217086335,20.279057323932648,49.943800177425146,53.7831149576232,499
499,True,10000,500,3897973.368874727,7102.712563239038,50.83521828055382,14.132018727371712,70.76129881310885,70.39564047513501,True,False,12.483085505664349,16.53850171715021,20.281147211790085,49.93218700401485,53.94365016371014,499
500,True,10000,500,3897973.369411711,7102.128789760172,50.292124040424824,14.131937205851198,70.76170700687513,70.40142678360021,True,False,12.487577740103006,16.53855511297782,20.280072232708335,49.94903104379773,53.93263465259226,499
501,True,10000,500,3897973.369775108,7101.17594897747,49.881297163665295,14.130851005638888,70.767146267479,70.41087329655551,True,False,12.48743524774909,16.529920355727274,20.280699711292982,49.88374002277851,53.69347920175643,499
502,True,10000,500,3897973.370186314,7101.3036370277405,49.51121099293232,14.131848549167952,70.76215093310475,70.40960724350545,True,False,12.487687752582133,16.538954960803192,20.27888724114746,49.944470124319196,53.91889617778363,499
503,True,10000,500,3897973.411634875,7107.086726929992,59.164305217564106,14.124093029483824,70.80100633099171,70.35231441673741,True,False,12.486860272474587,16.516175741950672,16.98426151958592,49.90647402592003,53.72818403411658,499
504,True,10000,500,3897973.412352647,7106.326724868268,58.43871273100376,14.124024072419367,70.80135199944512,70.35983840290831,True,False,12.487365282140672,16.517763305455446,16.98325177499391,49.914559070020914,53.766231853514924,499
505,True,10000,500,3897973.412767443,7106.131547130644,58.09333734214306,14.124325069716436,70.79984318288395,70.36177091344346,True,False,12.487290427088737,16.53079427778721,16.98431890768297,49.942923756316304,53.7904667761177,499
506,True,10000,500,3897973.41315952,7105.474383104593,57.62432003393769,14.123948022185681,70.80173322850065,70.36827846271612,True,False,12.487270287238061,16.52642134577036,16.98339778464275,49.92489428259432,53.74554629437627,499
507,True,10000,500,3897973.413531206,7105.4550828412175,57.34324408695102,14.124472622754041,70.79910356362858,70.3684696012557,True,False,12.487607658840716,16.532225689540304,16.977020345317698,49.9491767026484,54.17313195299359,499
508,True,10000,500,3897973.413899622,7104.581092018634,56.836898904293776,14.12373585794457,70.80279679950982,70.37712618435809,True,False,12.487433035857975,16.510333338131506,16.964688605318347,49.90841308608651,54.19366075191649,499
509,True,10000,500,3897973.414264079,7104.27553486079,56.48102192208171,14.123836699275968,70.80229128189107,70.38015312701377,True,False,12.48750020749867,16.511004728575546,16.96808025085666,49.905659863725305,54.20763292349877,499
510,True,10000,500,3897973.414625285,7103.962298016995,56.14910600706935,14.12387413228442,70.80210363204775,70.38325641727721,True,False,12.487482745200396,16.511310636997223,16.972206219409784,49.903593212366104,54.18228775728496,499
511,True,10000,500,3897973.414982951,7104.321655351669,55.93510810285807,14.125023140779179,70.7963441923846,70.37969622664131,True,False,12.487352825701237,16.53074560066064,16.98144643257049,49.934698874130845,54.25950849428775,499
512,True,10000,500,3897973.415501106,7103.352593723685,55.351773742586374,14.124250140242681,70.80021877768996,70.38929764542245,True,False,12.487380299717188,16.535419070472322,16.966010744993767,49.94731927290559,54.16560217738154,499
513,True,10000,500,3897973.415861233,7102.299795020372,54.85085770487785,14.123144162956901,70.80576311207422,70.3997316968462,True,False,12.487580417655408,16.533535004903875,16.9591849328328,49.9479697085917,54.06845207326116,499
514,True,10000,500,3897973.416227729,7103.026506956667,54.68282010406256,14.124937248201611,70.79677469911026,70.39252908746752,True,False,12.487870291806757,16.53523693482081,16.96893526551612,49.94951328262687,54.05513604171576,499
515,True,10000,500,3897973.416582476,7102.454392239451,54.32024318724871,14.124517332769944,70.79887945479912,70.39819932477548,True,False,12.487425585277379,16.535524961849053,16.967050166179614,49.94754628278315,54.07001287676396,499
516,True,10000,500,3897973.417024861,7101.741809863597,53.81207913160324,14.124107676817623,70.80093290716934,70.40526301668005,True,False,12.487055268138647,16.534077655524015,16.965677137486516,49.946149066090584,54.00539255235346,499
517,True,10000,500,3897973.417407958,7101.403353270143,53.437432274222374,14.124180202396634,70.80056935483711,70.40861856829379,True,False,12.487345258705318,16.534715332090855,16.965424623340247,49.94717403315008,54.01889263186606,499
518,True,10000,500,3897973.417770834,7101.172384805977,53.09665575623512,14.124400258616717,70.79946629167075,70.41090863669567,True,False,12.487440486438572,16.536133643239737,16.966491277950382,49.947430938482285,54.03601095080378,499
519,True,10000,500,3897973.418232329,7101.186814717948,52.69376002252102,14.125236582555967,70.79527441224985,70.41076555875111,True,False,12.487705214880407,16.53573497508963,16.971982126124075,49.94859891012311,53.97763060871514,499
520,True,10000,500,3897980.366103137,6921.988344285637,50.261327996850014,13.770996024626827,72.61638869197905,72.23358016960097,True,False,12.422650936059654,16.573718655854464,17.564865457049105,50.00645504333079,52.26975345984101,499
521,True,10000,500,3897980.415672422,6922.196532133967,76.66525896638632,13.718499545426011,72.89426928132367,72.2314077155883,True,False,12.422681204043329,16.572164682050545,17.395589345445234,50.00663888640702,52.27149554062635,499
522,True,10000,500,3897980.416400714,6921.726027037948,75.98917605355382,13.718911525018827,72.89208026280552,72.23631765355609,True,False,12.42261368315667,16.577534688015778,17.398675593237083,49.995173793286085,52.26725472602993,499
523,True,10000,500,3897980.41682118,6920.983245130628,75.50761103630066,13.71838804427721,72.89486175579951,72.24407028463524,True,False,12.422755942679942,16.57263096421957,17.371606081724167,49.98123273253441,52.25133786443621,499
524,True,10000,500,3897980.417217196,6920.697648078203,75.12815482914448,13.718576138775669,72.89386229912678,72.24705158718271,True,False,12.422856059856713,16.57167465115587,17.39583257585764,50.00518108718097,52.26709072943777,499
525,True,10000,500,3897980.417591062,6920.714396983385,74.81773803010583,13.719231781469498,72.89037869822239,72.24687674121346,True,False,12.424890999682248,16.581781053294737,17.395676113665104,50.00138878822327,52.26771736051887,499
526,True,10000,500,3897980.417960928,6920.075504109263,74.42164234817028,13.718745213950086,72.89296392669621,72.25354690177747,True,False,12.423003441654146,16.575601417571306,17.39757942656676,50.00764285214245,52.23911807406694,499
527,True,10000,500,3897980.418331984,6919.930106028914,74.07095609232783,13.719156613099372,72.8907780705103,72.25506505685374,True,False,12.430371018126607,16.58224780112505,17.397242598235607,50.00130729749799,52.26953771430999,499
528,True,10000,500,3897980.41869628,6918.731608893722,73.59912106767297,13.717700376404908,72.89851597284098,72.2675814389551,True,False,12.415353674441576,16.573874435077112,17.3847993525366,49.98590727336705,52.29356941767037,499
529,True,10000,500,3897980.419062076,6918.901796918362,73.31301365047693,13.718614796128026,72.89365689327776,72.26580383359351,True,False,12.424085987731814,16.570134709278744,17.396836075931787,50.00351695343852,52.26818583905697,499
530,True,10000,500,3897980.41968531,6918.509890791029,72.71116971969604,13.719035513169002,72.89142148805524,72.26989740457427,True,False,12.429790920577943,16.576554626226425,17.399975719551247,50.00093402341008,52.26783448830247,499
531,True,10000,500,3897980.472195024,6922.636476811022,76.6350687481463,13.7194416995248,72.88926341912564,72.22681729350748,True,False,12.415383593179286,16.585298037777346,17.385162723561127,50.00292714685202,55.31333382707087,499
532,True,10000,500,3897980.472799558,6922.5722178816795,76.15359360352159,13.720277804164645,72.88482159570125,72.22748774053251,True,False,12.430191040039062,16.576004680246115,17.400269396603107,50.02801953814924,55.34785965923218,499
533,True,10000,500,3897980.473201363,6922.076833900064,75.73317922651768,13.720127564476044,72.88561970729671,72.23265675863468,True,False,12.42400100454688,16.576278023421764,17.399392401178677,50.013202615082264,55.330583308823385,499
534,True,10000,500,3897980.473571129,6921.753736678511,75.37231268361211,13.720203254498795,72.88521762038069,72.23602847216162,True,False,12.423131032846868,16.586944616089266,17.39806930224101,50.01059724017978,55.415183207951465,499
535,True,10000,500,3897980.473935096,6921.2473020888865,74.99040616676211,13.719953699242735,72.88654334563785,72.24131405463523,True,False,12.422791216522455,16.58688470100363,17.398509352157514,50.010207714512944,55.313120121136286,499
536,True,10000,500,3897980.474300552,6920.593258924782,74.5418407022953,13.719541920285545,72.88873096567549,72.24814135048337,True,False,12.429228401742876,16.582654633869726,17.40988902747631,50.05523916333914,55.19601076841352,499
537,True,10000,500,3897980.474657318,6920.38054112345,74.2053147405386,13.719790032831485,72.88741282534194,72.25036210491834,True,False,12.43127603083849,16.58097468316555,17.41153234615922,50.028270995244384,54.813659270293996,499
538,True,10000,500,3897980.475019904,6920.557118952274,73.94243823364377,13.720670702842948,72.8827345002018,72.24851863887176,True,False,12.43036100640893,16.579980961978436,17.405459036429722,50.02934201620519,55.094570498913505,499
539,True,10000,500,3897980.4753762,6919.711869210005,73.49526323378086,13.719872957868185,72.88697228253208,72.25734386785717,True,False,12.43054075166583,16.579951004435618,17.411599401384592,50.02724062651396,54.83382905833421,499
540,True,10000,500,3897980.475955314,6919.013866223395,72.8981290012598,13.719670816076423,72.88804617879177,72.26463332308872,True,False,12.43045600131154,16.581371426582336,17.411048989742994,50.02920413389802,54.78329923935233,499
541,True,10000,500,3897980.4763409,6918.094225693494,72.47339282184839,13.718679023790873,72.89331562213857,72.2742396515824,True,False,12.42755597922951,16.587354708462954,17.408179274449747,50.036850944161415,54.53103964682667,499
542,True,10000,500,3897980.476702916,6918.432862032205,72.21265602856874,13.719880172351976,72.8869339555297,72.27070204640695,True,False,12.430770904757082,16.578571405261755,17.412216092149418,50.027408031746745,54.85273624770341,499
543,True,10000,500,3897980.519571523,6922.60319693014,58.415081817656755,13.755888006237441,72.69614288416437,72.22716451836027,True,False,12.43315590545535,16.588964716841776,18.7695829857451,50.02907398156822,54.789794390089796,499
544,True,10000,500,3897980.520269495,6921.55336914584,57.632939890027046,13.755351561634898,72.69897795917508,72.23811958582108,True,False,12.434465810656548,16.59680906062325,18.741979047966478,50.05558701232076,54.735215329565094,499
545,True,10000,500,3897980.520680841,6921.634158119559,57.34410276636481,13.756092295296982,72.69506328784128,72.23727642603953,True,False,12.436428456567228,16.588208296646673,18.82735783467067,50.027936697006226,54.90402039140461,499
546,True,10000,500,3897980.521069477,6921.389210037887,56.976447347551584,13.75633820178424,72.69376380047831,72.23983290447887,True,False,12.431283481419086,16.587103965381782,18.825530492079736,50.02846848219633,54.900826667435446,499
547,True,10000,500,3897980.521437393,6921.116322744638,56.63752090185881,13.756470544775109,72.69306445611613,72.24268119246405,True,False,12.430515955202281,16.58872989937663,19.037186261266452,50.03055268898606,55.30989096034316,499
548,True,10000,500,3897980.521814929,6920.407761353999,56.178436148911715,13.755970591593362,72.69570644554346,72.25007792057811,True,False,12.432735995389521,16.58796202391386,19.065809987951052,50.02885079011321,55.361776263453045,499
549,True,10000,500,3897980.522183515,6919.212213717401,55.69211067631841,13.754549304691547,72.70321824786431,72.26256177094055,True,False,12.434813426807523,16.59700026114782,19.053308852793013,50.054990546777844,55.33486903645096,499
550,True,10000,500,3897980.522539461,6919.526920188218,55.433143861591816,13.755698950554361,72.69714200598287,72.25927520293533,True,False,12.433995958417654,16.59658302863439,19.06429300317539,50.04268470220268,55.3583028540015,499
551,True,10000,500,3897980.522893268,6919.613648671657,55.17412582412362,13.756391829353774,72.69348041295044,72.25836952558528,True,False,12.430593487806618,16.588895923147597,19.049698208303486,50.03065401688218,55.333528192713835,499
552,True,10000,500,3897980.523395292,6918.613200075924,54.56983298063278,13.755597930050685,72.69767589058307,72.268818264694,True,False,12.430091039277613,16.58610611533125,19.06392838650692,50.027503399178386,55.361753525212386,499
553,True,10000,500,3897980.523757408,6918.13486488536,54.15329709649086,13.755474083745227,72.69833041826561,72.2738150910976,True,False,12.43196101859212,16.588772305597864,18.97039686407271,50.027580466121435,55.18079938367007,499
554,True,10000,500,3897980.524115965,6917.832718230784,53.80332004278898,13.755569936248488,72.6978238367873,72.27697175769141,True,False,12.432115734554827,16.588746290653944,18.96822479010247,50.02745110541582,55.1759592304006,499
555,True,10000,500,3897980.524465461,6917.897797189653,53.5662230104208,13.756175499357179,72.69462359263515,72.27629182424775,True,False,12.43019849061966,16.590105897436537,19.001229968853277,50.02801679074764,55.24197596590964,499
556,True,10000,500,3897980.524821387,6917.298903688788,53.15823806449771,13.755792917082747,72.69664540806961,72.28254944041308,True,False,12.43034831713885,16.589079207430284,18.987290345442773,50.02770568244159,55.214347606524804,499
557,True,10000,500,3897980.525238733,6917.169905267656,52.79998108744621,13.756252353066552,72.69421746083914,72.28389743892706,True,False,12.42934598121792,16.587983133892216,19.00177835409217,50.027996161952615,55.245449980720856,499
558,True,10000,500,3897980.525615079,6916.652790270746,52.40175500512123,13.756014098728706,72.69547652560325,72.28930165517647,True,False,12.42963841650635,16.588895271221794,19.008118403144163,50.02801530063152,55.25841664057223,499
559,True,10000,500,3897980.526076684,6916.740090120584,52.00522020459175,13.756983707246476,72.69035286225214,72.28838925351079,True,False,12.429393245838583,16.588418030490477,18.98313916909196,50.028142938390374,55.210323468781986,499
560,True,10000,500,3897987.289559385,6835.811786353588,49.53565634787083,13.599751763538512,73.53075389809987,73.14420227282382,True,False,12.348301708698273,16.424746935566265,17.22235903221477,49.65236000716686,51.366442628204815,499
561,True,10000,500,3897987.33917429,6836.4226198755205,62.77455575764179,13.574445018272302,73.66783678109263,73.13766684732902,True,False,12.351519195362926,16.434025950729847,21.324291941709816,49.66546054929495,51.37173013761639,499
562,True,10000,500,3897987.340070121,6835.676147136837,61.90027482807636,13.574701146911345,73.6664468099565,73.14565366140523,True,False,12.353621772490442,16.434095955143373,21.32664679083973,49.6788464486599,51.44877113401889,499
563,True,10000,500,3897987.340612965,6834.802357014269,61.31930090487003,13.574114340900598,73.6696313944305,73.15500491201054,True,False,12.346589239314198,16.430462555338938,21.315586986020207,49.6704027056694,51.33145093917846,499
564,True,10000,500,3897987.34107388,6834.775877185166,60.911096166819334,13.57487932067805,73.66547991898105,73.15528833491464,True,False,12.35473423730582,16.44159605105718,21.327226771973073,49.677570816129446,51.44441740587353,499
565,True,10000,500,3897987.341505296,6833.559209946543,60.41479995474219,13.573435691366335,73.673314755237,73.16831312037631,True,False,12.352932011708617,16.432972624897957,21.307549788616598,49.666056130081415,51.28101110458373,499
566,True,10000,500,3897987.341925361,6833.715757820755,60.03105500712991,13.574518442512275,73.6674383135559,73.16663696873573,True,False,12.352866935543716,16.434169374406338,21.325061679817736,49.66774871572852,51.394068468362086,499
567,True,10000,500,3897987.342342937,6833.201312925667,59.59809897467494,13.57435513817834,73.6683245591141,73.1721453975315,True,False,12.346479459665716,16.433775890618563,21.323344437405467,49.665386602282524,51.363581828773015,499
568,True,10000,500,3897987.342750242,6833.056676201522,59.228054247796535,13.574806857622697,73.66587314930874,73.17369424746944,True,False,12.35411933157593,16.44672593101859,21.32687682751566,49.67774599790573,51.43912130966782,499
569,True,10000,500,3897987.343155038,6832.530630752444,58.808717876672745,13.574593011775093,73.66703363648278,73.17932798567442,True,False,12.35320174600929,16.433693002909422,21.32590173278004,49.66894220560789,51.4016675017774,499
570,True,10000,500,3897987.343848591,6832.044045906514,58.14235471189022,13.574953288967183,73.66507852463354,73.18453988884627,True,False,12.353456695564091,16.441452627380688,21.32779185194522,49.678218085318804,51.45193757489323,499
571,True,10000,500,3897987.396203207,6840.379578061402,55.97248813137412,13.596006192244545,73.55101092631317,73.09535886043659,True,False,12.347859446890652,16.429946292191744,20.178138744086027,49.682517908513546,57.69032543525086,499
572,True,10000,500,3897987.396923409,6839.517387095839,55.22889597341418,13.595768519283416,73.55229670037853,73.10457327637667,True,False,12.354484293609858,16.447032646586496,20.21743601653725,49.69552392140031,57.404496651142715,499
573,True,10000,500,3897987.397354925,6838.534026872367,54.593031760305166,13.595072134493108,73.55606429353344,73.11508548984689,True,False,12.351399287581444,16.43152628093958,20.24786826223135,49.670564383268356,57.180769722908614,499
574,True,10000,500,3897987.39774697,6838.031533174217,54.18423702940345,13.59488436101165,73.55708025497218,73.1204583620719,True,False,12.34710426069796,16.431046339372795,20.24985325988382,49.6833311393857,57.125986386090396,499
575,True,10000,500,3897987.398148786,6838.216240983456,53.99378901347518,13.595636176292548,73.55301267503425,73.11848329734761,True,False,12.353569269180298,16.434106044471264,20.21381352096796,49.67722650617361,57.39835092797863,499
576,True,10000,500,3897987.398528352,6837.306610308588,53.411815315485,13.594979549084373,73.55656522979841,73.12821093120958,True,False,12.352789286524057,16.429163049906492,20.28813026845455,49.68278845772147,57.26955037564028,499
577,True,10000,500,3897987.398912968,6837.026292923838,53.042049054056406,13.595158805350264,73.55559536431882,73.13120918044271,True,False,12.353574275039136,16.429066037138302,20.286497776396573,49.70040852203965,56.84928577393283,499
578,True,10000,500,3897987.399290944,6836.389299947768,52.62691294774413,13.594714202404857,73.55800093415009,73.13802331353776,True,False,12.353436672128737,16.42909971997142,20.289870211854577,49.69706367701292,56.693295352160824,499
579,True,10000,500,3897987.3996572,6836.877004709095,52.51053487882018,13.595924789239026,73.55145129895726,73.13280605393525,True,False,12.358009233139455,16.428252682089806,20.23949578870088,49.702923744916916,57.16184221208084,499
580,True,10000,500,3897987.400192505,6836.297390982509,51.96789978072047,13.595850683771118,73.55185219808749,73.13900660020003,True,False,12.35851424280554,16.428976009289425,20.23913327138871,49.70537405461073,57.15125711634744,499
581,True,10000,500,3897987.400563141,6835.4239501059055,51.39883607625961,13.595240709478249,73.5551522307969,73.14835241378893,True,False,12.353769154287875,16.429409695168335,20.28067281935364,49.69811858609319,56.88323767855753,499
582,True,10000,500,3897987.400966106,6835.31195204705,51.002031192183495,13.595811464639011,73.55206436930034,73.14955096530147,True,False,12.353706639260054,16.429335965464514,20.285192760638893,49.70043571665883,57.05479260534037,499
583,True,10000,500,3897987.443017341,6839.915892574936,59.05166594311595,13.58890626579523,73.58943982983456,73.10031407590472,True,False,12.357191764749587,16.42883305127422,20.009681737671297,49.700671806931496,57.08062611520279,499
584,True,10000,500,3897987.443908692,6839.243470225483,58.18697391077876,13.58929157578097,73.58735327912268,73.10750116979173,True,False,12.357989326119423,16.42873619372646,20.02388797700405,49.70528408885002,57.11252756416786,499
585,True,10000,500,3897987.444403907,6839.27297918126,57.74605926126242,13.590234308456909,73.58224864288923,73.10718573772381,True,False,12.359484215267003,16.428396416207153,20.05624755596121,49.70175977796316,57.187801785766965,499
586,True,10000,500,3897987.444813802,6837.941634003073,57.17405490577221,13.588712583361325,73.59048871373203,73.12141968478453,True,False,12.352726771496236,16.43377263098955,19.757607330878574,49.69651186838746,56.57429441809644,499
587,True,10000,500,3897987.445206658,6838.415359146893,56.927718222141266,13.590155593035576,73.58267483798795,73.11635426344972,True,False,12.359289219602942,16.428313062836725,20.193776426215965,49.70253203064203,57.44931900873768,499
588,True,10000,500,3897987.445583454,6837.399940006435,56.49230210110545,13.588993262335329,73.58896871129551,73.12721273980785,True,False,12.35750166233629,16.428576316684484,20.261322458585102,49.704976100474596,57.56614502519357,499
589,True,10000,500,3897987.44595042,6837.246540933847,56.151455733925104,13.589368908216278,73.58693451874643,73.12885340707764,True,False,12.357909232378006,16.428942792117596,20.19840603073438,49.70309613272548,57.45183592662203,499
590,True,10000,500,3897987.446322306,6836.919905152172,55.78587995842099,13.589446944276053,73.5865119530273,73.13234715872707,True,False,12.352729449048638,16.43359971543153,20.26967875038584,49.69534194096923,57.5020286068319,499
591,True,10000,500,3897987.446682203,6836.886453907937,55.44537305831909,13.59006228627178,73.58318004253492,73.13270497774641,True,False,12.358264182694256,16.42828295007348,20.21984274809559,49.70247410237789,57.49708764255035,499
592,True,10000,500,3897987.447227687,6836.102342698723,54.89344894886017,13.589596981462652,73.58569951442149,73.14109340888136,True,False,12.35995686147362,16.440695927788813,20.2187259371082,49.70089793205261,57.5033385120331,499
593,True,10000,500,3897987.447587943,6834.825397003442,54.372384678572416,13.588082189027794,73.59390281047074,73.15475830870712,True,False,12.36302184406668,16.4412393545111,20.107660597811144,49.69627009704709,57.28971872478712,499
594,True,10000,500,3897987.447948289,6835.154443047941,54.140906780958176,13.589205483500967,73.5878194802579,73.15123662034466,True,False,12.362016714178026,16.441005902985733,20.132513561596472,49.698829744011164,57.33767395839084,499
595,True,10000,500,3897987.448311566,6834.511389024556,53.68407117202878,13.588832300305665,73.58984038514525,73.15811936504237,True,False,12.361404253169894,16.441089411576588,20.111153988788526,49.69774214550853,57.296894080936795,499
596,True,10000,500,3897987.448668322,6834.213242866099,53.35286492481828,13.588898552988539,73.58948159783525,73.16131092659796,True,False,12.362876790575683,16.44114948188265,20.131333731114864,49.69783378764987,57.33494080603111,499
597,True,10000,500,3897987.449030058,6834.019674919546,53.05257812142372,13.58911241843311,73.58832344660998,73.16338316012916,True,False,12.361534289084375,16.441339316467445,20.121803662429254,49.698090087622404,57.31716459617007,499
598,True,10000,500,3897987.4507584,6832.529500126839,51.356445997953415,13.58952515857492,73.58608842701211,73.17934009516067,True,False,12.360311695374548,16.440415910134714,20.15959673250715,49.70187954604626,57.38926326856006,499
599,True,10000,500,3897987.451188785,6832.635649945587,50.96894083544612,13.59051444711451,73.58073190616537,73.17820320244675,True,False,12.360663968138397,16.436432643483084,20.112220663577318,49.704838171601295,57.298394758254176,499
600,True,10000,500,3897994.126974634,6747.681268956512,49.67817524448037,13.422851891206475,74.49981629128426,74.09952842620291,True,False,12.371724005788565,16.409086373945076,16.697363307078678,49.816402699798346,50.47532577998936,499
601,True,10000,500,3897994.176732818,6748.4632497653365,66.22767867520452,13.391253649479223,74.67560739086511,74.09094211447123,True,False,12.367286486551166,16.406649723649025,16.965523672600586,49.81572637334466,50.78655821271241,499
602,True,10000,500,3897994.177669458,6747.907516080886,65.3348290361464,13.391929232554588,74.67184022814943,74.09704398118289,True,False,12.370711541734636,16.413779618839424,16.918964218348265,49.817260820418596,50.69761441089213,499
603,True,10000,500,3897994.178197722,6746.877528261393,64.75471518933773,13.391027681507126,74.67686751039952,74.10835574020643,True,False,12.366839218884706,16.406473393241566,16.940950881689787,49.80446295812726,50.738356579095125,499
604,True,10000,500,3897994.178638088,6746.889826841652,64.35571890324354,13.39185191971625,74.67227131803502,74.10822065165684,True,False,12.37203401979059,16.40928629785776,16.89495798200369,49.818611051887274,50.6497351732105,499
605,True,10000,500,3897994.179060863,6746.188985183835,63.90688428655267,13.391346895585736,74.67508741257652,74.11591953592075,True,False,12.367411749437451,16.406509714821976,16.97518366078536,49.81571640819311,50.805420111864805,499
606,True,10000,500,3897994.179464749,6745.523591991514,63.462658785283566,13.390903673759981,74.67755906268974,74.1232304922356,True,False,12.371616438031197,16.407102967302006,16.933151055127382,49.83272301033139,50.74100058525801,499
607,True,10000,500,3897994.179857985,6745.620799716562,63.129191752523184,13.391766749426932,74.6727462261686,74.12216233990043,True,False,12.375794001854956,16.408770034710567,16.953737009316683,49.827858712524176,50.77874516136944,499
608,True,10000,500,3897994.180251071,6745.1273845508695,62.729435972869396,13.391579055266533,74.67379282704738,74.12758447604811,True,False,12.376186437904835,16.406799666583538,16.994486718128126,49.83645807951689,50.858137495815754,499
609,True,10000,500,3897994.180633317,6743.999036960304,62.28134082630277,13.390215823915833,74.68139521798687,74.1399868623592,True,False,12.36951898317784,16.407189890742302,16.82260197897752,49.7990008443594,50.546847032383084,499
610,True,10000,500,3897994.181343779,6743.984458036721,61.63030816242099,13.391491282313227,74.67428226763266,74.14014713574204,True,False,12.371294084005058,16.40648643175761,16.985647069911163,49.8171828687191,50.826603611931205,499
611,True,10000,500,3897994.237456785,6736.109591089189,68.32871679216623,13.36228632123652,74.83749232425234,74.22682087319677,True,False,12.372031691484153,16.398789671560127,17.00338659187158,49.82735384255648,50.875705257058144,499
612,True,10000,500,3897994.238090499,6735.6044463813305,67.7176732569933,13.362498543335345,74.83630376137688,74.23238760236617,True,False,12.369916774332523,16.410183006276686,16.92004424209396,49.82094019651413,50.69890930317342,499
613,True,10000,500,3897994.238531924,6734.988843090832,67.24481796845794,13.362212475195138,74.83790591238868,74.23917272156002,True,False,12.371566495858133,16.40685290719072,16.954220676173765,49.827909003943205,50.778832510113716,499
614,True,10000,500,3897994.23894014,6734.386938624084,66.77824258804321,13.361941274621325,74.83942485956928,74.24580805304247,True,False,12.366926530376077,16.406643049170572,16.965117305517197,49.811374954879284,50.78530174680054,499
615,True,10000,500,3897994.239344275,6734.129951801151,66.42404804006219,13.362136079681541,74.83833378411701,74.2486414100558,True,False,12.366909300908446,16.406219607839983,16.984016944964726,49.81713527813554,50.823015458881855,499
616,True,10000,500,3897994.239724431,6733.554647769779,65.9854719415307,13.361862075808112,74.83986844996086,74.25498509403276,True,False,12.366931769065559,16.406023409217596,16.687393343696993,49.84532864764333,50.489444360136986,499
617,True,10000,500,3897994.240250496,6733.488048892468,65.56393578648567,13.36257337295788,74.83588468249094,74.25571952745065,True,False,12.372786761261523,16.41147304326296,16.93697413429618,49.86205184832215,50.72036439552903,499
618,True,10000,500,3897994.240653531,6732.999335043132,65.14656078070402,13.362430409343544,74.83668534586045,74.2611093688452,True,False,12.372303986921906,16.411736607551575,16.939947692056496,49.854726158082485,50.72658848017454,499
619,True,10000,500,3897994.241039917,6732.365501113236,64.719726331532,13.362015580724856,74.83900867789232,74.26810085063298,True,False,12.370881740935147,16.40633974845211,16.943993978202343,49.847100023180246,50.73566106148064,499
620,True,10000,500,3897994.241410383,6731.8099471740425,64.28939988836646,13.36176462381899,74.84041428310876,74.27422995057901,True,False,12.372444267384708,16.411679641654093,16.883954716225464,49.859461933374405,50.615464001894,499
621,True,10000,500,3897994.241781789,6731.82774707675,64.01114305481315,13.362357923891656,74.8370913049723,74.2740335590318,True,False,12.371811782941222,16.411232917259138,16.959846951067448,49.848556984215975,50.76672015711665,499
622,True,10000,500,3897994.242158686,6730.76676717028,63.50522814318538,13.361245569192574,74.8433216664867,74.28574147581224,True,False,12.366714305244386,16.406013009448845,16.947940612832706,49.844948668032885,50.75260060839355,499
623,True,10000,500,3897994.283978973,6731.860496103764,58.63492004573345,13.373197547210482,74.77643222346552,74.2736722321248,True,False,12.371566728688776,16.406359616667032,16.943057378133137,49.84751483425498,50.733901588246226,499
624,True,10000,500,3897994.284729915,6730.431490577757,57.751348707824945,13.372104492725315,74.78254455340365,74.28944202165539,True,False,12.365541770122945,16.406999590496223,16.950194103022415,49.822210147976875,50.75716147199273,499
625,True,10000,500,3897994.28517315,6730.511491186917,57.411433197557926,13.372946007994708,74.77783873517272,74.28855899803622,True,False,12.367551564238966,16.406016269077856,16.946880612522364,49.84662039205432,50.743079856038094,499
626,True,10000,500,3897994.285567256,6730.417851824313,57.0909958332777,13.373400513008088,74.77529735442504,74.28959256437139,True,False,12.373349047265947,16.41097633788983,16.935943936308224,49.862176552414894,50.71827694773674,499
627,True,10000,500,3897994.285940532,6729.699619114399,56.63647083565593,13.372872040638764,74.77825234258611,74.2975211820521,True,False,12.367306742817163,16.4059034238259,16.94558064142863,49.8459005728364,50.74136276729405,499
628,True,10000,500,3897994.286317688,6729.2000241577625,56.19703605771065,13.37275147915842,74.77892650278523,74.30303724142615,True,False,12.366366805508733,16.405033102879923,16.948884042600792,49.84416039660573,50.75466951355338,499
629,True,10000,500,3897994.286684364,6728.782788850367,55.82273984327912,13.372665428871919,74.77940768943303,74.30764459041582,True,False,12.365934206172824,16.406363031516474,16.94948070993026,49.841702450066805,50.756510496139526,499
630,True,10000,500,3897994.287052941,6728.823108132929,55.56803196668625,13.373256665663812,74.77610166321912,74.30719933708242,True,False,12.372254044748843,16.41144634534915,16.94146730005741,49.85271841287613,50.729998499155045,499
631,True,10000,500,3897994.287423437,6728.301463183016,55.16849597916007,13.37301195832436,74.77746996087336,74.31296037134767,True,False,12.368113966658711,16.40617645656069,16.945854295045137,49.84918646514416,50.74015368707478,499
632,True,10000,500,3897994.287935981,6727.975826710463,54.69162203371525,13.37331503943236,74.77577526973789,74.3165571456084,True,False,12.375611462630332,16.405583048860233,16.849768348038197,49.8473041690886,50.54404533468187,499
633,True,10000,500,3897994.288323617,6727.707699872553,54.34158490970731,13.373479188302296,74.77485745629261,74.31951896624042,True,False,12.375591555610299,16.40622302268942,16.90398808568716,49.84818799421191,50.65005402080715,499
634,True,10000,500,3897994.288685413,6727.261574938893,53.96534875035286,13.373339130638357,74.77564056601221,74.32444753785893,True,False,12.375436490401626,16.40599298601349,16.90507757787903,49.84794044867158,50.65330254845321,499
635,True,10000,500,3897994.289046789,6726.715900935233,53.55219403281808,13.373073560926683,74.77712550103593,74.33047676808883,True,False,12.375866528600454,16.405799736579258,16.909348002324503,49.84748698771,50.662995455786586,499
636,True,10000,500,3897994.289483375,6726.075677201152,53.03864926099777,13.37281969527085,74.77854504788088,74.33755193906167,True,False,12.375443940982223,16.40562977020939,16.91849436610937,49.848512187600136,50.68296525627375,499
637,True,10000,500,3897994.289869991,6725.930077955127,52.7364918962121,13.373133438995822,74.77679068721602,74.33916115762152,True,False,12.375801452435553,16.4056063319246,16.91044804950555,49.84837248921394,50.665918150916696,499
638,True,10000,500,3897994.290243237,6725.35591525957,52.324885968118906,13.372807673930764,74.77861226924107,74.34550770250233,True,False,12.375623919069767,16.40547967205445,16.933460719883442,49.84821043908596,50.71196612901986,499
639,True,10000,500,3897994.290717382,6725.552603136748,51.95390013977885,13.373945296587113,74.77225140551377,74.34333347817451,True,False,12.375979218631983,16.40561626603206,16.90787759919961,49.84717285260558,50.65956427715719,499
