request_index,success,input_tokens,output_tokens,start_time_monotonic_s,e2e_ms,ttft_ms,tpot_ms,decode_tokens_s,e2e_tokens_s,pass_70,pass_80,itl_p50_ms,itl_p90_ms,itl_p99_ms,raw_chunk_gap_p90_ms,raw_chunk_gap_p99_ms,itl_samples
0,True,10000,500,3904124.763893589,12804.26353123039,150.83596389740705,25.357570275216396,39.435954988848636,39.04949306771679,False,False,23.2353990431875,30.943025648593903,31.2407917032639,93.30920302309096,95.87006447836755,499
1,True,10000,500,3904124.76466413,12898.999558296055,150.39639919996262,25.548302924040264,39.14154309870136,38.76269610990277,False,False,23.237401503138244,30.943138990551233,31.197666345785063,93.39145584963262,96.34004089049994,499
2,True,10000,500,3904124.765128005,12898.416354320943,149.90568393841386,25.548117575916894,39.1418270652808,38.764448771457204,False,False,23.239518981426954,30.948332355668146,31.21394927923878,93.35287446156144,96.31835159845649,499
3,True,10000,500,3904124.76557319,12896.880431100726,149.3468009866774,25.54615957938687,39.14482710766817,38.76906533104346,False,False,23.22424901649356,30.914099266131718,31.210915961613257,93.2271848898381,96.20251684915273,499
4,True,10000,500,3904124.765943876,12897.397975903004,149.03834415599704,25.547814893280577,39.142290805583286,38.767509611952775,False,False,23.236628738231957,30.941912438720465,31.21152302871148,93.29225709661841,96.34239533450453,499
5,True,10000,500,3904124.766307932,12896.95127028972,148.6541680060327,25.547689583734844,39.14248279565204,38.76885238388343,False,False,23.23096396867186,30.93214239925146,31.21229587122798,93.25622450560331,96.34855789598076,499
6,True,10000,500,3904124.766675338,12896.623783744872,148.29724188894033,25.54774858087361,39.142392404340974,38.769836849099114,False,False,23.23640650138259,30.935162367920082,31.211862651010353,93.2728077750653,96.33829369675367,499
7,True,10000,500,3904124.767032204,12896.351356990635,147.95977575704455,25.5478789203078,39.14219270880872,38.77065583584372,False,False,23.235969012603164,30.94526908049981,31.218702749659617,93.3054446708411,96.34544641245155,499
8,True,10000,500,3904124.76742741,12896.157168783247,147.6153489202261,25.548179999725495,39.14173142708187,38.77123963798395,False,False,23.239751462824643,30.942325635502737,31.208439264446497,93.35885345935822,96.32562882266937,499
9,True,10000,500,3904124.767780226,12895.723904017359,147.24448369815946,25.548054950539477,39.14192301276868,38.77254225675821,False,False,23.237058776430786,30.944345674167078,31.218979352464277,93.34398261271417,96.31211554165928,499
10,True,10000,500,3904124.768134633,12895.489974878728,146.91690588369966,25.54824262323653,39.14163548339267,38.77324560555925,False,False,23.240346228703856,30.94261232763529,31.202709612747032,93.37436961941421,96.33261057548224,499
11,True,10000,500,3904124.768486189,12893.78845365718,146.42105158418417,25.545826457060112,39.145337563491886,38.77836229414641,False,False,23.21965422015637,30.91725256914894,31.212882759670418,93.22154549881816,96.15563416853546,499
12,True,10000,500,3904124.768836385,12894.275378901511,146.09506586566567,25.547455537145986,39.142841389664056,38.77689791069097,False,False,23.21919403038919,30.914329302807648,31.254065688699484,93.22883663699031,96.50578489061445,499
13,True,10000,500,3904124.769187681,12893.979842308909,145.75519924983382,25.547544374867886,39.14270527635286,38.777786696963354,False,False,23.230971535667777,30.937512249996264,31.213199254125357,93.23061807081103,96.34309271350502,499
14,True,10000,500,3904124.769575987,12893.63958593458,145.37648297846317,25.547621448809853,39.14258718776286,38.778810022380355,False,False,23.231106577441096,30.927622690796852,31.212319619953632,93.24564770795405,96.35229391511528,499
15,True,10000,500,3904124.769918533,12893.504648003727,145.08765703067183,25.547929841629372,39.14211469183457,38.77921586489783,False,False,23.235773667693138,30.94261900211374,31.218092578152817,93.33490924909711,96.29088584799318,499
16,True,10000,500,3904124.770266889,12893.19634065032,144.74866073578596,25.547991342514095,39.14202046623964,38.780143169275625,False,False,23.239266243763268,30.950138966242474,31.155013324071962,93.46376676112413,96.09352483879773,499
17,True,10000,500,3904124.770613445,12894.069162197411,144.582643173635,25.550073184416384,39.13883114080176,38.77751807520085,False,False,23.23953900486231,30.949192121624947,31.154053285717964,93.46311721019447,96.51493169367313,499
18,True,10000,500,3904124.770957662,12893.286370206624,144.13995714858174,25.549391609334755,39.13987523815005,38.77987238035629,False,False,23.237406508997083,30.94661235809326,31.180963075409334,93.49285298958421,96.44495989661664,499
19,True,10000,500,3904124.771349457,12892.935253679752,143.75787181779742,25.549453671066043,39.139780164163305,38.78092848230939,False,False,23.237471585161984,30.947082365552586,31.181113018343847,93.49214462563396,96.45197249948978,499
20,True,10000,500,3904124.771693164,12892.752515152097,143.45059404149652,25.54970324871864,39.13939783430368,38.78147815312357,False,False,23.23933399748057,30.94811566794912,31.15819673985243,93.46967600286007,96.48074801079929,499
21,True,10000,500,3904124.77203954,12892.448408994824,143.11321778222919,25.54976992226973,39.13929569785983,38.782392927875456,False,False,23.23945378884673,30.948768990735214,31.15711035206914,93.46836935728788,96.48786274250597,499
22,True,10000,500,3904124.772379126,12892.226811964065,142.80027197673917,25.549952985946543,39.139015267465986,38.78305953599862,False,False,23.23930407874286,30.95067897811532,31.153833338369925,93.46232800744474,96.50111362338066,499
23,True,10000,500,3904124.772712652,12891.39685081318,142.35797710716724,25.54917609961125,39.140205386709745,38.7855564285464,False,False,23.23854877613485,30.94542569791277,31.180073351909716,93.50813394412398,96.4119900111109,499
24,True,10000,500,3904124.773087298,12891.556438989937,142.10117980837822,25.550010539442003,39.13892710362222,38.785076291313615,False,False,23.239421541802585,30.95112896213929,31.153766593585413,93.46296484582126,96.50780690833926,499
25,True,10000,500,3904124.773433625,12890.726617537439,141.6457835584879,25.54926018833457,39.14007656693659,38.78757302321231,False,False,23.237919085659087,30.946108667800825,31.18030618255337,93.48247307352722,96.42168601043522,499
26,True,10000,500,3904124.773775921,12890.752037987113,141.38461695984006,25.5498345110767,39.13919675551976,38.78749653445935,False,False,23.239411180838943,30.94915859401226,31.15591996659835,93.46583508886397,96.49429289158434,499
27,True,10000,500,3904124.774123437,12890.596830286086,141.08220115303993,25.550129517300693,39.13874484757005,38.78796355070732,False,False,23.2396989595145,30.94956899682681,31.15464032938083,93.46442194655538,96.52072101831436,499
28,True,10000,500,3904124.774462423,12889.862628187984,140.6538262963295,25.549516637057426,39.13968370538893,38.79017289963845,False,False,23.24155392125249,30.947028969724972,31.16716304793954,93.48712502978742,96.45917238667607,499
29,True,10000,500,3904124.77479981,12889.766658190638,140.37083834409714,25.54989142253816,39.13910957437089,38.79046170958272,False,False,23.239331552758813,30.950245757897694,31.154459963242214,93.46248414367437,96.49437208194286,499
30,True,10000,500,3904124.775178006,12889.186844229698,139.9468621239066,25.549579122456496,39.139587983312886,38.792206680116735,False,False,23.241311544552445,30.947438751657803,31.166960019618273,93.48814599215984,96.46626807749271,499
31,True,10000,500,3904124.775515532,12888.889977708459,139.61930572986603,25.549640625207598,39.139493767023374,38.79310017113638,False,False,23.23914400767535,30.94819902131955,31.159549951553345,93.4703971259296,96.47413872182369,499
32,True,10000,500,3904124.775851798,12888.351504225284,139.23655124381185,25.549328563089123,39.13997182081296,38.79472094131521,False,False,23.23663397692144,30.952778955300648,31.17340321963032,93.3967687189579,96.30513807293026,499
33,True,10000,500,3904124.776195235,12890.419360715896,139.04673187062144,25.553852963617786,39.13304194963267,38.78849756616696,False,False,23.2368289725855,30.950939127554495,31.16176960368951,93.3802125044167,97.25621215067804,499
34,True,10000,500,3904124.776531221,12982.905402313918,138.7915052473545,25.739707208550225,38.85048077267249,38.512180787428825,False,False,23.238933994434774,30.955328326672316,32.46507173016034,93.40530862100422,97.23361381795257,499
35,True,10000,500,3904124.776902477,12983.88887103647,138.49589927121997,25.742270484499496,38.84661225209882,38.509263670252466,False,False,23.237784043885767,30.959971031794947,32.46505130703238,93.48648595623672,97.28177486918867,499
36,True,10000,500,3904124.777244033,12983.495206106454,138.14603304490447,25.742182711546192,38.84674470714047,38.51043128701105,False,False,23.238179041072726,30.9598666926225,32.46464873508848,93.48418582230806,97.252720114775,499
37,True,10000,500,3904124.777578729,12983.26487885788,137.82850559800863,25.74235746144263,38.84648099917881,38.5111144743112,False,False,23.237733985297382,30.960076674818993,32.464832712430386,93.487204099074,97.28471886366606,499
38,True,10000,500,3904124.777914656,12982.614835258573,137.44447007775307,25.74182437911988,38.84728546322987,38.51304273789938,False,False,23.238588706590235,30.959566341092188,32.46523976325977,93.4808608610183,97.23280895501375,499
39,True,10000,500,3904124.778256022,12982.160930056125,137.08511414006352,25.741634901635393,38.847571408002096,38.51438929881132,False,False,23.238888825289905,30.957306642085314,32.465480525667346,93.48507840186357,97.2289315937087,499
40,True,10000,500,3904124.778631508,12982.263799291104,136.7826471105218,25.742447198758683,38.8463455816361,38.51408411738656,False,False,23.23751652147621,30.960197964062292,32.46445594743503,93.48860983736813,97.28617592714727,499
41,True,10000,500,3904124.778971584,12981.611336115748,136.39479177072644,25.741916922535115,38.84714580539164,38.51601985717791,False,False,23.23832898400724,30.95949605728189,32.46523592621076,93.48197616636753,97.23510200623423,499
42,True,10000,500,3904124.77931898,12981.156161986291,136.03118620812893,25.74173341839311,38.84742273360173,38.51737039141306,False,False,23.238813737407327,30.958214278022446,32.465486768633006,93.48544520325959,97.22987073473632,499
43,True,10000,500,3904124.779666487,12980.969162657857,135.70785894989967,25.74200662065723,38.8470104423611,38.51792525925891,False,False,23.238218971528113,30.959677323698997,32.46484791937582,93.48288485780358,97.23740444984287,499
44,True,10000,500,3904124.780008103,12980.278411414474,135.32417314127088,25.741391259064535,38.84793910072213,38.51997500764812,False,False,23.238968919031322,30.955266331632934,32.46526513636721,93.48531658761203,97.23897119984031,499
45,True,10000,500,3904124.780379769,12980.61850713566,135.05034614354372,25.742621565114458,38.846082457863055,38.51896577386831,False,False,23.237079032696784,30.960273711631693,32.464763463164246,93.48841682076454,97.28981748688966,499
46,True,10000,500,3904124.780720875,12980.224751867354,134.70067968592048,25.742533210784437,38.84621578660586,38.52013424714154,False,False,23.237541201524436,30.960144195705652,32.46443197286365,93.48899400793016,97.28825975209475,499
47,True,10000,500,3904124.781065651,12979.987513739616,134.3723637983203,25.74271573134528,38.845940359834024,38.520838288229356,False,False,23.237109067849815,30.960218887776136,32.465092501758164,93.48720917478204,97.2918798122555,499
48,True,10000,500,3904124.781401178,12979.285771027207,133.98123811930418,25.742093252320448,38.84687970780534,38.52292096966665,False,False,23.247878765687346,30.961929634213448,32.47041105059895,93.45482280477881,96.89866657368839,499
49,True,10000,500,3904124.781738024,23512.82733073458,271.47400798276067,46.5758583622281,21.47035041679395,21.264988381317693,False,False,23.23855401482433,30.94856223712365,31.14210705583294,93.42663884162903,110.1160198356956,499
50,True,10000,500,3904124.78207838,23512.05266965553,271.06102276593447,46.575133560900994,21.470684537971618,21.26568900746365,False,False,23.237761459313333,30.94133222475648,31.1541766859591,93.45706985332072,110.09298104327169,499
51,True,10000,500,3904124.782449416,23510.526046156883,270.38872009143233,46.573421495121146,21.47147381269285,21.267069865573333,False,False,23.231209022924304,30.943605738381546,31.174023014803726,93.48952081054449,110.20441302563992,499
52,True,10000,500,3904124.782785643,23511.14207925275,270.2083410695195,46.57501751138924,21.47073803580352,21.26651263109935,False,False,23.23788625653833,30.942412248502176,31.15650328497092,93.46621306613088,110.16515020746735,499
53,True,10000,500,3904124.783124339,23511.33599737659,270.071092993021,46.57568117110936,21.470432097948457,21.26633722795635,False,False,23.238173802383244,30.947422453512747,31.143636753161747,93.43187040649354,110.11341482400891,499
54,True,10000,500,3904124.783456505,23510.226229205728,269.4745999760926,46.57465256358644,21.47090627535528,21.26734107640665,False,False,23.237361456267536,30.94330569729209,31.172862897316616,93.48642872646451,110.16569522675124,499
55,True,10000,500,3904124.783789162,23510.392726864666,269.36032995581627,46.57521522426623,21.470646892018834,21.26719046375878,False,False,23.237761459313333,30.94198244313399,31.153476641823847,93.45440384931862,110.09268405847249,499
56,True,10000,500,3904124.784496944,23509.912433102727,268.68964824825525,46.57559676323542,21.470471008314657,21.267624940022475,False,False,23.238103836774826,30.946392255524795,31.144216656684875,93.43405100516975,110.11357082985339,499
57,True,10000,500,3904124.78484514,23508.950673043728,268.10712506994605,46.57483676948654,21.470821356805036,21.26849500659846,False,False,23.237566580064595,30.943102668970823,31.159053401400644,93.4718610253185,110.16017022076991,499
58,True,10000,500,3904124.785185256,23508.679255843163,267.78735779225826,46.574933663428666,21.47077668916177,21.268740559966734,False,False,23.237649002112448,30.94307240098715,31.15815669298172,93.46945090219378,110.17231480684129,499
59,True,10000,500,3904124.785517123,23508.477638009936,267.52207102254033,46.57506125648777,21.47071786965611,21.268922968945024,False,False,23.239123984239995,30.941992222021025,31.15556001042326,93.46267622895539,110.14620773959902,499
60,True,10000,500,3904124.785850029,23508.225190918893,267.20832381397486,46.57518410241467,21.47066123884963,21.26915136890672,False,False,23.238011519424617,30.941545808066923,31.15466997648279,93.45935517922044,110.13951366301623,499
61,True,10000,500,3904124.786221985,23508.13529221341,266.95565739646554,46.57551029021432,21.470510870819243,21.269232705395176,False,False,23.238054011017084,30.94573225826025,31.145310029387474,93.43789801932871,110.1125534949824,499
62,True,10000,500,3904124.786557701,23507.680687122047,266.60186098888516,46.57530826880393,21.470603999626096,21.269644022088045,False,False,23.237954010255635,30.94312222674489,31.154106681545574,93.44695629552007,110.10892140679059,499
63,True,10000,500,3904124.786889298,23507.62679707259,266.31434401497245,46.57577645903331,21.470388172263124,21.269692781674802,False,False,23.238209076225758,30.947822301338118,31.142893712967634,93.4293560218066,110.11515997815874,499
64,True,10000,500,3904124.787229144,23507.072413805872,265.93972789123654,46.57541620423775,21.470554242927264,21.270194399296887,False,False,23.24441378004849,30.952619078258675,31.135656870901585,93.41218136250973,110.18722643144424,499
65,True,10000,500,3904124.787562301,23508.004693314433,265.72730019688606,46.5777102066484,21.469496794998356,21.269350866779334,False,False,23.24770379345864,30.93539271503687,31.136629947771628,93.4144142549485,110.2150587365031,499
66,True,10000,500,3904124.787892467,23507.95143423602,265.4776331037283,46.57810380988435,21.469315369334332,21.269399054135377,False,False,23.244188749231398,30.94272594898939,31.135466725875933,93.41252720914781,110.20749226212499,499
67,True,10000,500,3904124.788256693,23507.79193593189,265.14761662110686,46.57844552968093,21.46915786107064,21.26954336514035,False,False,23.243946488946676,30.945809092372656,31.127070387204487,93.39885646477342,110.20883406046775,499
68,True,10000,500,3904124.788588389,23507.355611305684,264.7987511008978,46.57827026093143,21.46923864707729,21.269938153295676,False,False,23.2440639520064,30.943185556679964,31.127783625076216,93.41327422298491,110.20806494634596,499
69,True,10000,500,3904124.788916306,23506.595158949494,264.3640050664544,46.57761754285178,21.469539507468195,21.270626248465366,False,False,23.24763627257198,30.935836024582386,31.13723344479998,93.4157021343708,110.19938816782084,499
70,True,10000,500,3904124.789252432,23506.20121276006,263.99935875087976,46.577558825669705,21.469566572666377,21.27098272810585,False,False,23.247331264428794,30.93620901927352,31.15209036817153,93.4333034325391,110.21298907231537,499
71,True,10000,500,3904124.789580548,23506.621859036386,263.86265084147453,46.578675767925674,21.469051739092276,21.27060208814269,False,False,23.24392122682184,30.946338859697182,31.126680318266153,93.39913288131356,110.20332491956648,499
72,True,10000,500,3904124.789941685,23505.68507798016,263.35593638941646,46.577813911003496,21.469448993692705,21.271449793581805,False,False,23.247873643413186,30.952712210516136,31.136160250753164,93.41331082396209,110.21620981395242,499
73,True,10000,500,3904124.790279391,23505.61414891854,263.0992387421429,46.57818619273827,21.46927739654886,21.271513980969704,False,False,23.244133684784174,30.942965609331925,31.135310263683397,93.4128173161298,110.20768407732245,499
74,True,10000,500,3904124.790606987,23505.074055865407,262.73652259260416,46.57783072800161,21.469441242114804,21.272002751900757,False,False,23.245191434398293,30.95300231749813,31.1360036333402,93.41296683996916,110.19334293901917,499
75,True,10000,500,3904124.790939264,23505.16102416441,262.4871451407671,46.57850476758245,21.469130556891052,21.271924046211662,False,False,23.243868723511696,30.945928922543924,31.126683733115595,93.39863155037165,110.20071120932695,499
76,True,10000,500,3904124.79127858,23504.515080712736,262.0835998095572,46.57801899980596,21.46935446104236,21.272508634321433,False,False,23.244178853929043,30.942462384700775,31.13559338574608,93.41290770098567,110.19156469497827,499
77,True,10000,500,3904124.791639006,23503.73518979177,261.6028948687017,46.57741942870354,21.46963082681531,21.27321448963405,False,False,23.24040641542524,30.935308896005154,31.15297667682171,93.43366692773998,110.20471357274798,499
78,True,10000,500,3904124.791971002,23503.76789039001,261.38224825263023,46.577927138551864,21.469396803025926,21.273184892386343,False,False,23.244886309839785,30.95282893627882,31.13583366697033,93.41265768744051,110.19294291734693,499
79,True,10000,500,3904124.792308179,23503.685479983687,261.08704088255763,46.578353585373,21.469200240560454,21.273259482042178,False,False,23.243949050083756,30.94551557054122,31.127243613203365,93.40366050601006,110.20873398985711,499
80,True,10000,500,3904124.792637885,23503.511792980134,260.797003749758,46.578586751964686,21.46909276842368,21.273416687855836,False,False,23.24675617273897,30.94678899894158,31.139119993895292,93.42530407011509,109.82690040953453,499
81,True,10000,500,3904124.792971301,23512.357376050204,260.7345753349364,46.59643847838731,21.460867668326777,21.265413416576525,False,False,23.246391559951007,30.945419023434322,31.140833316991728,93.4300088789314,109.77567841764535,499
82,True,10000,500,3904124.793304318,23511.878861114383,260.3648491203785,46.59622046491784,21.460968079007547,21.265846211335138,False,False,23.246556287631392,30.946022210021813,31.141080427914858,93.42987108975649,109.77892016991969,499
83,True,10000,500,3904124.793668324,23511.202618014067,259.92017379030585,46.59575640125002,21.461181816401915,21.26645787216791,False,False,23.240306181833148,30.947808952381212,31.139227095991373,93.4242628980428,109.784173220396,499
84,True,10000,500,3904124.79399746,23510.973210912198,259.6389469690621,46.59586024838304,21.461133986354547,21.266665378527758,False,False,23.240311536937952,30.94710906346639,31.13920707255602,93.4237680863589,109.7639365913346,499
85,True,10000,500,3904124.794329467,23511.04663964361,259.38417855650187,46.596517958090395,21.460831062514476,21.266598959355356,False,False,23.246429045684636,30.94508560995261,31.140643327186506,93.42970293946564,109.7756593720987,499
86,True,10000,500,3904124.794664533,23509.982062038034,258.8660451583564,46.595422879518395,21.461335431716034,21.267561952221072,False,False,23.240341572090983,30.947279029836256,31.118267060567934,93.39204886928201,109.78540463373061,499
87,True,10000,500,3904124.794992819,23510.037331841886,258.65224795416,46.59596209195937,21.461087079314982,21.267511954258037,False,False,23.240434005856514,30.946898895005386,31.139240289727848,93.42545764520764,109.77994375862177,499
88,True,10000,500,3904124.795361215,23509.77105414495,258.30007204785943,46.5961342326595,21.461007795343978,21.267752835553296,False,False,23.246776312589645,30.94641538336873,31.14118364950021,93.42997707426548,109.77912859525527,499
89,True,10000,500,3904124.795692052,23509.538305923343,257.9846349544823,46.596299941821364,21.460931474142104,21.267963389737115,False,False,23.246506229043007,30.945522400240105,31.140510303278763,93.42880262993276,109.78080347180362,499
90,True,10000,500,3904124.796029328,23508.788914885372,257.5506800785661,46.59566780522406,21.46122262224312,21.26864134984888,False,False,23.24028150178492,30.947985438009102,31.139040055374306,93.42370806261897,109.78449153248216,499
91,True,10000,500,3904124.796358904,23508.56189802289,257.26834312081337,46.59577866713843,21.46117156113216,21.268846736305502,False,False,23.240283713676035,30.94747895374894,31.139106955379248,93.42376794666052,109.76507554762061,499
92,True,10000,500,3904124.796687171,23508.01740307361,256.87444722279906,46.59547686543249,21.461310566431056,21.269339367369465,False,False,23.2404115376994,30.947685552140076,31.118253711611032,93.39241655543447,109.77205721661444,499
93,True,10000,500,3904124.797047987,23508.034182712436,256.604690104723,46.59605108739021,21.46104609003271,21.269324185673288,False,False,23.24672369286418,30.946482438594103,31.13896989574035,93.42517186887562,109.77909226436164,499
94,True,10000,500,3904124.797379193,23507.18981307,256.1340550892055,46.59530212020199,21.461391052263124,21.27008817200259,False,False,23.24035402853042,30.947172393401463,31.11820404107372,93.38873764500022,109.78553747292604,499
95,True,10000,500,3904124.79771168,23507.05169280991,255.85917802527547,46.59557618193313,21.46126482255493,21.270213148547878,False,False,23.240291397087276,30.947895720601082,31.118453635523718,93.38046163320541,109.78477998636659,499
96,True,10000,500,3904124.798051886,23507.228802423924,255.64543018117547,46.59635946341232,21.460904060223946,21.270052893195263,False,False,23.244528798386455,30.935752671211958,31.128303613513708,93.40111697092652,109.79379286523904,499
97,True,10000,500,3904124.798389092,23508.763675112277,255.5349520407617,46.59965675966236,21.459385530616633,21.268664184553806,False,False,23.24453881010413,30.936375726014376,31.12843694786231,93.4030044823885,109.76519085932519,499
98,True,10000,500,3904124.798720319,23508.576127234846,255.23111503571272,46.599889804006274,21.45927821301475,21.26883386275133,False,False,23.24424625840038,30.93401233976086,31.127983548988897,93.40041452087462,109.7642513364553,499
99,True,10000,500,3904124.799091345,23507.504428736866,254.6701906248927,46.598866208641226,21.45974958967052,21.26980350107996,False,False,23.244961397722363,30.940035668512184,31.116700420777004,93.37581498548388,109.77381813805546,499
100,True,10000,500,3904124.799424591,23507.77563592419,254.5094029046595,46.59973192989886,21.459350914385624,21.26955811318483,False,False,23.244556272402406,30.936199085166056,31.128413664797943,93.40150691568851,109.76357074454423,499
101,True,10000,500,3904124.799756867,23507.490679156035,254.185956902802,46.599809062631735,21.45931539453232,21.269815941832842,False,False,23.24444882106036,30.935548866788547,31.128183628122013,93.4008645825088,109.75958565250035,499
102,True,10000,500,3904124.800101494,23506.79944595322,253.7574809975922,46.599282494901054,21.459557882879874,21.270441395035462,False,False,23.244788753800094,30.938392349829275,31.114887446165085,93.3926020283252,109.77679541800167,499
103,True,10000,500,3904124.80045046,23506.20050309226,253.33731481805444,46.598924224998406,21.459722871961517,21.270983370290942,False,False,23.244901443831623,30.939682231595118,31.11615063001712,93.37583482265472,109.77660900913175,499
104,True,10000,500,3904124.800817016,23505.984615068883,253.02489893510938,46.599117667602755,21.459633788200094,21.271178731201378,False,False,23.244776180945337,30.93874252711733,31.115070451050997,93.37528296746314,109.75874391384419,499
105,True,10000,500,3904124.801158922,23505.543160252273,252.6374631561339,46.599009413018315,21.459683641271376,21.271578222684806,False,False,23.244911222718656,30.939262360334396,31.115524005144835,93.37528608739376,109.77654096204783,499
106,True,10000,500,3904124.801490408,23505.506820976734,252.38693598657846,46.59943864727486,21.459485972981355,21.27161110832935,False,False,23.24461645912379,30.937508990367252,31.128517041603725,93.40314278379083,109.77641248609866,499
107,True,10000,500,3904124.801822435,23504.92990668863,251.9821496680379,46.59909370144407,21.45964482500248,21.272133207158323,False,False,23.24480877723545,30.9390090405941,31.115323615570862,93.35659379139543,109.77708791382607,499
108,True,10000,500,3904124.802159671,23504.373902920634,251.5850947238505,46.59877516672702,21.45979151645237,21.27263640653157,False,False,23.24504149146378,30.9404656291008,31.11734039460619,93.37327675893903,109.77379371877755,499
109,True,10000,500,3904124.802529897,23504.321803804487,251.32063776254654,46.59920073355099,21.459595535079842,21.272683558947374,False,False,23.244713665917516,30.93851575007041,31.115060206502676,93.39243560098112,109.75847664289172,499
110,True,10000,500,3904124.802867334,23504.081706050783,251.00014125928283,46.59936185328959,21.45952133740233,21.27290086263112,False,False,23.244736599735916,30.938008955369394,31.128553673624992,93.40325868688524,109.77699457667764,499
111,True,10000,500,3904124.80320778,23503.844619262964,250.67913439124823,46.599530029803034,21.459443890538026,21.273115445556375,False,False,23.244606447406113,30.936708984275658,31.12858021631837,93.40308951213956,109.775892868638,499
112,True,10000,500,3904124.803540796,23503.562091849744,250.35490794107318,46.599613595007355,21.45940540818431,21.273371161615685,False,False,23.245193995535374,30.93478564793865,31.12012706696987,93.36122120730579,109.78821482975032,499
113,True,10000,500,3904124.803880362,23503.770499955863,250.1759002916515,46.600389979286994,21.459047884459366,21.273182530476927,False,False,23.24396895710379,30.932528898119926,31.121113648017246,93.36536321789026,112.05220519565044,499
114,True,10000,500,3904124.804255018,23503.584342077374,249.83571376651525,46.60069865392958,21.458905743587508,21.273351022672454,False,False,23.245278745889664,30.932705694188673,31.120917294174433,93.3630695566535,112.06988760270177,499
115,True,10000,500,3904124.804593605,23503.00920708105,249.4267881847918,46.60036556893038,21.45905912520834,21.273871596380886,False,False,23.243881529197097,30.932855637123186,31.121467240154743,93.36666651070118,112.06864819861947,499
116,True,10000,500,3904124.804932451,23503.075276967138,249.2032409645617,46.60094596393302,21.458791861735033,21.273811793046367,False,False,23.24535883963108,30.93278920277953,31.121053732931614,93.36367417126894,112.06464823801069,499
117,True,10000,500,3904124.805270897,23502.426323946565,248.7941849976778,46.600465208314404,21.45901324224508,21.27439920918085,False,False,23.245303775183856,30.93254892155528,31.121027035017807,93.36462030187249,112.05240812618284,499
118,True,10000,500,3904124.805606964,23502.29890504852,248.4923480078578,46.60081474356846,21.458852286225603,21.27451454940841,False,False,23.245238815434277,30.932848962644737,31.120463584860165,93.36203574202955,112.06963999662547,499
119,True,10000,500,3904124.80594445,23502.203326672316,248.21448093280196,46.60118005158219,21.458684069654762,21.274601068256317,False,False,23.24496873188764,30.934668922175963,31.119280649969976,93.35965900681913,112.06082630902527,499
120,True,10000,500,3904124.806635882,23501.317867077887,247.4918100051582,46.60085382178904,21.458834291410184,21.275402631800116,False,False,23.24513648636639,30.934502370655537,31.120207005490858,93.3615870308131,112.05709069967268,499
121,True,10000,500,3904124.806974469,23501.127797644585,247.1772818826139,46.60110323799994,21.45871944045672,21.275574700296417,False,False,23.24518619570881,30.93498231222232,31.11980405325691,93.36048616096377,112.06022583413868,499
122,True,10000,500,3904124.807316605,23500.23480784148,246.69510778039694,46.60027996004225,21.459098547421974,21.2763831548254,False,False,23.244711221195757,30.932608991861343,31.121886956195038,93.3680668938905,112.06729072611778,499
123,True,10000,500,3904124.807646961,23500.145649071783,246.43535120412707,46.60062183941414,21.458941115549973,21.276463876714278,False,False,23.245238699018955,30.932582759608824,31.12117371832331,93.36973107419908,112.05192354507743,499
124,True,10000,500,3904124.807982678,23500.072959810495,246.1603139527142,46.60102734640838,21.458754386818722,21.276529688018126,False,False,23.24511401820928,30.934915722658236,31.120053647706907,93.36104621179402,112.060016291216,499
125,True,10000,500,3904124.808356654,23499.388006981462,245.71745796129107,46.60054218240516,21.458977796562362,21.277149849666483,False,False,23.24522624257952,30.932495680948097,31.12095035612583,93.36374192498624,112.0523695508018,499
126,True,10000,500,3904124.80871146,23498.73395403847,245.27677334845066,46.60011459056116,21.45917469916586,21.277742068060242,False,False,23.244621232151985,30.93360938752691,31.12218032280604,93.37034788914025,112.04996624961494,499
127,True,10000,500,3904124.809057386,23498.442547861487,244.94026694446802,46.60020497177759,21.459133079041784,21.278005935142424,False,False,23.24470377061516,30.932672321796417,31.12195370097955,93.3688310906291,112.05346649512647,499
128,True,10000,500,3904137.570397856,23645.900037605315,112.52148170024157,47.16107927035085,21.203925259375445,21.14531479896404,False,False,23.23827159125358,30.931978952139616,31.57293563708663,93.0439648218453,94.35320654883981,499
129,True,10000,500,3904137.665125892,23647.63688016683,122.5687931291759,47.14442502412356,21.211415761000485,21.14376174387843,False,False,23.23301148135215,30.934042607744534,31.55470903341969,93.07105420157313,95.61050292104481,499
130,True,10000,500,3904137.665747545,23646.486911922693,121.80161103606224,47.14365791760848,21.21176090636983,21.14479000040793,False,False,23.2389165321365,30.931112356483936,31.623258410642542,93.07489404454827,95.67017266526817,499
131,True,10000,500,3904137.666853453,23645.95062797889,120.84890203550458,47.14449243676029,21.211385430469996,21.14526955868625,False,False,23.238368914462626,30.935929312060278,31.61676165958246,93.08866364881396,95.95945021137594,499
132,True,10000,500,3904137.667265059,23645.03018790856,120.32091710716486,47.14370595350981,21.211739293176013,21.146092689519453,False,False,23.232773994095623,30.934502681096394,31.55439905822277,93.09029392898083,95.31789170578122,499
133,True,10000,500,3904137.667636675,23645.00360796228,120.03489024937153,47.14422588720022,21.211505357891614,21.1461164603768,False,False,23.238579044118524,30.93405564626058,31.565208608905472,93.08631392195821,95.58593817055224,499
134,True,10000,500,3904137.667993181,23644.729011226445,119.6931041777134,47.1443605351678,21.21144477617933,21.146362039615745,False,False,23.233058978803456,30.934162593136232,31.558232381939888,93.0711142718792,95.60294095426796,499
135,True,10000,500,3904137.668368407,23644.47482395917,119.34114713221788,47.144556466587076,21.211356622025566,21.146589371202495,False,False,23.23409146629274,30.934032673637073,31.55176558842262,93.09071395546198,95.6327219493687,499
136,True,10000,500,3904137.668723913,23643.747532274574,118.89418214559555,47.14399468963723,21.211609380649513,21.147239849244787,False,False,23.238233756273985,30.93373232210676,31.58154540384809,93.07242417708039,95.70661187171935,499
137,True,10000,500,3904137.669082769,23643.474764656276,118.54953598231077,47.14413873481756,21.211544570257804,21.14748381855576,False,False,23.238258785568178,30.932582293947537,31.577202336241804,93.06296426802874,95.6678122282028,499
138,True,10000,500,3904137.669434025,23642.44949584827,118.08743188157678,47.14301014822984,21.21205236695198,21.14840089170128,False,False,23.23907648678869,30.93713242560625,31.639608088880777,93.07589521631598,95.51687333732843,499
139,True,10000,500,3904137.670642362,23641.743273939937,116.96093389764428,47.14385238485429,21.211673408371393,21.149032632933846,False,False,23.23882153723389,30.93235908697049,31.613795241961874,93.10928406193852,95.72729365900157,499
140,True,10000,500,3904137.671019278,23641.41131704673,116.59156810492277,47.1439273525888,21.211639677810748,21.149329593511748,False,False,23.238584049977362,30.935862256834906,31.620875000953674,93.1072342209518,95.75100475922225,499
141,True,10000,500,3904137.671371614,23640.970911830664,116.2237417884171,47.143781903892275,21.211705120276704,21.149723582197918,False,False,23.239176254719496,30.932352412492037,31.61836493139466,93.06381503120065,95.7181131467223,499
142,True,10000,500,3904137.67172186,23640.87703404948,115.94174522906542,47.144158895431694,21.211535499404164,21.149807567623657,False,False,23.238369030877948,30.93260231738289,31.569052332391344,93.06369489058852,95.5786533653736,499
143,True,10000,500,3904137.672073516,23640.607156790793,115.6049589626491,47.14429298161953,21.2114751702794,21.15004901032647,False,False,23.232828709296882,30.93415576343735,31.561572259912886,93.08695420622826,95.59400714933871,499
144,True,10000,500,3904137.672433192,23640.08106198162,115.19175302237272,47.144066751421335,21.211576957769584,21.150519691072827,False,False,23.236483917571604,30.940128955990076,31.56341565772891,93.06439384818077,95.26900704950094,499
145,True,10000,500,3904137.676523978,23645.02708800137,111.35890521109104,47.16165968495046,21.203664304441464,21.14609546181168,False,False,23.241253686137497,30.92659932250778,31.561642264326416,93.07282511144876,100.72263097390527,499
146,True,10000,500,3904137.676942983,23644.563922658563,110.91426992788911,47.16162255056247,21.203680999903884,21.14650968550325,False,False,23.241331335157156,30.926449224352837,31.56484213347236,93.07249402627349,100.71067288517946,499
147,True,10000,500,3904137.677320219,23644.313286058605,110.57743290439248,47.161795296902234,21.203603334109797,21.146733844658325,False,False,23.24502624105662,30.936908908188343,31.555509039511286,93.05018372833729,100.74196439236397,499
148,True,10000,500,3904137.677681345,23644.034808967263,110.25483720004559,47.161883710956346,21.20356358386267,21.146982908787187,False,False,23.23653898201883,30.936962459236383,31.5572425412635,93.06491492316127,100.7604544050991,499
149,True,10000,500,3904137.678042481,23643.255937844515,109.76098198443651,47.161312536793744,21.20382038179773,21.147679546101614,False,False,23.24419899377972,30.930782357851665,31.565305621673666,93.06599479168653,100.6212781183421,499
150,True,10000,500,3904137.678406857,23643.427586182952,109.55012496560812,47.16207908059588,21.203475747773698,21.147526016582994,False,False,23.241741582751274,30.93136567622423,31.514459289610386,93.06226437911391,100.74725663289422,499
151,True,10000,500,3904137.678758833,23643.19281792268,109.21768890693784,47.16227480764678,21.20338775172614,21.14773600378439,False,False,23.24108371976763,30.9323794208467,31.50332967440287,93.0622941814363,100.77256485819811,499
152,True,10000,500,3904137.679293377,23642.29823835194,108.59767626971006,47.16172457331108,21.20363513097445,21.148536193867674,False,False,23.24135648086667,30.926585973550875,31.5585023102661,93.04904378950596,100.73223020881409,499
153,True,10000,500,3904137.679656323,23642.14002992958,108.29375917091966,47.16201657466665,21.203503849688136,21.14867771559719,False,False,23.241493967361748,30.93264562388261,31.518259396155678,93.06458430364728,100.73960628360504,499
154,True,10000,500,3904137.68001578,23641.659054905176,107.88940219208598,47.161863031489155,21.203572881171326,21.149107972448316,False,False,23.23672140482813,30.931125705440838,31.5602890526255,93.06512540206313,100.75061088427896,499
155,True,10000,500,3904137.680375546,23641.497255768627,107.58760571479797,47.162143587282216,21.20344674642102,21.14925271401742,False,False,23.2414462370798,30.93144576996565,31.51097924758991,93.06310396641493,100.75567997992033,499
156,True,10000,500,3904137.680722922,23641.1887598224,107.24675003439188,47.16220843644891,21.203417591173668,21.149528692471563,False,False,23.241221206262708,30.931979417800903,31.50671301409602,93.06277427822351,100.76338872313494,499
157,True,10000,500,3904137.681078888,23640.339259058237,106.76326509565115,47.161474937800776,21.203747366231795,21.150288687520238,False,False,23.242639028467238,30.934682736794155,31.563822335253157,93.07182393968105,100.679952930659,499
158,True,10000,500,3904137.681440894,23640.313759911805,106.5023778937757,47.16194665735076,21.20353528376119,21.150311500851473,False,False,23.24175147805363,30.933162352691095,31.52478594953815,93.06520503014326,100.73376474902028,499
159,True,10000,500,3904137.68184096,23639.621287118644,106.00938322022557,47.16154690160003,21.20371501143601,21.15093105457035,False,False,23.241598741151392,30.93356903021534,31.56820901980003,93.0721340700984,100.70040943101043,499
160,True,10000,500,3904137.682211086,23639.15514200926,105.60767678543925,47.16141776597959,21.203773070651007,21.151348133903802,False,False,23.244506330229342,30.930969088027876,31.51962269718448,93.06062432006001,100.29248986393208,499
161,True,10000,500,3904137.683388563,23639.752166345716,104.60036806762218,47.16463286228075,21.202327661914993,21.15081395446334,False,False,23.243518895469606,30.931052441398304,31.52902269115051,93.06059405207634,101.30889853462571,499
162,True,10000,500,3904137.763960714,23558.957126922905,10544.278752058744,26.081519789306938,38.341323974915994,21.223350308176663,False,False,23.24439154472202,30.929142298797768,31.519086100161076,93.06349596008658,101.33771934546515,499
163,True,10000,500,3904137.765535706,23557.32620600611,10542.692249640822,26.081430774279134,38.34145483253838,21.22481964326331,False,False,23.24496884830296,30.93127595881621,31.55132895335555,93.06603353470564,101.32740398868903,499
164,True,10000,500,3904137.766022931,23556.941220071167,10542.226324323565,26.081592977450104,38.34121638446664,21.225166515845704,False,False,23.24428374413401,30.942135645697515,31.5303192473948,93.06775396689773,101.3552033528684,499
165,True,10000,500,3904137.766420627,23557.08651803434,10541.928247082978,26.082481504912547,38.33991025016747,21.225035600952626,False,False,23.2434687204659,30.92994897936781,31.535036085794367,93.06790893897414,101.5585826057939,499
166,True,10000,500,3904137.766794553,23556.3045758754,10541.482431814075,26.081807903930518,38.34090043463975,21.225740157565397,False,False,23.244428797625005,30.930632414917152,31.529086021085583,93.06497080251575,101.40433752909287,499
167,True,10000,500,3904137.767166779,23556.015918962657,10541.117716114968,26.081960326348074,38.34067637123874,21.226000259131197,False,False,23.24429398868233,30.93102900311351,31.528656060496964,93.0663320235908,101.43310840707257,499
168,True,10000,500,3904137.767526625,23555.697662755847,10540.7659499906,26.082027480491476,38.34057765440083,21.226287039273522,False,False,23.244123673066497,30.930828923980396,31.537968975802265,93.06587395258248,101.44759649410827,499
169,True,10000,500,3904137.767884601,23555.380456149578,10540.415714029223,26.08209367158388,38.34048035374889,21.226572881333595,False,False,23.24301633052528,30.93049939100941,31.5379222544531,93.0664321873337,101.47263249382361,499
170,True,10000,500,3904137.768264397,23554.79308310896,10540.002638008446,26.081744378958952,38.340993818141044,21.227102196815636,False,False,23.244109004735947,30.942232348024845,31.52964931602279,93.06767997331917,101.39004288706913,499
171,True,10000,500,3904137.769293455,23553.720234893262,10538.964950013906,26.0816739175939,38.341097398868655,21.228069069924818,False,False,23.244163836352527,30.942132386068504,31.53014602139592,93.06767005473375,101.37358990497872,499
172,True,10000,500,3904137.769657131,23553.647796157748,10538.65079395473,26.08215832104813,38.340385319761154,21.228134356393145,False,False,23.24337651953101,30.930142539242905,31.537236024936043,93.06727265939116,101.47858879528923,499
173,True,10000,500,3904137.770018558,23553.326758090407,10538.2966469042,26.082224671715842,38.340287785513276,21.228423701473652,False,False,23.243236471898854,30.930019294222195,31.537069318195186,93.06680085137486,101.49185006972385,499
174,True,10000,500,3904137.770378304,23553.0479606241,10537.953620776534,26.082353386468064,38.34009857863577,21.228674982358896,False,False,23.243376286700368,30.930088988194864,31.535989294449486,93.06782684288919,101.51963413227332,499
175,True,10000,500,3904137.77074697,23552.639686036855,10537.576815113425,26.082290322491843,38.340191280581614,21.229042972046322,False,False,23.243123898282647,30.92998607705037,31.536492674301066,93.0672169663012,101.50561034679396,499
176,True,10000,500,3904137.771117615,23552.349700126797,10537.222729064524,26.082418779683913,38.34000245325862,21.229304352478607,False,False,23.245024029165506,30.932516014824312,31.612635124474764,93.11333578079939,100.67957689054296,499
177,True,10000,500,3904148.296340395,13203.69592262432,112.99957660958171,26.233860412855186,38.11867503533629,37.868185008960864,False,False,23.242901428602636,30.92644565428297,31.32375174512466,93.10341393575072,100.81070819869632,499
178,True,10000,500,3904148.297844809,13202.13381992653,111.47344391793013,26.23378832867455,38.11877977634519,37.87266564783105,False,False,23.24447373393923,30.92701903854807,31.337908003479242,93.06935500353575,100.82277189940208,499
179,True,10000,500,3904148.298472652,13201.61229558289,110.88802991434932,26.233916364065212,38.118593736533505,37.874161792139155,False,False,23.24174647219479,30.928512414296467,31.32641827687621,93.10415387153625,100.80748824402684,499
180,True,10000,500,3904148.298923337,13200.834013987333,110.21077819168568,26.233713899390075,38.11888792548163,37.8763947391665,False,False,23.244273965246975,30.92839941382408,31.335904573400818,93.10718392953277,100.78934226185078,499
181,True,10000,500,3904148.299322043,13200.999831780791,110.13358784839511,26.23420088964408,38.118180317615426,37.87591897367299,False,False,23.24504405260086,30.926482441524666,31.32766500736276,93.10543397441506,100.8137398399412,499
182,True,10000,500,3904148.299694199,13200.758764985949,109.81828067451715,26.234349667958778,38.11796414459422,37.87661064803439,False,False,23.24479876551777,30.93095573907097,31.328458028535046,93.10787403956056,100.8188198320567,499
183,True,10000,500,3904148.300066225,13200.1116219908,109.33338664472103,26.23402451973162,38.11843658405753,37.87846757045768,False,False,23.244593758136034,30.926412747551996,31.326354636500277,93.10423396527767,100.81002023071045,499
184,True,10000,500,3904148.300428621,13199.70233598724,108.95150108262897,26.233969609027277,38.118516370313,37.879642076231995,False,False,23.24078872334212,30.928685950736206,31.326821694771446,93.10432383790612,100.8091439493,499
185,True,10000,500,3904148.301201602,13198.730097152293,107.99737181514502,26.233933317308914,38.11856910302539,37.882432349145326,False,False,23.244473850354552,30.927209338794153,31.33741502339641,93.10794388875365,100.82015376538033,499
186,True,10000,500,3904148.301577468,13198.307142127305,107.6015462167561,26.23387894972054,38.11864810067108,37.88364633552617,False,False,23.244491429068148,30.927455984055996,31.336878115932144,93.10790430754423,100.79480800777668,499
187,True,10000,500,3904148.301941244,13197.894826997072,107.21501987427473,26.23382726878316,38.118723194840356,37.88482985765431,False,False,23.244383977726102,30.92765264833967,31.336494566251837,93.10757415369153,100.79181836917991,499
188,True,10000,500,3904148.30230509,13196.99535612017,106.74143629148602,26.23297378723183,38.11996337551033,37.88741198337413,False,False,23.244176292791963,30.928802366058033,31.34166464830438,93.0999438278377,100.78971087932581,499
189,True,10000,500,3904148.302661397,13197.748716920614,106.83142393827438,26.23430319234938,38.11803167280717,37.88524927429163,False,False,23.24480877723545,30.929858951518934,31.328234666337572,93.10631407424808,100.8168658241629,499
190,True,10000,500,3904148.303028813,13197.338881902397,106.44466802477837,26.234256941638513,38.11809887448419,37.88642577676425,False,False,23.245036252774298,30.9262927621603,31.327991591145597,93.10562396422029,100.81502301618451,499
191,True,10000,500,3904148.303433208,13196.789408102632,105.98449315875769,26.234077985859464,38.11835889711901,37.88800325123075,False,False,23.244853946380317,30.926425630847614,31.326904582480587,93.10449473559856,100.81159956753248,499
192,True,10000,500,3904148.303796194,13196.480602025986,105.64040718600154,26.234148687054077,38.11825616790363,37.888889854711536,False,False,23.243771167472005,30.931922296682995,31.378664386769138,93.12014421448112,100.53730513900513,499
193,True,10000,500,3904148.308496403,13201.652185060084,101.51925217360258,26.252771408590142,38.09121652096476,37.87404735339377,False,False,23.24359875638038,30.930466018617153,31.37954774623116,93.11753418296576,103.72623428702353,499
194,True,10000,500,3904148.308920298,13200.86230430752,100.94568924978375,26.252337905927327,38.09184551804116,37.87631356754983,False,False,23.252768791280687,30.932575929909945,31.37828099230925,93.12061406672001,103.68848582729696,499
195,True,10000,500,3904148.309304344,13200.429378077388,100.5430230870843,26.252277264509626,38.09193350825595,37.87755577332772,False,False,23.246914031915367,30.929839238524437,31.390774374206863,93.15693378448486,103.68022471666335,499
196,True,10000,500,3904148.30967021,13192.68898293376,100.08759796619415,26.237678126187504,38.113128577559316,37.89977923733416,False,False,23.24367652181536,30.931982211768627,31.389767614503704,93.11118395999074,100.8184559643268,499
197,True,10000,500,3904148.310042096,13192.243038211018,99.69511209055781,26.237570994229376,38.1132841992095,37.90106038463375,False,False,23.245711345225573,30.930762644857168,31.39718404660622,93.14064402133226,100.8198020048439,499
198,True,10000,500,3904148.310407382,13199.69588611275,99.58060318604112,26.252736037929278,38.09126784176802,37.87966058566882,False,False,23.243559058755636,30.930292792618275,31.37940432255467,93.11688411980867,103.72162433341144,499
199,True,10000,500,3904148.311029135,13198.891445063055,98.8908912986517,26.25250611976834,38.09160144322344,37.88196926091253,False,False,23.243621224537492,30.932168941944838,31.378944404423237,93.11964362859726,103.70771223679183,499
200,True,10000,500,3904148.311400311,13191.013000905514,98.37535675615072,26.237750789878483,38.11302302580607,37.904594587669415,False,False,23.246291326358914,30.93035596733292,31.38992733632525,93.11118395999074,100.82778418436641,499
201,True,10000,500,3904148.311759397,13198.11587408185,98.14502904191613,26.25244658324636,38.09168782913263,37.88419534805633,False,False,23.243811330758035,30.93236591666937,31.37890094270309,93.11867412179708,103.68097880855201,499
202,True,10000,500,3904148.312121563,13197.50983081758,97.689023707062,26.252145906033103,38.092124109754636,37.885935029383134,False,False,23.246711236424744,30.929908932497103,31.39071399345994,93.15694309771061,103.65151884034275,499
203,True,10000,500,3904148.312474829,13197.538049891591,97.47837670147419,26.252624595571376,38.0914295391514,37.88585402139508,False,False,23.24370900169015,30.93039228891333,31.379277352243662,93.11760403215885,103.71126616373657,499
204,True,10000,500,3904148.312832755,13196.728919167072,96.96023212745786,26.252041456993215,38.09227566695056,37.88817691585637,False,False,23.246413678862154,30.930459033697844,31.390410692741476,93.15600292757154,103.6702905781567,499
205,True,10000,500,3904148.313189372,13196.775718126446,96.74775414168835,26.252561050069655,38.091521741165394,37.88804255521479,False,False,23.24379130732268,30.93232602501909,31.37901114920775,93.11789367347956,103.7025462836027,499
206,True,10000,500,3904148.313589347,13196.240704040974,96.29679890349507,26.252392595465892,38.09176616430428,37.88957864696187,False,False,23.244056501425803,30.931788962334394,31.37835394591093,93.12005387619138,103.69611857458948,499
207,True,10000,500,3904148.313942563,13196.114756166935,96.0275623947382,26.25267974703847,38.091349516912025,37.88994027703004,False,False,23.24364148080349,30.930399273832638,31.379294426490866,93.11728412285447,103.71561609208582,499
208,True,10000,500,3904148.314300669,13195.383003912866,95.52840795367956,26.252213619156688,38.09202585759408,37.892041470242546,False,False,23.2442639535293,30.9270559810102,31.356697591642536,93.11414416879416,103.51200466975568,499
209,True,10000,500,3904148.316174319,13194.571441970766,93.90991507098079,26.25383071523003,38.08967959178212,37.89437210590593,False,False,23.244514013640583,30.931092333048582,31.3570547538499,93.11332367360592,103.89717584475873,499
210,True,10000,500,3904148.316570835,13194.032847881317,93.46112981438637,26.25365073760908,38.089940709368555,37.89591899343266,False,False,23.244091193191707,30.92669229954481,31.35694796219468,93.1187141686678,103.88636803254484,499
211,True,10000,500,3904148.316942011,13193.848900031298,93.15535286441445,26.25389488410197,38.08958649429001,37.89644733606233,False,False,23.244583746418357,30.928025643030804,31.357007722059883,93.11320399865508,103.87652674689888,499
212,True,10000,500,3904148.317320087,13193.337894976139,92.72972820326686,26.253723781107958,38.08983473497176,37.8979151432477,False,False,23.243861505761743,30.926999325553577,31.356540974229574,93.11476396396756,103.89621416106819,499
213,True,10000,500,3904148.317675863,13193.02740925923,92.39100106060505,26.253780377151553,38.08975262359899,37.89880703568358,False,False,23.235951433889568,30.927175966401894,31.35712475826343,93.11327431350946,103.89132071286438,499
214,True,10000,500,3904148.318038999,13193.037668708712,92.06711500883102,26.25445000741459,38.088781129202374,37.89877756401027,False,False,23.239243659190834,30.926632694900036,31.360541004687548,93.11557421460748,103.86369498446582,499
215,True,10000,500,3904148.318390625,13275.04292409867,161.708225030452,26.279227853844127,38.05286843135766,37.664661640553476,False,False,23.24448898434639,30.931849932918947,34.337300135133084,93.06708490476012,103.86814614757894,499
216,True,10000,500,3904148.3188621,13274.411720689386,161.18569066748023,26.27901008020422,38.05318377473025,37.66645260977586,False,False,23.244743701070547,30.931743669013184,34.350947269704115,93.06514402851462,103.88547247275709,499
217,True,10000,500,3904148.319229896,13273.82819680497,160.6488167308271,26.27891659333496,38.053319148386315,37.66810844518469,False,False,23.244418785907328,30.931496558090053,34.359451072135236,93.06227508932352,103.8788305595517,499
218,True,10000,500,3904148.319582872,13273.79747806117,160.49945913255215,26.279154346550335,38.05297487174545,37.66819561820166,False,False,23.244751268066466,30.931612383574247,34.34587567656603,93.06648466736078,103.88152226805686,499
219,True,10000,500,3904148.319934488,13273.553580977023,160.17339238896966,26.279319015206518,38.052736428267046,37.66888775863115,False,False,23.2396787032485,30.932352722932894,34.33476832462467,93.06714497506618,103.8654863834381,499
220,True,10000,500,3904148.320288654,13273.251764010638,159.82706611976027,26.279408212206167,38.0526072704911,37.669744301521504,False,False,23.244381533004344,30.931703373789787,34.3595974147319,93.06182526051998,103.87899298220871,499
221,True,10000,500,3904148.32064085,13272.580910939723,159.3894911929965,26.27894072093532,38.05328421032368,37.671648291696044,False,False,23.244633805006742,30.931802404423554,34.35230743760856,93.06466393172741,103.88616630807518,499
222,True,10000,500,3904148.320991446,13272.337144240737,159.07364524900913,26.279085168320094,38.053075044085546,37.67234018892934,False,False,23.245083750225604,30.93156199902296,34.3481303456549,93.06600410491228,103.88300111517309,499
223,True,10000,500,3904148.321403712,13271.71406103298,158.49360078573227,26.27899891833116,38.053199937629316,37.674108837836386,False,False,23.244558717124164,30.93144629771511,34.35723540373139,93.06296380236745,103.87702267616986,499
224,True,10000,500,3904148.321755338,13271.416883915663,158.25502295047045,26.278881484900186,38.0533699874022,37.6749524465603,False,False,23.24340119957924,30.936874573429428,34.35579670748355,93.09765370562673,103.67130488157271,499
225,True,10000,500,3904148.322700528,13270.009069237858,157.07768592983484,26.2784196058277,38.054038827290526,37.67894938060632,False,False,23.24399130884558,30.935753261049587,34.399606614994426,93.08803407475352,103.94454346969722,499
226,True,10000,500,3904148.323087894,13269.768850877881,156.733229290694,26.278628500174722,38.05373632772925,37.67963147051516,False,False,23.2436090009287,30.935770428429045,34.39049016141014,93.09042524546385,103.93987586721776,499
227,True,10000,500,3904148.32344905,13269.47407471016,156.39230282977223,26.278720985732242,38.05360240108107,37.68046850876577,False,False,23.243488743901253,30.93562104428808,34.3883957496533,93.09625392779708,103.93876945599912,499
228,True,10000,500,3904148.323802666,13268.402107059956,155.8802491053939,26.277598913736597,38.05522731672606,37.683512751995664,False,False,23.243943694978952,30.935569014400244,34.402276676458534,93.08692533522844,103.94646413624285,499
229,True,10000,500,3904148.324164432,13268.629644066095,155.6369517929852,26.278542469485192,38.05386090804718,37.68286653653089,False,False,23.243778734467924,30.935810568432014,34.397596785177704,93.08957401663065,103.94291914999484,499
230,True,10000,500,3904148.324519458,13268.4656358324,155.34097468480468,26.278806936167523,38.053477938669275,37.68333232515716,False,False,23.243376286700368,30.936571303755045,34.38215838822838,93.09740364551544,103.93225569278,499
231,True,10000,500,3904148.324872334,13269.913049880415,155.42119415476918,26.281546805061417,38.0495108380537,37.679222020562214,False,False,23.24064902495593,30.937389718989532,34.37153525107222,93.04649475961924,103.92560763284563,499
232,True,10000,500,3904148.32523739,13269.1813679412,155.00091901049018,26.280922743348118,38.0504143543859,37.68129970760798,False,False,23.243568721227348,30.93619765713811,34.382243450575736,93.0962641723454,103.93488034605978,499
233,True,10000,500,3904148.325673545,13268.691534176469,154.55673402175307,26.2808312628351,38.050546803447,37.682690769631556,False,False,23.243513773195446,30.93556898335616,34.38447628170244,93.09667395427823,103.93681945279239,499
234,True,10000,500,3904148.326045221,13268.577884882689,154.22464674338698,26.281269014307217,38.04991301811231,37.683013533022695,False,False,23.242429015226662,30.9371005743742,34.37598214950405,93.09770399704576,103.92876416444777,499
235,True,10000,500,3904148.326415207,13267.783414106816,153.78914214670658,26.28054964320663,38.050954549137224,37.68526998024258,False,False,23.24372122529894,30.935761611908674,34.393848450078245,93.08990417048335,103.94199369475244,499
236,True,10000,500,3904148.326778873,13267.47489720583,153.43507612124085,26.28064092401721,38.05082238637968,37.68614629942142,False,False,23.243721458129585,30.935832982261974,34.39262905546146,93.09078427031636,103.94259244203566,499
237,True,10000,500,3904148.327136519,13267.547027207911,153.1409788876772,26.281374846333136,38.04975979555816,37.68594141589581,False,False,23.24077649973333,30.937273738284908,34.373905097599994,93.09784509241581,103.92711432650684,499
238,True,10000,500,3904148.327489086,13267.40279700607,152.82043209299445,26.28172818619855,38.049248242554114,37.68635110052061,False,False,23.242101189680398,30.93359967072805,34.361504199914556,93.0469548329711,103.9143020287156,499
239,True,10000,500,3904148.329101378,13265.03183413297,151.09256096184254,26.280439425192636,38.05111413172917,37.69308707676245,False,False,23.243436473421752,30.93585291256507,34.3912553181871,93.09076424688101,103.94215174019335,499
240,True,10000,500,3904148.329454914,13265.064902603626,150.79836500808597,26.281095265722524,38.05016457226056,37.69299311169307,False,False,23.24197127018124,30.937615285317104,34.37949392013244,93.08014530688524,103.79798132926224,499
241,True,10000,500,3904148.32980401,13264.76739672944,150.45763878151774,26.281181879655154,38.0500391717209,37.69383850057408,False,False,23.2421139953658,30.937863638003666,34.32588255731381,93.07904401794076,103.87008637189864,499
242,True,10000,500,3904148.330153867,13264.578817877918,150.1316106878221,26.28145732903827,38.04964037877399,37.69437438345973,False,False,23.242253810167313,30.937958974391222,34.32099062250919,93.0793541483581,103.86771848425268,499
243,True,10000,500,3904148.330505003,13265.886213630438,149.81321478262544,26.284715428552733,38.04492396800741,37.6906594816304,False,False,23.242368828505278,30.938217354317505,34.31662345072247,93.07935507968068,103.86422825977205,499
244,True,10000,500,3904148.330853049,13263.457350898534,149.36923002824187,26.280737717174937,38.05068224346236,37.69756156121145,False,False,23.241733899340034,30.938049033284187,34.32299722762149,93.07901374995708,103.86860547587274,499
245,True,10000,500,3904148.331253124,13263.216604012996,148.99302506819367,26.281009176242087,38.05028921431204,37.6982458273898,False,False,23.242171271704137,30.93754199023048,34.32546427628638,93.08049501851201,103.87995839118956,499
246,True,10000,500,3904148.331604621,13263.233823236078,148.6977068707347,26.281635503738162,38.04938242362296,37.69819688498907,False,False,23.24235625565052,30.93801975871126,34.31849370012052,93.07941514998674,103.86583255603908,499
247,True,10000,500,3904148.331959487,13271.695161238313,148.45120022073388,26.299086094223604,38.024134999110956,37.674162488324335,False,False,23.242138791829348,30.937650954971712,34.32261412187161,93.08029478415847,103.8658684119582,499
248,True,10000,500,3904148.332314283,13271.41660405323,148.10383366420865,26.299223988755553,38.02393562743745,37.67495324103493,False,False,23.24169152416289,30.937839640925326,34.32359711499877,93.07906357571483,103.86936832219361,499
249,True,10000,500,3904148.332691729,13270.912548992783,147.71066792309284,26.29900176567072,38.024256924661884,37.67638420900817,False,False,23.242219001986086,30.93777693187197,34.32207893968241,93.07984402403235,103.86561695486306,499
250,True,10000,500,3904148.333048455,13270.395604893565,147.33165223151445,26.298725356036176,38.024656574105656,37.67785188073979,False,False,23.242356488481164,30.937292923529945,34.329333376760204,93.08130387216806,103.88231454417108,499
251,True,10000,500,3904148.333445301,13269.857889972627,146.91850636154413,26.298475718659486,38.025017521851,37.679378644877964,False,False,23.242493742145598,30.937133791546028,34.33476218255229,93.08059513568878,103.88564039021729,499
252,True,10000,500,3904148.333795367,13269.99691920355,146.63083013147116,26.299330839823803,38.023781140687746,37.67898387952372,False,False,23.242481285706162,30.93725697447856,34.33323649223886,93.08104403316975,103.88553645461796,499
253,True,10000,500,3904148.334146093,13269.345035776496,146.2409240193665,26.298805835184627,38.024540211712605,37.68083493585492,False,False,23.242351482622325,30.937404961635668,34.32791687004881,93.08109385892749,103.88210108503698,499
254,True,10000,500,3904148.334503659,13269.03823018074,145.8913078531623,26.29889162791098,38.0244161673605,37.68170618897896,False,False,23.24230142403394,30.93749862164259,34.32643703417845,93.08078419417143,103.88131644576787,499
255,True,10000,500,3904148.334852575,13268.53792509064,145.5196919851005,26.298633733678436,38.024789048998564,37.68312701993384,False,False,23.242388968355954,30.937525009115536,34.33177176397286,93.08148408308625,103.8842207752168,499
256,True,10000,500,3904161.217705519,12954.452623147517,107.60355601087213,25.745188511295883,38.84220927577372,38.596767809901955,False,False,23.19531177636236,30.837531356761854,31.352176708169,92.89197907783091,93.75779026187956,499
257,True,10000,500,3904161.313179357,12955.222284886986,132.57733406499028,25.69668326818035,38.91552810779586,38.594474799809404,False,False,23.192252032458782,30.84588209167123,31.387169510125805,92.90704485028982,95.22733864840119,499
258,True,10000,500,3904161.314115187,12953.384023625404,131.4319260418415,25.6952947847366,38.917630966196015,38.59995188037817,False,False,23.191339569166303,30.84146933009227,31.316716779643983,92.89861591532826,94.99971486162393,499
259,True,10000,500,3904161.314615862,12953.66011094302,131.11264910548925,25.69648789947401,38.91582397999492,38.59912918184483,False,False,23.19273690227419,30.843308040251333,31.396152428351034,92.89945061318576,95.35168897826223,499
260,True,10000,500,3904161.315052297,12953.428734093904,130.72519283741713,25.696800683880735,38.915350292119705,38.59981864755093,False,False,23.192169493995607,30.845499970018864,31.388863932030585,92.91078671813011,95.25320932269095,499
261,True,10000,500,3904161.315447883,12952.785099856555,130.27019798755646,25.696422649036073,38.91592279820756,38.60173670337024,False,False,23.192626889795065,30.84267470985651,31.39521649417747,92.9119061678648,95.34122815821318,499
262,True,10000,500,3904161.315832588,12952.122908085585,129.79825399816036,25.69604139095676,38.91650020270948,38.60371026033628,False,False,23.192874272353947,30.85476066917181,31.33072884598095,92.9094918537885,95.22680606693028,499
263,True,10000,500,3904161.316225754,12952.216536737978,129.54228604212403,25.696741985362433,38.91543918562234,38.60343120282061,False,False,23.192196968011558,30.845588818192482,31.387857838223066,92.9078440181911,95.23947969544678,499
264,True,10000,500,3904161.31660363,12951.414905954152,129.03739232569933,25.696147321900707,38.9163397715931,38.60582057101229,False,False,23.19281699601561,30.839203391224146,31.3785705436018,92.90329571813345,95.24217351805417,499
265,True,10000,500,3904161.316986336,12951.331136282533,128.75174498185515,25.696551886374102,38.91572707582848,38.606070274836384,False,False,23.195451707579195,30.845604867984854,31.385229773198258,92.90065187960863,95.19963720813392,499
266,True,10000,500,3904161.318274442,12949.570315890014,127.30275001376867,25.695926985723936,38.91667346951822,38.611319742900314,False,False,23.193526663817465,30.84032001594702,31.328779541266154,92.89572066627443,95.20428631454705,499
267,True,10000,500,3904161.318673497,12949.390828143805,126.9765249453485,25.6962210484939,38.916228114351924,38.61185492319187,False,False,23.192727006971836,30.83931567768256,31.38862048586179,92.9104688577354,95.27030957397072,499
268,True,10000,500,3904161.319050843,12949.054392054677,126.60815892741084,25.696285036327186,38.916131206759516,38.61285811779366,False,False,23.192577064037323,30.84024035682281,31.39264863294829,92.91049740277231,95.28471852187066,499
269,True,10000,500,3904161.319415159,12948.775644879788,126.2617721222341,25.696420586688483,38.91592592152816,38.61368933345526,False,False,23.19248951971531,30.842879973351955,31.394325358171947,92.91069200262427,95.32600700855254,499
270,True,10000,500,3904161.319790965,12948.57033714652,125.95642590895295,25.696621064604347,38.91562231025946,38.614301577805314,False,False,23.192604538053274,30.84589202577869,31.38609296952654,92.91122686117887,95.21913485135882,499
271,True,10000,500,3904161.320159261,12947.749726008624,125.42843073606491,25.696034659864846,38.91651039691039,38.616748900824945,False,False,23.186539532616735,30.836933385580778,31.33768966266234,92.90403570048511,95.21009356714784,499
272,True,10000,500,3904161.320578146,12947.569048032165,125.08966540917754,25.69635146818234,38.91603059828229,38.617287781600396,False,False,23.199079209007323,30.84394137064616,31.392730288207225,92.92631708085537,94.87751519307493,499
273,True,10000,500,3904161.32669368,12950.561364647001,119.27287792786956,25.714004983405076,38.88931345565832,38.608364990642144,False,False,23.195396992377937,30.84657803798715,31.47628276298405,92.93143097311258,100.52494775969531,499
274,True,10000,500,3904161.327161685,12949.623485095799,118.65744506940246,25.713358797648088,38.89029075779344,38.61116121063045,False,False,23.203576682135463,30.843283608555794,31.4773156711207,92.93280774727464,100.35417814273383,499
275,True,10000,500,3904161.32755852,12949.457596987486,118.32559900358319,25.713691378725258,38.88978775048106,38.611655836173256,False,False,23.1990369502455,30.845782967905205,31.470760731026147,92.93252187781036,100.45375671703364,499
276,True,10000,500,3904161.327938356,12949.160151183605,117.99898324534297,25.713749835547617,38.8896993396725,38.61254275662797,False,False,23.198231705464423,30.847259952376284,31.47258192300758,92.93119288049638,100.48510056454684,499
277,True,10000,500,3904161.328313812,12948.98249162361,117.66076600179076,25.714071594432504,38.88921271482015,38.613072519283904,False,False,23.19570945110172,30.84652324517568,31.477174968458325,92.93171288445592,100.53810898680236,499
278,True,10000,500,3904161.328682408,12948.37492890656,117.2451009042561,25.713687030064737,38.889794327464145,38.61488431909525,False,False,23.19848455954343,30.845615298797686,31.471443154538285,92.93126985430717,100.4690122371539,499
279,True,10000,500,3904161.329052684,12948.320969939232,116.93769413977861,25.71419494148187,38.88902616923116,38.61504523720086,False,False,23.198201786726713,30.846773646771908,31.479167079863064,92.93148596771061,100.56416739709671,499
280,True,10000,500,3904161.32941394,12947.802784852684,116.54523760080338,25.71394298046469,38.889407227810864,38.61659065312129,False,False,23.19528942462057,30.84616198514899,31.475058598443482,92.93164098635316,100.51320803817357,499
281,True,10000,500,3904161.330166252,12946.802026126534,115.70951715111732,25.713612242435705,38.889907437807565,38.619575628869924,False,False,23.195439483970404,30.844122543931007,31.481427736579988,92.92576569132507,100.42235564440485,499
282,True,10000,500,3904161.330532538,12946.605917997658,115.41275028139353,25.71381396335925,38.88960235245321,38.6201606171489,False,False,23.197566741146147,30.847270600497723,31.47333204746208,92.93172960169613,100.49687817227091,499
283,True,10000,500,3904161.330895294,12946.440330240875,115.08682416751981,25.714135282712135,38.889116394760116,38.62065457731092,False,False,23.19768676534295,30.846554258217413,31.47829645002843,92.93146929703653,100.5506944423541,499
284,True,10000,500,3904161.33126448,12945.570178795606,114.56444999203086,25.713438334275704,38.890170462618066,38.623250509196005,False,False,23.198901675641537,30.84346403678258,31.478395809729513,92.93290227651596,100.37372238002713,499
285,True,10000,500,3904161.331626066,12945.552269928157,114.32599183171988,25.71388031682653,38.88950199965054,38.623303940572235,False,False,23.195379530079663,30.84591794759035,31.47394788296234,92.93163809925318,100.50145675893869,499
286,True,10000,500,3904161.331984582,12944.730449002236,113.8124680146575,25.713262486949056,38.89043642390992,38.625756014760384,False,False,23.198121692985296,30.843625962734222,31.484098377016302,92.93173686601222,100.32767688855525,499
287,True,10000,500,3904161.332408657,12944.471982307732,113.45058213919401,25.71346973981671,38.89012296351135,38.62652726842708,False,False,23.19895918481052,30.84363465507825,31.479332015538823,92.93271377682686,100.39065045770253,499
288,True,10000,500,3904161.332771293,12944.154735188931,113.0957561545074,25.713545048165177,38.89000906436105,38.6274739624937,False,False,23.194814450107515,30.83956791087985,31.47108461242131,92.93874478898942,100.14123064000155,499
289,True,10000,500,3904161.333406877,12945.22554334253,112.74849902838469,25.716386862352998,38.88571148631811,38.624278760221365,False,False,23.19423423614353,30.84081821143627,31.477996311150097,92.92548606172204,101.16681881714607,499
290,True,10000,500,3904161.333796942,12945.071504916996,112.40100394934416,25.71677455103738,38.88512527165509,38.62473836549163,False,False,23.190489504486322,30.84143369148175,31.484019712855023,92.93714789673686,101.24355060048396,499
291,True,10000,500,3904161.334187668,12944.09590633586,111.84807913377881,25.71592750942301,38.886406085628174,38.62764951820703,False,False,23.194964276626706,30.843932616213955,31.489554401486718,92.93221896514297,101.05033758096391,499
292,True,10000,500,3904161.334553344,12944.159134756774,111.61683173850179,25.716517641319182,38.88551373663759,38.62746083346844,False,False,23.194746812805533,30.84104486430685,31.479326011612617,92.9246470797807,101.20574523694808,499
293,True,10000,500,3904161.33491673,12943.756529130042,111.24614626169205,25.716453673082864,38.88561046217229,38.628662311033544,False,False,23.194701760075986,30.83497090265155,31.47978740589033,92.93504795059562,101.16889363154763,499
294,True,10000,500,3904161.335286066,12943.181006237864,110.81205122172832,25.71617025053334,38.88603902749713,38.63037994748191,False,False,23.193829460069537,30.839362057546776,31.48609562621723,92.93808909133077,101.12397258169943,499
295,True,10000,500,3904161.335643172,12942.908459343016,110.46972498297691,25.716310088897874,38.88582757569545,38.63119341148304,False,False,23.195421672426164,30.840120123078425,31.475598750014708,92.92606781236827,101.12676122691477,499
296,True,10000,500,3904161.336008098,12942.500562872738,110.09658919647336,25.716240428208945,38.88593291043697,38.63241091403277,False,False,23.19390664342791,30.83980663989981,31.4746094448488,92.93928374536335,101.12628676462913,499
297,True,10000,500,3904161.336450573,12941.97338912636,109.64027373120189,25.71609842764561,38.886147632914984,38.63398455293472,False,False,23.19385192822665,30.839230213314295,31.48520015335292,92.93735413812101,101.10919296275819,499
298,True,10000,500,3904161.336812129,12941.780811175704,109.30807841941714,25.716378221956486,38.8857245514536,38.63455943931855,False,False,23.195234476588666,30.842546746134758,31.4769557149456,92.92520149610937,101.15278780460352,499
299,True,10000,500,3904161.337174665,12941.576353739947,109.00262091308832,25.716580626907533,38.885418497422215,38.635169807231904,False,False,23.190574487671256,30.84077738846342,31.4806464392067,92.93629061430693,101.20583845768118,499
300,True,10000,500,3904161.337536461,12940.845301840454,108.54622581973672,25.716030212466368,38.88625078357661,38.63735237827854,False,False,23.194806766696274,30.840354257573683,31.484129241046414,92.93747800402343,101.09477451536799,499
301,True,10000,500,3904161.337894168,12940.89589966461,108.29044785350561,25.716644192006225,38.88532238241413,38.637201309451726,False,False,23.190639447420835,30.840832709024347,31.481728021365505,92.93722435832024,101.21898449026042,499
302,True,10000,500,3904161.338256184,12940.571694169194,107.93539183214307,25.716706016707516,38.88522889946809,38.6381693032381,False,False,23.190254461951554,30.840820043037333,31.482689442733527,92.93685290031135,101.23096773400897,499
303,True,10000,500,3904161.338674859,12940.233068075031,107.53015708178282,25.716839500988474,38.885027064136835,38.639180404992445,False,False,23.190716980025172,30.841632404675085,31.48499792752127,92.9374692030251,101.25570063479239,499
304,True,10000,500,3904161.339037495,12939.298457931727,107.03646158799529,25.715955904496454,38.88636314799207,38.64197132677641,False,False,23.197089205496013,30.84373467912277,31.75176270306073,92.93572497554123,100.0985405221581,499
305,True,10000,500,3904161.501041727,12864.881440065801,139.34231968596578,25.50208240557081,39.21248406685231,38.86549614385273,False,False,23.19257950875908,30.84007992098729,31.341675048073135,92.92943002656102,100.76056040823445,499
306,True,10000,500,3904161.502718669,12863.426676020026,137.71816715598106,25.50242186145099,39.211962120020544,38.86989156101764,False,False,23.1938170036301,30.849653761833906,31.34164478008946,92.93281529098749,100.76618539169417,499
307,True,10000,500,3904161.503353352,12862.217678688467,136.88909588381648,25.501660486582463,39.21313282819931,38.87354517630773,False,False,23.192017106339335,30.85085330531001,31.35074799259504,92.92744994163513,100.7617767155169,499
308,True,10000,500,3904161.503824487,12862.038081046194,136.54955010861158,25.50198102392301,39.21263995381048,38.874087982744506,False,False,23.192474502138793,30.839703356226284,31.34157477567593,92.92946588248014,100.75946655124412,499
309,True,10000,500,3904161.504236302,12861.966342199594,136.21094403788447,25.502515827979376,39.211817639688626,38.87430480668575,False,False,23.193961940705776,30.850143327067297,31.34159821396073,92.93286809697747,100.76714629307375,499
310,True,10000,500,3904161.504618918,12861.190801020712,135.74455911293626,25.50189627636829,39.21277026472203,38.87664896164344,False,False,23.19204667583108,30.83958321561416,31.34143461162845,92.9293418303132,100.7580926828085,499
311,True,10000,500,3904161.504988954,12861.04893218726,135.4283820837736,25.502245591389748,39.2122331508574,38.87707780573429,False,False,23.196607013233006,30.84058330083887,31.341944665958486,92.93765211477876,100.76278427615748,499
312,True,10000,500,3904161.50536207,12860.125811770558,134.8662287928164,25.501522210376237,39.213345452496675,38.87986846461193,False,False,23.19192700088024,30.850553264220554,31.3501243169109,92.92741753160954,100.76036136597381,499
313,True,10000,500,3904161.505726926,12860.363868996501,134.70064010471106,25.502331120023626,39.212101642536965,38.879148762298215,False,False,23.19388196337968,30.849133773396414,31.34196794902285,92.93305799365044,100.76455047354088,499
314,True,10000,500,3904161.506849754,12859.127982985228,133.55629285797477,25.50214767560572,39.212383706669456,38.88288542283609,False,False,23.191974265500903,30.851393317182858,31.35231121753653,92.9274057969451,100.84761751815662,499
315,True,10000,500,3904161.50722538,12857.699448242784,132.95466918498278,25.50049053919399,39.214931903486736,38.887205445475956,False,False,23.19276425987482,30.84376035258174,31.357128017892443,92.93078202754259,100.76327202841625,499
316,True,10000,500,3904161.507606546,12858.148362953216,132.7461008913815,25.501808140404478,39.21290578669294,38.88584778198668,False,False,23.192484281025827,30.839667034645874,31.34143135199944,92.92833982035518,100.75623307377086,499
317,True,10000,500,3904161.507971592,12857.725338079035,132.37012503668666,25.501713853792282,39.21305076722493,38.88712714364925,False,False,23.19201675709337,30.841719980041187,31.352320996423565,92.92766004800797,100.76627310365424,499
318,True,10000,500,3904161.508334308,12857.917536050081,132.12322816252708,25.50259380338187,39.21169774767738,38.886545865466694,False,False,23.194014560431242,30.8502900103728,31.3417313930889,92.93233221396804,100.76868517324314,499
319,True,10000,500,3904161.508692294,12856.94258613512,131.63770316168666,25.501612991930724,39.21320585942631,38.88949465631107,False,False,23.192011984065175,30.851333402097225,31.351684592664242,92.92697822675109,100.76275009661899,499
320,True,10000,500,3904161.509114379,12857.195843942463,131.3627171330154,25.50267159681252,39.21157813618971,38.88872862083453,False,False,23.194129462353885,30.840053378293913,31.371164290855326,92.93069634586573,100.52736898884163,499
321,True,10000,500,3904161.512632441,12854.880919214338,130.14571042731404,25.50047136029464,39.214961397029086,38.8957317568492,False,False,23.19423947483301,30.839847090343635,31.37121442705393,92.93074598535895,100.7265434786676,499
322,True,10000,500,3904161.513051936,12854.61698193103,129.7749439254403,25.500685446904992,39.214632174578256,38.89653038303827,False,False,23.194321896880865,30.840200061599415,31.371854400883116,92.93509554117918,100.71883128955946,499
323,True,10000,500,3904161.513446492,12854.013938922435,129.3206987902522,25.500387254773912,39.215090736035414,38.89835520451563,False,False,23.194039473310113,30.839713600774605,31.370877753943205,92.93055385351181,100.72567442432032,499
324,True,10000,500,3904161.514251853,12852.94819995761,128.38671915233135,25.500123208026608,39.21549679749126,38.901580572903036,False,False,23.19416170939803,30.84135040019949,31.385237351059914,92.93743390589952,100.7348027080296,499
325,True,10000,500,3904161.514657089,12852.421465795487,127.95764394104481,25.499927498706295,39.215797772394986,38.903174886589596,False,False,23.194044246338308,30.84123708928625,31.3849039375782,92.93767530471087,100.71838513016687,499
326,True,10000,500,3904161.515044344,12852.267077658325,127.67653679475188,25.500181444616377,39.21540723825402,38.90364221182211,False,False,23.191494517959654,30.839599979420502,31.385614381482206,92.93228406459093,100.73815943673239,499
327,True,10000,500,3904161.515412721,12852.366426028311,127.4356390349567,25.500863300587888,39.21435867533733,38.90334148794666,False,False,23.19453447125852,30.840523696194094,31.37277765199542,92.93615156784654,100.72133282199488,499
328,True,10000,500,3904161.515774097,12851.484366226941,126.88829516991973,25.50019252716838,39.21539019497917,38.90601161325574,False,False,23.194437031634152,30.841177018980186,31.385394278913736,92.93720610439777,100.7358355633913,499
329,True,10000,500,3904161.516141243,12850.799113046378,126.40759022906423,25.49978261085634,39.21602059361312,38.908086228847075,False,False,23.19307206198573,30.839466645071905,31.391214268902935,92.93326595798135,100.72696577757583,499
330,True,10000,500,3904161.516500049,12850.86105298251,126.2310124002397,25.500260602369277,39.21528550602687,38.90789869554747,False,False,23.193689179606736,30.839893656472366,31.373220651100077,92.93142193928361,100.72608700022087,499
331,True,10000,500,3904161.518157371,12849.407878238708,124.63171035051346,25.50055344266171,39.21483517008804,38.912298896417,False,False,23.194319219328463,30.839920043945312,31.371264408032097,92.93075390160084,100.72835102677331,499
332,True,10000,500,3904161.518533896,12848.8760846667,124.22082480043173,25.500311142016567,39.215207784359606,38.91390941163163,False,False,23.194017005153,30.839700407038134,31.37094434350729,92.93029978871346,100.72488296776996,499
333,True,10000,500,3904161.518898013,12848.121582064778,123.67483973503113,25.4998932712019,39.215850410218856,38.91619462085186,False,False,23.193696979433298,30.841080006211996,31.384880964954696,92.93145565316081,100.71754045784459,499
334,True,10000,500,3904161.519265738,12848.459369968623,123.57213208451867,25.500776027823857,39.21449288087945,38.91517150831921,False,False,23.194286972284317,30.840350004533928,31.372477766126394,92.93585205450654,100.72048382833586,499
335,True,10000,500,3904161.519623825,12847.995094023645,123.1750063598156,25.50064145824415,39.2146998199023,38.91657774936257,False,False,23.19430431816727,30.84023001914223,31.3713743040959,92.92895402759314,100.71785949170575,499
336,True,10000,500,3904161.519979521,12847.167673055083,122.64683097600937,25.500041767693535,39.21562204133007,38.919084168930986,False,False,23.193209199234843,30.844036644945543,31.347111333161592,92.93204806745052,100.48027804121361,499
337,True,10000,500,3904161.520679183,12855.42722325772,122.85137921571732,25.516184056196398,39.19081308543697,38.89407884441307,False,False,23.19258451461792,30.84394025305907,31.347267950574555,92.94943353161216,101.49800229817617,499
338,True,10000,500,3904161.521087119,12855.724279303104,122.556172311306,25.517370955895384,39.18899018744585,38.893180122489724,False,False,23.195191752165556,30.84015365069111,31.34793803716699,92.94850789010525,101.71876143664112,499
339,True,10000,500,3904161.521458554,12854.721090756357,122.09614785388112,25.516282450706363,39.190661959940684,38.89621536476141,False,False,23.198364535346627,30.84013005718589,31.347457940379776,92.94866947457194,101.51854015886772,499
340,True,10000,500,3904161.521821371,12854.454393032938,121.80975032970309,25.516321929265,39.19060132460106,38.8970223637806,False,False,23.198744165711105,30.840033665299416,31.347874707231917,92.94872134923935,101.5393998660146,499
341,True,10000,500,3904161.522264116,12854.675081092864,121.40196515247226,25.517581394670124,39.18866700309108,38.896354582732215,False,False,23.195304442197084,30.840030405670404,31.34842123836279,92.94842351227999,101.75899315625419,499
342,True,10000,500,3904161.522626972,12854.403904173523,121.04892916977406,25.51774544088928,39.18841507046363,38.89717514148297,False,False,23.19495950359851,30.840243212878704,31.348254221181072,92.94974999502301,101.7789064720272,499
343,True,10000,500,3904161.595035482,12955.645338632166,119.51641459017992,25.723705258601175,38.87464849822256,38.59321453552457,False,False,23.1951295863837,30.841868712256353,31.496237354197714,92.94569063931704,102.23528318572787,499
344,True,10000,500,3904161.596524155,12953.979708254337,117.99251334741712,25.723421232278397,38.87507773441796,38.59817687389132,False,False,23.195371963083744,30.84182972088456,31.496287263774487,92.94477496296167,102.19646970741448,499
345,True,10000,500,3904161.597142269,12953.58527218923,117.41778813302517,25.723782533178767,38.87453171827242,38.59935218657013,False,False,23.194864275865257,30.842359270900488,31.49603809230016,92.94726806692779,102.24221171345559,499
346,True,10000,500,3904161.597595594,12952.004099264741,116.749816108495,25.721952471255005,38.87729755808886,38.604064372430514,False,False,23.19430175703019,30.846954913189013,31.496625710278614,92.95540978200734,102.04297088552264,499
347,True,10000,500,3904161.597985379,12952.652153093368,116.55867891386151,25.723634216792597,38.8747558596208,38.60213291380556,False,False,23.19873182568699,30.841555663694937,31.495363183785095,92.94545319862664,102.21110716462132,499
348,True,10000,500,3904161.598369025,12951.806801836938,116.05155374854803,25.72295640899477,38.8757802213715,38.60465243575789,False,False,23.194354260340333,30.845247395336628,31.49468292249353,92.94316153973341,102.20176223665473,499
349,True,10000,500,3904161.598736431,12951.489405240864,115.69233797490597,25.723040214961838,38.87565356362304,38.605598503417944,False,False,23.194496985524893,30.844926678886015,31.495096633831526,92.94688254594803,102.19484673812983,499
350,True,10000,500,3904161.599109617,12951.259187888354,115.3452517464757,25.72327442112601,38.875299607219524,38.60628474392557,False,False,23.198616923764348,30.84177135800322,31.495509866314496,92.94521263800561,102.17693429905918,499
351,True,10000,500,3904161.599853269,12950.196648947895,114.51811995357275,25.722802663315274,38.87601258264738,38.60945231597091,False,False,23.194356821477413,30.8450723066926,31.49562394401666,92.94411009177566,102.1801850525662,499
352,True,10000,500,3904161.600243465,12950.217248871922,114.26304280757904,25.723355122373434,38.87517764470113,38.60939089987501,False,False,23.195741698145866,30.83805733670791,31.47488854903093,92.94490697793663,102.02493616379795,499
353,True,10000,500,3904161.600607621,12949.985900893807,113.92793711274862,25.723563053669455,38.87486340494928,38.610080646148816,False,False,23.196409223601222,30.844479302565258,31.47517608944313,92.94358412735164,102.24139023106542,499
354,True,10000,500,3904161.600971237,12949.351048097014,113.47546195611358,25.723197567416634,38.875415755725946,38.61197353773787,False,False,23.195069283246994,30.83785967901349,31.47395095477488,92.94587192125618,102.22045079339293,499
355,True,10000,500,3904161.601340753,12949.20916017145,113.18554496392608,25.72349421885275,38.874967432188896,38.612396619391696,False,False,23.195846704766154,30.83795296649138,31.475091762064512,92.94489603489637,102.23617718089369,499
356,True,10000,500,3904161.601716749,12948.405168019235,112.66393028199673,25.722928332138753,38.87582265470839,38.61479413966213,False,False,23.19651423022151,30.844716696689524,31.474786917678877,92.9435916710645,102.05335509963331,499
357,True,10000,500,3904161.602079905,12948.334958869964,112.38438310101628,25.72334784723236,38.87518863947534,38.615003518849065,False,False,23.19509442895651,30.83747886121273,31.47395931339499,92.94674186967313,102.23058531992135,499
358,True,10000,500,3904161.60249591,12947.779265698045,111.94183863699436,25.72312109631473,38.87553132668908,38.61666079870754,False,False,23.195264162495732,30.837714889397223,31.47363223678729,92.94521389529109,102.21959627233443,499
359,True,10000,500,3904161.60528654,12953.655060846359,109.366315882653,25.740057605137686,38.849951905329114,38.599144230055735,False,False,23.195196990855038,30.837426614016294,31.4728260451616,92.9442088585347,105.69240671116857,499
360,True,10000,500,3904161.605700155,12953.195627313107,108.94426237791777,25.739982695260903,38.85006496854072,38.60051329308268,False,False,23.19527929648757,30.837580002844334,31.472511499499145,92.94458506628871,105.68349003326146,499
361,True,10000,500,3904161.606085311,12953.040767926723,108.60141506418586,25.740359424574223,38.849496368931966,38.600974779455626,False,False,23.199301795102656,30.837702378630638,31.47263964094829,92.94603010639548,105.73665895964949,499
362,True,10000,500,3904161.606456987,12952.795630786568,108.28535770997405,25.740501549251693,38.84928186370445,38.601705319242896,False,False,23.19512946996838,30.837397991369166,31.472715679555996,92.94670787639916,105.76456078328191,499
363,True,10000,500,3904161.606821753,12952.599952928722,107.95580176636577,25.74076984200873,38.848876942600526,38.60228848393829,False,False,23.195659276098013,30.844345906128485,31.472731035513046,92.94415339827538,105.78291450627147,499
364,True,10000,500,3904161.607187049,12952.1105280146,107.56423603743315,25.740573731417168,38.849172921871165,38.60374715908511,False,False,23.1953194597736,30.837500033279262,31.47342378739254,92.94636510312557,105.7736816164106,499
365,True,10000,500,3904161.607547055,12951.913820113987,107.23860980942845,25.740832084778674,38.84878300384586,38.6043334556097,False,False,23.195594432763755,30.844400233278673,31.472862403994913,92.94363996013999,105.79159525223075,499
366,True,10000,500,3904161.608109009,12950.87654190138,106.55238712206483,25.740128566692015,38.84984480201898,38.60742540339224,False,False,23.1952442554757,30.837626289576292,31.472315620630845,92.94492304325104,105.70328912697731,499
367,True,10000,500,3904161.608478935,12950.689784251153,106.21645115315914,25.740427521238466,38.849393592041096,38.60798214841276,False,False,23.19726929999888,30.837774307777483,31.472801663136597,92.94658312574029,105.74790807440876,499
368,True,10000,500,3904161.608843111,12949.931521899998,105.78292608261108,25.739776745125024,38.850375817241485,38.610242776530185,False,False,23.194596986286342,30.84139957403143,31.511598574773583,92.94829284772277,105.44639331754296,499
369,True,10000,500,3904161.609205447,12950.176008976996,105.56366806849837,25.740706094005002,38.84897315357249,38.6095138516575,False,False,23.196312016807497,30.841570999473333,31.514247016360226,92.93974889442325,105.69925302639602,499
370,True,10000,500,3904161.609566753,12949.771784245968,105.19407223910093,25.74063669740855,38.8490778901625,38.610719040491084,False,False,23.196227033622563,30.84140857681632,31.514617752594116,92.93955103494227,105.69048120640217,499
371,True,10000,500,3904161.609927669,12949.154330883175,104.7499068081379,25.740289427004083,38.84960201538768,38.612560111938855,False,False,23.19527429062873,30.841039400547743,31.51321652345346,92.95011474750936,105.63736835960297,499
372,True,10000,500,3904161.610301395,12948.735204990953,104.36751088127494,25.740215819859074,38.84971311034932,38.61380992695567,False,False,23.195034475065768,30.841336275140446,31.512073414244863,92.94925411231816,105.62756366562097,499
373,True,10000,500,3904161.610708181,12948.50287726149,103.99550525471568,25.740495735484515,38.849290638231636,38.614502752904066,False,False,23.195911897346377,30.8416779153049,31.514337536257866,92.94433142058551,105.6663636676967,499
374,True,10000,500,3904161.611280184,12947.563878260553,103.35602331906557,25.739895500884746,38.85019657386051,38.61730320091479,False,False,23.194871959276497,30.84143629918496,31.512041281287733,92.94888093136251,105.57773279957472,499
375,True,10000,500,3904161.612499431,12947.819515131414,102.35248319804668,25.742418901670074,38.846388283081026,38.61654075542813,False,False,23.19540677126497,30.84123060107231,31.512492278901103,92.94453794136643,106.1289242049679,499
376,True,10000,500,3904161.612895567,12947.36783998087,101.94904683157802,25.742322230760102,38.846534164080836,38.617887912014304,False,False,23.194519453682005,30.841273348778486,31.5117976426456,92.94928349554539,106.11018548253922,499
377,True,10000,500,3904161.613272773,12947.212230879813,101.6097110696137,25.742690420461322,38.845978554174735,38.61835205014037,False,False,23.19636708125472,30.841476718584698,31.51373818439108,92.93901408091187,106.16852598264812,499
378,True,10000,500,3904161.613633029,12946.811215952039,101.24186472967267,25.742623950345422,38.846078858506644,38.61954821616148,False,False,23.196259513497353,30.841335871567328,31.514130994522187,92.9392249789089,106.15870539098977,499
379,True,10000,500,3904161.613990325,12946.537958923727,100.90004885569215,25.742761342821716,38.845871531915,38.62036334241483,False,False,23.19639699999243,30.841634360452495,31.513697340463462,92.9405028000474,106.18093675002454,499
380,True,10000,500,3904161.614352751,12945.863536093384,100.48353299498558,25.74224449518717,38.84665147155145,38.622375294316036,False,False,23.194849491119385,30.841261396805447,31.511477692207812,92.94875818304718,106.0973927611485,499
381,True,10000,500,3904161.614706437,12945.696488022804,100.16026673838496,25.742557557684208,38.84617904647543,38.622873667909154,False,False,23.19581201300025,30.84160896639029,31.51324872781199,92.94446376152337,106.14819714799522,499
382,True,10000,500,3904161.615183762,12944.944065995514,99.64506328105927,25.742082169768448,38.84689643227081,38.625118613948075,False,False,23.19445926696062,30.841416648278635,31.509740655310317,92.94761274941266,106.06538434512912,499
383,True,10000,500,3904161.615549658,12944.812978152186,99.30966608226299,25.742491607354555,38.84627856746792,38.62550975776035,False,False,23.195527028292418,30.84119434158007,31.513018594123288,92.94444797560573,106.13894942216574,499
384,True,10000,500,3904174.173388358,12978.794826660305,107.29839885607362,25.79458201964776,38.7678311374962,38.52437816282667,False,False,23.23832898400724,30.922922616203625,31.317044980823994,93.31231932155788,102.36724449321622,499
385,True,10000,500,3904174.268805167,12978.868955746293,154.4640250504017,25.70021028195569,38.91018746652464,38.52415813002172,False,False,23.23438145685941,30.948269770791132,31.374847861782904,93.32276368513703,94.9400589428842,499
386,True,10000,500,3904174.269853796,12977.529900148511,153.32442615181208,25.69981056913166,38.91079264222716,38.528133153773595,False,False,23.238596157170832,30.944799724966288,31.33893913744633,93.3058422524482,94.88929280545561,499
387,True,10000,500,3904174.27037955,12976.809517946094,152.70454436540604,25.69960916549236,38.91109757975347,38.53027196773846,False,False,23.22809398174286,30.94530502955119,31.290122033096793,93.28197878785431,94.99047440942375,499
388,True,10000,500,3904174.270813295,12976.435622666031,152.28319773450494,25.69970425837981,38.910953602663874,38.53138215602492,False,False,23.225246462970972,30.949905700981617,31.305393665097597,93.26291382312775,95.05895952228455,499
389,True,10000,500,3904174.271208221,12976.50826210156,152.0724301226437,25.700272208374585,38.910093709985844,38.53116646642695,False,False,23.23809394147247,30.948077732076246,31.369980648936025,93.32472304813564,94.84001317527145,499
390,True,10000,500,3904174.271585417,12976.173235103488,151.7049241811037,25.700337296437645,38.90999516720783,38.53216128830546,False,False,23.23943399824202,30.94795166204373,31.369451931677705,93.3356893248856,94.85203613061458,499
391,True,10000,500,3904174.271950453,12975.34753382206,151.20639000087976,25.69968165094425,38.910987831760096,38.53461332705579,False,False,23.228429025039077,30.929280507067837,31.337710662434443,93.29851884394884,94.8674087319523,499
392,True,10000,500,3904174.272320729,12975.104516837746,150.8674225769937,25.699873936394294,38.910696701273416,38.535335060395994,False,False,23.230053950101137,30.944690977533657,31.34557343631356,93.31232458353043,94.88728632684796,499
393,True,10000,500,3904174.272695555,12974.815249908715,150.5120568908751,25.700006398833345,38.91049614856886,38.53619418615751,False,False,23.234076565131545,30.944728913406532,31.355114347922253,93.31538346596062,94.87054553348571,499
394,True,10000,500,3904174.273761063,12973.832581192255,149.46542913094163,25.700134573269164,38.91030209001726,38.53911300850558,False,False,23.23505375534296,30.95501074567437,31.37003738433117,93.3026087936014,94.90703977178782,499
395,True,10000,500,3904174.274131329,12973.668223246932,149.16924200952053,25.700398759994812,38.90990211235936,38.53960124431674,False,False,23.23955879546702,30.94793235262235,31.369867338022786,93.35897564888,94.86266574822366,499
396,True,10000,500,3904174.274494505,12973.058799747378,148.72255688533187,25.700072630986064,38.91039587157898,38.54141168386105,False,False,23.23533408343792,30.954887655874092,31.358656925925306,93.29934972338378,94.88200624473393,499
397,True,10000,500,3904174.274870681,12972.763212863356,148.36502075195312,25.70019677777836,38.91020791189617,38.54228985727704,False,False,23.234831518493593,30.95548792431752,31.374726133265785,93.31211186945438,94.92380993906409,499
398,True,10000,500,3904174.275232577,12971.598604694009,147.808906622231,25.698977350845247,38.912054217095516,38.54575023768203,False,False,23.222871706821024,30.947669719656307,31.30260769588246,93.26286376453936,94.80148956645279,499
399,True,10000,500,3904174.275593973,12971.875461749732,147.604338824749,25.699942130110188,38.91059345337571,38.54492756073351,False,False,23.232086445204914,30.944614329685766,31.350323848891946,93.30528150312603,94.88674499094485,499
400,True,10000,500,3904174.276009319,12971.332908142358,147.15878432616591,25.69974774311862,38.91088776417117,38.546539784368676,False,False,23.247628938406706,30.945266410708427,31.365381006617042,93.43687971122563,94.328677598387,499
401,True,10000,500,3904174.281918204,12974.530063103884,141.69097412377596,25.71711240276575,38.88461442865782,38.53704123140977,False,False,23.237413726747036,30.94711430991689,31.355885649099893,93.39422411285341,99.95026507414873,499
402,True,10000,500,3904174.282358599,12973.924630321562,141.194059047848,25.716894932412252,38.884943249492046,38.538839576071084,False,False,23.23594654444605,30.951925056676068,31.361877882542657,93.40061894617975,99.90649769082661,499
403,True,10000,500,3904174.282747255,12973.185467999429,140.66719496622682,25.716469485036477,38.885586553078966,38.54103537125366,False,False,23.240088718011975,30.953014145294826,31.38690634553005,93.41470692306757,99.83240458648648,499
404,True,10000,500,3904174.283130401,12973.070449195802,140.40421834215522,25.716765993694686,38.8851382108148,38.54137707476914,False,False,23.240316309966147,30.95234135786692,31.362559161304134,93.41270392760634,99.88125707022841,499
405,True,10000,500,3904174.283514997,12972.891470883042,140.0849912315607,25.71704705340978,38.88471323800031,38.54190880438822,False,False,23.23723374865949,30.947878304868937,31.361157561186648,93.39556666091084,99.94421567302193,499
406,True,10000,500,3904174.283887853,12972.43703622371,139.67424491420388,25.716959501622256,38.88484561858562,38.54325895772862,False,False,23.23613897897303,30.951604961107176,31.361822607771746,93.39965959079564,99.91959931328888,499
407,True,10000,500,3904174.284261638,12972.104540094733,139.30966006591916,25.717023807672977,38.88474838607251,38.544246884118046,False,False,23.236926179379225,30.948851071298122,31.362392862793005,93.39707274921238,99.93218811694528,499
408,True,10000,500,3904174.284625674,12971.356758847833,138.82475579157472,25.716497000112742,38.88554494788369,38.546468908038264,False,False,23.23871897533536,30.953065026551485,31.366327659537337,93.41424047015607,99.82681483030315,499
409,True,10000,500,3904174.285342487,12970.522766932845,138.05130310356617,25.716375679016593,38.88572839663231,38.54894740824973,False,False,23.240476264618337,30.952150747179985,31.38770826238512,93.42521391808987,99.80570940766479,499
410,True,10000,500,3904174.285710603,12970.44985787943,137.81421585008502,25.716704693445582,38.88523090032099,38.5491640982872,False,False,23.24773883447051,30.94729029883941,31.36391208662336,93.41433951631188,99.86948880832638,499
411,True,10000,500,3904174.286076649,12969.956153072417,137.38479977473617,25.716575858311987,38.88542570790134,38.55063148240146,False,False,23.238711524754763,30.952839677532516,31.365753225982136,93.41486757621169,99.84440560452636,499
412,True,10000,500,3904174.286438495,12970.093782059848,137.19151308760047,25.71723901597645,38.88442298874949,38.55022241177599,False,False,23.237656452693045,30.946542415767908,31.355712735094077,93.38740813545883,99.98960951808836,499
413,True,10000,500,3904174.286793131,12969.448989257216,136.75125828012824,25.716829120194568,38.88504276037411,38.55213898556194,False,False,23.235971573740244,30.952418347199757,31.363234360857504,93.41106154024601,99.89413238596167,499
414,True,10000,500,3904174.287153427,12968.92299503088,136.31815183907747,25.716642972328263,38.885324226650596,38.55370258513972,False,False,23.238808731548488,30.95237898329894,31.365475268879226,93.43333849683404,99.85871738754209,499
415,True,10000,500,3904174.287561392,12968.55752915144,135.91949688270688,25.716709483504474,38.88522365746023,38.55478906393964,False,False,23.23867124505341,30.951763068636257,31.365004958740073,93.4154849499464,99.87172733526673,499
416,True,10000,500,3904174.287919058,12968.571619130671,135.70002000778913,25.717177553352467,38.884515920357714,38.5547471752727,False,False,23.242061492055655,30.943679685393967,31.346302796155157,93.37885701097548,99.7546039614826,499
417,True,10000,500,3904174.288551842,12969.171141274273,135.29432332143188,25.719192019945574,38.881470274201725,38.55296491606579,False,False,23.24721380136907,30.943831025312345,31.351259284807938,93.40129932388663,100.64563415478911,499
418,True,10000,500,3904174.288948907,12968.981763813645,134.97169688344002,25.71945905196434,38.881066587736974,38.55352787950645,False,False,23.241833900101483,30.94528044263522,31.34997986955563,93.37334032170475,100.71605907753104,499
419,True,10000,500,3904174.289316653,12968.366761226207,134.5201120711863,25.719131561432906,38.881561673705534,38.5553562145495,False,False,23.2470512855798,30.944062614192564,31.351607756999577,93.40397594496608,100.63215025234963,499
420,True,10000,500,3904174.289673039,12967.885215766728,134.1064665466547,25.718995489418987,38.881767385176786,38.55678791728397,False,False,23.24190631043166,30.944440234452486,31.353687640124253,93.41005203314126,100.59341525658961,499
421,True,10000,500,3904174.290046225,12967.467161361128,133.70309118181467,25.718966072503633,38.881811857480095,38.55803093836542,False,False,23.24187394697219,30.94443567097187,31.353954630127745,93.40096665546298,100.5799055891111,499
422,True,10000,500,3904174.290408311,12967.39757200703,133.45716428011656,25.71931945436255,38.88127762378947,38.55823785948844,False,False,23.24163622688502,30.945716922481854,31.35110353042056,93.39734609238803,100.67426950205113,499
423,True,10000,500,3904174.290763737,12967.08333492279,133.1102279946208,25.71938498382399,38.881178559632836,38.559172258375646,False,False,23.24164647143334,30.945605008552473,31.350972027673023,93.37284895591438,100.68769489414986,499
424,True,10000,500,3904174.291125813,12966.637659817934,132.7302921563387,25.719253241806804,38.8813777211266,38.56049757212237,False,False,23.24164123274386,30.94561022395889,31.35167839704076,93.40104088187218,100.65887422766532,499
425,True,10000,500,3904174.291561709,12966.038406360894,132.22816726192832,25.71905859538871,38.88167198232111,38.56227972876506,False,False,23.242016322910786,30.94439972192049,31.353865275159425,93.40882287360728,100.60638406779613,499
426,True,10000,500,3904174.291920445,12966.050886083394,132.0084291510284,25.71952396178831,38.880968461380064,38.56224261287263,False,False,23.241918766871095,30.945152354737125,31.35047116084019,93.37474065832794,100.72937692981208,499
427,True,10000,500,3904174.292284161,12965.733899269253,131.65320316329598,25.71960059339871,38.880852615443175,38.56318538422109,False,False,23.24193622916937,30.944475034872692,31.350428967270947,93.37616851553321,100.74635448865587,499
428,True,10000,500,3904174.292641707,12965.247514657676,131.26938790082932,25.719395043600898,38.88116335181082,38.564632062344515,False,False,23.241746588610113,30.945537673930325,31.350567536428517,93.37193192914128,100.70228998549278,499
429,True,10000,500,3904174.292998803,12965.062437113374,130.94674097374082,25.71967073374676,38.88074658311628,38.56518257626866,False,False,23.241853690706193,30.94395501539111,31.345789220649696,93.37736973538995,100.75616063084448,499
430,True,10000,500,3904174.293360929,12964.280984830111,130.43839717283845,25.719123422158862,38.881573978467266,38.56750718262469,False,False,23.241516202688217,30.944255056480568,31.352860011781203,93.40734863653779,100.61853596474971,499
431,True,10000,500,3904174.295541835,12961.920540779829,128.18920193240047,25.718900478652163,38.881911022208925,38.574530558719076,False,False,23.24169618077576,30.9454830052952,31.354427790890085,93.43180083669722,100.55976770352568,499
432,True,10000,500,3904174.295909141,12962.19243761152,128.04373260587454,25.71973688377885,38.88064658354607,38.57372141376205,False,False,23.240781505592167,30.941888348509867,31.37872560881073,93.37613498792052,100.39257246069606,499
433,True,10000,500,3904174.367916816,12976.291904225945,116.5225780569017,25.77108081396602,38.80318436074571,38.53180890892002,False,False,23.240811307914555,30.94248566776514,31.32013805831472,93.37968602776527,100.65379548352207,499
434,True,10000,500,3904174.369537498,12973.867340944707,114.80875732377172,25.769656480202276,38.80532908027925,38.53900975401772,False,False,23.240523994900286,30.943915713578463,31.31781161452333,93.3982181828469,100.64578203484412,499
435,True,10000,500,3904174.370154501,12974.489094223827,114.36692206189036,25.771787920164204,38.80211970926496,38.53716291785218,False,False,23.24083144776523,30.93931234131257,31.31996840238571,93.37139930576086,100.67103226203467,499
436,True,10000,500,3904174.370593956,12973.996290005744,113.92009677365422,25.77169577802022,38.802258439387025,38.53862671327916,False,False,23.240734008140862,30.939522354553144,31.319991685450077,93.37076391093433,100.67040917929258,499
437,True,10000,500,3904174.370975532,12973.35607605055,113.48057212308049,25.771293595045027,38.80286398166164,38.54052853162833,False,False,23.240328999236226,30.943148924658697,31.320204958319664,93.37800107896328,100.66893323790278,499
438,True,10000,500,3904174.371355458,12972.563484683633,113.01931692287326,25.77062959471094,38.803863767660374,38.5428832620736,False,False,23.240859038196504,30.942912368724745,31.31903133665522,93.37859079241753,100.64790513366457,499
439,True,10000,500,3904174.371718984,12972.290867939591,112.66436101868749,25.770794603047904,38.8036153096238,38.54369325280291,False,False,23.240864044055343,30.942779034376144,31.32024842003981,93.3762398082763,100.64883394166823,499
440,True,10000,500,3904174.37208447,12972.349597141147,112.38590395078063,25.771470327034802,38.80259788480052,38.5435187554759,False,False,23.240588954649866,30.940329035123188,31.320945049325623,93.38071993552148,100.66985477693375,499
441,True,10000,500,3904174.372965991,12971.728274133056,111.56361177563667,25.771873070856554,38.80199150642348,38.54536492234815,False,False,23.24080152902752,30.939132285614807,31.319614965468645,93.37192228995264,100.67196919117119,499
442,True,10000,500,3904174.373338136,12971.146340947598,111.1396080814302,25.771556578890117,38.80246802085348,38.54709420875078,False,False,23.240741225890815,30.939942225813866,31.320524557183184,93.38182210922241,100.6703652348369,499
443,True,10000,500,3904174.373699792,12970.378698781133,110.69166287779808,25.770915903613897,38.80343266572719,38.54937558970322,False,False,23.240891518071294,30.943005656202633,31.32025167966882,93.37677769362926,100.651678815484,499
444,True,10000,500,3904174.374063628,12970.320840366185,110.3999363258481,25.771384577235143,38.80272699369589,38.54954755196971,False,False,23.240359034389257,30.94038258617123,31.32063833375772,93.37862692773342,100.6692940043285,499
445,True,10000,500,3904174.374419665,12969.726655166596,110.01045908778906,25.77097434083929,38.803344676623226,38.551313631642415,False,False,23.240916547365487,30.94271244481206,31.319955053428806,93.3781810104847,100.65323268063362,499
446,True,10000,500,3904174.374775731,12969.96781276539,109.76098198443651,25.771957576715337,38.80186427528068,38.55059682629949,False,False,23.2408664887771,30.938789403686922,31.319381358722843,93.374162632972,100.6725990818813,499
447,True,10000,500,3904174.375179606,12969.35677016154,109.32545689865947,25.771605838202163,38.80239385462215,38.55241311198599,False,False,23.24079629033804,30.939702410250902,31.319977870831885,93.38532816618681,100.67045134492214,499
448,True,10000,500,3904174.375541762,12968.731396831572,108.90557197853923,25.77119403778163,38.80301388185425,38.55427217207663,False,False,23.24018150102347,30.95126897096634,31.297194926689066,93.34352412261069,100.3443403402343,499
449,True,10000,500,3904174.378825157,12974.547623191029,105.85880419239402,25.78895554909546,38.77628925670372,38.536989074384955,False,False,23.241061251610518,30.942088924348354,31.29611831779281,93.35946440696716,100.93549600802358,499
450,True,10000,500,3904174.379246362,12973.841140978038,105.35993985831738,25.788539481201845,38.77691486673506,38.53908758145217,False,False,23.244043812155724,30.946229118853807,31.294821606328092,93.39126013219357,100.86239721160378,499
451,True,10000,500,3904174.379631588,12966.665549203753,104.92934519425035,25.775022452924855,38.797250393336654,38.56041463417737,False,False,23.24403158854693,30.95140897979339,31.302641611546278,93.35674894973636,100.66800949629392,499
452,True,10000,500,3904174.380009914,12973.198998253793,104.61220797151327,25.78875108273002,38.776596694892724,38.54099517530723,False,False,23.244126583449543,30.954732404400904,31.295335230727993,93.38677655905485,100.89452857151623,499
453,True,10000,500,3904174.38037463,12972.77261223644,104.24021212384105,25.788642084393985,38.77676058814864,38.54226193160743,False,False,23.244141484610736,30.9460557376345,31.295164953917265,93.39236370287836,100.878251097165,499
454,True,10000,500,3904174.380734256,12972.84865193069,103.97784505039454,25.78932025426913,38.77574089353757,38.5420360180944,False,False,23.240203969180584,30.951065787424643,31.297048398603998,93.36583991535008,100.98654950968917,499
455,True,10000,500,3904174.381098162,12972.328827250749,103.59298903495073,25.789049775983564,38.776147577615085,38.54358046719095,False,False,23.240841226652265,30.942229088395834,31.296441641946636,93.36027568206191,100.94921777024861,499
456,True,10000,500,3904174.381759315,12971.922711003572,102.96738613396883,25.7894896289972,38.77548623046884,38.544787163730916,False,False,23.239586502313614,30.949882386873167,31.29043523222208,93.3584260288626,100.99667924921955,499
457,True,10000,500,3904174.38213952,12971.392518375069,102.56597120314837,25.78923155745876,38.7758742548023,38.54636264315554,False,False,23.240146576426923,30.95122566446662,31.296832021325827,93.36200589314103,100.97450918983664,499
458,True,10000,500,3904174.382503706,12970.50768788904,102.0947857759893,25.78840260944499,38.77712067492503,38.548992223863785,False,False,23.244098760187626,30.946578985701006,31.292688567191362,93.3933197055012,100.84192935843016,499
459,True,10000,500,3904174.382860292,12970.461197663099,101.81660996749997,25.788866909209617,38.77642253614811,38.54913039561658,False,False,23.244303767569363,30.942232192804415,31.295848389466606,93.36036504246294,100.92355736065652,499
460,True,10000,500,3904174.383219009,12970.260640140623,101.47914197295904,25.789141278893116,38.77600999527816,38.54972647601159,False,False,23.240984068252146,30.950965359807014,31.296531980236374,93.3611158747226,100.96180012449618,499
461,True,10000,500,3904174.383572675,12969.692476093769,101.09702730551362,25.788768434445405,38.77657060444675,38.551415226044796,False,False,23.241363931447268,30.94244236126542,31.295442022383213,93.36126521229744,100.90906024444844,499
462,True,10000,500,3904174.383923851,12969.808654859662,100.81026004627347,25.789575941509796,38.77535645673192,38.55106989667537,False,False,23.239886504597962,30.949872452765703,31.290442061920963,93.36596480570734,101.03221357800062,499
463,True,10000,500,3904174.384339176,12962.02939003706,100.23058671504259,25.775147902448932,38.79706156429033,38.574206627267216,False,False,23.244119016453624,30.943505621204775,31.302694852153458,93.33455353043973,100.67007199395444,499
464,True,10000,500,3904174.384699292,12968.932094983757,100.02050921320915,25.78940197549208,38.7756180213217,38.5536755330375,False,False,23.23917904868722,30.9465656367441,31.69176743055383,93.36350974626839,100.14368545729663,499
465,True,10000,500,3904174.385562323,12969.263150822371,99.23946717754006,25.791630628546756,38.772267422796354,38.55269140469984,False,False,23.23719148989767,30.948135691384476,31.693987237910427,93.36699577979743,100.52325516007838,499
466,True,10000,500,3904174.385940859,12968.398720026016,98.83286105468869,25.790713144231116,38.77364671568536,38.55526120028155,False,False,23.237169021740556,30.946069086591404,31.687831040471792,93.38717889040709,100.4533794848248,499
467,True,10000,500,3904174.386305535,12968.471339903772,98.48896460607648,25.79154784628797,38.772391868831726,38.55504530140791,False,False,23.239779053255916,30.953578961392243,31.693380946914353,93.3670171070844,100.5124960420653,499
468,True,10000,500,3904174.387204705,12967.365892138332,97.57573530077934,25.79116263895301,38.7729709590399,38.55833205902926,False,False,23.238991503603756,30.945792328566313,31.690687562028565,93.3649234008044,100.47389971558,499
469,True,10000,500,3904174.387580531,12966.69905865565,97.18560986220837,25.79060811381451,38.77380461860296,38.5603149836531,False,False,23.237783694639802,30.945945686350267,31.68892410273353,93.38818010874093,100.41143369860943,499
470,True,10000,500,3904174.387942247,12966.781618073583,96.84488270431757,25.79145638350554,38.772529365171174,38.560069470367374,False,False,23.239506292156875,30.946569051593542,31.69280430302024,93.36473373696208,100.50057526677843,499
471,True,10000,500,3904174.551068497,12978.10241393745,121.47431494668126,25.76478576952058,38.81266504389055,38.52643353030099,False,False,23.238733992911875,30.948340240865946,32.14772124619501,93.38875273242593,101.68804062064734,499
472,True,10000,500,3904174.552138295,12975.901239085943,119.99189108610153,25.763345386773228,38.81483499085468,38.532968985144755,False,False,23.240706184878945,30.948300939053297,32.11229633384663,93.40013493783772,101.49228842929003,499
473,True,10000,500,3904174.55266539,12976.458392105997,119.85964188352227,25.764726954353655,38.812753644611114,38.53131454605259,False,False,23.240766255185008,30.948118368784584,32.18324069865016,93.36402709595859,101.68222964275625,499
474,True,10000,500,3904174.553085745,12975.557242054492,119.15973015129566,25.76432367114869,38.81336117197659,38.53399053872404,False,False,23.241076502017677,30.948254993806284,32.14999783473679,93.35186583921313,101.65819792076942,499
475,True,10000,500,3904174.553468391,12975.048788357526,118.73691435903311,25.76415205210119,38.81361971384753,38.5355005715777,False,False,23.23787147179246,30.948356849451862,32.1436254835374,93.38855086825788,101.63579086307433,499
476,True,10000,500,3904174.553838477,12975.377103779465,118.72079409658909,25.7648423039737,38.812579879278765,38.53452550942509,False,False,23.240978945977986,30.948159005492926,32.180629520055824,93.36254084482789,101.705736243166,499
477,True,10000,500,3904174.554208603,12974.626201670617,118.21570992469788,25.764349682857553,38.81332198597488,38.53675568207274,False,False,23.241013986989856,30.946130336572725,32.159902762310885,93.36445578373969,101.64570211432871,499
478,True,10000,500,3904174.554570779,12974.12042785436,117.69216600805521,25.76438529428117,38.81326833836655,38.53825797134899,False,False,23.241041228175163,30.948079687853653,32.152607487514295,93.36313745006919,101.62804339546707,499
479,True,10000,500,3904174.554932855,12973.854810930789,117.47311800718307,25.764291969786782,38.81340892940811,38.53904697459215,False,False,23.241058690473437,30.946250942846138,32.156264199874975,93.36338397115469,101.63918137550351,499
480,True,10000,500,3904174.555851085,12973.121779039502,116.62281677126884,25.764526978493453,38.813054896553496,38.54122458079776,False,False,23.241491406224668,30.949994331846636,32.17492039936253,93.35072566755116,101.43866072408854,499
481,True,10000,500,3904174.556223001,12972.805422265083,116.26836098730564,25.764603329213983,38.81293987810476,38.542164452868114,False,False,23.241354036144912,30.950002279132605,32.38479163497655,93.34970922209322,101.65992476511744,499
482,True,10000,500,3904174.556583767,12972.155999392271,115.80315604805946,25.76423415499842,38.813496026467135,38.54409398279086,False,False,23.241291288286448,30.950451735407114,32.36197799754608,93.3549115434289,101.624517198652,499
483,True,10000,500,3904174.556941083,12971.9850406982,115.51566887646914,25.764467679001466,38.81314422867037,38.544601958089224,False,False,23.24141131248325,30.95011735955874,32.3780880232028,93.35074895061553,101.64486218243835,499
484,True,10000,500,3904174.557304859,12971.771752927452,115.20297266542912,25.764666894312672,38.81284412106028,38.54523572596478,False,False,23.241506540216506,30.949974339455366,32.39270344686973,93.34996761754155,101.66600365191695,499
485,True,10000,500,3904174.557660065,12970.929382834584,114.56535989418626,25.76425655899879,38.81346227515056,38.54773896631401,False,False,23.24105880688876,30.950468747566145,32.35970768456626,93.3560230769217,101.6412909608334,499
486,True,10000,500,3904174.558077231,12970.802403986454,114.3633620813489,25.764406897605422,38.81323579363829,38.54811633290549,False,False,23.241334012709558,30.94997697820266,32.36493938912916,93.35379991680384,101.64217832963911,499
487,True,10000,500,3904174.562292845,12968.000804074109,110.5670528486371,25.766400303057058,38.81023302588972,38.55644424720554,False,False,23.241636576130986,30.94861162826419,32.39429027773408,93.34939359687269,101.86883758753537,499
488,True,10000,500,3904174.56272492,12967.339542228729,110.05477886646986,25.76610173018489,38.81068275176853,38.55841041037966,False,False,23.241111543029547,30.95025174940626,32.375075171390854,93.3529011439532,101.87464658170937,499
489,True,10000,500,3904174.563109846,12967.414411250502,109.94438035413623,25.76647300780835,38.810123515816734,38.55818778847702,False,False,23.241341579705477,30.948610914250214,32.40892593438395,93.34863061085343,101.91984493285416,499
490,True,10000,500,3904174.563480522,12966.859426815063,109.3983561731875,25.766455051386526,38.81015056225939,38.55983808739497,False,False,23.24118127580732,30.950455646961927,32.3787739050261,93.35292228497565,101.89765747636555,499
491,True,10000,500,3904174.563845448,12966.3555319421,108.97982958704233,25.766283972655426,38.8104082475088,38.561336589010686,False,False,23.24135124217719,30.950086377561092,32.38832232542304,93.35045889019966,101.88493077643214,499
492,True,10000,500,3904174.564208334,12965.903077274561,108.58668526634574,25.76616511424492,38.81058727855261,38.562682215044,False,False,23.241171264089644,30.950308901568253,32.38122185692159,93.35188483819366,101.8814871367067,499
493,True,10000,500,3904174.56456768,12965.247024782002,108.12741983681917,25.765770751393152,38.81118130129797,38.564633519461,False,False,23.24122143909335,30.95037778839469,32.35803574478843,93.35831543430686,101.85119552072136,499
494,True,10000,500,3904174.564923256,12965.506741777062,107.99097176641226,25.766564669360022,38.80998545332421,38.56386101662461,False,False,23.241174058057368,30.950381544729073,32.402978011717074,93.35759417153895,102.06403806339948,499
495,True,10000,500,3904174.56546828,12964.450173079967,107.26211871951818,25.76590792457004,38.81097467737253,38.56700387018533,False,False,23.24111375492066,30.95040029535691,32.36211354999461,93.3573538903147,101.85395843349396,499
496,True,10000,500,3904174.565837596,12964.641180820763,107.09541104733944,25.766624789125096,38.80989490024529,38.566435663462464,False,False,23.239228990860283,30.94956697896123,32.405878261973136,93.33786210045218,101.718214135617,499
497,True,10000,500,3904174.566206312,12963.758171070367,106.54087737202644,25.765966520437555,38.810886415101116,38.56906256673229,False,False,23.235661443322897,30.94806106140216,32.43070129460313,93.33610306493938,101.87760440167038,499
498,True,10000,500,3904174.566564958,12963.81893986836,106.33207997307181,25.766506733257092,38.81007271774601,38.568881771583676,False,False,23.239676491357386,30.949617084115744,32.462589478430324,93.33777716383338,101.92230178043245,499
499,True,10000,500,3904174.566917264,12962.954599875957,105.79569591209292,25.76584950694161,38.81106267156411,38.57145345589535,False,False,23.23568647261709,30.94799965620041,32.4278700010227,93.33594739437103,101.86501387506722,499
500,True,10000,500,3904174.56727572,12962.880420964211,105.53435888141394,25.76622457331222,38.81049771784439,38.571674177552026,False,False,23.239096510224044,30.949722385654848,32.455415668276125,93.33899486809969,101.90503327175973,499
501,True,10000,500,3904174.567683916,12962.33206614852,105.07986275479198,25.76603647974695,38.81078103673558,38.57330590270585,False,False,23.23877124581486,30.94930298005541,32.44781446953582,93.33822475746274,101.88659572508185,499
502,True,10000,500,3904174.568043622,12962.202367838472,104.79667596518993,25.766344071890344,38.81031772338027,38.573691862780116,False,False,23.239318979904056,30.94968892013033,32.45774761618393,93.33737595006824,101.91105392295866,499
503,True,10000,500,3904174.568563776,12970.25873977691,104.5078500173986,25.78306791534972,38.78514392791321,38.5497321242028,False,False,23.23569403961301,30.948161085446674,32.46092767454649,93.33578087389469,106.0150885535404,499
504,True,10000,500,3904174.568940592,12969.99906282872,104.146724101156,25.783271219894917,38.78483810186113,38.55050394205283,False,False,23.235596483573318,30.949044972658157,32.47170383731489,93.33736966364086,106.05149136856197,499
505,True,10000,500,3904174.569309658,12969.676895998418,103.78514789044857,25.78335019660916,38.78471930042329,38.551461536737804,False,False,23.235519067384303,30.949198361486197,32.47391100972855,93.33778955042362,106.06422782409935,499
506,True,10000,500,3904174.569664264,12969.22465087846,103.41549199074507,25.783184687149728,38.78496827036256,38.55280585074397,False,False,23.235641419887543,30.94889633357525,32.46961037628318,93.33699285052717,106.03940710425375,499
507,True,10000,500,3904174.57002054,12969.212702009827,103.11001492664218,25.783772920006385,38.78408342729666,38.5528413704338,False,False,23.239413974806666,30.94964881117145,32.495958485329794,93.33755788393319,106.12705150153486,499
508,True,10000,500,3904174.570373276,12968.665498308837,102.72821923717856,25.78344144102537,38.78458204608979,38.55446808040518,False,False,23.23897904716432,30.949275040378172,32.47660869111582,93.33764626644552,106.0768450051546,499
509,True,10000,500,3904174.570724783,12968.465028796345,102.39804210141301,25.783701376142147,38.78419104424268,38.555064064232354,False,False,23.239171248860657,30.94950973366698,32.48838666826452,93.33851770497859,106.11932083964346,499
510,True,10000,500,3904174.571078769,12968.057463876903,102.0368761382997,25.78360839226173,38.78433091235297,38.556275787084694,False,False,23.239236208610237,30.94929503276944,32.48610845456486,93.33844375796616,106.10550872515886,499
511,True,10000,500,3904174.571505404,12967.575708869845,101.60360112786293,25.783511237959882,38.78447705476769,38.55770818118294,False,False,23.238773923367262,30.94925107434392,32.480615399156655,93.33795150741935,106.08734502457081,499
512,True,10000,500,3904187.154374231,13056.569427717477,105.52594903856516,25.95399494725233,38.529713904635976,38.294898423973606,False,False,23.226901539601386,30.95191093161702,31.68143452610793,93.28132579103112,102.57476703263825,499
513,True,10000,500,3904187.248129278,13059.503897093236,151.37135796248913,25.868001080422342,38.65779952966019,38.28629356366969,False,False,23.22676428593695,30.956705411275227,34.93934380821884,93.24528779834509,95.83422975614668,499
514,True,10000,500,3904187.249057638,13058.69405483827,150.47450782731175,25.86817544491174,38.65753895668354,38.28866790969416,False,False,23.223429219797254,30.95376243193944,34.94010376743972,93.2958078570664,95.69564054720105,499
515,True,10000,500,3904187.249530073,13058.263530023396,150.04181303083897,25.868179793572256,38.657532458023226,38.28993026909024,False,False,23.220441420562565,30.95373899365465,34.93248124141246,93.31602174788713,95.7017843052745,499
516,True,10000,500,3904187.249940838,13057.486198842525,149.50502896681428,25.867697735221864,38.658252861768375,38.292209724435494,False,False,23.212014231830835,30.962245694051187,34.91497156210244,93.21736879646778,95.77611736021937,499
517,True,10000,500,3904187.250323034,13057.229151017964,149.15625331923366,25.86788155851449,38.657978147068135,38.2929635542943,False,False,23.2208042871207,30.959341985483963,34.92000151891261,93.2366500608623,95.81154551357032,499
518,True,10000,500,3904187.25070486,13056.887675076723,148.78509705886245,25.867941038111947,38.65788925862606,38.29396502770037,False,False,23.222428979352117,30.9595485838751,34.94502604007721,93.24005609378219,95.82254541106524,499
519,True,10000,500,3904187.251082706,13056.30193138495,148.35143135860562,25.867636272597885,38.65834471545127,38.29568300638727,False,False,23.21284671779722,30.96332571779688,34.99800572171807,93.21451475843787,95.76488284394146,499
520,True,10000,500,3904187.251449872,13055.890446063131,147.97223499044776,25.86757156527592,38.65844141869037,38.296889979707956,False,False,23.217636509798467,30.95273223395149,34.99893820844591,93.17191801965237,95.7515922933817,499
521,True,10000,500,3904187.251812878,13055.696257855743,147.655728738755,25.86781669161721,38.65807508695013,38.29745960114115,False,False,23.21879647206515,30.959068642308313,34.99585797544569,93.23007483035326,95.7988879363984,499
522,True,10000,500,3904187.252917236,13054.917235858738,146.66596986353397,25.86823901001043,38.65744396489542,38.2997449134813,False,False,23.21795141324401,30.953755602240562,34.98201083857566,93.33343086764216,95.71275830268861,499
523,True,10000,500,3904187.253289172,13053.571881260723,145.97012707963586,25.86693738312843,38.65938921135073,38.30369224210452,False,False,23.221169016323984,30.963109030077856,35.0304776802659,93.05118396878242,95.5152476578951,499
524,True,10000,500,3904187.253648938,13054.025765974075,145.86321776732802,25.868061218851196,38.65770965746965,38.30236043376544,False,False,23.227004217915237,30.956878637274105,34.989198320545256,93.24669474735856,95.845092702657,499
525,True,10000,500,3904187.254014854,13053.696820046753,145.50812216475606,25.868113623010014,38.65763134388305,38.30332563202653,False,False,23.226921446621418,30.956795439124107,34.99093826394528,93.25993852689862,95.85480532608928,499
526,True,10000,500,3904187.254375,13052.917898166925,144.96067818254232,25.86764973944766,38.658324589690864,38.305611350716994,False,False,23.22064177133143,30.962425439308088,35.01833800692111,93.06511245667934,95.7701654545963,499
527,True,10000,500,3904187.254735196,13052.733220160007,144.7220011614263,25.867757953904974,38.65816286753375,38.30615332179989,False,False,23.211746709421277,30.96133206660549,34.996623056940734,93.23020670562983,95.78818247653545,499
528,True,10000,500,3904187.255156092,13052.080086898059,144.16618598625064,25.867562927678975,38.65845432736818,38.30807018276804,False,False,23.22883647866547,30.974265343199175,35.019500530324876,93.45635222271085,95.2018657140434,499
529,True,10000,500,3904187.261227075,13054.801878053695,139.33403976261616,25.882701078739636,38.63584395453271,38.300083346385,False,False,23.2285464880988,30.973808684696753,34.71843875013292,93.46768781542778,100.62622685916726,499
530,True,10000,500,3904187.26168911,13054.713348858058,139.05065273866057,25.883091575389575,38.63526105787263,38.30034307446029,False,False,23.22792401537299,30.970432019482057,34.688801504671574,93.43096418306231,100.73562546633188,499
531,True,10000,500,3904187.262083816,13053.805018309504,138.41798016801476,25.882539154592163,38.63608566482461,38.30300814963077,False,False,23.22893647942692,30.974722001701593,34.72236846573651,93.4405317530036,100.58052523061637,499
532,True,10000,500,3904187.262450442,13053.752258885652,138.1933717057109,25.88288354144277,38.635571589186924,38.30316295911403,False,False,23.228136473335326,30.971855390816927,34.704266232438385,93.43271879479289,100.6780715938658,499
533,True,10000,500,3904187.262820788,13053.541550878435,137.89560459554195,25.883058008582953,38.63531116255255,38.30378124213751,False,False,23.227879079058766,30.970278661698103,34.69034645240754,93.4314027428627,100.72329605929558,499
534,True,10000,500,3904187.263190164,13053.252893965691,137.5598288141191,25.88315243517349,38.63517021369724,38.30462828396912,False,False,23.227843921631575,30.96994198858738,34.688211511820555,93.42967374250293,100.74728875420992,499
535,True,10000,500,3904187.26355407,13052.518251817673,137.05979380756617,25.882682280581378,38.635872015098506,38.30678420467796,False,False,23.226536461152136,30.97288201873501,34.86831940244883,93.43544458970428,100.62687417492275,499
536,True,10000,500,3904187.263912076,13052.201996091753,136.71181770041585,25.882745848479633,38.63577712558425,38.307712380617154,False,False,23.2282190117985,30.972218606621027,34.867932088673115,93.43374595046043,100.6396554037929,499
537,True,10000,500,3904187.26632558,13049.957450013608,134.33840405195951,25.883004100123543,38.635391631191176,38.31430117034432,False,False,23.22780154645443,30.97108192741871,34.8664220655337,93.43352075666189,100.70007177069787,499
538,True,10000,500,3904187.266694926,13049.787181895226,134.06579662114382,25.883209188926017,38.63508549889727,38.314801079183944,False,False,23.227834259159863,30.969572408745687,34.84889981336892,93.42973092570901,100.75804579071705,499
539,True,10000,500,3904187.267060652,13048.759973142296,133.41972418129444,25.882445388699402,38.636225634097634,38.31781725076778,False,False,23.22890143841505,30.974308649698894,34.884711843915284,93.44147676602006,100.5527033656836,499
540,True,10000,500,3904187.267419808,13048.559445887804,133.12999671325088,25.882624146642392,38.63595879360341,38.31840611015286,False,False,23.22884905152023,30.97416864087184,34.87316705286503,93.46808781847358,100.60990503989164,499
541,True,10000,500,3904187.267777814,13048.158620018512,132.76117108762264,25.882560017897575,38.636054521210745,38.319583211756715,False,False,23.228581761941314,30.974185249457758,34.87338952254504,93.47067177295685,100.56848953478043,499
542,True,10000,500,3904187.2681383,13048.182929866016,132.53577379509807,25.883060433007852,38.6353075436447,38.31951181919352,False,False,23.227826575748622,30.970798960576456,34.868314513005316,93.43213699758053,100.71137349121277,499
543,True,10000,500,3904187.268547765,13047.695695888251,132.10689881816506,25.882943481102377,38.63548211702115,38.32094276674203,False,False,23.228141479194164,30.971571958313387,34.86671205610037,93.4329685755074,100.68922054022555,499
544,True,10000,500,3904187.268907362,13047.250759787858,131.72663189470768,25.882813883553403,38.635675568313125,38.32224958387554,False,False,23.22133642155677,30.970102331290644,34.869657014496624,93.30009985715151,100.31471963040535,499
545,True,10000,500,3904187.269529175,13047.977922018617,131.6321729682386,25.884460418938634,38.633217915886696,38.32011388954331,False,False,23.224646458402276,30.97539860755205,34.72288872580975,93.2941846549511,101.27124701626605,499
546,True,10000,500,3904187.26991948,13047.715014778078,131.27186801284552,25.884655604739944,38.63292659829255,38.320886027453156,False,False,23.223274271003902,30.971735405425232,34.721838776022196,93.29389967024326,101.30962142720824,499
547,True,10000,500,3904187.270287876,13047.30506008491,130.89409191161394,25.88459111858376,38.633022844315015,38.322090094270095,False,False,23.22366659063846,30.97359525660674,34.72214378416538,93.29414954409003,101.29642363637691,499
548,True,10000,500,3904187.270646193,13047.26848891005,130.65385399386287,25.88499926836911,38.63241368609879,38.32219751015251,False,False,23.22172897402197,30.97058863689502,34.709488740190864,93.32808991894126,101.36575566604739,499
549,True,10000,500,3904187.271016568,13046.737915836275,130.24473888799548,25.884755865627813,38.632776959194466,38.3237559630208,False,False,23.22163397911936,30.970375364025433,34.71079375594854,93.30062149092555,101.31877800449735,499
550,True,10000,500,3904187.271377885,13046.172741334885,129.79368306696415,25.884527170877597,38.633118287170774,38.325416190130866,False,False,23.22408405598253,30.97323530043165,34.72267871256918,93.29404393211007,101.28445998765534,499
551,True,10000,500,3904187.271734851,13045.941393822432,129.50409715995193,25.884643881087133,38.632944095887666,38.32609582599858,False,False,23.222501506097615,30.97572534655531,34.737785696052015,93.30032411962748,101.30671707913285,499
552,True,10000,500,3904187.272096437,13045.366779901087,129.02576196938753,25.884450937738876,38.63323206682454,38.327783989205024,False,False,23.22540176101029,30.975232056031626,34.76283326745033,93.34147972986102,101.24624345451599,499
553,True,10000,500,3904187.272527762,13045.266221743077,128.74236470088363,25.88481734878195,38.632685196330215,38.328079435177,False,False,23.221918963827193,30.970382348944742,34.7340835724026,93.29762579873204,101.32684359326964,499
554,True,10000,500,3904187.272881218,13044.52792974189,128.220000769943,25.88438462719829,38.633331037325085,38.3302487213804,False,False,23.226513992995024,30.975721931705873,34.76588078774512,93.35635947063565,101.24463316053158,499
555,True,10000,500,3904187.273239694,13044.635858852416,128.05113289505243,25.88493933057588,38.63250314126783,38.32993158338625,False,False,23.22163654025644,30.97026872759064,34.730885992757976,93.30024383962154,101.35351889766758,499
556,True,10000,500,3904187.27359313,13044.122323859483,127.65646679326892,25.88470111636516,38.63285867217401,38.33144059722835,False,False,23.222289280965924,30.970731905351084,34.73299345932901,93.30066991969943,101.31724184378987,499
557,True,10000,500,3904187.273942996,13044.049385003746,127.41689011454582,25.885035059898193,38.63236026862592,38.331654936451805,False,False,23.221729206852615,30.970662056157988,34.71768123563379,93.32974487915635,101.40191600658005,499
558,True,10000,500,3904187.274297443,13043.536909855902,126.98293384164572,25.8848777074434,38.63259511218174,38.33316097125405,False,False,23.221789044328034,30.97031529371937,34.72944593522698,93.29837961122394,101.34025078266865,499
559,True,10000,500,3904187.274698498,13043.33829274401,126.67165789753199,25.88510347664625,38.632258159686636,38.33374468851653,False,False,23.221921757794917,30.97063535824418,34.717376227490604,93.32365589216352,101.4176100492478,499
560,True,10000,500,3904187.275061924,13042.890707962215,126.27371214330196,25.8850039996371,38.63240662485583,38.335060163830704,False,False,23.213941720314324,30.96761864920457,34.721678821370006,93.34031529724598,100.62121202237908,499
561,True,10000,500,3904187.345188669,13057.800085283816,117.02881287783384,25.933409363539045,38.56029826166803,38.29128924737496,False,False,23.22269673459232,30.96921571219961,34.9776583413283,93.37900895625353,100.849756076932,499
562,True,10000,500,3904187.346711373,13056.842625141144,115.54255895316601,25.93446907051699,38.55872265134694,38.294097153108254,False,False,23.22316903155297,30.96909572680791,34.978295055528484,93.36151704192162,100.84977036342029,499
563,True,10000,500,3904187.347256647,13056.97988299653,115.13843294233084,25.935554008124647,38.5571096606125,38.293694597104015,False,False,23.22222152724862,30.967528621355694,34.976308389256396,93.34016367793083,100.8464775513858,499
564,True,10000,500,3904187.347679202,13056.09527323395,114.64762920513749,25.93476481769301,38.55828294682618,38.29628916886356,False,False,23.22675648611039,30.96820538242658,34.97988839323322,93.36124947294593,100.85279431194071,499
565,True,10000,500,3904187.348072708,13056.336099747568,114.36468176543713,25.93581446489405,38.55672245626103,38.2955827867871,False,False,23.220804170705378,30.967365329464275,34.983951753626265,93.3393887244165,100.86054220795636,499
566,True,10000,500,3904187.348441154,13055.269641801715,113.83619764819741,25.934736361029092,38.5583252545668,38.298711073653216,False,False,23.22666405234486,30.9683820232749,34.97948497533798,93.36163895204663,100.85191867314283,499
567,True,10000,500,3904187.3488096,13055.368441157043,113.57717029750347,25.93545344861631,38.55725915805614,38.29842123978288,False,False,23.222398944199085,30.967675615102053,34.98229462032517,93.34128173068166,100.85708037950103,499
568,True,10000,500,3904187.349177586,13054.65776892379,113.15826512873173,25.934868745080276,38.558128434318576,38.30050613737532,False,False,23.226613993756473,30.968182099362213,34.980318353821836,93.3609751984477,100.85365490987901,499
569,True,10000,500,3904187.349541672,13054.350401740521,112.80325893312693,25.934964214042875,38.55798649834014,38.301407930136115,False,False,23.226606543175876,30.968225405861933,34.98080465942621,93.3608059771359,100.8675549179316,499
570,True,10000,500,3904187.350322883,13053.803608752787,112.05603694543242,25.93536587536544,38.55738935034051,38.303012285610144,False,False,23.222569026984274,30.967952373127144,34.981688329329096,93.33982709795237,100.85598311387007,499
571,True,10000,500,3904187.350696789,13053.599870763719,111.72301089391112,25.935624969678972,38.55700416585635,38.30361011140345,False,False,23.220914066769183,30.967681979139645,34.97666493058205,93.34011916071177,100.8470002189279,499
572,True,10000,500,3904187.351062775,13052.883147727698,111.29100574180484,25.9350543927573,38.557852428459256,38.3057133310078,False,False,23.226661840453744,30.968221991012495,34.98094823832313,93.36249576881528,100.85566258989279,499
573,True,10000,500,3904187.351421841,13052.652691025287,110.94884993508458,25.93527823865772,38.557519637844266,38.30638965394282,False,False,23.22232141159475,30.967609025537968,34.96308531612158,93.34054365754128,100.82201198674743,499
574,True,10000,500,3904187.351780517,13051.86625989154,110.48597516492009,25.93462982911146,38.558483640954314,38.30869777883818,False,False,23.225786513648927,30.968792270869017,34.97878493120273,93.36152914911509,100.85059748031203,499
575,True,10000,500,3904187.352161153,13051.85924982652,110.20144773647189,25.935185976132363,38.55765680339752,38.30871835417975,False,False,23.223099182359874,30.967785355945427,34.98128491143385,93.36279891431332,100.85535768419508,499
576,True,10000,500,3904187.352571929,13051.782059948891,109.85665116459131,25.935722262092785,38.556859527354796,38.30894491674939,False,False,23.227106546983123,30.97086523969968,34.81090363735954,93.285823892802,100.53811832331125,499
577,True,10000,500,3904187.356629714,13048.582416027784,105.9254240244627,25.9371883607281,38.554680102262566,38.3183386561472,False,False,23.221741430461407,30.973865340153377,34.93732865899801,93.2854718528688,100.7738232519478,499
578,True,10000,500,3904187.35705507,13047.991741914302,105.41757894679904,25.93702237067636,38.554926841971294,38.32007330245626,False,False,23.22138426825404,30.974298560371,34.92986240113775,93.28474272042513,100.75974968262021,499
579,True,10000,500,3904187.357875021,13047.773183789104,104.74370699375868,25.937934823237164,38.553570545027526,38.3207151869572,False,False,23.22708407882601,30.966931954026222,34.939625300467014,93.28157408162951,100.78041678294544,499
580,True,10000,500,3904187.358275926,13046.829964965582,104.26195291802287,25.937010044183488,38.554945165094516,38.32348557792514,False,False,23.221676470711827,30.974075353393953,34.92987543965379,93.28495003283024,100.75993372127418,499
581,True,10000,500,3904187.358642422,13046.791664790362,103.94495585933328,25.937568554972,38.554114965734094,38.323598080389374,False,False,23.222443996928632,30.965561978518963,34.93869196002682,93.27255981042981,100.77838809229438,499
582,True,10000,500,3904187.359010558,13046.53530800715,103.59267005696893,25.937760797495354,38.55382921476258,38.324351116662456,False,False,23.225281503982842,30.964992009103298,34.93943903595209,93.27622819691896,100.77992965467278,499
583,True,10000,500,3904187.359367934,13046.227422077209,103.24258403852582,25.93784536681099,38.5537035115322,38.32525555655157,False,False,23.226698976941407,30.966858689983685,34.93973861138026,93.28145803883672,100.78036158345644,499
584,True,10000,500,3904187.35972263,13045.65600771457,102.85693779587746,25.937473086009405,38.55425687321087,38.32693424572319,False,False,23.22259673383087,30.965715646743774,34.938608606656395,93.28498058021069,100.77809255570178,499
585,True,10000,500,3904187.360085156,13045.616648159921,102.54111234098673,25.938027125889647,38.553433348902054,38.32704988081378,False,False,23.22703425306827,30.967005373289187,34.93996523320675,93.28200202435255,100.78133041039113,499
586,True,10000,500,3904187.360740459,13044.526440091431,101.82300908491015,25.937281424862768,38.55454176633282,38.330253098593545,False,False,23.222316754981875,30.973665416240692,34.93753898267945,93.28476777300239,100.77597388066356,499
587,True,10000,500,3904187.361114225,13044.691278133541,101.55007196590304,25.938158729794868,38.5532377381634,38.32976874187405,False,False,23.22727651335299,30.97091894596815,34.929718977461256,93.27224791049957,100.75893967412416,499
588,True,10000,500,3904187.361468471,13044.021765701473,101.12723708152771,25.937664386011914,38.55397252110704,38.331736099576446,False,False,23.222261457704008,30.96541203558445,34.9389153222243,93.27409025281668,100.77885716222231,499
589,True,10000,500,3904187.361824838,13043.143963906914,100.63936095684767,25.93688297184382,38.55513405699387,38.33431582014304,False,False,23.2164291664958,30.974265653640032,34.929618860284485,93.28960999846458,100.76070292852823,499
590,True,10000,500,3904187.362180534,13043.145365081728,100.39146430790424,25.93738256668101,38.5543914243912,38.3343117020353,False,False,23.2223616912961,30.973808684696753,34.93803863724073,93.28479990363121,100.77723431400959,499
591,True,10000,500,3904187.36253372,13043.22015400976,100.09959759190679,25.938117347530767,38.553299246878346,38.33409189572634,False,False,23.227144265547395,30.971022012333076,34.940042067319155,93.28570384532213,100.78147314488892,499
592,True,10000,500,3904187.362928046,13042.22812410444,99.61840324103832,25.937093628984773,38.554820918042154,38.33700769854715,False,False,23.226391524076462,30.96856192375223,34.82932007561127,93.29281207174063,100.57262328453366,499
593,True,10000,500,3904187.363754637,13044.102394022048,98.93505973741412,25.942219106782833,38.54720353273636,38.331499163111744,False,False,23.226113989949226,30.968282371759415,34.94372529288133,93.3118388056755,100.78526888042693,499
594,True,10000,500,3904187.364147672,13043.407982215285,98.52599492296576,25.941647269122885,38.54805323755414,38.333539875602376,False,False,23.226294084452093,30.96865552167098,34.93832858900229,93.2934707030654,100.77559570781891,499
595,True,10000,500,3904187.364524018,13043.160814791918,98.15703891217709,25.941891334428338,38.54769057153775,38.334266294789735,False,False,23.226478951983154,30.96820864205559,34.933878729740776,93.31086371093988,100.76717882417147,499
596,True,10000,500,3904187.364884844,13043.14306518063,97.82986296340823,25.94251142728902,38.54676918241988,38.334318461535304,False,False,23.226249031722546,30.96826545273264,34.94510209808747,93.31215787678957,100.78700886107985,499
597,True,10000,500,3904187.36524424,13042.863757815212,97.47924702242017,25.942654330246075,38.54655685074283,38.335139374617995,False,False,23.2261442579329,30.968785285949707,34.94596869374315,93.31231778487563,100.78939223662023,499
598,True,10000,500,3904187.365617116,13042.325383983552,97.08024095743895,25.942375036124474,38.54697184076288,38.336721809901945,False,False,23.22610910050571,30.968221991012495,34.944311870882906,93.31150809302926,100.78557372093205,499
599,True,10000,500,3904187.530647705,13056.804616004229,119.89616230130196,25.92566824389364,38.5718119429972,38.294208629508844,False,False,23.22596393059939,30.9682486889263,34.93602201342583,93.31191796809435,102.15846503153446,499
600,True,10000,500,3904187.531942331,13055.461360607296,118.56706673279405,25.925639867483973,38.57185416103089,38.29814865897176,False,False,23.22571142576635,30.9681153545777,34.93434237316251,93.31165608018637,102.14834937825802,499
601,True,10000,500,3904187.532561245,13055.115754250437,118.02108213305473,25.92604142708894,38.57125673474955,38.299162520808125,False,False,23.22606649249792,30.968601970622938,34.94559864824017,93.31187419593334,102.20740719698372,499
602,True,10000,500,3904187.53301442,13054.617818910629,117.5598269328475,25.925967919795152,38.57136609493657,38.30062334538137,False,False,23.226061486639082,30.968358740210533,34.94466204817096,93.31186758354306,102.19843719154599,499
603,True,10000,500,3904187.533424835,13053.932996932417,117.07543302327394,25.925566260338964,38.57196367316397,38.302632633206905,False,False,23.225434008054435,30.968058699121077,34.933948734154306,93.31108592450619,102.14165501296523,499
604,True,10000,500,3904187.533816841,13052.767400164157,116.58087791875005,25.924221487465747,38.57396452516408,38.30605301322628,False,False,23.223286494612694,30.968771936992805,34.937542087088026,93.30781772732735,101.99106982909146,499
605,True,10000,500,3904187.534192157,13053.025137167424,116.28467123955488,25.925331595045833,38.5723128104982,38.30529664547192,False,False,23.223584052175283,30.968495334188145,34.93301570415497,93.29318208619952,102.1217482723296,499
606,True,10000,500,3904187.534560023,13052.706140093505,115.92492507770658,25.925413256544687,38.57219131299892,38.3062327944524,False,False,23.223691736347973,30.968371933947008,34.93351194386681,93.31126026809216,102.12889536283913,499
607,True,10000,500,3904187.535533832,13052.053538151085,115.0333252735436,25.925892210175434,38.57147873227362,38.30814810393649,False,False,23.226021439768374,30.96830891445279,34.94391543790698,93.31165570765734,102.19057367183271,499
608,True,10000,500,3904187.535905058,13051.594083197415,114.64724875986576,25.925745159193486,38.57169750993219,38.30949666475596,False,False,23.225149256177247,30.96371190622449,34.83639641975363,93.32652995362878,101.97927615605298,499
609,True,10000,500,3904187.536272464,13051.448463927954,114.31716335937381,25.92611483079876,38.57114752928798,38.309924096311406,False,False,23.224778939038515,30.973251909017563,34.94424202168981,93.33717161789536,102.20902930945161,499
610,True,10000,500,3904187.53663083,13050.536984112114,113.83721837773919,25.925250031531814,38.572434162977835,38.31259975039389,False,False,23.225071490742266,30.975732021033764,34.94713533048829,93.32504402846098,102.17529790475967,499
611,True,10000,500,3904187.536989186,13050.323106814176,113.50332200527191,25.925490550719246,38.57207631399118,38.31322764253453,False,False,23.225036449730396,30.976195354014635,34.94747200359901,93.32570508122444,102.16072824783626,499
612,True,10000,500,3904187.537350732,13049.693724140525,113.07065701112151,25.92509632691263,38.572662851088744,38.31507547759944,False,False,23.225519224070013,30.97415870676438,34.946285343418516,93.3240557089448,102.15052250772717,499
613,True,10000,500,3904187.537759038,13049.785361625254,112.80051898211241,25.925821327942167,38.57158418824041,38.314806423584635,False,False,23.225331562571228,30.97241868575414,34.94849195703864,93.32801513373852,102.19360634684566,499
614,True,10000,500,3904187.538128644,13048.987620975822,112.30178363621235,25.925222118917056,38.5724756923229,38.317148772236266,False,False,23.225126671604812,30.975688714534044,34.94682861492038,93.32479611039162,102.16620809398594,499
615,True,10000,500,3904187.540492298,13047.791983932257,110.12378800660372,25.927190773398102,38.56954687995057,38.320659971873134,False,False,23.225446697324514,30.976141958187025,34.94650855039557,93.3240382000804,102.36375787295404,499
616,True,10000,500,3904187.540894904,13047.728104051203,109.81997102499008,25.927671609270966,38.56883159698882,38.32084758455033,False,False,23.2250418048352,30.972665331015985,34.94311558703581,93.33008769899607,102.40891695953908,499
617,True,10000,500,3904187.541274589,13047.47770819813,109.49589591473341,25.927819263092978,38.56861195509229,38.32158300495387,False,False,23.225151700899005,30.972845386713743,34.94357534994682,93.3369149453938,102.42737010121348,499
618,True,10000,500,3904187.541638715,13046.894003637135,109.06207980588078,25.927518885433376,38.56905878340025,38.32329747299342,False,False,23.225299082696438,30.976238660514355,34.94779191290339,93.32632729783654,102.40320967510345,499
619,True,10000,500,3904187.541996672,13046.928173396736,108.80564199760556,25.92810126532892,38.5681924706612,38.323197104704086,False,False,23.22483400348574,30.9733753092587,34.94424202168981,93.3368875645101,102.45387203060093,499
620,True,10000,500,3904187.542359368,13046.524967066944,108.43434603884816,25.928037316689572,38.56828759484667,38.324381493320175,False,False,23.224873933941126,30.973088772346575,34.944298677146435,93.33721585571766,102.4487562850118,499
621,True,10000,500,3904187.542715714,13045.862695202231,107.9917810857296,25.92759702227756,38.56894254954588,38.32632702656612,False,False,23.225603974424303,30.97237196440498,34.94821535423398,93.32695482298732,102.41131226532164,499
622,True,10000,500,3904187.543224168,13045.616668183357,107.560477219522,25.927968318564798,38.56839023071413,38.32704982198642,False,False,23.225046461448073,30.97292548045516,34.94386530170838,93.33728970959783,102.44090152904394,499
623,True,10000,500,3904187.543586224,13044.856766238809,107.09883226081729,25.927370609174332,38.569279356316706,38.32928248733572,False,False,23.225001525133848,30.976025387644768,34.9474820929269,93.3249550871551,102.38967544399205,499
624,True,10000,500,3904187.54394283,13045.025505125523,106.86687380075455,25.928173609869276,38.56808485806192,38.32878669371286,False,False,23.222406744025648,30.975675365577143,34.781580325216055,93.33831295371056,102.15772815048697,499
625,True,10000,500,3904187.544305346,13044.040575157851,106.33458010852337,25.927266523144944,38.56943419420295,38.3316808253603,False,False,23.222051560878754,30.971495279421408,34.89725602169832,93.35002908483148,102.28344880975786,499
626,True,10000,500,3904187.544660072,13044.049055315554,106.10185330733657,25.927749903824086,38.568715129904504,38.33165590528395,False,False,23.221951792947948,30.97479868059357,34.894702645639576,93.34057094529271,102.33066039159897,499
627,True,10000,500,3904187.545018449,13043.647589161992,105.70435598492622,25.92774195025464,38.56872696120685,38.332835702756306,False,False,23.2219067402184,30.974905317028362,34.89678601423899,93.34064526483417,102.32802612707022,499
628,True,10000,500,3904187.545371195,13043.426031246781,105.40620004758239,25.92789545330501,38.5684986196028,38.33348683100605,False,False,23.222051560878754,30.975238575289648,34.89461230734984,93.33933405578136,102.34294849447909,499
629,True,10000,500,3904187.54577083,13042.718939948827,104.92260614410043,25.927447562734923,38.56916488136236,38.335565023067325,False,False,23.22161418851465,30.971901956945658,34.897109027951956,93.34974801167846,102.30315196327868,499
630,True,10000,500,3904187.546127437,13042.267863638699,104.5213988982141,25.92734762473043,38.56931354776006,38.336890886436954,False,False,23.221726762130857,30.97177871192495,34.89681892096996,93.35003299638629,102.28848068043592,499
631,True,10000,500,3904187.54763669,13050.920669920743,103.24859293177724,25.947238631240413,38.5397465299449,38.31147339301362,False,False,23.221781477332115,30.97443872441848,35.971070639789104,93.3420835994184,106.68962188996376,499
632,True,10000,500,3904187.548044936,13050.35925609991,102.81770816072822,25.94697704997832,38.54013506366575,38.31312151550873,False,False,23.221843992359936,30.974722001701593,35.946911200881004,93.34111688658595,106.64495854638518,499
633,True,10000,500,3904187.548417242,13050.183137413114,102.4753013625741,25.947310292686453,38.539640090628644,38.313638570064775,False,False,23.222109070047736,30.975311994552612,35.97615767891208,93.33875002339482,106.69593351893128,499
634,True,10000,500,3904187.548779218,13049.554443918169,102.0756559446454,25.946851278504052,38.54032187822577,38.31548442123465,False,False,23.22173654101789,30.974191923936207,35.93767760321498,93.34308188408613,106.62742342799903,499
635,True,10000,500,3904187.549152563,13049.307638313621,101.71754099428654,25.94707434332532,38.53999055031197,38.31620909388076,False,False,23.22189905680716,30.974811874330044,35.95684437702099,93.3409072458744,106.66334684006871,499
636,True,10000,500,3904187.549508,13049.133779015392,101.40149341896176,25.947359289772404,38.539567315205254,38.316719597438826,False,False,23.222184041514993,30.975415371358395,35.98151061063012,93.33878988400102,106.70610266737641,499
637,True,10000,500,3904187.549864766,13048.393006902188,100.98206764087081,25.946715309140917,38.540523842249286,38.31889488119462,False,False,23.22170918341726,30.974298560371,35.92187476654848,93.34291173145175,106.59758158028127,499
638,True,10000,500,3904187.551386789,13047.294590156525,99.53065402805805,25.94742271769232,38.53947310605717,38.322120846203845,False,False,23.2223590137437,30.975465352336567,35.98528075963259,93.33845153450966,106.7132329940796,499
639,True,10000,500,3904187.551759885,13046.75486497581,99.11765763536096,25.94716875218527,38.53985032242795,38.32370617633484,False,False,23.22204678785056,30.975061779220898,35.966180730611086,93.33991361781955,106.67680254206063,499
640,True,10000,500,3904200.212278355,12879.999855067581,107.53519693389535,25.596121559386145,39.068418927448725,38.81987621321883,False,False,23.258153698407114,30.938355562587578,31.215219292789698,93.39517913758755,102.82303705811482,499
641,True,10000,500,3904200.308167039,12880.10640302673,154.23177694901824,25.50275476167878,39.211450266644555,38.819555083994004,False,False,23.24997866526246,30.938042638202507,32.06369699910283,93.41207724064589,95.36852840334174,499
642,True,10000,500,3904200.309048379,12880.123564042151,153.50187523290515,25.504251881381254,39.20914852358501,38.81950336220887,False,False,23.25552620459348,30.93896557887395,32.24554502715667,93.39490132406354,95.73306981474157,499
643,True,10000,500,3904200.309524564,12879.983774852008,153.1133889220655,25.504750272404692,39.20838233346544,38.819924678495575,False,False,23.246706230565906,30.945032369345427,32.25221469377478,93.38381690904498,95.73707792907949,499
644,True,10000,500,3904200.309919179,12879.339472856373,152.6529248803854,25.504381859671316,39.20894870152667,38.821866684527286,False,False,23.249261314049363,30.939332364747923,32.258411248524986,93.39417833834887,95.74817584827538,499
645,True,10000,500,3904200.310321145,12878.978845663369,152.26173866540194,25.504443100196326,39.20885455414246,38.82295374437709,False,False,23.24643381871283,30.944198990861576,32.26366095865766,93.39364301413298,95.75820852071043,499
646,True,10000,500,3904200.310703961,12878.423211630434,151.83373261243105,25.50418733270141,39.20924775822213,38.824628744026114,False,False,23.25249370187521,30.94719226161639,32.29465071732799,93.41532289981842,95.81596994772549,499
647,True,10000,500,3904200.311088587,12878.46225174144,151.5589258633554,25.504816284324818,39.20828085378513,38.82451105001993,False,False,23.24618655256927,30.945292363564175,32.25861800213655,93.39013444259763,95.74914144352074,499
648,True,10000,500,3904200.311454043,12877.928997389972,151.14994021132588,25.504567248855,39.20866369708327,38.826118710651166,False,False,23.242039023898542,30.944575710843008,32.27632430692514,93.38540639728308,95.78263010829683,499
649,True,10000,500,3904200.311817759,12877.81345890835,150.86152404546738,25.504913697120006,39.20813110271058,38.82646705478718,False,False,23.243548697791994,30.94176234056552,32.27048801879088,93.39820919558406,95.76904129236932,499
650,True,10000,500,3904200.312864957,12876.560973003507,149.7488860040903,25.504633440880596,39.20856193906832,38.830243653432035,False,False,23.247678764164448,30.944742417583864,32.240861716369785,93.37952481582761,95.71449516341086,499
651,True,10000,500,3904200.313234953,12876.106417737901,149.3589705787599,25.504503902122526,39.20876108148014,38.83161444761039,False,False,23.2435337966308,30.944515640536945,32.26977136606971,93.39249115437269,95.76998727396126,499
652,True,10000,500,3904200.313602389,12875.613952986896,148.95918499678373,25.504318172324876,39.20904661098195,38.83309967397784,False,False,23.251011269167066,30.938939036180575,32.25230472162366,93.39401498436928,95.73645131662484,499
653,True,10000,500,3904200.313963205,12875.03380002454,148.48173968493938,25.50411234536994,39.20936304146816,38.83484950533077,False,False,23.249041521921754,30.946985663225252,32.29678422212601,93.4217318892479,95.81973150372501,499
654,True,10000,500,3904200.314336231,12875.254266895354,148.32280203700066,25.504872675066842,39.20819416509317,38.83418452446349,False,False,23.243126226589084,30.94189567491412,32.26459802438816,93.38956698775291,95.7604935020208,499
655,True,10000,500,3904200.314692387,12874.773752875626,147.93388592079282,25.504689112133935,39.208476355206656,38.83563389906741,False,False,23.247366189025342,30.944555687407654,32.246128345529236,93.38482273742557,95.72518661618228,499
656,True,10000,500,3904200.315107833,12873.972061090171,147.35017204657197,25.504252282652505,39.20914790668772,38.83805228311641,False,False,23.24878377839923,30.953342250237863,32.04586046437422,93.43483839184046,95.39686070755121,499
657,True,10000,500,3904200.321151537,12869.236141908914,141.72782329842448,25.506028694610198,39.206417117036914,38.85234480792069,False,False,23.251453996635973,30.95305555810531,32.42726965496937,93.46672743558884,96.12287690863009,499
658,True,10000,500,3904200.321605362,12869.019655045122,141.34920807555318,25.50635360114142,39.205917695552124,38.85299839479085,False,False,23.247431498020887,30.953398905694485,32.46925895412763,93.43832433223724,96.19881272315975,499
659,True,10000,500,3904200.321990178,12868.553780019283,140.93018183484674,25.506259715800475,39.20606200761477,38.8544049741113,False,False,23.247396224178374,30.95324896275997,32.45483276744684,93.4413805603981,96.17255110293623,499
660,True,10000,500,3904200.322356154,12867.869636975229,140.44564682990313,25.50585969969003,39.20667688814084,38.856470737259656,False,False,23.249908699654043,30.958952226986487,32.40783636768659,93.43016659840941,96.08806682750578,499
661,True,10000,500,3904200.32271488,12867.630240041763,140.15408093109727,25.505964246714758,39.2065161829278,38.85719364581129,False,False,23.251173668541014,30.953332005689543,32.41996963818868,93.46795454621315,96.10924979671832,499
662,True,10000,500,3904200.323078516,12867.506180889904,139.8518239147961,25.506321356663545,39.205967258730126,38.8575682786593,False,False,23.247323697432876,30.953452301522095,32.46198237563173,93.4402265585959,96.18566999211903,499
663,True,10000,500,3904200.323431782,12866.873817984015,139.39038896933198,25.505978815660686,39.206493788272084,38.85947799543589,False,False,23.250748752616346,30.958338951071102,32.41278293232123,93.46301257610321,96.09578978270288,499
664,True,10000,500,3904200.323782268,12866.310695186257,138.94772389903665,25.50573741740926,39.20686485690226,38.8611787672023,False,False,23.248016252182424,30.95698868855834,32.39132665718595,93.43474060297012,96.06213543564077,499
665,True,10000,500,3904200.32450002,12865.764351096004,138.3122610859573,25.50591601204418,39.20659032703584,38.862829005367736,False,False,23.250374011695385,30.953439107785623,32.4071830449005,93.44969438388944,96.08602454885836,499
666,True,10000,500,3904200.324853017,12865.2916951105,137.90016481652856,25.50579464988772,39.206776880578474,38.864256780903524,False,False,23.249161546118557,30.953318967173498,32.39309306566914,93.43847595155239,96.06251046061512,499
667,True,10000,500,3904200.325219553,12864.966928958893,137.57108803838491,25.50580328841785,39.20676360168192,38.865237879042326,False,False,23.249438730999827,30.953382297108572,32.40097671126326,93.44177842140198,96.07562718912955,499
668,True,10000,500,3904200.325570769,12864.898039959371,137.3287606984377,25.50615086024235,39.20622933187256,38.86544599474953,False,False,23.25087133795023,30.953175698717434,32.44147604952256,93.44467213377357,96.1482851952314,499
669,True,10000,500,3904200.325918985,12864.508953876793,136.970735155046,25.50608861467284,39.20632501153987,38.866621477170504,False,False,23.251213715411723,30.952978723992903,32.43453257406751,93.46481775864959,96.13585326820608,499
670,True,10000,500,3904200.326267591,12864.239716902375,136.64223859086633,25.50620737136575,39.20614246721127,38.86743492062325,False,False,23.247556295245886,30.95324228828152,32.44781602794925,93.44274206086993,96.15971632301803,499
671,True,10000,500,3904200.326682627,12863.981438800693,136.28212176263332,25.506411456990097,39.205828765298435,38.86821528612334,False,False,23.247436503879726,30.953208915889263,32.476149033755064,93.43703268095851,96.21134715154763,499
672,True,10000,500,3904200.327044233,12863.658822607249,135.93015586957335,25.506470274023396,39.205738358020945,38.86919008775906,False,False,23.24818877968937,30.955105709532898,32.34110369036595,93.38460862636566,95.91175856068726,499
673,True,10000,500,3904200.327671656,12871.740755159408,135.55417116731405,25.52342000800019,39.179702394371716,38.84478482831344,False,False,23.252503713592887,30.955645255744457,33.93223229795694,93.39803541079164,101.53556784614905,499
674,True,10000,500,3904200.328058612,12871.14955112338,135.12042490765452,25.523104461354162,39.18018677994878,38.84656906626965,False,False,23.25157867744565,30.95630540822943,33.940369728952646,93.422238714993,101.47022174671277,499
675,True,10000,500,3904200.328429848,12870.65049726516,134.6802501939237,25.522986467076624,39.18036791227194,38.84807532503841,False,False,23.25060125440359,30.9595523091654,33.950269455090165,93.41192683205009,101.42894590273484,499
676,True,10000,500,3904200.328784004,12870.749756228179,134.4863623380661,25.52357393565153,39.17946610929718,38.84777572946356,False,False,23.248243727721274,30.955038964748383,34.032553783617914,93.38549068197608,101.57535513862952,499
677,True,10000,500,3904200.32913882,12869.898105040193,133.96103773266077,25.522919974564193,39.180469985275465,38.85034643780022,False,False,23.250228841789067,30.959495653708775,33.95479451864958,93.42054817825556,101.41356280073508,499
678,True,10000,500,3904200.329488976,12869.801865890622,133.70921090245247,25.523231773523385,39.17999134566311,38.850636956981525,False,False,23.252063780091703,30.958168984701235,33.93741720356047,93.41904642060399,101.4975955523549,499
679,True,10000,500,3904200.329841292,12869.282331783324,133.27880622819066,25.523053157425117,39.18026553610346,38.85220536075642,False,False,23.250158759765327,30.959488979230326,34.08365300856531,93.40844508260489,101.44314566627129,499
680,True,10000,500,3904200.330196468,12868.969765957445,132.97192892059684,25.523041757588874,39.180283035922464,38.853149016066574,False,False,23.25011871289462,30.959518626332283,34.06972822267562,93.42832043766975,101.45696077495798,499
681,True,10000,500,3904200.330624584,12868.249282706529,132.4064447544515,25.522731138180514,39.18075987189547,38.855324373607175,False,False,23.25008122716099,30.956052243709564,34.09853554330766,93.43773620203137,101.33586006239041,499
682,True,10000,500,3904200.33097519,12868.356462102383,132.2315069846809,25.52329650324189,39.17989198115467,38.85500075106809,False,False,23.252406273968518,30.95840895548463,34.06710328999907,93.39973721653223,101.51026265695675,499
683,True,10000,500,3904200.331328076,12867.922617122531,131.86034094542265,25.523170894142503,39.18008480010206,38.856310756382825,False,False,23.25194131117314,30.958098980287712,34.06830574385822,93.42007888481021,101.48395184427484,499
684,True,10000,500,3904200.331681072,12867.69103910774,131.53573544695973,25.52335732196549,39.179798620747924,38.85701004790915,False,False,23.252761224284768,30.955635321636993,34.06291571445763,93.39867932721972,101.52273636311277,499
685,True,10000,500,3904200.332034128,12866.95183813572,131.0547604225576,25.522839835096516,39.18059300849813,38.85924236679544,False,False,23.249708814546466,30.959095650662977,34.08780298195779,93.42305660247803,101.39475611969813,499
686,True,10000,500,3904200.332379305,12867.115235421807,130.88236097246408,25.523512774447582,39.17955999383958,38.858748899951784,False,False,23.24846130795777,30.95493900279204,34.057146054692566,93.3872165158391,101.56175041571244,499
687,True,10000,500,3904200.33277961,12866.674070712179,130.4720058105886,25.523451031866916,39.17965477127154,38.86008126514428,False,False,23.248573765158653,30.954929068684578,34.057836048305035,93.39810106903315,101.54963934794053,499
688,True,10000,500,3904200.333131286,12865.806340239942,129.9217320047319,25.522814846162746,39.18063136951942,38.862702171737745,False,False,23.25239882338792,30.956825241446495,34.094927832484245,93.44534194096923,100.48913562670336,499
689,True,10000,500,3904200.406362207,12879.165793769062,115.92866480350494,25.577629516965043,39.09666450273367,38.8223902080599,False,False,23.25416903477162,30.950555733094614,31.277268659323454,93.42995639890432,105.13233214616751,499
690,True,10000,500,3904200.408258236,12877.563241869211,114.11426495760679,25.578054061947103,39.096015575622566,38.827221471088166,False,False,23.259401321411133,30.955745683362085,31.276369001716375,93.40990511700511,105.14816928654885,499
691,True,10000,500,3904200.408757621,12877.360334154218,113.65470988675952,25.57856838530553,39.095229448982124,38.827833269048604,False,False,23.257858701981604,30.95588864137729,31.27462867026528,93.40925309807062,105.14537757262563,499
692,True,10000,500,3904200.409169137,12877.048877067864,113.27299289405346,25.578709186721063,39.09501424407844,38.82877239756593,False,False,23.258708766661584,30.956155620515347,31.274388699481882,93.40831870213151,105.14368105679726,499
693,True,10000,500,3904200.409548572,12875.298446975648,112.69308114424348,25.57636345857997,39.09859983103013,38.83405126950264,False,False,23.257928784005344,30.95012561728557,31.278282093505062,93.42963239178061,105.12427370995259,499
694,True,10000,500,3904200.409927128,12875.452135223895,112.34584404155612,25.57736731699868,39.09706529238455,38.833587725601475,False,False,23.25337624642998,30.950469120095175,31.27799198652307,93.42954298481345,105.12910518795228,499
695,True,10000,500,3904200.410287324,12875.300846993923,112.05304833129048,25.577650899123512,39.096631819080294,38.83404403064788,False,False,23.25454622041434,30.945568966368835,31.277195240060486,93.43429654836655,105.13293635100102,499
696,True,10000,500,3904200.410640261,12875.237275846303,111.73996981233358,25.57815091389573,39.09586753813132,38.834235772725556,False,False,23.25867349281907,30.955695547163486,31.27602208405733,93.4093788266182,105.14832627028203,499
697,True,10000,500,3904200.41159914,12874.164528679103,110.76513072475791,25.57795470531933,39.096167442662434,38.8374716577667,False,False,23.259056033566594,30.95004567876458,31.27673858155807,93.41104058548808,105.14713516458845,499
698,True,10000,500,3904200.411969366,12874.19904815033,110.46409513801336,25.578627160345327,39.09513961524507,38.83736752321196,False,False,23.25737872160971,30.95608903095126,31.27447903777162,93.40969678014517,105.1442212797699,499
699,True,10000,500,3904200.412349452,12873.300787992775,109.99894002452493,25.577759214365233,39.09646625488484,38.84007747774848,False,False,23.25853379443288,30.94577897960941,31.276958528906107,93.43330776318908,105.13259882107353,499
700,True,10000,500,3904200.412704618,12872.764393687248,109.57863368093967,25.577526573158938,39.0968218580369,38.841695902179175,False,False,23.253821185790002,30.950688912222784,31.277595398326717,93.42964282259345,105.13131728395796,499
701,True,10000,500,3904200.413062254,12872.872842941433,109.32577680796385,25.578250633534008,39.0957151185689,38.84136867507119,False,False,23.260171175934374,30.955748942991097,31.275601902355753,93.4091285802424,105.14872495084977,499
702,True,10000,500,3904200.41341646,12872.58116574958,108.9797206223011,25.578359609473505,39.0955485522859,38.84224877372406,False,False,23.259086185134947,30.955731868743896,31.27522192274531,93.40854650363326,105.14843413606262,499
703,True,10000,500,3904200.413770286,12872.290689032525,108.63418504595757,25.57846994786887,39.095379904978145,38.843125289736584,False,False,23.258468718267977,30.955778590093058,31.27487857515613,93.40846072882414,105.14932211488461,499
704,True,10000,500,3904200.414191042,12871.519296895713,108.16515889018774,25.57786400401909,39.09630608102648,38.8454531642265,False,False,23.261368391104043,30.95127223059535,31.27209531764189,93.41224655508995,104.92111779749371,499
705,True,10000,500,3904200.41615702,12872.437498066574,106.42798943445086,25.583185388040327,39.088173924873395,38.84268228725907,False,False,23.25851609930396,30.951609058926504,31.26975536967317,93.42711018398404,105.12095363810636,499
706,True,10000,500,3904200.416566386,12872.103901114315,106.02647298946977,25.583321499248186,39.087965963660615,38.843688944797584,False,False,23.258346249349415,30.951375296960276,31.269365611175694,93.42623446136713,105.12188205495454,499
707,True,10000,500,3904200.416944822,12872.115271165967,105.70265632122755,25.583993216121723,39.08693969516265,38.84365463382846,False,False,23.262361297383904,30.952365292857092,31.267322289446987,93.40664492920041,105.14157874509668,499
708,True,10000,500,3904200.417312298,12871.530937030911,105.3037908859551,25.583621535360635,39.08750755313672,38.845418035046535,False,False,23.258678731508553,30.95204910884301,31.26836195588112,93.40678649023175,105.13710545375919,499
709,True,10000,500,3904200.417678724,12869.167692959309,104.81891594827175,25.579857268559195,39.09325957143332,38.852551457041685,False,False,23.26102869119495,30.95122907931606,31.271958723664284,93.41074470430613,105.11309109628178,499
710,True,10000,500,3904200.41803866,12870.914184022695,104.592717718333,25.583810553716155,39.087218766742545,38.847279443497094,False,False,23.263133480213583,30.952255707234144,31.267698543767132,93.40524449944496,105.13945169746852,499
711,True,10000,500,3904200.418402236,12868.496059905738,104.1033542715013,25.57994530187222,39.09312503208555,38.854579250938706,False,False,23.260586196556687,30.951202226181824,31.271568965166807,93.41002497822046,105.114047527313,499
712,True,10000,500,3904200.41892874,12867.864416912198,103.56104979291558,25.579766266772108,39.09339864840717,38.8564865000327,False,False,23.263103794306517,30.951298618068297,31.272698659449816,93.41381462290883,105.12326590716815,499
713,True,10000,500,3904200.419295466,12869.60251815617,103.32899307832122,25.583714479113926,39.08736555109625,38.851238746077065,False,False,23.26305874157697,30.952109023928642,31.267852056771517,93.40592436492443,105.1377808116374,499
714,True,10000,500,3904200.419645792,12867.418002337217,102.93228691443801,25.580131694234026,39.09284017585446,38.8578345639491,False,False,23.25936616398394,30.95112880691886,31.270165306826435,93.42826837673783,105.11853368952848,499
715,True,10000,500,3904200.419995038,12866.727120243013,102.48531214892864,25.579642901992155,39.09358718694699,38.85992104498417,False,False,23.26243626885116,30.950642346094053,31.27253195270896,93.42450834810734,105.12165110558247,499
716,True,10000,500,3904200.420353124,12868.37783223018,102.24725492298603,25.58342801063566,39.0878032288822,38.85493622573767,False,False,23.258443688973784,30.95141565427184,31.268675656368337,93.4083791449666,105.12267790734745,499
717,True,10000,500,3904200.420706191,12866.247444879264,101.80682875216007,25.580041314883974,39.09297829859802,38.86136980825741,False,False,23.260338697582483,30.951165594160557,31.27127202848593,93.40842077508569,105.1153286360202,499
718,True,10000,500,3904200.421065907,12865.94621790573,101.50364181026816,25.580045242676277,39.09297229590734,38.862279659162766,False,False,23.26312626246363,30.94664899011453,31.270442064851522,93.42914260923862,105.11646427214123,499
719,True,10000,500,3904200.421462062,12867.547790985554,101.17679601535201,25.583909809559525,39.08706712319421,38.85744262401561,False,False,23.263136274181306,30.95245889077584,31.267652288079262,93.40510675683618,105.14054134488082,499
720,True,10000,500,3904200.421809789,12866.97767721489,100.79838009551167,25.583525645529818,39.087654057357376,38.859164330828854,False,False,23.26018875464797,30.95036232843995,31.263912096619606,93.41933485120535,104.86109348013974,499
721,True,10000,500,3904200.422840467,12873.571945820004,99.84908066689968,25.598643016338887,39.06457070250671,38.83925938382222,False,False,23.261508787982166,30.950145330280066,31.263415391246475,93.42505456879735,105.11358395218825,499
722,True,10000,500,3904200.423223113,12873.119379859418,99.45804486051202,25.598519709416642,39.06475887479311,38.840624812527786,False,False,23.26120377983898,30.95026236648361,31.26339536781112,93.4250045567751,105.10981809347844,499
723,True,10000,500,3904200.423580819,12872.9577222839,99.11658940836787,25.59888002580267,39.06420901977114,38.841112569993804,False,False,23.256901185959578,30.948838995148737,31.263345697273813,93.42288849875331,105.11921063065505,499
724,True,10000,500,3904200.423933825,12872.920942958444,98.77866320312023,25.599483526563773,39.063288091821526,38.841223543247395,False,False,23.260093526914716,30.950439007331926,31.26437868922949,93.43024864792824,105.13435179367637,499
725,True,10000,500,3904200.424288892,12872.618294786662,98.43087568879128,25.599573986168078,39.0631500563376,38.84213673938403,False,False,23.259933572262526,30.952562267581623,31.264435655126967,93.43114867806435,105.13556562364077,499
726,True,10000,500,3904200.424636698,12872.077201027423,98.06804032996297,25.59921675490473,39.06369517373625,38.843769516864846,False,False,23.26324104797095,30.950285649547975,31.26276579375068,93.41962393373251,105.13055751100158,499
727,True,10000,500,3904200.589100653,12879.640659317374,121.4877050369978,25.567440790141035,39.11224467900621,38.82095884703822,False,False,23.25798850506544,30.951955666144688,32.23819828902682,93.42346247285604,106.11191978678087,499
728,True,10000,500,3904200.590359519,12878.990466240793,120.55155541747808,25.56801384934532,39.11136805120299,38.822918714834906,False,False,23.2585237827152,30.952665333946545,32.27535759409269,93.42230455949903,106.16060182452182,499
729,True,10000,500,3904200.590842274,12878.153164871037,119.84982201829553,25.567742170045577,39.11178364320221,38.82544287203367,False,False,23.2583312317729,30.95213199655215,32.2339846752584,93.4224046766758,106.11419769003967,499
730,True,10000,500,3904200.59123912,12878.06400610134,119.65509410947561,25.56795373144662,39.1114600137154,38.82571167243082,False,False,23.25478126294911,30.951978949209053,32.26966457441449,93.422822188586,106.26761665567736,499
731,True,10000,500,3904200.591615276,12877.453232184052,119.09598018974066,25.56785020439742,39.11161838033648,38.8275531648115,False,False,23.259523790329695,30.95287565762798,32.24728846301635,93.42251410707831,106.13179724663476,499
732,True,10000,500,3904200.591980272,12877.27795401588,118.89657191932201,25.56789856131575,39.111544407994515,38.82808166333562,False,False,23.258616216480732,30.952752257386845,32.26490753392378,93.41924441978335,106.15485839545707,499
733,True,10000,500,3904200.592344838,12875.85029983893,118.12702100723982,25.566579717097575,39.11356196508573,38.832386860404455,False,False,23.25784123968333,30.95160238444805,32.10073973362645,93.42446411028504,105.95619337633232,499
734,True,10000,500,3904200.592704824,12876.411733683199,118.11595084145665,25.56772701972293,39.111806819143546,38.830693701107585,False,False,23.259076289832592,30.952952336519957,32.2513246598343,93.4195525944233,106.13846691325287,499
735,True,10000,500,3904200.593683293,12875.262617133558,116.98857368901372,25.567683453796683,39.11187346351101,38.83415933859343,False,False,23.255776264704764,30.952109023928642,32.229251538713775,93.42266861349344,106.10801033675651,499
736,True,10000,500,3904200.594061819,12874.734292272478,116.54928792268038,25.567505018737073,39.11214642442244,38.83575292890542,False,False,23.2533112866804,30.95368528738618,32.24157836909095,93.40129839256406,105.92652192339281,499
737,True,10000,500,3904200.594422105,12874.235318042338,116.07208428904414,25.567461390287164,39.11221316559377,38.83725810878143,False,False,23.249541292898357,30.95314558595419,32.224488289405905,93.40083869174123,106.12962374463658,499
738,True,10000,500,3904200.594792201,12874.602713622153,116.13714275881648,25.568067276279233,39.11128632424046,38.836149830935604,False,False,23.253698833286762,30.95379564911127,32.28073768938581,93.40197890996933,106.2037498690186,499
739,True,10000,500,3904200.595156877,12873.738693073392,115.49527011811733,25.567622090090733,39.111967334168746,38.83875631785356,False,False,23.25321373064071,30.95358858505885,32.25258473927776,93.4016547165811,106.16409642621855,499
740,True,10000,500,3904200.595508743,12873.655133880675,115.33164186403155,25.56778254913155,39.11172187413517,38.8390084090499,False,False,23.25275633484125,30.953668989241123,32.255727952967085,93.40168684720993,106.1676767654715,499
741,True,10000,500,3904200.597187345,12871.658466290683,113.44544216990471,25.56756117058272,39.11206052576381,38.845033164097664,False,False,23.248606477864087,30.9534789994359,32.24715466300646,93.40090304613113,106.15782245993594,499
742,True,10000,500,3904200.597557581,12871.65354611352,113.30106388777494,25.56784064574298,39.11163300239432,38.845048012574146,False,False,23.252483690157533,30.953632357219856,32.259511295706034,93.4012308716774,106.17293966934065,499
743,True,10000,500,3904200.599726897,12870.786365587264,111.45066376775503,25.5698110256904,39.10861910536937,38.847665231772815,False,False,23.257051245309412,30.95354201893012,32.49582896629969,93.40157499536872,106.43108189105969,499
744,True,10000,500,3904200.600126533,12870.340980123729,111.04313796386123,25.569735154628994,39.10873514929489,38.8490095773044,False,False,23.257276276126504,30.95365238065521,32.491398664812245,93.40131701901555,106.42455641180258,499
745,True,10000,500,3904200.600494009,12869.927355088294,110.66755186766386,25.569658924289836,39.10885174342519,38.85025814091472,False,False,23.25301885139197,30.953585635870695,32.48627902939916,93.40180046856403,106.41741430386881,499
746,True,10000,500,3904200.600849625,12869.290981907398,110.26265658438206,25.569195040727486,39.10956126726578,38.8521792461556,False,False,23.24917132500559,30.953122302889824,32.44910606493553,93.40065866708755,106.37384351342897,499
747,True,10000,500,3904200.601208801,12869.351451285183,109.97691005468369,25.56988886018136,39.1085000591163,38.85199669094965,False,False,23.25353375636041,30.95355195303758,32.501885357002415,93.40179665014148,106.43885154277068,499
748,True,10000,500,3904200.601559867,12869.046404957771,109.6340836957097,25.569964571667455,39.10838426065087,38.85291763400404,False,False,23.25363620184362,30.953489088763792,32.50797853494684,93.40184396132827,106.44698100164514,499
749,True,10000,500,3904200.601913723,12868.415171746165,109.2298780567944,25.56950960659192,39.10908012651897,38.85482348267701,False,False,23.25331384781748,30.953648655364912,32.47389911363522,93.4014668688178,106.39209505170564,499
750,True,10000,500,3904200.602412098,12867.776687722653,108.70804404839873,25.569275839026563,39.10943768198914,38.856751413556765,False,False,23.24906620196998,30.953172283867996,32.45562563339869,93.40092884376645,106.38162702321986,499
751,True,10000,500,3904200.602774444,12867.878437042236,108.42753713950515,25.57004188357261,39.10826601509975,38.85644416414989,False,False,23.25373876374215,30.95365222543478,32.512941708167396,93.40203646570444,106.45342215895634,499
752,True,10000,500,3904200.60312882,12867.614139802754,108.08791080489755,25.57019284368308,39.10803512954507,38.85724226477811,False,False,23.253321298398077,30.956405214965343,32.52219160397848,93.41050097718835,106.01721554994565,499
753,True,10000,500,3904200.603476486,12866.899967659265,107.67671465873718,25.569585677355768,39.10896377509912,38.8593990204899,False,False,23.25367124285549,30.955512387057144,32.48041899253925,93.41083290055394,106.32202420383673,499
754,True,10000,500,3904200.603823743,12866.204394958913,107.27067897096276,25.569005442861624,39.10985127030746,38.86149983719396,False,False,23.253383697010577,30.953942021975916,32.43452605480949,93.4081326238811,106.26927902922014,499
755,True,10000,500,3904200.604176359,12866.521262098104,107.03324200585485,25.57011627272996,39.108152240452696,38.86054278500967,False,False,23.253468796610832,30.956448676685493,32.51682873815298,93.41043876484036,106.36727977544051,499
756,True,10000,500,3904200.604524875,12865.711200982332,106.60303710028529,25.569355037839774,39.10931654396884,38.862989553334884,False,False,23.253336315974593,30.954675438503426,32.461732625961304,93.40951843187213,106.29953891038876,499
757,True,10000,500,3904200.60491799,12865.17342692241,106.18545208126307,25.569114178038372,39.10968495181238,38.86461405593421,False,False,23.25333619955927,30.95392867301901,32.4433259665966,93.4090668335557,106.2784753739832,499
758,True,10000,500,3904200.605273467,12865.009197965264,105.86222494021058,25.569432811673455,39.10919758624683,38.86511018422593,False,False,23.253366234712303,30.95493900279204,32.46790232757727,93.40972220525146,106.3070533424614,499
759,True,10000,500,3904200.606745241,12872.610814869404,104.54883892089128,25.587298548995015,39.08189049677058,38.84215930947281,False,False,23.253591498360038,30.956425238400698,35.285304921368756,93.41031713411212,109.35645233839743,499
760,True,10000,500,3904200.607134066,12872.076272033155,104.12057396024466,25.587085567280383,39.08221580650651,38.84377232026956,False,False,23.253428749740124,30.95539240166545,35.265008763720594,93.41097045689821,109.33069335296743,499
761,True,10000,500,3904200.607504592,12871.751685161144,103.77409821376204,25.587129432760282,39.08214880562795,38.844751843403856,False,False,23.253596271388233,30.95534211024642,35.271251729379095,93.41047974303365,109.33867016807191,499
762,True,10000,500,3904200.607858139,12871.571335941553,103.4433008171618,25.58743093211301,39.08168829661478,38.84529611422342,False,False,23.253401275724173,30.95643563816945,35.30092133829991,93.41034507378936,109.3747837468981,499
763,True,10000,500,3904200.608230914,12871.071512810886,103.05575607344508,25.587205925325534,39.08203197013499,38.84680459605387,False,False,23.253553663380444,30.956345610320568,35.276441679646574,93.41037413105369,109.34555532410734,499
764,True,10000,500,3904200.608576881,12870.53175829351,102.66256937757134,25.58691220223635,39.08248060946557,38.84843372363462,False,False,23.253488820046186,30.955415684729815,35.25380541880926,93.41022092849016,109.31634038686745,499
765,True,10000,500,3904200.608921547,12870.064893271774,102.3032539524138,25.586696671982686,39.08280982183196,38.84984296088441,False,False,23.253319086506963,30.954115247974794,35.232342003534235,93.40913919731975,109.29098403081291,499
766,True,10000,500,3904200.609389972,12869.764735922217,101.8570982851088,25.58698925378178,39.082362918185034,38.85074904317364,False,False,23.25363631825894,30.955468925336998,35.26005536938707,93.41038698330522,109.32377519085996,499
767,True,10000,500,3904200.609743038,12869.315021671355,101.48942191153765,25.586824849218072,39.0826140364407,38.85210667063649,False,False,23.253398831002414,30.955602104465168,35.2465957403183,93.41015685349703,109.30813133716576,499
768,True,10000,500,3904213.093789773,13058.98435274139,114.22858387231827,25.941394326390927,38.54842910208073,38.28781676233789,False,False,23.271038429811597,30.967415465662878,35.26590174684922,93.38780101388693,101.32542013190692,499
769,True,10000,500,3904213.190994143,13157.250750809908,151.34559804573655,26.063938181892127,38.367187376723756,38.00185992269107,False,False,23.270433535799384,30.965918985505898,35.371661030997835,93.38785298168659,101.43448780756427,499
770,True,10000,500,3904213.191897443,13156.476188916713,150.47046774998307,26.064139721777014,38.36689070403055,38.00409720812708,False,False,23.27465347480029,30.966725666075945,35.39709032823642,93.36273386143148,101.46187450271081,499
771,True,10000,500,3904213.192359648,13155.928544700146,149.98958259820938,26.064005936076022,38.36708764004186,38.00567921155398,False,False,23.272726219147444,30.96692869439721,35.374237379680075,93.3694067876786,101.4213911490513,499
772,True,10000,500,3904213.192754144,13155.44611029327,149.57593707367778,26.063868082604394,38.36729056603161,38.00707294971799,False,False,23.27684103511274,30.962792380402487,35.369333966324724,93.38927264325321,101.43081042449904,499
773,True,10000,500,3904213.193141029,13155.364981852472,149.26969166845083,26.064319218805654,38.36662648293881,38.00730733732881,False,False,23.276678519323468,30.966878558198612,35.41308036074042,93.36086111143231,101.49105072487127,499
774,True,10000,500,3904213.193506875,13154.038846027106,148.66459788754582,26.062874244768658,38.36875359979608,38.01113907695462,False,False,23.248838842846453,30.948082295556862,35.534919084360205,93.36339100264013,101.70068157371115,499
775,True,10000,500,3904213.193881311,13154.228114057332,148.42958096414804,26.063724515216805,38.36750190542296,38.01059215824853,False,False,23.27245590277016,30.967305414378643,35.363977774977684,93.38902099989355,101.42060288228078,499
776,True,10000,500,3904213.194245107,13154.085636138916,148.11346400529146,26.064072489245742,38.36698967180238,38.011003868358856,False,False,23.272431222721934,30.966501993437607,35.376977330694594,93.36275341920555,101.42577744089049,499
777,True,10000,500,3904213.194603613,13153.55157200247,147.71697903051972,26.06379677950291,38.36739552797695,38.012547201643805,False,False,23.273896076716483,30.95993896325429,35.366997277985014,93.38921480812132,101.42666286323202,499
778,True,10000,500,3904213.195650692,13152.811158914119,146.7496189288795,26.064251583136755,38.366726042768384,38.014687047425035,False,False,23.274803534150124,30.966355465352535,35.410083209474884,93.36241371929646,101.48550310172122,499
779,True,10000,500,3904213.196015488,13152.04825811088,146.28569409251213,26.063652432902543,38.36760801558296,38.016892136298964,False,False,23.274143575690687,30.967512012769777,35.37837058926622,93.38775831274688,101.41805100254696,499
780,True,10000,500,3904213.196369624,13151.0487687774,145.755129866302,26.062712703228655,38.36899141646602,38.01978144793109,False,False,23.250531288795173,30.939092704405386,35.47767270356417,93.36261269636452,101.57172543928009,499
781,True,10000,500,3904213.19672411,13151.178327389061,145.45972319319844,26.06356433706586,38.36773769955427,38.01940689669489,False,False,23.25139380991459,30.95668228343129,35.54671195646127,93.36286690086126,101.72705171164107,499
782,True,10000,500,3904213.197078876,13150.882420595735,145.18799586221576,26.0635158812295,38.36780903071419,38.0202623678655,False,False,23.26604095287621,30.956655275076628,35.462019965052605,93.38551298715174,101.5616913791744,499
783,True,10000,500,3904213.197425673,13150.592483114451,144.8657694272697,26.063580588551467,38.36771377602869,38.02110061900307,False,False,23.27569341287017,30.967238669594128,35.35105427727103,93.38708408176899,101.37282790616138,499
784,True,10000,500,3904213.197830138,13150.587934069335,144.54706339165568,26.064210161678716,38.36678701548626,38.02111377124409,False,False,23.290758254006505,30.95904194439451,35.22508234406511,93.47455720417202,101.12614542711509,499
785,True,10000,500,3904213.200030234,13157.982172910124,143.4910437092185,26.081144547496805,38.341875609748776,37.99974748631355,False,False,23.290490731596947,30.957968595127266,35.40316689759493,93.50479505956173,103.03415953181673,499
786,True,10000,500,3904213.20044983,13157.29260025546,143.01265915855765,26.08072132484349,38.34249779922454,38.0017390500453,False,False,23.285935982130468,30.9589186993738,35.3885207635661,93.52313284762204,102.96643067616958,499
787,True,10000,500,3904213.200832885,13157.131732907146,142.67752366140485,26.0810705596107,38.341984379606174,38.002203683152,False,False,23.290243465453386,30.956962301085394,35.40026039505998,93.50678278133273,103.02130608353752,499
788,True,10000,500,3904213.201208311,13157.493548002094,142.36774668097496,26.082416435513267,38.340005899086144,38.00115866869817,False,False,23.29186105635017,30.95638208712141,35.41361695776383,93.48311889916658,103.27656733337778,499
789,True,10000,500,3904213.201571677,13156.216972041875,141.90127234905958,26.080792985356343,38.34239244801616,38.004846002657466,False,False,23.281570989638567,30.958028975874186,35.39064743866523,93.520367750898,102.97787284012873,499
790,True,10000,500,3904213.201929024,13155.947854276747,141.56191516667604,26.08093374571156,38.3421855118369,38.00562342890859,False,False,23.289250675588846,30.956752287844818,35.39619703466693,93.51648511365056,103.00042297691095,499
791,True,10000,500,3904213.202403648,13155.429141130298,141.07867097482085,26.08086266564224,38.34229000857994,38.00712197496893,False,False,23.28872331418097,30.957482289522886,35.39373027160764,93.51811185479164,102.98955179750908,499
792,True,10000,500,3904213.202766184,13154.882916714996,140.61749586835504,26.080692226145572,38.34254057863971,38.00870012797185,False,False,23.286023293621838,30.960715375840664,35.38369402910272,93.52981867268682,102.94340963475393,499
793,True,10000,500,3904213.20312373,13154.932687059045,140.40757808834314,26.08121264322786,38.341775502515056,38.0085563259375,False,False,23.291248246096075,30.96075200786193,35.39799697076281,93.49855934269726,103.03144548088301,499
794,True,10000,500,3904213.203475967,13154.123963788152,139.89716302603483,26.080614831186608,38.342654361208645,38.010893114314925,False,False,23.281145957298577,30.96125228330493,35.38179056098064,93.53215214796364,102.93077742680894,499
795,True,10000,500,3904213.203830733,13154.089235235006,139.66972613707185,26.08100102023634,38.342086610253055,38.01099346815152,False,False,23.28963845502585,30.956328691293795,35.398473807921015,93.51403606124222,103.01092649810005,499
796,True,10000,500,3904213.204188899,13154.456400778145,139.37830878421664,26.082320825639133,38.34014644191448,38.00993251005209,False,False,23.291238234378397,30.962312283615272,35.41166692351302,93.48619561642408,103.26101809740055,499
797,True,10000,500,3904213.204540355,13152.928517665714,138.7676759622991,26.080482648704237,38.342848691478615,38.014347856330964,False,False,23.280010907910764,30.965415605654318,35.37801358227929,93.53488571941853,102.89466663729387,499
798,True,10000,500,3904213.204940721,13152.60450122878,138.3887198753655,26.080592748203234,38.342686826736056,38.015284345643295,False,False,23.28019600827247,30.966535210609436,35.37983059262236,93.53547408245504,102.9167736554517,499
799,True,10000,500,3904213.205310697,13152.384422719479,138.08374293148518,26.080762885346683,38.342436699267104,38.01592045441571,False,False,23.287705960683525,30.95996209109823,35.38617041582862,93.52581100538373,102.95498526655125,499
800,True,10000,500,3904213.205657833,13152.442013379186,137.8998551517725,26.08124681007498,38.34172527418083,38.015753993926005,False,False,23.285268456675112,30.94931210701664,35.28521132345001,93.36272808723152,102.83065979368973,499
801,True,10000,500,3904213.209386042,13150.002570357174,134.7783701494336,26.082613627670824,38.33971603747212,38.02280625610701,False,False,23.283985792659223,30.949562322348356,35.51224603628119,93.36901996284723,103.51111177820701,499
802,True,10000,500,3904213.209824017,13149.4793263264,134.29258530959487,26.082538559151914,38.33982638354491,38.0243192594673,False,False,23.284183465875685,30.94953888406356,35.50762574498852,93.37253379635513,103.48892509005952,499
803,True,10000,500,3904213.210214653,13148.766622878611,133.770780172199,26.08215599740764,38.34038873547847,38.026380294103724,False,False,23.286485811695457,30.950888991355896,35.445019913216434,93.3821418788284,103.37335775606323,499
804,True,10000,500,3904213.210578369,13148.310968186706,133.36116494610906,26.08206373394909,38.34052436189603,38.02769809824139,False,False,23.284771014004946,30.951345339417458,35.44111301501592,93.40550065971911,103.35102189797897,499
805,True,10000,500,3904213.210939735,13148.275788873434,133.14383663237095,26.08242876200614,38.3399877796919,38.027799844533135,False,False,23.283365997485816,30.94856906682253,35.50598273674647,93.36444931104779,103.47335257101793,499
806,True,10000,500,3904213.211301541,13147.742704953998,132.69346207380295,26.082263011783958,38.34023142655222,38.02934170681654,False,False,23.28264352399856,30.950509011745453,35.4467467404902,93.37404407560825,103.39129092637438,499
807,True,10000,500,3904213.211653587,13147.777425125241,132.52010382711887,26.082680002601446,38.3396184709647,38.02924128031755,False,False,23.284473223611712,30.949522275477648,35.51429261763891,93.36879984475672,103.52190050296474,499
808,True,10000,500,3904213.212014803,13147.456177975982,132.16833770275116,26.082741162872207,38.33952857008228,38.03017049317701,False,False,23.284571012482047,30.949512030929327,35.51612561568618,93.36225115694106,103.53260256350029,499
809,True,10000,500,3904213.212726206,13146.112142130733,131.19289791211486,26.08200249342408,38.34061438542247,38.034058632255025,False,False,23.281423607841134,30.957965335498255,35.43914668262005,93.41839258559048,103.33773200400162,499
810,True,10000,500,3904213.213090422,13146.422438789159,131.10148906707764,26.08280751447311,38.339431038821616,38.033160909596646,False,False,23.285001050680876,30.94931210701664,35.51845562954744,93.3625980746001,103.54293092153955,499
811,True,10000,500,3904213.213440978,13145.818855147809,130.6522940285504,26.082498118475467,38.33988582909751,38.03490718299405,False,False,23.283655988052487,30.948642330865066,35.505805940677725,93.37193807587028,103.47921804990608,499
812,True,10000,500,3904213.213789574,13145.145982969552,130.1852399483323,26.08208565735715,38.340492134605164,38.036854109325574,False,False,23.285860777832568,30.95112570251028,35.44340639685591,93.39645532891154,103.36304209195066,499
813,True,10000,500,3904213.21414238,13144.944545347244,129.90947300568223,26.082234613910945,38.340273170714084,38.0374369990765,False,False,23.283033282496035,30.950295738875866,35.44922964647412,93.36626818403602,103.40198897290963,499
814,True,10000,500,3904213.214490896,13144.64013883844,129.57220710814,26.08230046438938,38.340176372299574,38.03831787852838,False,False,23.28318578656763,30.948488662640255,35.4514429345727,93.36516102775931,103.41230657882977,499
815,True,10000,500,3904213.214891242,13144.455390051007,129.2627900838852,26.082550300535313,38.33980912439671,38.03885251711899,False,False,23.283868562430143,30.949592279891174,35.51013565932711,93.36886121891439,103.50049125030625,499
816,True,10000,500,3904213.215256288,13143.916845787317,128.81757458671927,26.082363268939073,38.34008405177297,38.04041107885221,False,False,23.291741032153368,30.940592288970947,35.318821047743164,93.38607308454812,103.12438833992917,499
817,True,10000,500,3904213.287343661,13073.933490086347,115.36455200985074,25.96907602820941,38.507338455697486,38.244037295978146,False,False,23.286630981601775,30.954689097901184,35.45659966766834,93.43115901574492,103.99585076607767,499
818,True,10000,500,3904213.289194791,13071.427677758038,113.31007396802306,25.96817155068139,38.50867967536053,38.25136873539724,False,False,23.298158310353756,30.939852353185415,35.40271365394195,93.39107275009155,103.81605203263464,499
819,True,10000,500,3904213.289855544,13071.337778121233,112.83701891079545,25.968939397215305,38.50754105526665,38.251631813608135,False,False,23.28868571203202,30.954578891396523,35.4516765413185,93.42876095324755,103.9746973384172,499
820,True,10000,500,3904213.290340879,13070.47197688371,112.25849483162165,25.96836369148715,38.508394748330495,38.25416564025342,False,False,23.292900645174086,30.94321566944321,35.41192039847374,93.42375071719289,103.8649251777679,499
821,True,10000,500,3904213.290773924,13070.297290105373,111.87528911978006,25.968781565101388,38.50777509499591,38.2546769137773,False,False,23.28938851132989,30.954482033848763,35.42579337954521,93.42726999893785,103.93080325797203,499
822,True,10000,500,3904213.29119135,13069.922122638673,111.46609298884869,25.96884975881728,38.50767397429557,38.25577500067426,False,False,23.290115990675986,30.954541948934395,35.446370020508766,93.4273961931467,103.95467763766649,499
823,True,10000,500,3904213.291590585,13069.084452930838,110.94556003808975,25.968214214213923,38.50861640892663,38.25822702430172,False,False,23.292868514545262,30.941319031020004,35.39666719734669,93.41983254998922,103.81587463431063,499
824,True,10000,500,3904213.291962861,13068.80621612072,110.59137294068933,25.968366419198457,38.50839070341746,38.25904154759267,False,False,23.2929460471496,30.942332465201616,35.40872704858581,93.42307280749083,103.85308404453102,499
825,True,10000,500,3904213.292785662,13068.196472711861,109.84825063496828,25.968633711576942,38.50799434065702,38.2608266599042,False,False,23.289835662581027,30.947402274856966,35.421023766199745,93.42683488503098,103.90781478025022,499
826,True,10000,500,3904213.293181448,13067.675568163395,109.42748608067632,25.96843303022589,38.5082919264344,38.26235181550906,False,False,23.29301822464913,30.943925802906353,35.41419003158808,93.4238700196147,103.8759524188936,499
827,True,10000,500,3904213.293553184,13067.476510070264,109.08776940777898,25.968714911147266,38.50787393298166,38.2629346694966,False,False,23.289620643481612,30.9544390377899,35.423333290964365,93.42722110450268,103.92031855881217,499
828,True,10000,500,3904213.29391294,13067.240362986922,108.77136280760169,25.968875751862367,38.50763543078235,38.2636261452919,False,False,23.289861041121185,30.95465541506807,35.4489798968037,93.42777822166681,103.96471154876056,499
829,True,10000,500,3904213.294274116,13066.959985997528,108.4268968552351,25.9690041866579,38.50744498373065,38.26444716566033,False,False,23.287768242880702,30.95467233409484,35.45407298952341,93.42989288270473,103.98475240916017,499
830,True,10000,500,3904213.294629392,13066.310912836343,107.996491715312,25.968565974190444,38.508094786361205,38.26634796427506,False,False,23.290215991437435,30.94691565881173,35.418503607312836,93.42535873875022,103.89710050076249,499
831,True,10000,500,3904213.295038867,13065.861689392477,107.57849738001823,25.96850339080653,38.5081875898179,38.267663617312365,False,False,23.293015779927373,30.946168582886457,35.41648698349794,93.42430997639894,103.88702304102483,499
832,True,10000,500,3904213.295411993,13065.311854239553,107.1333410218358,25.96829361366276,38.508498666769064,38.26927405776046,False,False,23.28839572146535,30.943289088706177,35.299801267683506,93.38796474039555,103.64350578747693,499
833,True,10000,500,3904213.298557729,13062.967109959573,104.22776313498616,25.969417528706586,38.50683208025749,38.2761432216105,False,False,23.293043253943324,30.943379116555054,35.499059284726776,93.38805517181754,104.08426883630457,499
834,True,10000,500,3904213.298965015,13062.982919160277,103.93660608679056,25.970032691530033,38.50591995312135,38.27609689871212,False,False,23.29520578496158,30.952789044628542,35.52461229264736,93.35587173700333,104.19419257901612,499
835,True,10000,500,3904213.299346941,13062.558862846345,103.54729974642396,25.96996305230445,38.506023207886884,38.27733947459124,False,False,23.290088516660035,30.952705380817253,35.52249896650513,93.37195288389921,104.18387066572907,499
836,True,10000,500,3904213.299719726,13061.891021672636,103.08091575279832,25.96955933050068,38.50662182109197,38.27929655594176,False,False,23.29385094344616,30.943145665029686,35.511026003708444,93.3871928602457,104.11824606359008,499
837,True,10000,500,3904213.300082152,13061.781423166394,102.80463937669992,25.969893354287965,38.50612655037673,38.27961774901541,False,False,23.290045792236924,30.954652310659487,35.520658983538546,93.37444920092821,104.17395011521879,499
838,True,10000,500,3904213.300452078,13061.585494782776,102.4636016227305,25.970184154629347,38.505695379204454,38.28019195676638,False,False,23.295775754377246,30.9545590231816,35.528462224950395,93.35435898974538,104.21696763485673,499
839,True,10000,500,3904213.300803945,13060.588874854147,101.95613699033856,25.969203883494608,38.507148870881466,38.283113019709354,False,False,23.286151001229882,30.94399565209945,35.497619304805994,93.39502900838852,104.06141271814707,499
840,True,10000,500,3904213.301603716,13060.219218954444,101.27571504563093,25.969826661139905,38.50622543801401,38.28419658334252,False,False,23.289715754799545,30.95490237077077,35.5226993560791,93.3762569911778,104.17142928577962,499
841,True,10000,500,3904213.301999652,13059.440277982503,100.76899034902453,25.96928113754204,38.50703431888098,38.2864800754878,False,False,23.283301037736237,30.943552342553932,35.50064268832406,93.3963037095964,104.07465909607711,499
842,True,10000,500,3904213.302380027,13059.1025124304,100.39693536236882,25.96934985384375,38.50693242718932,38.2874703314467,False,False,23.28625600785017,30.943202630927164,35.50308927272757,93.38474497199059,104.08576437272134,499
843,True,10000,500,3904213.302745293,13059.244250878692,100.16376711428165,25.970101169868556,38.505818420154476,38.28705477856098,False,False,23.29547074623406,30.953458976000547,35.52654245868325,93.35484793409705,104.20436846092346,499
844,True,10000,500,3904213.303105519,13058.462458662689,99.68720283359289,25.96948949063947,38.50672537711776,38.289346971956206,False,False,23.289273492991924,30.94311896711588,35.49565592159828,93.38527107611299,104.08370701596144,499
845,True,10000,500,3904213.303458646,13058.194900862873,99.34951597824693,25.96963002982891,38.5065169912468,38.29013150714732,False,False,23.289605975151062,30.94294232626756,35.50666586185495,93.38342295959592,104.11700633354488,499
846,True,10000,500,3904213.303811872,13057.927584275603,99.05154909938574,25.969691453258953,38.50642591575763,38.29091536715991,False,False,23.28960329759866,30.954815602550905,35.51796885828177,93.38096473366022,104.15050904266539,499
847,True,10000,500,3904213.306018508,13055.67768914625,96.83613292872906,25.969622357149344,38.50652836792999,38.297514070500654,False,False,23.289910750463605,30.955038964748383,35.50299567480882,93.37860075756907,104.11583054810765,499
848,True,10000,500,3904213.306380484,13055.399962235242,96.49134706705809,25.969756743824018,38.50632910675278,38.29832877172106,False,False,23.297075764276087,30.96100191275279,35.0293746838967,93.54421319440007,103.24788355268541,499
849,True,10000,500,3904213.307500932,13054.97208610177,95.48357827588916,25.97091885335848,38.50460608060785,38.29958399775488,False,False,23.297630716115236,30.961278981218737,35.20370569700996,93.54503601789474,103.61468363553288,499
850,True,10000,500,3904213.307887327,13054.369524121284,95.0822732411325,25.970515532825956,38.505204054807066,38.301351825235386,False,False,23.296151077374816,30.960639007389545,35.18889596064886,93.54063728824258,103.58091326430443,499
851,True,10000,500,3904213.308257653,13053.846688941121,94.68987723812461,25.970254131669332,38.50559162532621,38.30288587835086,False,False,23.28598580788821,30.959452036768198,35.18507303670049,93.53864509612322,103.5529253818095,499
852,True,10000,500,3904213.308614589,13053.683761041611,94.3618812598288,25.970584929422408,38.50510116416697,38.30336395096665,False,False,23.296400788240135,30.961228689799707,35.190232718984284,93.54091314598918,103.58996965922418,499
853,True,10000,500,3904213.308968956,13053.24679473415,93.99346401914954,25.970447556543085,38.505304840156924,38.304646182105934,False,False,23.28638080507517,30.960182348887127,35.18811597799262,93.54026922956109,103.57259961776438,499
854,True,10000,500,3904213.309331012,13052.816110197455,93.62398786470294,25.970324894454414,38.5054867070044,38.30591006406481,False,False,23.28598080202937,30.959822082271177,35.18572604904572,93.53886814787984,103.56075619347396,499
855,True,10000,500,3904213.470860969,13029.536394402385,120.434096083045,25.8699444856099,38.65489547363536,38.37435077235786,False,False,23.29657576046884,30.960498998562496,35.191776075710855,93.5413115657866,104.15288971737029,499
856,True,10000,500,3904213.472167465,13028.349617030472,119.1806891001761,25.87007801188436,38.654695959579776,38.377846365621565,False,False,23.29653815831989,30.96061572432518,35.19324927280346,93.54259399697185,104.1823472082615,499
857,True,10000,500,3904213.472731149,13027.932160999626,118.64399537444115,25.87031696518073,38.65433892232228,38.379076112846086,False,False,23.297315812669694,30.9608254271249,35.20054602995515,93.54466078802943,104.24793666228653,499
858,True,10000,500,3904213.473188054,13027.807313017547,118.26944909989834,25.87081736256042,38.653591264077114,38.37944390691086,False,False,23.298103245906532,30.9614857348303,35.20888602361083,93.54537315666676,104.31512519717218,499
859,True,10000,500,3904213.473590939,13027.218920178711,117.83304437994957,25.870512777151827,38.654046350529796,38.38117736898681,False,False,23.29758321866393,30.96102535103758,35.20233603194356,93.54481091722846,104.2872100044042,499
860,True,10000,500,3904213.473973435,13026.491298340261,117.36596934497356,25.869990639269112,38.65482651091722,38.383321229693394,False,False,23.296800791285932,30.960775756587584,35.19620606675744,93.54359535500407,104.16348171420397,499
861,True,10000,500,3904213.474347171,13025.381660088897,116.91135400906205,25.86867796809586,38.65678799795303,38.38659112247368,False,False,23.286288254894316,30.95977536092202,35.18681600689888,93.53928016498685,104.14194632321598,499
862,True,10000,500,3904213.474711887,13026.144390925765,116.72113602980971,25.870587685162235,38.65393442815132,38.38434343997511,False,False,23.297933279536664,30.9611689299345,35.205705712238945,93.5450249351561,104.28373467177154,499
863,True,10000,500,3904213.475685386,13025.263151153922,115.7637070864439,25.870740368872703,38.653706300697344,38.38694037868282,False,False,23.298193234950304,30.961362334589165,35.20728927105665,93.54566279798746,104.30608244612814,499
864,True,10000,500,3904213.476060522,13024.555169045925,115.30528217554092,25.870240254249268,38.65445354090776,38.389026996353536,False,False,23.29817821737379,30.96115232134859,35.12809006497264,93.54739896953106,104.10816438496114,499
865,True,10000,500,3904213.476418828,13024.147702846676,114.93795597925782,25.87015981336156,38.65457373338353,38.3902280139771,False,False,23.29822105821222,30.961092406262953,35.260135463128485,93.54713903740048,104.22972650267185,499
866,True,10000,500,3904213.476775204,13023.98871537298,114.61625015363097,25.870485902243185,38.654086505321175,38.3906966542301,False,False,23.300730739720166,30.961065242687862,35.272655077278614,93.5443271882832,104.25342386588456,499
867,True,10000,500,3904213.47713736,13023.764688055962,114.30314322933555,25.870664418490232,38.65381977918131,38.39135702893556,False,False,23.300005705095828,30.961649026721716,35.271374974399805,93.54663919657469,104.27136838436128,499
868,True,10000,500,3904213.477508796,13023.540860041976,113.95656690001488,25.87091040709812,38.653452246722374,38.392016838835985,False,False,23.29990325961262,30.96166905015707,35.27252174293002,93.54717927053571,104.30783045478167,499
869,True,10000,500,3904213.477911992,13022.060986142606,113.37416293099523,25.86911187016355,38.656139608463405,38.39637984586877,False,False,23.298513260670006,30.961235364278156,35.25712868819634,93.54557311162353,104.13748386316003,499
870,True,10000,500,3904213.478273018,13022.443572059274,113.110336009413,25.870407286673068,38.65420396822055,38.395251799961045,False,False,23.297993349842727,30.961188953369856,35.2556686848402,93.5478650033474,104.2552492581308,499
871,True,10000,500,3904213.480777861,13021.115466021001,110.80799112096429,25.87235966913835,38.65128704100548,38.39916797487629,False,False,23.2978182611987,30.961258957783382,35.25769539798299,93.54773480445147,104.51706276275219,499
872,True,10000,500,3904213.481197636,13020.78673010692,110.4414346627891,25.872435461811886,38.65117381299551,38.40013743899899,False,False,23.29764317255467,30.96141867960493,35.25888826698065,93.54800768196583,104.53426502645017,499
873,True,10000,500,3904213.481571022,13020.137176848948,109.9821301177144,25.8720542018662,38.651743390668535,38.40205315878299,False,False,23.298378218896687,30.960998963564634,35.25873180478811,93.54583378881216,104.45514380000533,499
874,True,10000,500,3904213.481934378,13019.914519041777,109.64337410405278,25.872286863602653,38.65139580710232,38.40270988482637,False,False,23.297680774703622,30.961438703040283,35.260858635107674,93.5485489666462,104.49315875768663,499
875,True,10000,500,3904213.482298104,13019.87400976941,109.37714669853449,25.872739204550854,38.65072005302424,38.40282936876555,False,False,23.30064552370459,30.9612190661331,35.2743750748535,93.54460295289755,104.57249049097301,499
876,True,10000,500,3904213.4826516,13019.566132687032,109.03223091736436,25.872813430400136,38.65060916896715,38.403737490506366,False,False,23.30055320635438,30.961275566369295,35.27600830420852,93.54451559484005,104.57935858517887,499
877,True,10000,500,3904213.483009086,13018.929060082883,108.5866061039269,25.872429767492896,38.6511823198159,38.40561675176812,False,False,23.300570668652654,30.961038544774055,35.26243862385551,93.54387121275067,104.5139952749014,499
878,True,10000,500,3904213.483531761,13018.50339397788,108.11734013259411,25.87251714197452,38.65105179030457,38.40687250051268,False,False,23.300318280234933,30.961475645502407,35.246259067207575,93.54532873257995,104.49908548966052,499
879,True,10000,500,3904213.483901457,13017.759702168405,107.64239495620131,25.871978571567542,38.65185637943313,38.40906664736741,False,False,23.298380780033767,30.961078746865194,35.25543864816427,93.54592124000192,104.45222152397038,499
880,True,10000,500,3904213.484260883,13017.295337747782,107.26542863994837,25.8718034250658,38.652118044123426,38.410436809410875,False,False,23.298808257095516,30.96126237263282,35.14696626613537,93.53337539359927,104.21748359687628,499
881,True,10000,500,3904213.484614859,13017.185129225254,106.95460299029946,25.872205463396703,38.65151741372698,38.41076200702068,False,False,23.296758183278143,30.96258221194148,35.30767808357874,93.53532586246729,104.44634725339712,499
882,True,10000,500,3904213.484970795,13017.293287906796,106.72215512022376,25.872888041656456,38.650497709801755,38.41044285792541,False,False,23.296750732697546,30.963769027342398,35.3211909532547,93.54213308542967,104.52968542464079,499
883,True,10000,500,3904213.485326641,13016.75553433597,106.33188020437956,25.87259249324968,38.65093922307578,38.41202968597556,False,False,23.29667832236737,30.96289529154698,35.31329473480582,93.53636093437672,104.50624326243998,499
884,True,10000,500,3904213.485677007,13015.93591272831,105.85861466825008,25.87189839290593,38.651976163998846,38.414448515457806,False,False,23.298963205888867,30.961322442938883,35.29954810316364,93.53379104286432,104.39169103279711,499
885,True,10000,500,3904213.486083293,13015.673095360398,105.4791989736259,25.87213205688732,38.65162707894396,38.41522419445456,False,False,23.29674072097987,30.962292260179918,35.30786465853453,93.53519296273589,104.44183449260892,499
886,True,10000,500,3904213.486431319,13015.696445014328,105.23541225120425,25.8726674003269,38.650827320083934,38.41515527903429,False,False,23.296560742892325,30.963228705028694,35.3180980309844,93.5374217107892,104.50290759094061,499
887,True,10000,500,3904213.487808214,13017.030480783433,103.95186580717564,25.877913056064646,38.642992494545226,38.41121834493141,False,False,23.296765750274062,30.96196862558524,35.30606798206767,93.53496925905347,104.67274486087264,499
888,True,10000,500,3904213.48820428,13016.731994226575,103.57234021648765,25.878075458938053,38.642749982963245,38.41209915221189,False,False,23.296685656532645,30.962655631204445,35.31070798635483,93.53634677827358,104.67580059543253,499
889,True,10000,500,3904213.488572436,13016.411587130278,103.21270301938057,25.878154076374546,38.642632586879515,38.41304469001005,False,False,23.296560742892325,30.96303530037403,35.31494472796718,93.53716317564249,104.6802838239819,499
890,True,10000,500,3904213.488928742,13016.105541028082,102.86396741867065,25.878239626471768,38.642504839357954,38.41394789124515,False,False,23.296540952287614,30.963152026136715,35.31651462738713,93.53729207068682,104.68590977601708,499
891,True,10000,500,3904213.489286558,13015.600736252964,102.48197242617607,25.87799351468294,38.64287234760334,38.415437760573475,False,False,23.296755738556385,30.962565603355568,35.3088746778667,93.53541387245059,104.66598429717125,499
892,True,10000,500,3904213.489642034,13015.128721948713,102.1098461933434,25.877793338187114,38.64317126778846,38.416830957407285,False,False,23.29725818708539,30.96147859469056,35.31137124324838,93.53451170027256,104.67112567275764,499
893,True,10000,500,3904213.48999966,13015.08165197447,101.80039936676621,25.878319143502413,38.642386101459074,38.416969894625815,False,False,23.296665749512613,30.96363864218195,35.3198346371452,93.5382847674191,104.68807173892857,499
894,True,10000,500,3904213.490470995,13014.17585182935,101.26428492367268,25.87757829039214,38.64349240018651,38.419643755598784,False,False,23.29869568347931,30.961402071019013,35.30181494231025,93.53445982560515,104.6451388206333,499
895,True,10000,500,3904213.490831781,13013.884134590626,100.91183893382549,25.87769999129619,38.64331066270743,38.42050496446412,False,False,23.296811035834253,30.96180533369382,35.29650143658122,93.53446951135993,104.63883914053442,499
896,True,10000,500,3904226.15521889,13119.367183186114,107.91927203536034,26.075045914129767,38.35084330409986,38.111594333666034,False,False,23.25966628268361,30.94250774011016,31.50450350173403,93.28152467496693,95.24545311462131,499
897,True,10000,500,3904226.349012845,13115.914430934936,117.03767301514745,26.049853222284145,38.387932226219135,38.12162717535804,False,False,23.27517350204289,30.944539078821737,31.14383372788628,93.3099159039557,97.12267350405452,499
898,True,10000,500,3904226.349880006,13115.097948815674,116.1819719709456,26.049931817324104,38.38781640629729,38.12400044218894,False,False,23.274928680621088,30.944588594138622,31.1384202602009,93.31097560934722,97.1476849960163,499
899,True,10000,500,3904226.350949044,13113.919513300061,115.09084422141314,26.04975685186102,38.388074241413086,38.12742631925588,False,False,23.275298764929175,30.944379046559334,31.14886333545049,93.30742983147502,97.13480275124309,499
900,True,10000,500,3904226.351481208,13113.74881491065,114.63397881016135,26.05033033286671,38.387229153034504,38.127922614431036,False,False,23.282453417778015,30.948368987689417,31.12776360164086,93.31510923802853,97.26110057439652,499
901,True,10000,500,3904226.351925103,13113.446877803653,114.22077380120754,26.05055331463416,38.386900574516396,38.12880050982782,False,False,23.283785907551646,30.950712350507576,31.135383682946365,93.31593019887805,97.3143017524853,499
902,True,10000,500,3904226.352330199,13112.995523028076,113.80603816360235,26.050479929588125,38.38700871165911,38.1301129190456,False,False,23.28355354256928,30.949795773873728,31.13147368033727,93.31506798043847,97.29512303601948,499
903,True,10000,500,3904226.352726065,13112.360118888319,113.35752299055457,26.05010540260073,38.38756060849428,38.131960643740356,False,False,23.27605104073882,30.944342724978924,31.127406905094784,93.31609774380922,97.19737263862041,499
904,True,10000,500,3904226.353104761,13111.514607910067,112.8830979578197,26.049361743391277,38.388656499566636,38.13441962672674,False,False,23.265388677828014,30.94212571159005,31.150793346265953,93.30090382136405,97.07449908368287,499
905,True,10000,500,3904226.353487226,13111.646327655762,112.60728165507317,26.050178448899178,38.387452967419414,38.134036527920536,False,False,23.278213571757078,30.947852414101362,31.125493658085663,93.31720089539886,97.21997385844585,499
906,True,10000,500,3904226.353852652,13111.179563216865,112.219856120646,26.050019453098635,38.38768726451183,38.135394118370506,False,False,23.273528437130153,30.946415693809588,31.132903570930164,93.31367458216846,97.17186455614862,499
907,True,10000,500,3904226.355175238,13110.004995018244,110.92998879030347,26.050250513482847,38.38734677359165,38.138810792978205,False,False,23.282721056602895,30.9484723644952,31.12950036302209,93.31722389906645,97.24028671160337,499
908,True,10000,500,3904226.355542874,13108.54942118749,110.43230490759015,26.048330894348496,38.39017571052747,38.14304572799219,False,False,23.260428570210934,30.94921230028073,31.138913705945015,93.28363100066781,96.70447269920257,499
909,True,10000,500,3904226.35591081,13108.782568015158,110.08889880031347,26.04948631105179,38.38847292645992,38.14236733317841,False,False,23.26481370255351,30.94242901230852,31.11690701916814,93.28919011168182,97.05705556087193,499
910,True,10000,500,3904226.356293796,13108.459741808474,109.72335189580917,26.049571923672673,38.38834676170802,38.14330667738839,False,False,23.269908502697945,30.944062396883965,31.158236631502707,93.29002588056028,97.08676800131795,499
911,True,10000,500,3904226.356659202,13108.15261490643,109.3694563023746,26.04966564850512,38.38820864318409,38.14420038346259,False,False,23.2749410206452,30.944202405711014,31.153706678499777,93.30191188491881,97.11257118731734,499
912,True,10000,500,3904226.357024478,13108.253114391118,109.10090943798423,26.05040522034696,38.38711880070636,38.143907936219705,False,False,23.293818230740726,30.94508560995261,31.178489948312443,93.47319435328245,97.45900716166942,499
913,True,10000,500,3904226.364459187,13101.934463251382,101.78175941109657,26.052410228136843,38.3841645069749,38.162303543985196,False,False,23.29257340170443,30.947279029836256,31.17431638141473,93.45748177729547,97.88460091687735,499
914,True,10000,500,3904226.364895252,13101.831353735179,101.35515406727791,26.053058516368537,38.38320937911082,38.16260387578992,False,False,23.29059096518904,30.952215660363436,31.166230017940205,93.47487506456673,98.07981257326897,499
915,True,10000,500,3904226.365285488,13101.499537937343,100.97376815974712,26.053157855265724,38.38306302657608,38.16357040292797,False,False,23.291283519938588,30.94927578543623,31.1706632686158,93.48206319846213,98.10619778931137,499
916,True,10000,500,3904226.365656604,13101.964252069592,100.70254094898701,26.054632687616444,38.38089033875699,38.16221677761178,False,False,23.294808226637542,30.95342901845773,31.204029296835262,93.46224791370332,98.50994365755464,499
917,True,10000,500,3904226.36602889,13101.200911216438,100.30247503891587,26.05390468171848,38.38196278892817,38.16444029737235,False,False,23.293693200685084,30.954362048457067,31.186909570048254,93.4685321059078,98.30395558848973,499
918,True,10000,500,3904226.366390006,13100.64541688189,99.9058187007904,26.0535863691004,38.38243172487001,38.16605854820594,False,False,23.293173289857805,30.949589020262163,31.171046818296116,93.47803420387208,98.2151026744395,499
919,True,10000,500,3904226.366751162,13100.431089289486,99.57111300900578,26.053827607776515,38.38207633267371,38.166682958149735,False,False,23.29388097859919,30.953421878317993,31.182366733749706,93.47054804675281,98.28460345044728,499
920,True,10000,500,3904226.367525423,13099.753466900438,98.81550213322043,26.053983897329093,38.38184609082047,38.1686572394943,False,False,23.293998325243592,30.955065817882616,31.191129703074694,93.46532197669148,98.32520781084891,499
921,True,10000,500,3904226.367889859,13099.67772802338,98.46018627285957,26.054544171844732,38.38102073114094,38.16887792059029,False,False,23.294338257983327,30.953435692936182,31.199836016943056,93.46012533642352,98.48225296009328,499
922,True,10000,500,3904226.368257285,13098.878496792167,98.0564197525382,26.053751657394045,38.3821882218717,38.17120680388377,False,False,23.293500766158104,30.946069086591404,31.17440299441417,93.47423780709505,98.25852371286597,499
923,True,10000,500,3904226.368635131,13098.345522768795,97.65216382220387,26.05349370530379,38.38256823868604,38.172759997119655,False,False,23.2929359190166,30.952202311406534,31.183749592552584,93.47838503308594,98.19209841080006,499
924,True,10000,500,3904226.368990657,13097.842798102647,97.27813908830285,26.053235789607903,38.382948209407424,38.17422515350619,False,False,23.29283580183983,30.947872282316286,31.175250032295782,93.48053415305912,98.12617131043221,499
925,True,10000,500,3904226.369346833,13097.739259246737,96.9576919451356,26.053670475554313,38.38230781871145,38.1745269243324,False,False,23.293555714190006,30.94614561026295,31.17486306776603,93.47630911506712,98.23702609166499,499
926,True,10000,500,3904226.369751579,13097.132456023246,96.5263769030571,26.05331879583204,38.38282592081812,38.17629558828007,False,False,23.292930680327117,30.94870860998829,31.179473114510376,93.48030709661543,98.14530489034946,499
927,True,10000,500,3904226.370668219,13096.65855113417,185.45293621718884,25.874159548931825,38.64859834804889,38.17767700423862,False,False,23.29429076053202,30.943595649053652,31.118393720438082,93.45754878595471,98.37290075607599,499
928,True,10000,500,3904226.371067165,13095.8665991202,184.84520306810737,25.873790372849882,38.64914979945609,38.179985739438635,False,False,23.297281004488468,30.94692559291919,31.10465733334422,93.40008916333318,98.50152933038773,499
929,True,10000,500,3904226.37147339,13097.97604708001,184.50572667643428,25.878698036880913,38.64182033326616,38.17383679759189,False,False,23.294513230212033,30.946712320049603,31.103290617465973,93.39520605280995,99.7749664541334,499
930,True,10000,500,3904226.371839176,13098.033206071705,184.23918029293418,25.879346745047634,38.64085171281859,38.17367020937317,False,False,23.2965782051906,30.94545565545559,31.099280652900536,93.3835031464696,99.91765713319184,499
931,True,10000,500,3904226.372206872,13097.950837109238,183.9045532979071,25.879852272166996,38.640096917225065,38.17391027178047,False,False,23.29527575057,30.947005686660606,31.09713736921549,93.37316704913974,100.07698276080193,499
932,True,10000,500,3904226.372564088,13097.121515776962,183.48303809762,25.879035025409504,38.6413171518236,38.17632747758304,False,False,23.295943276025355,30.945935597022373,31.099677241096895,93.36659293621778,99.84443520195784,499
933,True,10000,500,3904226.372920124,13096.62697231397,183.09667194262147,25.878818237217132,38.64164085212627,38.17776905893333,False,False,23.295225691981614,30.94976240148147,31.10126731917262,93.36539702489972,99.78632614016534,499
934,True,10000,500,3904226.37328245,13096.21696639806,182.70776700228453,25.878775950692937,38.64170399346974,38.17896429807839,False,False,23.294863174669445,30.94661235809326,31.10258700326085,93.3670517988503,99.79894101619722,499
935,True,10000,500,3904226.373714016,13095.631991978735,182.18544218689203,25.878650400384455,38.64189146375052,38.1806697306596,False,False,23.296925704926252,30.94733227044344,31.128797059257824,93.3914271183312,99.67049357481302,499
936,True,10000,500,3904226.374079952,13095.652300864458,181.97847390547395,25.87910586564927,38.64121137691058,38.18061051964509,False,False,23.2962085865438,30.945715649674337,31.100424006581306,93.38271683081985,99.8615290503949,499
937,True,10000,500,3904226.374436678,13095.484453253448,181.65178829804063,25.87942417826735,38.64073609643006,38.18109988865511,False,False,23.29716074746102,30.947052408009768,31.09829065700372,93.37376691401005,99.93912578560413,499
938,True,10000,500,3904226.374790814,13094.802831299603,181.23588245362043,25.87889168105407,38.64153118783289,38.18308732414699,False,False,23.295388207770884,30.946275529762108,31.100777288277943,93.36524326354265,99.80499822646381,499
939,True,10000,500,3904226.37515001,13093.884490896016,180.70841813459992,25.878108362247325,38.64270084976015,38.18576529735256,False,False,23.296655737794936,30.948045663535595,31.12979031478365,93.3946967124939,99.48160181753339,499
940,True,10000,500,3904226.375499606,13094.14177807048,180.5371199734509,25.87896725069545,38.64141834999721,38.185014984134284,False,False,23.295970750041306,30.946088954806328,31.100040612121422,93.36654096841812,99.82539619319142,499
941,True,10000,500,3904226.375900542,13094.308926258236,180.1051152870059,25.880167957858177,38.63962558621506,38.184527554359256,False,False,23.295248276554048,30.947078950703144,31.093187474956114,93.37375517934561,100.1030374877155,499
942,True,10000,500,3904226.376265198,13093.51361496374,179.80311810970306,25.8791793524129,38.641101650959534,38.186846915451476,False,False,23.29647832084447,30.945652319739263,31.100514034430187,93.38307520374656,99.88240270875396,499
943,True,10000,500,3904226.376619904,13092.780102975667,179.59294002503157,25.87813058707542,38.64266766237899,38.18898630141679,False,False,23.297473439015448,30.947079105923574,31.128893606364727,93.40028678998351,99.69671963714065,499
944,True,10000,500,3904226.37697136,13092.855042312294,179.45790197700262,25.878551383437458,38.64203931600323,38.18876771980944,False,False,23.28887570183724,30.94779218857487,31.088807775328558,93.37208699434996,100.23157465271653,499
945,True,10000,500,3904226.378063428,13094.195897690952,178.3318636007607,25.883495058296976,38.63465879502425,38.184857161650584,False,False,23.288990720175207,30.947408949335415,31.088930554687977,93.37236285209656,101.34103535674515,499
946,True,10000,500,3904226.378467874,13093.507424928248,177.87848878651857,25.883023920123705,38.63536204602869,38.186864968516254,False,False,23.29771826043725,30.947942286729813,31.088787751893204,93.39032489806414,101.21881565079096,499
947,True,10000,500,3904226.37884238,13093.370256014168,177.54298215731978,25.883421390494686,38.63476875461432,38.18726502218444,False,False,23.288891068659723,30.94752241546909,31.088920620580513,93.37240289896727,101.31927388720217,499
948,True,10000,500,3904226.379217386,13092.809002380818,177.138427272439,25.883107364946653,38.63523748907731,38.1889020078945,False,False,23.29745574388653,30.948082450777292,31.088694464415312,93.39084895327687,101.2414290942252,499
949,True,10000,500,3904226.379591162,13091.858493164182,176.6451820731163,25.88219100419051,38.63660537232311,38.19167463970614,False,False,23.29302823636681,30.948479038973648,31.10854374244809,93.37081704288721,100.91630727984014,499
950,True,10000,500,3904226.379970137,13091.806273907423,176.30143696442246,25.88277522433467,38.63573327561151,38.191826974748565,False,False,23.291933233849704,30.950255536784727,31.108823760102194,93.36483795195818,101.11390908248725,499
951,True,10000,500,3904226.380349053,13091.955001931638,176.05495871976018,25.883567220865487,38.634551082814866,38.19139310563075,False,False,23.28881318680942,30.94774903729558,31.088974016408127,93.37207302451134,101.36221996508542,499
952,True,10000,500,3904226.38244174,13089.724566787481,173.9341327920556,25.883347563117084,38.634878953021015,38.19790076168971,False,False,23.288818541914225,30.947675773253042,31.089070718735456,93.37255703285336,101.2987476307899,499
953,True,10000,500,3904226.382845076,13089.549138210714,173.5936664044857,25.883678300212882,38.63438528332256,38.198412697073834,False,False,23.288971045985818,30.947869022687275,31.084534401694935,93.3723776601255,101.40318278223279,499
954,True,10000,500,3904226.383234332,13088.59640918672,173.0471421033144,25.882864262692195,38.63560036674185,38.20119318898521,False,False,23.292220779694617,30.94793235262235,31.089377434303362,93.36544601246715,101.13875417970124,499
955,True,10000,500,3904226.383617218,13088.264731690288,172.67424473538995,25.882946867645085,38.63547706192789,38.20216126812919,False,False,23.293346050195396,30.94789230575164,31.08899062499404,93.36604112759233,101.1621214449406,499
956,True,10000,500,3904226.383990733,13087.939347140491,172.310640104115,25.88302346099474,38.63536273136646,38.203111027500455,False,False,23.29348342027515,30.9480222252508,31.088524032384157,93.36650501936674,101.23429363593462,499
957,True,10000,500,3904226.384362049,13087.760027963668,172.00359422713518,25.883279426325718,38.634980657934186,38.203634459348756,False,False,23.288816097192466,30.947801967461903,31.088607230534155,93.3724332600832,101.2838616408408,499
958,True,10000,500,3904226.384728665,13087.709778919816,171.71853687614202,25.88374998405546,38.63427828718813,38.20378113864832,False,False,23.289078497327864,30.94793561225136,31.084090936928988,93.37287796661258,101.42305448651317,499
959,True,10000,500,3904226.385148191,13086.92787727341,171.4749690145254,25.88267115883544,38.635888616876194,38.20606369110458,False,False,23.28894822858274,30.947898669789236,31.088620889931917,93.37319983169436,101.26428957097235,499
960,True,10000,500,3904226.385513747,13086.835348047316,171.23941099271178,25.882957789688586,38.63546075859948,38.206333823448375,False,False,23.285715957172215,30.945719064523775,31.080277636647224,93.39739065617323,101.67822893708946,499
961,True,10000,500,3904226.385873633,13088.641588110477,170.86933506652713,25.88731914437665,38.62895166636921,38.20106132741785,False,False,23.2834235066548,30.94578239445885,31.08020080253482,93.39707288891077,102.71220444701615,499
962,True,10000,500,3904226.386238319,13088.089263997972,170.39569094777107,25.88716146903848,38.629186950296514,38.20267343189458,False,False,23.285366012714803,30.94774903729558,31.079684384167194,93.38696366176009,102.62922110036018,499
963,True,10000,500,3904226.386590955,13087.833537254483,170.09844398126006,25.88724467589824,38.62906278824754,38.203419884333904,False,False,23.285675910301507,30.94582911580801,31.079987684885662,93.41733483597636,102.67065113410357,499
964,True,10000,500,3904226.386942461,13087.857496924698,169.87162688747048,25.887747234543543,38.62831288253778,38.20334994612272,False,False,23.285245755687356,30.947492302705843,31.080590561032295,93.39299649000168,102.86017536185685,499
965,True,10000,500,3904226.387379997,13087.467111181468,169.44290092214942,25.88782406865595,38.62819823512182,38.204489512933925,False,False,23.28537602443248,30.947502236813307,31.08067422484358,93.39317306876183,102.88248894736174,499
966,True,10000,500,3904226.387734733,13086.641910020262,168.94333576783538,25.88717149148783,38.62917199466222,38.206898564035505,False,False,23.28544855117798,30.946085695177317,31.07999435936411,93.38754275813699,102.64961923472586,499
967,True,10000,500,3904226.388089439,13085.750840138644,168.45457209274173,25.886365266625052,38.630375091295136,38.2095002501746,False,False,23.288948577828705,30.95275241260727,31.092587392777205,93.38755095377564,102.34449199400845,499
968,True,10000,500,3904226.388441905,13085.828979033977,168.16902486607432,25.887094096528863,38.62928748476592,38.20927209129024,False,False,23.2853110646829,30.947739103188116,31.0793942771852,93.38643569499254,102.63560406863692,499
969,True,10000,500,3904226.388793191,13085.961117874831,168.01264695823193,25.887672286406012,38.62842471646685,38.20888626338822,False,False,23.28458079136908,30.945552202562492,31.0804839245975,93.39352902024984,102.82861151732507,499
970,True,10000,500,3904226.389145257,13085.466912947595,167.61778108775616,25.88747321013996,38.62872177143601,38.210329316202554,False,False,23.282745969481766,30.945762060582638,31.080264287690323,93.39772276580334,102.75732289999726,499
971,True,10000,500,3904226.389543493,13085.11641714722,167.22909500822425,25.887549743765522,38.628607569970164,38.21135281186964,False,False,23.2784659601748,30.94571192438404,31.080247679104406,93.3934492059052,102.77802446857098,499
972,True,10000,500,3904226.389893499,13084.269986022264,166.6698008775711,25.88697431892724,38.62946622034738,38.21382473260967,False,False,23.283813265152276,30.948325370748837,31.079717290898163,93.38586870580912,102.5367003399879,499
973,True,10000,500,3904226.390255475,13084.213497117162,166.47772397845984,25.88724603835411,38.62906075518488,38.213989714411554,False,False,23.285758215934038,30.945805677523214,31.080143991857767,93.39205296710134,102.69016974605623,499
974,True,10000,500,3904226.390602081,13083.616343792528,165.99705908447504,25.887012594605316,38.62940910410008,38.21573385077308,False,False,23.285033414140344,30.94839568560322,31.07964402685563,93.38599890470505,102.56193866021934,499
975,True,10000,500,3904226.390947468,13083.7581907399,165.96917901188135,25.887352728913864,38.628901551725264,38.21531953669685,False,False,23.27839855570346,30.945692366609972,31.080187608798344,93.39354299008846,102.79795907437804,499
976,True,10000,500,3904226.391292564,13083.268196787685,165.60540301725268,25.887099787115094,38.629278993150656,38.21675077506737,False,False,23.28064595349133,30.944482268144686,31.084810694058735,93.35059113800526,102.97473520971838,499
977,True,10000,500,3904226.39167342,13084.493943024427,165.26196571066976,25.890244443514543,38.62458704017752,38.21317065659683,False,False,23.28859327826649,30.950619063029688,31.08648754035433,93.35896577686071,103.68112664669755,499
978,True,10000,500,3904226.392024306,13083.682151976973,164.85561104491353,25.889431945755632,38.625799210088196,38.215541633625584,False,False,23.2804159168154,30.94463236629963,31.086727355917294,93.34968300536275,103.47531019710007,499
979,True,10000,500,3904226.392365772,13083.237247075886,164.50393525883555,25.889245113861826,38.62607795638553,38.21684118062985,False,False,23.279920918866992,30.944815681626398,31.105447405328352,93.35789177566767,103.38768066838387,499
980,True,10000,500,3904226.392704108,13083.32040719688,164.20235903933644,25.89001612857223,38.62492765681979,38.21659826697814,False,False,23.28267355915159,30.94459231942892,31.08428760121266,93.35810700431466,103.6027991678566,499
981,True,10000,500,3904226.393050545,13083.048269152641,163.87550113722682,25.89012578760604,38.624764058841066,38.21739320330306,False,False,23.288691067136824,30.945472264041502,31.08679410070181,93.35850970819592,103.63737396895888,499
982,True,10000,500,3904226.393390721,13082.365966867656,163.49748568609357,25.88951599435183,38.62567381399345,38.2193864065795,False,False,23.28071102965623,30.944279084602993,31.085534021258354,93.34974093362689,103.49987301044169,499
983,True,10000,500,3904226.502918856,13102.606075815856,117.53809684887528,26.022180318571106,38.4287553063467,38.16034742301193,False,False,23.279710905626416,30.951234729339678,31.318920313690974,93.3535248041153,103.24659850448361,499
984,True,10000,500,3904226.503773766,13102.37852903083,116.78547598421574,26.0232325712357,38.42720143481835,38.16101014729152,False,False,23.28195353038609,30.946245634307463,31.320161963036774,93.35457608103752,103.54828098788849,499
985,True,10000,500,3904226.505187391,13100.654397159815,115.29173236340284,26.022770871335496,38.42788321598436,38.166032386015665,False,False,23.280113469809294,30.95208629965782,31.31976853745666,93.35297914221883,103.40808050706974,499
986,True,10000,500,3904226.505709125,13100.654157809913,114.90935599431396,26.02353667698517,38.42675238236873,38.166033083311845,False,False,23.288668249733746,30.950791699190933,31.312331322890888,93.35581273771822,103.61143291462204,499
987,True,10000,500,3904226.50615652,13100.4963289015,114.48344122618437,26.024073923197022,38.425959092770334,38.166492890573245,False,False,23.288343334570527,30.951115023344755,31.313120126724115,93.3559590484947,103.64073766395441,499
988,True,10000,500,3904226.506559136,13099.385821260512,113.9682661741972,26.02288087191646,38.427720778570155,38.16972847600931,False,False,23.28142325859517,30.945905670523643,31.320017940209432,93.35357719101012,103.46702009905121,499
989,True,10000,500,3904226.506939512,13099.34192057699,113.64423995837569,26.023442245728685,38.42689182151271,38.169856396723205,False,False,23.282228503376245,30.946505659570295,31.32019191514688,93.35497892461717,103.56739641167215,499
990,True,10000,500,3904226.507313368,13099.010025151074,113.29697398468852,26.02347304842963,38.426846337497004,38.17082352330159,False,False,23.279975983314216,30.952100983510412,31.318990974686912,93.35274873301387,103.35363149642936,499
991,True,10000,500,3904226.507676464,13098.388731945306,112.86732787266374,26.02308898611752,38.427413460925706,38.17263407220184,False,False,23.281668545678258,30.946126952767372,31.31998224028684,93.35400788113475,103.47064554691306,499
992,True,10000,500,3904226.508889331,13097.100966144353,111.64714116603136,26.022953557070785,38.42761344544945,38.176387377060486,False,False,23.281255969777703,30.949530346939962,31.329796757393698,93.35631323046982,103.69168958626679,499
993,True,10000,500,3904226.509273076,13096.834599040449,111.27831600606441,26.02315888383644,38.42731024561058,38.17716381915925,False,False,23.27959844842553,30.949428987999756,31.329920215066394,93.35642415098846,103.926734086126,499
994,True,10000,500,3904226.509635132,13096.769249998033,110.99073896184564,26.02360423053344,38.42665263202482,38.17735431202433,False,False,23.280425928533077,30.951237957924604,31.325892086606345,93.36063405498862,104.02242040261618,499
995,True,10000,500,3904226.509993928,13096.201595850289,110.57403404265642,26.023301727069402,38.42709931614102,38.179009107375975,False,False,23.280388209968805,30.950480854759615,31.328401821665338,93.35805210284889,103.94417898263774,499
996,True,10000,500,3904226.510357055,13095.540473237634,110.13040831312537,26.02286586157216,38.42774294420413,38.18093655789253,False,False,23.28032604418695,30.95085108652711,31.327314814552533,93.36068793199956,103.98761953692875,499
997,True,10000,500,3904226.510712061,13095.527863129973,109.8638609983027,26.023374753770884,38.42699148215188,38.180973323552195,False,False,23.279946064576507,30.949570331722498,31.3293328353513,93.35655402392149,103.93996932543806,499
998,True,10000,500,3904226.511116196,13095.32776614651,109.51698524877429,26.02366889959466,38.42655714143273,38.181556729918505,False,False,23.28045351896435,30.951259502520163,31.3255007844417,93.36060588248074,104.02997297234825,499
999,True,10000,500,3904226.511965227,13095.652972348034,108.7392340414226,26.02587923508339,38.42329363658848,38.18060856192271,False,False,23.28122081235051,30.949404959877334,31.292796218767634,93.3562540449202,103.80450462456784,499
1000,True,10000,500,3904226.512354343,13095.308234915137,108.35821693763137,26.02595193983468,38.423186299265566,38.18161367648329,False,False,23.281075758859515,30.949249366919197,31.329236529612167,93.35715402849019,103.85605595074585,499
1001,True,10000,500,3904226.512717759,13094.853850081563,107.9782024025917,26.02580290116026,38.4234063324678,38.18293855924827,False,False,23.280308581888676,30.950687018533547,31.326647850219032,93.36042385548353,103.98080041632048,499
1002,True,10000,500,3904226.513082155,13094.836290925741,107.710475102067,26.0263042401276,38.422666190852816,38.18298975959572,False,False,23.281196015886962,30.949728066722553,31.327900898953153,93.35686131380498,103.9298074040561,499
1003,True,10000,500,3904226.513439911,13094.606913160533,107.3935478925705,26.026479689915753,38.42240717585256,38.18365860967409,False,False,23.2811460737139,30.95027428741256,31.32738968745482,93.35712003521621,103.93643233925096,499
1004,True,10000,500,3904226.513795377,13094.16380757466,107.0048320107162,26.026370692512913,38.42256808736199,38.1849507420063,False,False,23.280408466234803,30.95057768126329,31.326854234405978,93.3597560506314,103.97383611183605,499
1005,True,10000,500,3904226.514156033,13093.635434284806,106.61294730380177,26.026097168298605,38.422971893690686,38.186491636294036,False,False,23.281053523533046,30.949575640261173,31.328985657698034,93.35665390826762,103.9184535155072,499
1006,True,10000,500,3904226.514579409,13093.51051505655,106.26135999336839,26.02655141295227,38.42230129276152,38.18685595624166,False,False,23.2804809929803,30.951020400971174,31.32526296346125,93.36077580228448,104.01150036603204,499
1007,True,10000,500,3904226.514939975,13092.810262925923,105.82131519913673,26.0260299553643,38.423071122066666,38.188898331156466,False,False,23.281198227778077,30.949445720762014,31.32891135135032,93.35661218501627,103.86537023354313,499
1008,True,10000,500,3904226.515300141,13092.405396979302,105.45239876955748,26.025957912243978,38.42317748195341,38.19007927415391,False,False,23.276360938325524,30.947827454656363,31.29503115468335,93.35637306794524,104.13122259080401,499
1009,True,10000,500,3904226.515651077,13092.354077845812,105.1571317948401,26.02644678567329,38.42245575183422,38.190228970821494,False,False,23.27627595514059,30.947891622781754,31.292977031164984,93.35758918896317,104.25053069367996,499
1010,True,10000,500,3904226.516004923,13091.519406996667,104.68265833333135,26.025724947221114,38.423521420746226,38.19266385021579,False,False,23.276490974240005,30.94849564755956,31.297576307163755,93.35627281107008,104.1008203662931,499
1011,True,10000,500,3904226.516359509,13091.108901891857,104.31921202689409,26.02563064101195,38.42366065182569,38.193861478590456,False,False,23.27640843577683,30.94862426320712,31.298376142512875,93.3564676437527,104.0626566624268,499
1012,True,10000,500,3904226.516725055,13091.109312139452,104.0510549210012,26.026168852141183,38.42286606534982,38.19386028167586,False,False,23.276363732293248,30.94765031710267,31.294169067405033,93.3582631405443,104.23013411462298,499
1013,True,10000,500,3904226.517139951,13090.990191791207,103.70843764394522,26.026616741778078,38.42220484980647,38.19420782344856,False,False,23.276770953089,30.946685653179884,31.29171298118295,93.35748720914125,104.28099878132336,499
1014,True,10000,500,3904226.517496377,13090.378058608621,103.2884125597775,26.026231755608904,38.42277320013837,38.19599386369022,False,False,23.276333580724895,30.94778892894586,31.29347248856586,93.35801675915718,104.2427144572138,499
1015,True,10000,500,3904226.518432436,13090.402970090508,102.45456313714385,26.02795271934542,38.420232693013325,38.19592117541535,False,False,23.276550928130746,30.948324967175722,31.295982411441575,93.35578097961843,104.1092514107003,499
1016,True,10000,500,3904226.518807292,13090.129373129457,102.09661582484841,26.02812175812547,38.41998317407669,38.196719508851196,False,False,23.276303545571864,30.948296251396336,31.294977566382407,93.35638103075325,104.16990224272004,499
1017,True,10000,500,3904226.519172558,13089.806416071951,101.73933999612927,26.02819053321808,38.41988165576725,38.19766191393702,False,False,23.276190971955657,30.947901556889214,31.294676336304466,93.35673968307674,104.20634839683763,499
1018,True,10000,500,3904226.519531745,13089.652806986123,101.4178330078721,26.028527001960423,38.419385004947905,38.19811016936548,False,False,23.27686094213277,30.946639645844698,31.29089523262021,93.35773782804608,104.28680468350642,499
1019,True,10000,500,3904226.519892171,13089.21306207776,101.04282712563872,26.02839726443311,38.41957650486858,38.19939347221771,False,False,23.276391089893878,30.947944118330877,31.292052747060726,93.35714871995151,104.25463664811096,499
1020,True,10000,500,3904226.520253557,13088.770837057382,100.66628130152822,26.028265642797304,38.41977078779069,38.200684099715666,False,False,23.276368505321443,30.947752265880506,31.293978234752885,93.35744068957865,104.22107634600243,499
1021,True,10000,500,3904226.520607623,13088.457730133086,100.32015526667237,26.028331813359546,38.419673115075724,38.20159795060253,False,False,23.27631856314838,30.94771560281515,31.293060819928716,93.35810327902436,104.23583243973545,499
1022,True,10000,500,3904226.520960099,13087.932126130909,99.93574908003211,26.028048851805362,38.42009079104052,38.20313210531688,False,False,23.27621344011277,30.94830373302102,31.295485858184467,93.35627094842494,104.16357679292551,499
1023,True,10000,500,3904226.521419344,13087.726328056306,99.52282393351197,26.028463936117824,38.41947809345645,38.20373283082367,False,False,23.27644859906286,30.947892429927986,31.291603377709656,93.35711281746626,104.2746873199939,499
