12:48:23 203529 237229 237197 238610 3588 3588 3588 3588 
12:49:23 203529 237229 237197 238351 3588 3588 3588 3588 
12:50:23 203529 237229 237197 238095 2898 3120 3588 3588 
12:51:23 203529 237229 237197 237701 2898 2898 2955 3588 
12:52:23 203433 237132 237100 237005 2518 2898 2898 2898 
12:53:23 203430 8537 237098 237002 2007 2800 2800 2800 
12:54:23 203430 8537 237098 237002 1273 2800 2800 2800 
12:55:24 203430 8537 237098 237002 579 2474 2800 2800 
12:56:24 203430 8537 237098 237002 579 1985 2800 2800 
12:57:24 203430 8537 237098 237002 579 1462 2800 2800 
12:58:24 203430 8537 237098 237002 579 579 2730 2800 
12:59:24 203430 8537 237098 237002 579 579 2172 2800 
13:00:24 203430 8537 237098 237002 579 579 1810 2800 
13:01:24 203430 8537 237098 237002 579 579 1476 2800 
13:02:24 203430 8537 237098 237002 579 579 972 2800 
13:03:24 203430 8537 237098 237002 579 579 579 2072 
13:04:24 203430 8537 237098 237002 579 579 579 1403 
13:05:24 203236 8343 236904 236808 385 385 385 604 
13:06:24 283 283 283 283 283 283 283 283 
13:07:24 283 283 283 283 283 283 283 283 
13:08:24 283 283 283 283 283 283 283 283 
13:09:24 283 283 283 283 283 283 283 283 
13:10:25 283 283 283 283 283 283 283 283 
13:11:25 283 283 283 283 283 283 283 283 
13:12:25 283 283 283 283 283 283 283 283 
13:13:25 283 283 283 283 283 283 283 283 
13:14:25 283 283 283 283 283 283 283 283 
13:15:25 283 283 283 283 283 283 283 283 
13:16:25 283 283 283 283 283 283 283 283 
13:17:25 283 283 283 283 283 283 283 283 
13:18:25 283 283 283 283 283 283 283 283 
13:19:25 283 283 283 283 283 283 283 283 
13:20:25 283 283 283 283 283 283 283 283 
13:21:25 283 283 283 283 283 283 283 283 
13:22:25 283 283 283 283 283 283 283 283 
13:23:25 283 283 283 283 283 283 283 283 
13:24:25 283 283 283 283 283 283 283 283 
13:25:25 283 283 283 283 283 283 283 283 
13:26:26 283 283 283 283 283 283 283 283 
13:27:26 283 283 283 283 283 283 283 283 
13:28:26 283 283 283 283 283 283 283 283 
13:29:26 283 283 283 283 283 283 283 283 
13:30:26 283 283 283 283 283 283 283 283 
13:31:26 283 283 283 283 283 283 283 283 
13:32:26 283 283 283 283 283 283 283 283 
13:33:26 283 283 283 283 283 283 283 283 
13:34:26 283 283 283 283 283 283 283 283 
13:35:26 283 283 283 283 283 283 283 283 
13:36:26 283 283 283 283 283 283 283 283 
13:37:26 283 283 283 283 283 283 283 283 
13:38:26 283 283 283 283 283 283 283 283 
13:39:26 283 283 283 283 283 283 283 283 
13:40:27 283 283 283 283 283 283 283 283 
13:41:27 283 283 283 283 283 283 283 283 
13:42:27 283 283 283 283 283 283 283 283 
13:43:27 283 283 283 283 283 283 283 283 
13:44:27 283 283 283 283 283 283 283 283 
13:45:27 283 283 283 283 283 283 283 283 
13:46:27 283 283 283 283 283 283 283 283 
13:47:27 283 283 283 283 283 283 283 283 
13:48:27 283 283 283 283 283 283 283 283 
13:49:27 283 283 283 283 283 283 283 283 
13:50:27 283 283 283 283 283 283 283 283 
13:51:27 283 283 283 283 283 283 283 283 
13:52:27 283 283 283 283 283 283 283 283 
13:53:27 283 283 283 283 283 283 283 283 
13:54:27 283 283 283 283 283 283 283 283 
13:55:27 283 283 283 283 283 283 283 283 
13:56:28 283 283 283 283 283 283 283 283 
13:57:28 283 283 283 283 283 283 283 283 
13:58:28 283 283 283 283 283 283 283 283 
13:59:28 283 283 283 283 283 283 283 283 
14:00:28 283 283 283 283 283 283 283 283 
14:01:28 283 283 283 283 283 283 283 283 
14:02:28 283 283 283 283 283 283 283 283 
14:03:28 283 283 283 283 283 283 283 283 
14:04:28 283 283 283 283 283 283 283 283 
14:05:28 283 283 283 283 283 283 283 283 
14:06:28 283 283 283 283 283 283 283 283 
14:07:28 283 283 283 283 283 283 283 283 
14:08:28 283 283 283 283 283 283 283 283 
14:09:28 283 283 283 283 283 283 283 283 
14:10:28 283 283 283 283 283 283 283 283 
14:11:29 283 283 283 283 283 283 283 283 
14:12:29 283 283 283 283 283 283 283 283 
14:13:29 283 283 283 283 283 283 283 283 
14:14:29 283 283 283 283 283 283 283 283 
14:15:29 283 283 283 283 283 283 283 283 
14:16:29 283 283 283 283 283 283 283 283 
14:17:29 283 283 283 283 283 283 283 283 
14:18:29 283 283 283 283 283 283 283 283 
14:19:29 283 283 283 283 283 283 283 283 
14:20:29 283 283 283 283 283 283 283 283 
14:21:29 283 283 283 283 283 283 283 283 
14:22:29 283 283 283 283 283 283 283 283 
14:23:29 283 283 283 283 283 283 283 283 
14:24:29 283 283 283 283 283 283 283 283 
14:25:29 283 283 283 283 283 283 283 283 
14:26:30 283 283 283 283 283 283 283 283 
14:27:30 283 283 283 283 283 283 283 283 
14:28:30 283 283 283 283 283 283 283 283 
14:29:30 283 283 283 283 283 283 283 283 
14:30:30 283 283 283 283 283 283 283 283 
14:31:30 283 283 283 283 283 283 283 283 
14:32:30 283 283 283 283 283 283 283 283 
14:33:30 283 283 283 283 283 283 283 283 
14:34:30 283 283 283 283 283 283 283 283 
14:35:30 283 283 283 283 283 283 283 283 
14:36:30 283 283 283 283 283 283 283 283 
14:37:30 283 283 283 283 283 283 283 283 
14:38:30 283 283 283 283 283 283 283 283 
14:39:30 283 283 283 283 283 283 283 283 
14:40:30 283 283 283 283 283 283 283 283 
14:41:31 283 283 283 283 283 283 283 283 
14:42:31 283 283 283 283 283 283 283 283 
14:43:31 283 283 283 283 283 283 283 283 
14:44:31 283 283 283 283 283 283 283 283 
14:45:31 283 283 283 283 283 283 283 283 
14:46:31 283 283 283 283 283 283 283 283 
14:47:31 283 283 283 283 283 283 283 283 
14:48:31 283 283 283 283 283 283 283 283 
14:49:31 283 283 283 283 283 283 283 283 
14:50:31 283 283 283 283 283 283 283 283 
14:51:31 283 283 283 283 283 283 283 283 
14:52:31 283 283 283 283 283 283 283 283 
14:53:31 283 283 283 283 283 283 283 283 
14:54:31 283 283 283 283 283 283 283 283 
14:55:31 283 283 283 283 283 283 283 283 
14:56:32 283 283 283 283 283 283 283 283 
14:57:32 283 283 283 283 283 283 283 283 
14:58:32 283 283 283 283 283 283 283 283 
14:59:32 283 283 283 283 283 283 283 283 
15:00:32 283 283 283 283 283 283 283 283 
15:01:32 283 283 283 283 283 283 283 283 
15:02:32 283 283 283 283 283 283 283 283 
15:03:32 283 283 283 283 283 283 283 283 
15:04:32 283 283 283 283 283 283 283 283 
15:05:32 283 283 283 283 283 283 283 283 
15:06:32 283 283 283 283 283 283 283 283 
15:07:32 283 283 283 283 283 283 283 283 
15:08:32 283 283 283 283 283 283 283 283 
15:09:32 283 283 283 283 283 283 283 283 
15:10:32 283 283 283 283 283 283 283 283 
15:11:33 283 283 283 283 283 283 283 283 
15:12:33 283 283 283 283 283 283 283 283 
15:13:33 283 283 283 283 283 283 283 283 
15:14:33 283 283 283 283 283 283 283 283 
15:15:33 283 283 283 283 283 283 283 283 
15:16:33 283 283 283 283 283 283 283 283 
15:17:33 283 283 283 283 283 283 283 283 
15:18:33 283 283 283 283 283 283 283 283 
15:19:33 283 283 283 283 283 283 283 283 
15:20:33 283 283 283 283 283 283 283 283 
15:21:33 283 283 283 283 283 283 283 283 
15:22:33 283 283 283 283 283 283 283 283 
15:23:33 283 283 283 283 283 283 283 283 
15:24:33 283 283 283 283 283 283 283 283 
15:25:33 283 283 283 283 283 283 283 283 
15:26:34 283 283 283 283 283 283 283 283 
15:27:34 283 283 283 283 283 283 283 283 
15:28:34 283 283 283 283 283 283 283 283 
15:29:34 283 283 283 283 283 283 283 283 
15:30:34 283 283 283 283 283 283 283 283 
15:31:34 283 283 283 283 283 283 283 283 
15:32:34 283 283 283 283 283 283 283 283 
15:33:34 283 283 283 283 283 283 283 283 
15:34:34 283 283 283 283 283 283 283 283 
15:35:34 283 283 283 283 283 283 283 283 
15:36:34 283 283 283 283 283 283 283 283 
15:37:34 283 283 283 283 283 283 283 283 
15:38:34 283 283 283 283 283 283 283 283 
15:39:34 283 283 283 283 283 283 283 283 
15:40:34 283 283 283 283 283 283 283 283 
15:41:35 283 283 283 283 283 283 283 283 
15:42:35 283 283 283 283 283 283 283 283 
15:43:35 283 283 283 283 283 283 283 283 
15:44:35 283 283 283 283 283 283 283 283 
15:45:35 283 283 283 283 283 283 283 283 
15:46:35 283 283 283 283 283 283 283 283 
15:47:35 283 283 283 283 283 283 283 283 
15:48:35 283 283 283 283 283 283 283 283 
15:49:35 283 283 283 283 283 283 283 283 
15:50:35 283 283 283 283 283 283 283 283 
15:51:35 283 283 283 283 283 283 283 283 
15:52:35 283 283 283 283 283 283 283 283 
15:53:35 283 283 283 283 283 283 283 283 
15:54:35 283 283 283 283 283 283 283 283 
15:55:35 283 283 283 283 283 283 283 283 
15:56:36 283 283 283 283 283 283 283 283 
15:57:36 283 283 283 283 283 283 283 283 
15:58:36 283 283 283 283 283 283 283 283 
15:59:36 283 283 283 283 283 283 283 283 
16:00:36 283 283 283 283 283 283 283 283 
16:01:36 283 283 283 283 283 283 283 283 
16:02:36 283 283 283 283 283 283 283 283 
16:03:36 283 283 283 283 283 283 283 283 
16:04:36 283 283 283 283 283 283 283 283 
16:05:36 283 283 283 283 283 283 283 283 
16:06:36 283 283 283 283 283 283 283 283 
16:07:36 283 283 283 283 283 283 283 283 
16:08:36 283 283 283 283 283 283 283 283 
16:09:36 283 283 283 283 283 283 283 283 
16:10:36 283 283 283 283 283 283 283 283 
16:11:37 283 283 283 283 283 283 283 283 
16:12:37 283 283 283 283 283 283 283 283 
16:13:37 283 283 283 283 283 283 283 283 
16:14:37 283 283 283 283 283 283 283 283 
16:15:37 283 283 283 283 283 283 283 283 
16:16:37 283 283 283 283 283 283 283 283 
16:17:37 283 283 283 283 283 283 283 283 
16:18:37 283 283 283 283 283 283 283 283 
16:19:37 283 283 283 283 283 283 283 283 
16:20:37 283 283 283 283 283 283 283 283 
16:21:37 283 283 283 283 283 283 283 283 
16:22:37 283 283 283 283 283 283 283 283 
16:23:37 283 283 283 283 283 283 283 283 
16:24:37 283 283 283 283 283 283 283 283 
16:25:37 283 283 283 283 283 283 283 283 
16:26:38 283 283 283 283 283 283 283 283 
16:27:38 283 283 283 283 283 283 283 283 
16:28:38 283 283 283 283 283 283 283 283 
16:29:38 283 283 283 283 283 283 283 283 
16:30:38 283 283 283 283 283 283 283 283 
16:31:38 283 283 283 283 283 283 283 283 
16:32:38 283 283 283 283 283 283 283 283 
bash: line 1: echo: write error: Disk quota exceeded
16:37:38 283 283 283 283 283 283 283 283 
16:38:38 283 283 283 283 283 283 283 283 
16:39:38 283 283 283 283 283 283 283 283 
16:40:39 283 283 283 283 283 283 283 283 
16:41:39 283 283 283 283 283 283 283 283 
16:42:39 283 283 283 283 283 283 283 283 
16:43:39 283 283 283 283 283 283 283 283 
16:44:39 283 283 283 283 283 283 283 283 
16:45:39 283 283 283 283 283 283 283 283 
16:46:39 283 283 283 283 283 283 283 283 
16:47:39 283 283 283 283 283 283 283 283 
16:48:39 283 283 283 283 283 283 283 283 
16:49:39 283 283 283 283 283 283 283 283 
16:50:39 283 283 283 283 283 283 283 283 
16:51:39 283 283 283 283 283 283 283 283 
16:52:39 283 283 283 283 283 283 283 283 
16:53:39 283 283 283 283 283 283 283 283 
16:54:39 283 283 283 283 283 283 283 283 
16:55:40 283 283 283 283 283 283 283 283 
16:56:40 283 283 283 283 283 283 283 283 
16:57:40 283 283 283 283 283 283 283 283 
16:58:40 283 283 283 283 283 283 283 283 
16:59:40 283 283 283 283 283 283 283 283 
17:00:40 283 283 283 283 283 283 283 283 
17:01:40 283 283 283 283 283 283 283 283 
17:02:40 283 283 283 283 283 283 283 283 
17:03:40 283 283 283 283 283 283 283 283 
17:04:40 283 283 283 283 283 283 283 283 
17:05:40 283 283 283 283 283 283 283 283 
17:06:40 283 283 283 283 283 283 283 283 
17:07:40 283 283 283 283 283 283 283 283 
17:08:40 283 283 283 283 283 283 283 283 
17:09:40 283 283 283 283 283 283 283 283 
17:10:41 283 283 283 283 283 283 283 283 
17:11:41 283 283 283 283 283 283 283 283 
17:12:41 283 283 283 283 283 283 283 283 
17:13:41 283 283 283 283 283 283 283 283 
17:14:41 283 283 283 283 283 283 283 283 
17:15:41 283 283 283 283 283 283 283 283 
17:16:41 283 283 283 283 283 283 283 283 
17:17:41 283 283 283 283 283 283 283 283 
17:18:41 283 283 283 283 283 283 283 283 
17:19:41 283 283 283 283 283 283 283 283 
17:20:41 283 283 283 283 283 283 283 283 
17:21:41 283 283 283 283 283 283 283 283 
17:22:41 283 283 283 283 283 283 283 283 
17:23:41 283 283 283 283 283 283 283 283 
17:24:41 283 283 283 283 283 283 283 283 
17:25:42 283 283 283 283 283 283 283 283 
17:26:42 283 283 283 283 283 283 283 283 
17:27:42 283 283 283 283 283 283 283 283 
17:28:42 283 283 283 283 283 283 283 283 
17:29:42 283 283 283 283 283 283 283 283 
17:30:42 283 283 283 283 283 283 283 283 
17:31:42 283 283 283 283 283 283 283 283 
17:32:42 283 283 283 283 283 283 283 283 
17:33:42 283 283 283 283 283 283 283 283 
17:34:42 283 283 283 283 283 283 283 283 
17:35:42 283 283 283 283 283 283 283 283 
17:36:42 283 283 283 283 283 283 283 283 
17:37:42 283 283 283 283 283 283 283 283 
17:38:42 283 283 283 283 283 283 283 283 
17:39:42 283 283 283 283 283 283 283 283 
17:40:43 283 283 283 283 283 283 283 283 
17:41:43 283 283 283 283 283 283 283 283 
17:42:43 283 283 283 283 283 283 283 283 
17:43:43 283 283 283 283 283 283 283 283 
17:44:43 283 283 283 283 283 283 283 283 
17:45:43 283 283 283 283 283 283 283 283 
17:46:43 283 283 283 283 283 283 283 283 
17:47:43 283 283 283 283 283 283 283 283 
17:48:43 283 283 283 283 283 283 283 283 
17:49:43 283 283 283 283 283 283 283 283 
17:50:43 283 283 283 283 283 283 283 283 
17:51:43 283 283 283 283 283 283 283 283 
17:52:43 283 283 283 283 283 283 283 283 
17:53:43 283 283 283 283 283 283 283 283 
17:54:43 283 283 283 283 283 283 283 283 
17:55:44 283 283 283 283 283 283 283 283 
17:56:44 283 283 283 283 283 283 283 283 
17:57:44 283 283 283 283 283 283 283 283 
17:58:44 283 283 283 283 283 283 283 283 
17:59:44 283 283 283 283 283 283 283 283 
18:00:44 283 283 283 283 283 283 283 283 
18:01:44 283 283 283 283 283 283 283 283 
18:02:44 283 283 283 283 283 283 283 283 
18:03:44 283 283 283 283 283 283 283 283 
18:04:44 283 283 283 283 283 283 283 283 
18:05:44 283 283 283 283 283 283 283 283 
18:06:44 283 283 283 283 283 283 283 283 
18:07:44 283 283 283 283 283 283 283 283 
18:08:44 283 283 283 283 283 283 283 283 
18:09:44 283 283 283 283 283 283 283 283 
18:10:45 283 283 283 283 283 283 283 283 
18:11:45 283 283 283 283 283 283 283 283 
18:12:45 283 283 283 283 283 283 283 283 
18:13:45 283 283 283 283 283 283 283 283 
18:14:45 283 283 283 283 283 283 283 283 
18:15:45 283 283 283 283 283 283 283 283 
18:16:45 283 283 283 283 283 283 283 283 
18:17:45 283 283 283 283 283 283 283 283 
18:18:45 283 283 283 283 283 283 283 283 
18:19:45 283 283 283 283 283 283 283 283 
18:20:45 283 283 283 283 283 283 283 283 
18:21:45 283 283 283 283 283 283 283 283 
18:22:45 283 283 283 283 283 283 283 283 
18:23:45 283 283 283 283 283 283 283 283 
18:24:45 283 283 283 283 283 283 283 283 
18:25:46 283 283 283 283 283 283 283 283 
18:26:46 283 283 283 283 283 283 283 283 
18:27:46 283 283 283 283 283 283 283 283 
18:28:46 283 283 283 283 283 283 283 283 
18:29:46 283 283 283 283 283 283 283 283 
18:30:46 283 283 283 283 283 283 283 283 
18:31:46 283 283 283 283 283 283 283 283 
18:32:46 283 283 283 283 283 283 283 283 
18:33:46 283 283 283 283 283 283 283 283 
18:34:46 283 283 283 283 283 283 283 283 
18:35:46 283 283 283 283 283 283 283 283 
18:36:46 283 283 283 283 283 283 283 283 
18:37:46 283 283 283 283 283 283 283 283 
18:38:46 283 283 283 283 283 283 283 283 
18:39:46 283 283 283 283 283 283 283 283 
18:40:47 283 283 283 283 283 283 283 283 
18:41:47 283 283 283 283 283 283 283 283 
18:42:47 283 283 283 283 283 283 283 283 
18:43:47 283 283 283 283 283 283 283 283 
18:44:47 283 283 283 283 283 283 283 283 
18:45:47 283 283 283 283 283 283 283 283 
18:46:47 283 283 283 283 283 283 283 283 
18:47:47 283 283 283 283 283 283 283 283 
18:48:47 283 283 283 283 283 283 283 283 
18:49:47 283 283 283 283 283 283 283 283 
18:50:47 283 283 283 283 283 283 283 283 
18:51:47 283 283 283 283 283 283 283 283 
18:52:47 283 283 283 283 283 283 283 283 
18:53:47 283 283 283 283 283 283 283 283 
18:54:47 283 283 283 283 283 283 283 283 
18:55:48 283 283 283 283 283 283 283 283 
18:56:48 283 283 283 283 283 283 283 283 
18:57:48 283 283 283 283 283 283 283 283 
18:58:48 283 283 283 283 283 283 283 283 
18:59:48 283 283 283 283 283 283 283 283 
19:00:48 283 283 283 283 283 283 283 283 
19:01:48 283 283 283 283 283 283 283 283 
19:02:48 283 283 283 283 283 283 283 283 
19:03:48 283 283 283 283 283 283 283 283 
19:04:48 283 283 283 283 283 283 283 283 
19:05:48 283 283 283 283 283 283 283 283 
19:06:48 283 283 283 283 283 283 283 283 
19:07:48 283 283 283 283 283 283 283 283 
19:08:48 283 283 283 283 283 283 283 283 
19:09:49 283 283 283 283 283 283 283 283 
19:10:49 283 283 283 283 283 283 283 283 
19:11:49 283 283 283 283 283 283 283 283 
19:12:49 283 283 283 283 283 283 283 283 
19:13:49 283 283 283 283 283 283 283 283 
19:14:49 283 283 283 283 283 283 283 283 
19:15:49 283 283 283 283 283 283 283 283 
19:16:49 283 283 283 283 283 283 283 283 
19:17:49 283 283 283 283 283 283 283 283 
19:18:49 283 283 283 283 283 283 283 283 
19:19:49 283 283 283 283 283 283 283 283 
19:20:49 283 283 283 283 283 283 283 283 
19:21:49 283 283 283 283 283 283 283 283 
19:22:49 283 283 283 283 283 283 283 283 
19:23:50 283 283 283 283 283 283 283 283 
19:24:50 283 283 283 283 283 283 283 283 
19:25:50 283 283 283 283 283 283 283 283 
19:26:50 283 283 283 283 283 283 283 283 
19:27:50 283 283 283 283 283 283 283 283 
19:28:50 283 283 283 283 283 283 283 283 
19:29:50 283 283 283 283 283 283 283 283 
19:30:50 283 283 283 283 283 283 283 283 
19:31:50 283 283 283 283 283 283 283 283 
19:32:50 283 283 283 283 283 283 283 283 
19:33:50 283 283 283 283 283 283 283 283 
19:34:50 283 283 283 283 283 283 283 283 
19:35:50 283 283 283 283 283 283 283 283 
19:36:50 283 283 283 283 283 283 283 283 
19:37:50 283 283 283 283 283 283 283 283 
19:38:51 283 283 283 283 283 283 283 283 
19:39:51 283 283 283 283 283 283 283 283 
19:40:51 283 283 283 283 283 283 283 283 
19:41:51 283 283 283 283 283 283 283 283 
19:42:51 283 283 283 283 283 283 283 283 
19:43:51 283 283 283 283 283 283 283 283 
19:44:51 283 283 283 283 283 283 283 283 
19:45:51 283 283 283 283 283 283 283 283 
19:46:51 283 283 283 283 283 283 283 283 
19:47:51 283 283 283 283 283 283 283 283 
19:48:51 283 283 283 283 283 283 283 283 
19:49:51 283 283 283 283 283 283 283 283 
19:50:51 283 283 283 283 283 283 283 283 
19:51:51 283 283 283 283 283 283 283 283 
19:52:52 283 283 283 283 283 283 283 283 
19:53:52 283 283 283 283 283 283 283 283 
19:54:52 283 283 283 283 283 283 283 283 
19:55:52 283 283 283 283 283 283 283 283 
19:56:52 283 283 283 283 283 283 283 283 
19:57:52 283 283 283 283 283 283 283 283 
19:58:52 283 283 283 283 283 283 283 283 
19:59:52 283 283 283 283 283 283 283 283 
20:00:52 283 283 283 283 283 283 283 283 
20:01:52 283 283 283 283 283 283 283 283 
20:02:52 283 283 283 283 283 283 283 283 
20:03:52 283 283 283 283 283 283 283 283 
20:04:52 283 283 283 283 283 283 283 283 
20:05:52 283 283 283 283 283 283 283 283 
20:06:53 283 283 283 283 283 283 283 283 
20:07:53 283 283 283 283 283 283 283 283 
20:08:53 283 283 283 283 283 283 283 283 
20:09:53 283 283 283 283 283 283 283 283 
20:10:53 283 283 283 283 283 283 283 283 
20:11:53 283 283 283 283 283 283 283 283 
20:12:53 283 283 283 283 283 283 283 283 
20:13:53 283 283 283 283 283 283 283 283 
20:14:53 283 283 283 283 283 283 283 283 
20:15:53 283 283 283 283 283 283 283 283 
20:16:53 283 283 283 283 283 283 283 283 
20:17:53 283 283 283 283 283 283 283 283 
20:18:53 283 283 283 283 283 283 283 283 
20:19:53 283 283 283 283 283 283 283 283 
20:20:53 283 283 283 283 283 283 283 283 
20:21:54 283 283 283 283 283 283 283 283 
20:22:54 283 283 283 283 283 283 283 283 
20:23:54 283 283 283 283 283 283 283 283 
20:24:54 283 283 283 283 283 283 283 283 
20:25:54 283 283 283 283 283 283 283 283 
20:26:54 283 283 283 283 283 283 283 283 
20:27:54 283 283 283 283 283 283 283 283 
20:28:54 283 283 283 283 283 283 283 283 
20:29:54 283 283 283 283 283 283 283 283 
20:30:54 283 283 283 283 283 283 283 283 
20:31:54 283 283 283 283 283 283 283 283 
20:32:54 283 283 283 283 283 283 283 283 
20:33:54 283 283 283 283 283 283 283 283 
20:34:54 283 283 283 283 283 283 283 283 
20:35:54 283 283 283 283 283 283 283 283 
20:36:55 283 283 283 283 283 283 283 283 
20:37:55 283 283 283 283 283 283 283 283 
20:38:55 283 283 283 283 283 283 283 283 
20:39:55 283 283 283 283 283 283 283 283 
20:40:55 283 283 283 283 283 283 283 283 
20:41:55 283 283 283 283 283 283 283 283 
20:42:55 283 283 283 283 283 283 283 283 
20:43:55 283 283 283 283 283 283 283 283 
20:44:55 283 283 283 283 283 283 283 283 
20:45:55 283 283 283 283 283 283 283 283 
20:46:55 283 283 283 283 283 283 283 283 
20:47:55 283 283 283 283 283 283 283 283 
20:48:55 283 283 283 283 283 283 283 283 
20:49:55 283 283 283 283 283 283 283 283 
20:50:56 283 283 283 283 283 283 283 283 
20:51:56 283 283 283 283 283 283 283 283 
20:52:56 283 283 283 283 283 283 283 283 
20:53:56 283 283 283 283 283 283 283 283 
20:54:56 283 283 283 283 283 283 283 283 
20:55:56 283 283 283 283 283 283 283 283 
20:56:56 283 283 283 283 283 283 283 283 
20:57:56 283 283 283 283 283 283 283 283 
20:58:56 283 283 283 283 283 283 283 283 
20:59:56 283 283 283 283 283 283 283 283 
21:00:56 283 283 283 283 283 283 283 283 
21:01:56 283 283 283 283 283 283 283 283 
21:02:56 283 283 283 283 283 283 283 283 
21:03:56 283 283 283 283 283 283 283 283 
21:04:57 283 283 283 283 283 283 283 283 
21:05:57 283 283 283 283 283 283 283 283 
21:06:57 283 283 283 283 283 283 283 283 
21:07:57 283 283 283 283 283 283 283 283 
21:08:57 283 283 283 283 283 283 283 283 
21:09:57 283 283 283 283 283 283 283 283 
21:10:57 283 283 283 283 283 283 283 283 
21:11:57 283 283 283 283 283 283 283 283 
21:12:57 283 283 283 283 283 283 283 283 
21:13:57 283 283 283 283 283 283 283 283 
21:14:57 283 283 283 283 283 283 283 283 
21:15:57 283 283 283 283 283 283 283 283 
21:16:57 283 283 283 283 283 283 283 283 
21:17:57 283 283 283 283 283 283 283 283 
21:18:57 283 283 283 283 283 283 283 283 
21:19:58 283 283 283 283 283 283 283 283 
21:20:58 283 283 283 283 283 283 283 283 
21:21:58 283 283 283 283 283 283 283 283 
21:22:58 283 283 283 283 283 283 283 283 
21:23:58 283 283 283 283 283 283 283 283 
21:24:58 283 283 283 283 283 283 283 283 
21:25:58 283 283 283 283 283 283 283 283 
21:26:58 283 283 283 283 283 283 283 283 
21:27:58 283 283 283 283 283 283 283 283 
21:28:58 283 283 283 283 283 283 283 283 
21:29:58 283 283 283 283 283 283 283 283 
21:30:58 283 283 283 283 283 283 283 283 
21:31:58 283 283 283 283 283 283 283 283 
21:32:58 283 283 283 283 283 283 283 283 
21:33:59 283 283 283 283 283 283 283 283 
21:34:59 283 283 283 283 283 283 283 283 
21:35:59 283 283 283 283 283 283 283 283 
21:36:59 283 283 283 283 283 283 283 283 
21:37:59 283 283 283 283 283 283 283 283 
21:38:59 283 283 283 283 283 283 283 283 
21:39:59 283 283 283 283 283 283 283 283 
21:40:59 283 283 283 283 283 283 283 283 
21:41:59 283 283 283 283 283 283 283 283 
21:42:59 283 283 283 283 283 283 283 283 
21:43:59 283 283 283 283 283 283 283 283 
21:44:59 283 283 283 283 283 283 283 283 
21:45:59 283 283 283 283 283 283 283 283 
21:46:59 283 283 283 283 283 283 283 283 
21:48:00 283 283 283 283 283 283 283 283 
21:49:00 283 283 283 283 283 283 283 283 
21:50:00 283 283 283 283 283 283 283 283 
21:51:00 283 283 283 283 283 283 283 283 
21:52:00 283 283 283 283 283 283 283 283 
21:53:00 283 283 283 283 283 283 283 283 
21:54:00 283 283 283 283 283 283 283 283 
21:55:00 283 283 283 283 283 283 283 283 
21:56:00 283 283 283 283 283 283 283 283 
21:57:00 283 283 283 283 283 283 283 283 
21:58:00 283 283 283 283 283 283 283 283 
21:59:00 283 283 283 283 283 283 283 283 
22:00:00 283 283 283 283 283 283 283 283 
22:01:00 283 283 283 283 283 283 283 283 
22:02:00 283 283 283 283 283 283 283 283 
22:03:01 283 283 283 283 283 283 283 283 
22:04:01 283 283 283 283 283 283 283 283 
22:05:01 283 283 283 283 283 283 283 283 
22:06:01 283 283 283 283 283 283 283 283 
22:07:01 283 283 283 283 283 283 283 283 
22:08:01 283 283 283 283 283 283 283 283 
22:09:01 283 283 283 283 283 283 283 283 
22:10:01 283 283 283 283 283 283 283 283 
22:11:01 283 283 283 283 283 283 283 283 
22:12:01 283 283 283 283 283 283 283 283 
22:13:01 283 283 283 283 283 283 283 283 
22:14:01 283 283 283 283 283 283 283 283 
22:15:01 283 283 283 283 283 283 283 283 
22:16:01 283 283 283 283 283 283 283 283 
22:17:01 283 283 283 283 283 283 283 283 
22:18:02 283 283 283 283 283 283 283 283 
22:19:02 283 283 283 283 283 283 283 283 
22:20:02 283 283 283 283 283 283 283 283 
22:21:02 283 283 283 283 283 283 283 283 
22:22:02 283 283 283 283 283 283 283 283 
22:23:02 283 283 283 283 283 283 283 283 
22:24:02 283 283 283 283 283 283 283 283 
22:25:02 283 283 283 283 283 283 283 283 
22:26:02 283 283 283 283 283 283 283 283 
22:27:02 283 283 283 283 283 283 283 283 
22:28:02 283 283 283 283 283 283 283 283 
22:29:02 283 283 283 283 283 283 283 283 
22:30:02 283 283 283 283 283 283 283 283 
22:31:02 283 283 283 283 283 283 283 283 
22:32:03 283 283 283 283 283 283 283 283 
22:33:03 283 283 283 283 283 283 283 283 
22:34:03 283 283 283 283 283 283 283 283 
22:35:03 283 283 283 283 283 283 283 283 
22:36:03 283 283 283 283 283 283 283 283 
22:37:03 283 283 283 283 283 283 283 283 
22:38:03 283 283 283 283 283 283 283 283 
22:39:03 283 283 283 283 283 283 283 283 
22:40:03 283 283 283 283 283 283 283 283 
22:41:03 283 283 283 283 283 283 283 283 
22:42:03 283 283 283 283 283 283 283 283 
22:43:03 283 283 283 283 283 283 283 283 
22:44:03 283 283 283 283 283 283 283 283 
22:45:03 283 283 283 283 283 283 283 283 
22:46:04 283 283 283 283 283 283 283 283 
22:47:04 283 283 283 283 283 283 283 283 
22:48:04 283 283 283 283 283 283 283 283 
22:49:04 283 283 283 283 283 283 283 283 
22:50:04 283 283 283 283 283 283 283 283 
22:51:04 283 283 283 283 283 283 283 283 
22:52:04 283 283 283 283 283 283 283 283 
22:53:04 283 283 283 283 283 283 283 283 
22:54:04 283 283 283 283 283 283 283 283 
22:55:04 283 283 283 283 283 283 283 283 
22:56:04 283 283 283 283 283 283 283 283 
22:57:04 283 283 283 283 283 283 283 283 
22:58:04 283 283 283 283 283 283 283 283 
22:59:04 283 283 283 283 283 283 283 283 
23:00:05 283 283 283 283 283 283 283 283 
23:01:05 283 283 283 283 283 283 283 283 
23:02:05 283 283 283 283 283 283 283 283 
23:03:05 283 283 283 283 283 283 283 283 
23:04:05 283 283 283 283 283 283 283 283 
23:05:05 283 283 283 283 283 283 283 283 
23:06:05 283 283 283 283 283 283 283 283 
23:07:05 283 283 283 283 283 283 283 283 
23:08:05 283 283 283 283 283 283 283 283 
23:09:05 283 283 283 283 283 283 283 283 
23:10:05 283 283 283 283 283 283 283 283 
23:11:05 283 283 283 283 283 283 283 283 
23:12:05 283 283 283 283 283 283 283 283 
23:13:05 283 283 283 283 283 283 283 283 
23:14:05 283 283 283 283 283 283 283 283 
23:15:06 283 283 283 283 283 283 283 283 
23:16:06 283 283 283 283 283 283 283 283 
23:17:06 283 283 283 283 283 283 283 283 
23:18:06 283 283 283 283 283 283 283 283 
23:19:06 283 283 283 283 283 283 283 283 
23:20:06 283 283 283 283 283 283 283 283 
23:21:06 283 283 283 283 283 283 283 283 
23:22:06 283 283 283 283 283 283 283 283 
23:23:06 283 283 283 283 283 283 283 283 
23:24:06 283 283 283 283 283 283 283 283 
23:25:06 283 283 283 283 283 283 283 283 
23:26:06 283 283 283 283 283 283 283 283 
23:27:06 283 283 283 283 283 283 283 283 
23:28:06 283 283 283 283 283 283 283 283 
23:29:07 283 283 283 283 283 283 283 283 
23:30:07 283 283 283 283 283 283 283 283 
23:31:07 283 283 283 283 283 283 283 283 
23:32:07 283 283 283 283 283 283 283 283 
23:33:07 283 283 283 283 283 283 283 283 
23:34:07 283 283 283 283 283 283 283 283 
23:35:07 283 283 283 283 283 283 283 283 
23:36:07 283 283 283 283 283 283 283 283 
23:37:07 283 283 283 283 283 283 283 283 
23:38:07 283 283 283 283 283 283 283 283 
23:39:07 283 283 283 283 283 283 283 283 
23:40:07 283 283 283 283 283 283 283 283 
23:41:07 283 283 283 283 283 283 283 283 
23:42:07 283 283 283 283 283 283 283 283 
23:43:07 283 283 283 283 283 283 283 283 
23:44:08 283 283 283 283 283 283 283 283 
23:45:08 283 283 283 283 283 283 283 283 
23:46:08 283 283 283 283 283 283 283 283 
23:47:08 283 283 283 283 283 283 283 283 
23:48:08 283 283 283 283 283 283 283 283 
23:49:08 283 283 283 283 283 283 283 283 
23:50:08 283 283 283 283 283 283 283 283 
23:51:08 283 283 283 283 283 283 283 283 
23:52:08 283 283 283 283 283 283 283 283 
23:53:08 283 283 283 283 283 283 283 283 
23:54:08 283 283 283 283 283 283 283 283 
23:55:08 283 283 283 283 283 283 283 283 
23:56:08 283 283 283 283 283 283 283 283 
23:57:08 283 283 283 283 283 283 283 283 
23:58:08 283 283 283 283 283 283 283 283 
23:59:09 283 283 283 283 283 283 283 283 
00:00:09 283 283 283 283 283 283 283 283 
00:01:09 283 283 283 283 283 283 283 283 
00:02:09 283 283 283 283 283 283 283 283 
00:03:09 283 283 283 283 283 283 283 283 
00:04:09 283 283 283 283 283 283 283 283 
00:05:09 283 283 283 283 283 283 283 283 
00:06:09 283 283 283 283 283 283 283 283 
00:07:09 283 283 283 283 283 283 283 283 
00:08:09 283 283 283 283 283 283 283 283 
00:09:09 283 283 283 283 283 283 283 283 
00:10:09 283 283 283 283 283 283 283 283 
00:11:09 283 283 283 283 283 283 283 283 
00:12:09 283 283 283 283 283 283 283 283 
00:13:10 283 283 283 283 283 283 283 283 
00:14:10 283 283 283 283 283 283 283 283 
00:15:10 283 283 283 283 283 283 283 283 
00:16:10 283 283 283 283 283 283 283 283 
00:17:10 283 283 283 283 283 283 283 283 
00:18:10 283 283 283 283 283 283 283 283 
00:19:10 283 283 283 283 283 283 283 283 
00:20:10 283 283 283 283 283 283 283 283 
00:21:10 283 283 283 283 283 283 283 283 
00:22:10 283 283 283 283 283 283 283 283 
00:23:10 283 283 283 283 283 283 283 283 
00:24:10 283 283 283 283 283 283 283 283 
00:25:10 283 283 283 283 283 283 283 283 
00:26:10 283 283 283 283 283 283 283 283 
00:27:11 283 283 283 283 283 283 283 283 
00:28:11 283 283 283 283 283 283 283 283 
00:29:11 283 283 283 283 283 283 283 283 
00:30:11 283 283 283 283 283 283 283 283 
00:31:11 283 283 283 283 283 283 283 283 
00:32:11 283 283 283 283 283 283 283 283 
00:33:11 283 283 283 283 283 283 283 283 
00:34:11 283 283 283 283 283 283 283 283 
00:35:11 283 283 283 283 283 283 283 283 
00:36:11 283 283 283 283 283 283 283 283 
00:37:11 283 283 283 283 283 283 283 283 
00:38:11 283 283 283 283 283 283 283 283 
00:39:11 283 283 283 283 283 283 283 283 
00:40:11 283 283 283 283 283 283 283 283 
00:41:11 283 283 283 283 283 283 283 283 
00:42:12 283 283 283 283 283 283 283 283 
00:43:12 283 283 283 283 283 283 283 283 
00:44:12 283 283 283 283 283 283 283 283 
00:45:12 283 283 283 283 283 283 283 283 
00:46:12 283 283 283 283 283 283 283 283 
00:47:12 283 283 283 283 283 283 283 283 
00:48:12 283 283 283 283 283 283 283 283 
00:49:12 283 283 283 283 283 283 283 283 
00:50:12 283 283 283 283 283 283 283 283 
00:51:12 283 283 283 283 283 283 283 283 
00:52:12 283 283 283 283 283 283 283 283 
00:53:12 283 283 283 283 283 283 283 283 
00:54:12 283 283 283 283 283 283 283 283 
00:55:12 283 283 283 283 283 283 283 283 
00:56:13 283 283 283 283 283 283 283 283 
00:57:13 283 283 283 283 283 283 283 283 
00:58:13 283 283 283 283 283 283 283 283 
00:59:13 283 283 283 283 283 283 283 283 
01:00:13 283 283 283 283 283 283 283 283 
01:01:13 283 283 283 283 283 283 283 283 
01:02:13 283 283 283 283 283 283 283 283 
01:03:13 283 283 283 283 283 283 283 283 
sleep: write error: Disk quota exceeded
01:11:14 283 283 283 283 283 283 283 283 
01:12:14 283 283 283 283 283 283 283 283 
01:13:14 283 283 283 283 283 283 283 283 
01:14:14 283 283 283 283 283 283 283 283 
01:15:14 283 283 283 283 283 283 283 283 
01:16:14 283 283 283 283 283 283 283 283 
01:17:14 283 283 283 283 283 283 283 283 
01:18:14 283 283 283 283 283 283 283 283 
01:19:14 283 283 283 283 283 283 283 283 
01:20:14 283 283 283 283 283 283 283 283 
01:21:14 283 283 283 283 283 283 283 283 
01:22:14 283 283 283 283 283 283 283 283 
01:23:14 283 283 283 283 283 283 283 283 
01:24:14 283 283 283 283 283 283 283 283 
01:25:15 283 283 283 283 283 283 283 283 
01:26:15 283 283 283 283 283 283 283 283 
01:27:15 283 283 283 283 283 283 283 283 
01:28:15 283 283 283 283 283 283 283 283 
01:29:15 283 283 283 283 283 283 283 283 
01:30:15 283 283 283 283 283 283 283 283 
01:31:15 283 283 283 283 283 283 283 283 
01:32:15 283 283 283 283 283 283 283 283 
01:33:15 283 283 283 283 283 283 283 283 
01:34:15 283 283 283 283 283 283 283 283 
01:35:15 283 283 283 283 283 283 283 283 
01:36:15 283 283 283 283 283 283 283 283 
01:37:15 283 283 283 283 283 283 283 283 
01:38:15 283 283 283 283 283 283 283 283 
01:39:15 283 283 283 283 283 283 283 283 
01:40:16 283 283 283 283 283 283 283 283 
01:41:16 283 283 283 283 283 283 283 283 
01:42:16 283 283 283 283 283 283 283 283 
01:43:16 283 283 283 283 283 283 283 283 
01:44:16 283 283 283 283 283 283 283 283 
01:45:16 283 283 283 283 283 283 283 283 
01:46:16 283 283 283 283 283 283 283 283 
01:47:16 283 283 283 283 283 283 283 283 
01:48:16 283 283 283 283 283 283 283 283 
01:49:16 283 283 283 283 283 283 283 283 
01:50:16 283 283 283 283 283 283 283 283 
01:51:16 283 283 283 283 283 283 283 283 
01:52:16 283 283 283 283 283 283 283 283 
01:53:16 283 283 283 283 283 283 283 283 
01:54:16 283 283 283 283 283 283 283 283 
01:55:17 283 283 283 283 283 283 283 283 
01:56:17 283 283 283 283 283 283 283 283 
01:57:17 283 283 283 283 283 283 283 283 
01:58:17 283 283 283 283 283 283 283 283 
01:59:17 283 283 283 283 283 283 283 283 
02:00:17 283 283 283 283 283 283 283 283 
02:01:17 283 283 283 283 283 283 283 283 
02:02:17 283 283 283 283 283 283 283 283 
02:03:17 283 283 283 283 283 283 283 283 
02:04:17 283 283 283 283 283 283 283 283 
02:05:17 283 283 283 283 283 283 283 283 
02:06:17 283 283 283 283 283 283 283 283 
02:07:17 283 283 283 283 283 283 283 283 
02:08:17 283 283 283 283 283 283 283 283 
02:09:17 283 283 283 283 283 283 283 283 
02:10:18 283 283 283 283 283 283 283 283 
02:11:18 283 283 283 283 283 283 283 283 
02:12:18 283 283 283 283 283 283 283 283 
02:13:18 283 283 283 283 283 283 283 283 
02:14:18 283 283 283 283 283 283 283 283 
02:15:18 283 283 283 283 283 283 283 283 
02:16:18 283 283 283 283 283 283 283 283 
02:17:18 283 283 283 283 283 283 283 283 
02:18:18 283 283 283 283 283 283 283 283 
02:19:18 283 283 283 283 283 283 283 283 
02:20:18 283 283 283 283 283 283 283 283 
02:21:18 283 283 283 283 283 283 283 283 
02:22:18 283 283 283 283 283 283 283 283 
02:23:18 283 283 283 283 283 283 283 283 
02:24:19 283 283 283 283 283 283 283 283 
02:25:19 283 283 283 283 283 283 283 283 
02:26:19 283 283 283 283 283 283 283 283 
02:27:19 283 283 283 283 283 283 283 283 
02:28:19 283 283 283 283 283 283 283 283 
02:29:19 283 283 283 283 283 283 283 283 
02:30:19 283 283 283 283 283 283 283 283 
02:31:19 283 283 283 283 283 283 283 283 
02:32:19 283 283 283 283 283 283 283 283 
02:33:19 283 283 283 283 283 283 283 283 
02:34:19 283 283 283 283 283 283 283 283 
02:35:19 283 283 283 283 283 283 283 283 
02:36:19 283 283 283 283 283 283 283 283 
02:37:19 283 283 283 283 283 283 283 283 
02:38:19 283 283 283 283 283 283 283 283 
02:39:20 283 283 283 283 283 283 283 283 
02:40:20 283 283 283 283 283 283 283 283 
02:41:20 283 283 283 283 283 283 283 283 
02:42:20 283 283 283 283 283 283 283 283 
02:43:20 283 283 283 283 283 283 283 283 
02:44:20 283 283 283 283 283 283 283 283 
02:45:20 283 283 283 283 283 283 283 283 
02:46:20 283 283 283 283 283 283 283 283 
02:47:20 283 283 283 283 283 283 283 283 
02:48:20 283 283 283 283 283 283 283 283 
02:49:20 283 283 283 283 283 283 283 283 
02:50:20 283 283 283 283 283 283 283 283 
02:51:20 283 283 283 283 283 283 283 283 
02:52:20 283 283 283 283 283 283 283 283 
02:53:20 283 283 283 283 283 283 283 283 
02:54:21 283 283 283 283 283 283 283 283 
02:55:21 283 283 283 283 283 283 283 283 
02:56:21 283 283 283 283 283 283 283 283 
02:57:21 283 283 283 283 283 283 283 283 
02:58:21 283 283 283 283 283 283 283 283 
02:59:21 283 283 283 283 283 283 283 283 
03:00:21 283 283 283 283 283 283 283 283 
03:01:21 283 283 283 283 283 283 283 283 
03:02:21 283 283 283 283 283 283 283 283 
03:03:21 283 283 283 283 283 283 283 283 
03:04:21 283 283 283 283 283 283 283 283 
03:05:21 283 283 283 283 283 283 283 283 
03:06:21 283 283 283 283 283 283 283 283 
03:07:21 283 283 283 283 283 283 283 283 
03:08:21 283 283 283 283 283 283 283 283 
03:09:21 283 283 283 283 283 283 283 283 
03:10:22 283 283 283 283 283 283 283 283 
03:11:22 283 283 283 283 283 283 283 283 
03:12:22 283 283 283 283 283 283 283 283 
03:13:22 283 283 283 283 283 283 283 283 
03:14:22 283 283 283 283 283 283 283 283 
03:15:22 283 283 283 283 283 283 283 283 
03:16:22 283 283 283 283 283 283 283 283 
03:17:22 283 283 283 283 283 283 283 283 
03:18:22 283 283 283 283 283 283 283 283 
03:19:22 283 283 283 283 283 283 283 283 
03:20:22 283 283 283 283 283 283 283 283 
03:21:22 283 283 283 283 283 283 283 283 
03:22:22 283 283 283 283 283 283 283 283 
03:23:22 283 283 283 283 283 283 283 283 
03:24:23 283 283 283 283 283 283 283 283 
03:25:23 283 283 283 283 283 283 283 283 
03:26:23 283 283 283 283 283 283 283 283 
03:27:23 283 283 283 283 283 283 283 283 
03:28:23 283 283 283 283 283 283 283 283 
03:29:23 283 283 283 283 283 283 283 283 
03:30:23 283 283 283 283 283 283 283 283 
03:31:23 283 283 283 283 283 283 283 283 
03:32:23 283 283 283 283 283 283 283 283 
03:33:23 283 283 283 283 283 283 283 283 
03:34:23 283 283 283 283 283 283 283 283 
03:35:23 283 283 283 283 283 283 283 283 
03:36:23 283 283 283 283 283 283 283 283 
03:37:23 283 283 283 283 283 283 283 283 
03:38:23 283 283 283 283 283 283 283 283 
03:39:24 283 283 283 283 283 283 283 283 
03:40:24 283 283 283 283 283 283 283 283 
03:41:24 283 283 283 283 283 283 283 283 
03:42:24 283 283 283 283 283 283 283 283 
03:43:24 283 283 283 283 283 283 283 283 
03:44:24 283 283 283 283 283 283 283 283 
03:45:24 283 283 283 283 283 283 283 283 
03:46:24 283 283 283 283 283 283 283 283 
03:47:24 283 283 283 283 283 283 283 283 
03:48:24 283 283 283 283 283 283 283 283 
03:49:24 283 283 283 283 283 283 283 283 
03:50:24 283 283 283 283 283 283 283 283 
03:51:24 283 283 283 283 283 283 283 283 
03:52:24 283 283 283 283 283 283 283 283 
03:53:25 283 283 283 283 283 283 283 283 
03:54:25 283 283 283 283 283 283 283 283 
03:55:25 283 283 283 283 283 283 283 283 
03:56:25 283 283 283 283 283 283 283 283 
03:57:25 283 283 283 283 283 283 283 283 
03:58:25 283 283 283 283 283 283 283 283 
03:59:25 283 283 283 283 283 283 283 283 
04:00:25 283 283 283 283 283 283 283 283 
04:01:25 283 283 283 283 283 283 283 283 
04:02:25 283 283 283 283 283 283 283 283 
04:03:25 283 283 283 283 283 283 283 283 
04:04:25 283 283 283 283 283 283 283 283 
04:05:25 283 283 283 283 283 283 283 283 
04:06:25 283 283 283 283 283 283 283 283 
04:07:25 283 283 283 283 283 283 283 283 
04:08:26 283 283 283 283 283 283 283 283 
04:09:26 283 283 283 283 283 283 283 283 
04:10:26 283 283 283 283 283 283 283 283 
04:11:26 283 283 283 283 283 283 283 283 
04:12:26 283 283 283 283 283 283 283 283 
04:13:26 283 283 283 283 283 283 283 283 
04:14:26 283 283 283 283 283 283 283 283 
04:15:26 283 283 283 283 283 283 283 283 
04:16:26 283 283 283 283 283 283 283 283 
04:17:26 283 283 283 283 283 283 283 283 
04:18:26 283 283 283 283 283 283 283 283 
04:19:26 283 283 283 283 283 283 283 283 
04:20:26 283 283 283 283 283 283 283 283 
04:21:26 283 283 283 283 283 283 283 283 
04:22:27 283 283 283 283 283 283 283 283 
04:23:27 283 283 283 283 283 283 283 283 
04:24:27 283 283 283 283 283 283 283 283 
04:25:27 283 283 283 283 283 283 283 283 
04:26:27 283 283 283 283 283 283 283 283 
04:27:27 283 283 283 283 283 283 283 283 
04:28:27 283 283 283 283 283 283 283 283 
04:29:27 283 283 283 283 283 283 283 283 
04:30:27 283 283 283 283 283 283 283 283 
04:31:27 283 283 283 283 283 283 283 283 
04:32:27 283 283 283 283 283 283 283 283 
04:33:27 283 283 283 283 283 283 283 283 
04:34:27 283 283 283 283 283 283 283 283 
04:35:27 283 283 283 283 283 283 283 283 
04:36:27 283 283 283 283 283 283 283 283 
04:37:28 283 283 283 283 283 283 283 283 
04:38:28 283 283 283 283 283 283 283 283 
04:39:28 283 283 283 283 283 283 283 283 
04:40:28 283 283 283 283 283 283 283 283 
04:41:28 283 283 283 283 283 283 283 283 
04:42:28 283 283 283 283 283 283 283 283 
04:43:28 283 283 283 283 283 283 283 283 
04:44:28 283 283 283 283 283 283 283 283 
04:45:28 283 283 283 283 283 283 283 283 
04:46:28 283 283 283 283 283 283 283 283 
04:47:28 283 283 283 283 283 283 283 283 
04:48:28 283 283 283 283 283 283 283 283 
04:49:28 283 283 283 283 283 283 283 283 
04:50:28 283 283 283 283 283 283 283 283 
04:51:28 283 283 283 283 283 283 283 283 
04:52:29 283 283 283 283 283 283 283 283 
04:53:29 283 283 283 283 283 283 283 283 
04:54:29 283 283 283 283 283 283 283 283 
04:55:29 283 283 283 283 283 283 283 283 
04:56:29 283 283 283 283 283 283 283 283 
04:57:29 283 283 283 283 283 283 283 283 
04:58:29 283 283 283 283 283 283 283 283 
04:59:29 283 283 283 283 283 283 283 283 
05:00:29 283 283 283 283 283 283 283 283 
05:01:29 283 283 283 283 283 283 283 283 
05:02:29 283 283 283 283 283 283 283 283 
05:03:29 283 283 283 283 283 283 283 283 
05:04:29 283 283 283 283 283 283 283 283 
05:05:29 283 283 283 283 283 283 283 283 
05:06:30 283 283 283 283 283 283 283 283 
05:07:30 283 283 283 283 283 283 283 283 
05:08:30 93685 93685 93685 93685 93684 93684 93684 93684 
05:09:30 94456 94456 94456 94456 94456 94456 94456 94456 
05:10:30 94456 94456 94456 94456 94456 94456 94456 94456 
05:11:30 94456 94456 94456 94456 94456 94456 94456 94456 
05:12:30 95143 95143 94611 95143 95143 95143 95143 94611 
05:13:30 97813 98239 98245 98233 98183 98095 98113 98103 
05:14:30 94457 94457 94457 94456 94457 94456 94456 94456 
05:15:30 94457 94457 94457 94456 94457 94456 94456 94456 
05:16:30 95144 95144 95144 95144 95144 95144 94466 95144 
05:17:30 97815 98241 98247 98235 98185 98097 98115 98105 
05:18:30 94457 94457 94457 94457 94457 94457 94457 94456 
05:19:30 94457 94457 94457 94457 94457 94457 94457 94456 
05:20:31 95142 95142 94464 95142 94610 95142 94464 95142 
05:21:31 97813 98239 98245 98233 98183 98095 98113 98103 
05:22:31 94456 94456 94456 94456 94456 94456 94456 94456 
05:23:31 94456 94456 94456 94456 94456 94456 94456 94456 
05:24:31 95143 95143 94464 95143 94464 95143 95143 95142 
05:25:31 97815 98241 98247 98235 98185 98097 98115 98105 
05:26:31 283 283 283 283 283 283 283 283 
05:27:31 283 283 283 283 283 283 283 283 
05:28:31 283 283 283 283 283 283 283 283 
05:29:31 283 283 283 283 283 283 283 283 
05:30:31 283 283 283 283 283 283 283 283 
05:31:31 283 283 283 283 283 283 283 283 
05:32:31 283 283 283 283 283 283 283 283 
05:33:31 283 283 283 283 283 283 283 283 
05:34:31 283 283 283 283 283 283 283 283 
05:35:32 283 283 283 283 283 283 283 283 
05:36:32 283 283 283 283 283 283 283 283 
05:37:32 283 283 283 283 283 283 283 283 
05:38:32 283 283 283 283 283 283 283 283 
05:39:32 283 283 283 283 283 283 283 283 
05:40:32 283 283 283 283 283 283 283 283 
05:41:32 283 283 283 283 283 283 283 283 
05:42:32 283 283 283 283 283 283 283 283 
05:43:32 283 283 283 283 283 283 283 283 
05:44:32 283 283 283 283 283 283 283 283 
05:45:32 283 283 283 283 283 283 283 283 
05:46:32 283 283 283 283 283 283 283 283 
05:47:32 283 283 283 283 283 283 283 283 
05:48:32 283 283 283 283 283 283 283 283 
05:49:32 283 283 283 283 283 283 283 283 
05:50:33 283 283 283 283 283 283 283 283 
05:51:33 283 283 283 283 283 283 283 283 
05:52:33 283 283 283 283 283 283 283 283 
05:53:33 283 283 283 283 283 283 283 283 
05:54:33 283 283 283 283 283 283 283 283 
05:55:33 283 283 283 283 283 283 283 283 
05:56:33 283 283 283 283 283 283 283 283 
05:57:33 283 283 283 283 283 283 283 283 
05:58:33 283 283 283 283 283 283 283 283 
05:59:33 283 283 283 283 283 283 283 283 
06:00:33 283 283 283 283 283 283 283 283 
06:01:33 283 283 283 283 283 283 283 283 
06:02:33 283 283 283 283 283 283 283 283 
06:03:33 283 283 283 283 283 283 283 283 
06:04:33 283 283 283 283 283 283 283 283 
06:05:34 283 283 283 283 283 283 283 283 
06:06:34 283 283 283 283 283 283 283 283 
06:07:34 283 283 283 283 283 283 283 283 
06:08:34 283 283 283 283 283 283 283 283 
06:09:34 283 283 283 283 283 283 283 283 
06:10:34 283 283 283 283 283 283 283 283 
06:11:34 283 283 283 283 283 283 283 283 
06:12:34 283 283 283 283 283 283 283 283 
06:13:34 283 283 283 283 283 283 283 283 
06:14:34 283 283 283 283 283 283 283 283 
06:15:34 283 283 283 283 283 283 283 283 
06:16:34 283 283 283 283 283 283 283 283 
06:17:34 283 283 283 283 283 283 283 283 
06:18:34 283 283 283 283 283 283 283 283 
06:19:34 283 283 283 283 283 283 283 283 
06:20:35 283 283 283 283 283 283 283 283 
06:21:35 283 283 283 283 283 283 283 283 
06:22:35 283 283 283 283 283 283 283 283 
06:23:35 283 283 283 283 283 283 283 283 
06:24:35 283 283 283 283 283 283 283 283 
06:25:35 283 283 283 283 283 283 283 283 
06:26:35 283 283 283 283 283 283 283 283 
06:27:35 283 283 283 283 283 283 283 283 
06:28:35 283 283 283 283 283 283 283 283 
06:29:35 283 283 283 283 283 283 283 283 
06:30:35 283 283 283 283 283 283 283 283 
06:31:35 283 283 283 283 283 283 283 283 
06:32:35 283 283 283 283 283 283 283 283 
06:33:35 283 283 283 283 283 283 283 283 
06:34:35 283 283 283 283 283 283 283 283 
06:35:36 283 283 283 283 283 283 283 283 
06:36:36 283 283 283 283 283 283 283 283 
06:37:36 283 283 283 283 283 283 283 283 
06:38:36 283 283 283 283 283 283 283 283 
06:39:36 283 283 283 283 283 283 283 283 
06:40:36 283 283 283 283 283 283 283 283 
06:41:36 283 283 283 283 283 283 283 283 
06:42:36 283 283 283 283 283 283 283 283 
06:43:36 283 283 283 283 283 283 283 283 
06:44:36 283 283 283 283 283 283 283 283 
06:45:36 283 283 283 283 283 283 283 283 
06:46:36 283 283 283 283 283 283 283 283 
06:47:36 283 283 283 283 283 283 283 283 
06:48:36 283 283 283 283 283 283 283 283 
06:49:36 283 283 283 283 283 283 283 283 
06:50:37 283 283 283 283 283 283 283 283 
06:51:37 283 283 283 283 283 283 283 283 
06:52:37 283 283 283 283 283 283 283 283 
06:53:37 95912 95912 95912 95911 95912 95912 95912 95912 
06:54:37 95946 95946 95946 95946 95946 95946 95946 95946 
06:55:37 283 283 283 283 283 283 283 283 
06:56:37 97579 97553 97579 97581 97575 97561 97577 97557 
06:57:37 98547 98997 98995 98997 98935 98867 98867 98871 
06:58:37 95569 95569 95569 95569 95569 95569 95569 95569 
06:59:37 95569 95569 95569 95569 95569 95569 95569 95569 
07:00:37 95569 95569 95569 95569 95569 95569 95569 95569 
07:01:37 95569 95569 95569 95569 95569 95569 95569 95569 
07:02:37 95569 95569 95569 95569 95569 95569 95569 95569 
07:03:37 95569 95569 95569 95569 95569 95569 95569 95569 
07:04:38 95569 95569 95569 95569 95569 95569 95569 95569 
07:05:38 95569 95569 95569 95569 95569 95569 95569 95569 
07:06:38 95569 95569 95569 95569 95569 95569 95569 95569 
07:07:38 97827 98205 98197 98205 98147 98077 98163 98173 
07:08:38 283 283 283 283 283 283 283 283 
07:09:38 283 283 283 283 283 283 283 283 
07:10:38 283 283 283 283 283 283 283 283 
07:11:38 283 283 283 283 283 283 283 283 
07:12:38 283 283 283 283 283 283 283 283 
07:13:38 283 283 283 283 283 283 283 283 
07:14:38 283 283 283 283 283 283 283 283 
07:15:38 283 283 283 283 283 283 283 283 
07:16:38 283 283 283 283 283 283 283 283 
07:17:38 828 1880 285 285 828 285 285 828 
07:18:39 812 810 809 809 814 810 809 810 
07:19:39 749 605 284 284 284 284 284 284 
07:20:39 284 284 284 284 284 284 284 284 
07:21:39 284 284 284 284 284 284 284 284 
07:22:39 552 480 552 473 552 473 552 491 
07:23:39 483 284 483 284 457 483 483 483 
07:24:39 286 1902 286 286 1814 286 286 286 
07:25:39 284 284 284 284 284 284 284 284 
07:26:39 1094 1022 1094 1021 1021 1046 1045 1023 
07:27:39 790 759 750 1008 733 995 770 989 
07:28:39 284 284 284 284 284 284 284 284 
07:29:39 284 284 284 284 284 284 284 284 
07:30:39 284 284 284 284 8402 284 8090 284 
07:31:39 4464 4488 284 4674 284 284 284 284 
07:32:40 284 284 5086 5352 284 284 284 284 
07:33:40 8940 284 284 284 8425 8722 284 284 
07:34:40 283 283 283 283 283 283 283 283 
07:35:40 283 283 283 283 283 283 283 283 
07:36:40 283 283 283 283 283 283 283 283 
07:37:40 283 283 283 283 283 283 283 283 
07:38:40 283 283 283 283 283 283 283 283 
07:39:40 283 283 283 283 283 283 283 283 
07:40:40 283 283 283 283 283 283 283 283 
07:41:40 283 283 283 283 283 283 283 283 
07:42:40 283 283 283 283 283 283 283 283 
07:43:40 283 283 283 283 283 283 283 283 
07:44:40 283 283 283 283 283 283 283 283 
07:45:40 283 283 283 283 283 283 283 283 
07:46:41 283 283 283 283 283 283 283 283 
07:47:41 466 464 464 464 465 464 464 464 
07:48:41 284 284 284 284 284 284 284 284 
07:49:41 721 466 468 734 482 464 734 464 
07:50:41 1029 284 284 284 1190 284 1377 284 
07:51:41 284 284 284 284 284 284 284 284 
07:52:41 732 1006 952 552 552 998 978 746 
07:53:41 487 487 1136 1136 1136 487 487 487 
07:54:41 827 826 492 492 578 492 574 840 
07:55:41 284 284 284 284 284 284 284 284 
07:56:41 284 661 284 284 661 659 663 917 
07:57:41 284 284 284 284 284 284 284 284 
07:58:41 284 284 284 284 284 284 284 284 
07:59:41 60033 60107 60109 60033 60035 60107 60093 60109 
08:00:41 8434 285 8513 285 9471 8833 8077 285 
08:01:42 5675 285 4493 5246 285 5409 285 4665 
08:02:42 284 5088 284 284 284 284 284 284 
08:03:42 284 8940 284 284 8722 284 284 284 
08:04:42 283 283 283 283 283 283 283 283 
08:05:42 283 283 283 283 283 283 283 283 
08:06:42 283 283 283 283 283 283 283 283 
08:07:42 283 283 283 283 283 283 283 283 
08:08:42 283 283 283 283 283 283 283 283 
08:09:42 283 283 283 283 283 283 283 283 
08:10:42 283 283 283 283 283 283 283 283 
08:11:42 283 283 283 283 283 283 283 283 
08:12:42 283 283 283 283 283 283 283 283 
08:13:42 284 284 284 284 284 284 284 284 
08:14:42 508 284 368 831 284 284 845 284 
08:15:43 625 1155 1155 623 287 1155 287 287 
08:16:43 285 1835 285 285 285 849 915 805 
08:17:43 614 616 285 285 612 285 1810 285 
08:18:43 284 284 284 284 284 284 284 284 
08:19:43 445 284 284 445 284 284 445 284 
08:20:43 484 464 740 740 464 464 464 464 
08:21:43 553 553 1210 1070 553 900 962 737 
08:22:43 681 605 625 284 284 591 284 645 
08:23:43 284 284 963 963 284 284 913 995 
08:24:43 284 284 284 284 284 284 284 284 
08:25:43 285 504 504 504 621 504 621 504 
08:26:43 8130 8112 8128 8130 8130 8132 8130 8128 
08:27:43 1234 1938 1866 1234 1840 30183 2532 30231 
08:28:43 5061 31743 28625 5061 16159 5061 6653 19323 
08:29:44 8648 37758 48678 8648 8648 19032 31516 31514 
08:30:44 283 283 283 283 283 283 283 283 
08:31:44 284 284 284 284 284 284 284 284 
08:32:44 283 283 283 283 283 283 283 283 
08:33:44 283 283 283 283 283 283 283 283 
08:34:44 283 283 283 283 283 283 283 283 
08:35:44 283 283 283 283 283 283 283 283 
08:36:44 283 283 283 283 283 283 283 283 
08:37:44 283 283 283 283 283 283 283 283 
08:38:44 283 283 283 283 283 283 283 283 
08:39:44 283 283 283 283 283 283 283 283 
08:40:44 283 283 283 283 283 283 283 283 
08:41:44 283 283 283 283 283 283 283 283 
08:42:44 283 283 283 283 283 283 283 283 
08:43:45 283 283 283 283 283 283 283 283 
08:44:45 283 283 283 283 283 283 283 283 
08:45:45 283 283 283 283 283 283 283 283 
08:46:45 283 283 283 283 283 283 283 283 
08:47:45 283 283 283 283 283 283 283 283 
08:48:45 283 283 283 283 283 283 283 283 
08:49:45 283 283 283 283 283 283 283 283 
08:50:45 283 283 283 283 283 283 283 283 
08:51:45 283 283 283 283 283 283 283 283 
08:52:45 283 283 283 283 283 283 283 283 
08:53:45 283 283 283 283 283 283 283 283 
08:54:45 283 283 283 283 283 283 283 283 
08:55:45 283 283 283 283 283 283 283 283 
08:56:45 541 1308 1322 541 803 801 825 856 
08:57:45 2135 1369 1322 1934 708 1442 926 708 
08:58:46 4205 1982 3252 5147 288 288 288 288 
08:59:46 283 283 283 283 283 283 283 283 
09:00:46 2713 2945 1779 2739 289 289 289 289 
09:01:46 283 283 283 283 283 283 283 283 
09:02:46 283 283 283 283 283 283 283 283 
09:03:46 283 283 283 283 283 283 283 283 
09:04:46 283 283 283 283 283 283 283 283 
09:05:46 283 283 283 283 283 283 283 283 
09:06:46 283 283 283 283 283 283 283 283 
09:07:46 283 283 283 283 283 283 283 283 
09:08:46 283 283 283 283 283 283 283 283 
09:09:46 283 283 283 283 283 283 283 283 
09:10:46 283 283 283 283 283 283 283 283 
09:11:46 283 283 283 283 283 283 283 283 
09:12:46 283 283 283 283 283 283 283 283 
09:13:47 283 283 283 283 283 283 283 283 
09:14:47 283 283 283 283 283 283 283 283 
09:15:47 283 283 283 283 283 283 283 283 
09:16:47 283 283 283 283 283 283 283 283 
09:17:47 283 283 283 283 283 283 283 283 
09:18:47 283 283 283 283 283 283 283 283 
09:19:47 283 283 283 283 283 283 283 283 
09:20:47 283 283 283 283 283 283 283 283 
09:21:47 283 283 283 283 283 283 283 283 
09:22:47 283 283 283 283 283 283 283 283 
09:23:47 283 283 283 283 283 283 283 283 
09:24:47 283 283 283 283 283 283 283 283 
09:25:47 283 283 283 283 283 283 283 283 
09:26:47 283 283 283 283 283 283 283 283 
09:27:47 283 283 283 283 283 283 283 283 
09:28:48 283 283 283 283 283 283 283 283 
09:29:48 283 283 283 283 283 283 283 283 
09:30:48 283 283 283 283 283 283 283 283 
09:31:48 283 283 283 283 283 283 283 283 
09:32:48 283 283 283 283 283 283 283 283 
09:33:48 283 283 283 283 283 283 283 283 
09:34:48 283 283 283 283 283 283 283 283 
09:35:48 283 283 283 283 283 283 283 283 
09:36:48 283 283 283 283 283 283 283 283 
09:37:48 283 283 283 283 283 283 283 283 
09:38:48 283 283 283 283 283 283 283 283 
09:39:48 283 283 283 283 283 283 283 283 
09:40:48 283 283 283 283 283 283 283 283 
09:41:48 283 283 283 283 283 283 283 283 
09:42:49 283 283 283 283 283 283 283 283 
09:43:49 283 283 283 283 283 283 283 283 
09:44:49 283 283 283 283 283 283 283 283 
09:45:49 283 283 283 283 283 283 283 283 
09:46:49 283 283 283 283 283 283 283 283 
09:47:49 283 283 283 283 283 283 283 283 
09:48:49 283 283 283 283 283 283 283 283 
09:49:49 283 283 283 283 283 283 283 283 
09:50:49 283 283 283 283 283 283 283 283 
09:51:49 283 283 283 283 283 283 283 283 
09:52:49 283 283 283 283 283 283 283 283 
09:53:49 283 283 283 283 283 283 283 283 
09:54:49 283 283 283 283 283 283 283 283 
09:55:49 283 283 283 283 283 283 283 283 
09:56:49 283 283 283 283 283 283 283 283 
09:57:50 283 283 283 283 283 283 283 283 
09:58:50 283 283 283 283 283 283 283 283 
09:59:50 283 283 283 283 283 283 283 283 
10:00:50 284 284 284 284 284 284 284 449 
10:01:50 519 515 653 653 284 981 284 284 
10:02:50 286 286 3350 286 3310 286 286 286 
10:03:50 284 635 635 284 284 284 635 808 
10:04:50 286 286 286 286 3674 286 5054 286 
10:05:50 284 284 284 284 284 284 284 284 
10:06:50 287 3175 2635 488 520 585 3169 287 
10:07:50 284 284 284 284 284 284 284 284 
10:08:50 1204 1204 555 1203 554 554 554 556 
10:09:50 846 284 284 786 284 284 284 284 
10:10:50 284 477 284 769 801 1824 284 284 
10:11:51 284 284 284 284 284 284 284 284 
10:12:51 504 504 504 504 504 621 285 621 
10:13:51 285 285 9005 8185 285 1991 9077 8981 
10:14:51 284 284 284 284 284 284 284 284 
10:15:51 284 284 6461 284 5721 284 284 284 
10:16:51 284 284 284 284 284 284 284 284 
10:17:51 2126 3743 3713 4855 287 3593 287 287 
10:18:51 283 283 283 283 283 283 283 283 
10:19:51 283 283 283 283 283 283 283 283 
10:20:51 283 283 283 283 283 283 283 283 
10:21:51 283 283 283 283 283 283 283 283 
10:22:51 16618 3691 3860 3475 290 290 290 290 
10:23:51 2046 2729 4098 4758 3716 2784 3752 3022 
10:24:51 2859 2259 2259 2865 1726 1824 3577 1732 
10:25:52 283 283 283 283 283 283 283 283 
10:26:52 283 283 283 283 283 283 283 283 
10:27:52 283 283 283 283 283 283 283 283 
10:28:52 4870 2246 2280 2880 1841 1837 4723 2916 
10:29:52 17402 5011 5190 4715 290 290 290 290 
10:30:52 3009 2265 2283 2884 1780 2368 4493 1846 
10:31:52 4079 5745 6384 3230 290 290 290 290 
10:32:52 2879 2265 2279 2879 1870 1964 4723 2013 
10:33:52 4268 5040 5220 4714 290 290 290 290 
10:34:52 283 283 283 283 283 283 283 283 
10:35:52 3236 2213 2195 2794 1693 1703 3292 1677 
10:36:52 15633 5275 5023 2409 289 289 289 289 
10:37:52 2957 2215 2206 2794 1621 1927 2420 1673 
10:38:52 2556 5436 5938 2184 288 288 288 288 
10:39:52 2795 2181 2207 2807 1723 1703 3292 1687 
10:40:52 3070 5276 5100 2714 290 290 290 290 
10:41:53 4687 2245 2239 2851 1773 1723 4172 1755 
10:42:53 16716 4866 5118 3702 290 290 290 290 
10:43:53 2989 2229 2239 2851 1669 2154 3984 1733 
10:44:53 3680 5584 6035 2191 289 289 289 289 
10:45:53 2839 2225 2239 2851 1785 1723 4477 1786 
10:46:53 4260 4946 5154 4012 290 290 290 290 
10:47:53 4753 2245 2259 2851 1816 1762 4704 1804 
10:48:53 17338 4950 5110 4330 290 290 290 290 
10:49:53 3009 2231 2265 2874 1714 2174 4225 1792 
10:50:53 3970 5688 6191 2197 289 289 289 289 
10:51:53 2865 2245 2259 2871 1828 1777 4711 1822 
10:52:53 4268 4998 5122 4634 290 290 290 290 
10:53:53 283 283 283 283 283 283 283 283 
10:54:53 283 283 283 283 283 283 283 283 
10:55:53 283 283 283 283 283 283 283 283 
10:56:54 283 283 283 283 283 283 283 283 
10:57:54 283 283 283 283 283 283 283 283 
10:58:54 283 283 283 283 283 283 283 283 
10:59:54 283 283 283 283 283 283 283 283 
11:00:54 283 283 283 283 283 283 283 283 
11:01:54 283 283 283 283 283 283 283 283 
11:02:54 283 283 283 283 283 283 283 283 
11:03:54 283 283 283 283 283 283 283 283 
11:04:54 283 283 283 283 283 283 283 283 
11:05:54 283 283 283 283 283 283 283 283 
11:06:54 283 283 283 283 283 283 283 283 
11:07:54 283 283 283 283 283 283 283 283 
11:08:54 283 283 283 283 283 283 283 283 
11:09:54 283 283 283 283 283 283 283 283 
11:10:54 283 283 283 283 283 283 283 283 
11:11:55 283 283 283 283 283 283 283 283 
11:12:55 283 283 283 283 283 283 283 283 
11:13:55 283 283 283 283 283 283 283 283 
11:14:55 283 283 283 283 283 283 283 283 
11:15:55 283 283 283 283 283 283 283 283 
11:16:55 283 283 283 283 283 283 283 283 
11:17:55 283 283 283 283 283 283 283 283 
11:18:55 283 283 283 283 283 283 283 283 
11:19:55 283 283 283 283 283 283 283 283 
11:20:55 283 283 283 283 283 283 283 283 
11:21:55 283 283 283 283 283 283 283 283 
11:22:55 283 283 283 283 283 283 283 283 
11:23:55 283 283 283 283 283 283 283 283 
11:24:55 283 283 283 283 283 283 283 283 
11:25:56 283 283 283 283 283 283 283 283 
11:26:56 283 283 283 283 283 283 283 283 
11:27:56 283 283 283 283 283 283 283 283 
11:28:56 283 283 283 283 283 283 283 283 
11:29:56 283 283 283 283 283 283 283 283 
11:30:56 283 283 283 283 283 283 283 283 
11:31:56 283 283 283 283 283 283 283 283 
11:32:56 283 283 283 283 283 283 283 283 
11:33:56 283 283 283 283 283 283 283 283 
11:34:56 283 283 283 283 283 283 283 283 
11:35:56 283 283 283 283 283 283 283 283 
11:36:56 283 283 283 283 283 283 283 283 
11:37:56 283 283 283 283 283 283 283 283 
11:38:56 283 283 283 283 283 283 283 283 
11:39:56 283 283 283 283 283 283 283 283 
11:40:57 283 283 283 283 283 283 283 283 
11:41:57 283 283 283 283 283 283 283 283 
11:42:57 283 283 283 283 283 283 283 283 
11:43:57 283 283 283 283 283 283 283 283 
11:44:57 283 283 283 283 283 283 283 283 
11:45:57 283 283 283 283 283 283 283 283 
11:46:57 283 283 283 283 283 283 283 283 
11:47:57 283 283 283 283 283 283 283 283 
11:48:57 283 283 283 283 283 283 283 283 
11:49:57 283 283 283 283 283 283 283 283 
11:50:57 283 283 283 283 283 283 283 283 
11:51:57 283 283 283 283 283 283 283 283 
11:52:57 283 283 283 283 283 283 283 283 
11:53:57 283 283 283 283 283 283 283 283 
11:54:58 283 283 283 283 283 283 283 283 
11:55:58 283 283 283 283 283 283 283 283 
11:56:58 283 283 283 283 283 283 283 283 
11:57:58 283 283 283 283 283 283 283 283 
11:58:58 283 283 283 283 283 283 283 283 
11:59:58 283 283 283 283 283 283 283 283 
12:00:58 283 283 283 283 283 283 283 283 
12:01:58 283 283 283 283 283 283 283 283 
12:02:58 283 283 283 283 283 283 283 283 
12:03:58 283 283 283 283 283 283 283 283 
12:04:58 283 283 283 283 283 283 283 283 
12:05:58 283 283 283 283 283 283 283 283 
12:06:58 283 283 283 283 283 283 283 283 
12:07:58 283 283 283 283 283 283 283 283 
12:08:58 283 283 283 283 283 283 283 283 
12:09:59 283 283 283 283 283 283 283 283 
12:10:59 283 283 283 283 283 283 283 283 
12:11:59 283 283 283 283 283 283 283 283 
12:12:59 283 283 283 283 283 283 283 283 
12:13:59 283 283 283 283 283 283 283 283 
12:14:59 283 283 283 283 283 283 283 283 
12:15:59 283 283 283 283 283 283 283 283 
12:16:59 283 283 283 283 283 283 283 283 
12:17:59 283 283 283 283 283 283 283 283 
12:18:59 283 283 283 283 283 283 283 283 
12:19:59 283 283 283 283 283 283 283 283 
12:20:59 283 283 283 283 283 283 283 283 
12:21:59 283 283 283 283 283 283 283 283 
12:22:59 283 283 283 283 283 283 283 283 
12:24:00 283 283 283 283 283 283 283 283 
12:25:00 283 283 283 283 283 283 283 283 
12:26:00 283 283 283 283 283 283 283 283 
12:27:00 283 283 283 283 283 283 283 283 
12:28:00 283 283 283 283 283 283 283 283 
12:29:00 283 283 283 283 283 283 283 283 
12:30:00 283 283 283 283 283 283 283 283 
12:31:00 283 283 283 283 283 283 283 283 
12:32:00 283 283 283 283 283 283 283 283 
12:33:00 283 283 283 283 283 283 283 283 
12:34:00 283 283 283 283 283 283 283 283 
12:35:00 283 283 283 283 283 283 283 283 
12:36:00 283 283 283 283 283 283 283 283 
12:37:00 283 283 283 283 283 283 283 283 
12:38:01 283 283 283 283 283 283 283 283 
12:39:01 283 283 283 283 283 283 283 283 
12:40:01 283 283 283 283 283 283 283 283 
12:41:01 283 283 283 283 283 283 283 283 
12:42:01 283 283 283 283 283 283 283 283 
12:43:01 283 283 283 283 283 283 283 283 
12:44:01 283 283 283 283 283 283 283 283 
12:45:01 283 283 283 283 283 283 283 283 
12:46:01 283 283 283 283 283 283 283 283 
12:47:01 283 283 283 283 283 283 283 283 
12:48:01 283 283 283 283 283 283 283 283 
12:49:01 283 283 283 283 283 283 283 283 
12:50:01 283 283 283 283 283 283 283 283 
12:51:01 283 283 283 283 283 283 283 283 
12:52:01 283 283 283 283 283 283 283 283 
12:53:02 283 283 283 283 283 283 283 283 
12:54:02 283 283 283 283 283 283 283 283 
12:55:02 283 283 283 283 283 283 283 283 
12:56:02 283 283 283 283 283 283 283 283 
12:57:02 283 283 283 283 283 283 283 283 
12:58:02 283 283 283 283 283 283 283 283 
12:59:02 283 283 283 283 283 283 283 283 
13:00:02 283 283 283 283 283 283 283 283 
13:01:02 283 283 283 283 283 283 283 283 
13:02:02 283 283 283 283 283 283 283 283 
13:03:02 283 283 283 283 283 283 283 283 
13:04:02 283 283 283 283 283 283 283 283 
13:05:02 283 283 283 283 283 283 283 283 
13:06:02 283 283 283 283 283 283 283 283 
13:07:02 283 283 283 283 283 283 283 283 
13:08:03 283 283 283 283 283 283 283 283 
13:09:03 283 283 283 283 283 283 283 283 
13:10:03 283 283 283 283 283 283 283 283 
13:11:03 283 283 283 283 283 283 283 283 
13:12:03 283 283 283 283 283 283 283 283 
13:13:03 283 283 283 283 283 283 283 283 
13:14:03 283 283 283 283 283 283 283 283 
13:15:03 283 283 283 283 283 283 283 283 
13:16:03 283 283 283 283 283 283 283 283 
13:17:03 283 283 283 283 283 283 283 283 
13:18:03 283 283 283 283 283 283 283 283 
13:19:03 283 283 283 283 283 283 283 283 
13:20:03 283 283 283 283 283 283 283 283 
13:21:03 283 283 283 283 283 283 283 283 
13:22:03 284 284 284 284 284 284 284 430 
13:23:04 283 283 283 283 283 283 283 283 
13:24:04 283 283 283 283 283 283 283 283 
13:25:04 283 283 283 283 283 283 283 283 
13:26:04 283 283 283 283 283 283 283 283 
13:27:04 283 283 283 283 283 283 283 283 
13:28:04 283 283 283 283 283 283 283 283 
13:29:04 283 283 283 283 283 283 283 283 
13:30:04 283 283 283 283 283 283 283 283 
13:31:04 283 283 283 283 283 283 283 283 
13:32:04 283 283 283 283 283 283 283 283 
13:33:04 283 283 283 283 283 283 283 283 
13:34:04 283 283 283 283 283 283 283 283 
13:35:04 283 283 283 283 283 283 283 283 
13:36:04 283 283 283 283 283 283 283 283 
13:37:04 283 283 283 283 283 283 283 283 
13:38:05 283 283 283 283 283 283 283 283 
13:39:05 283 283 283 283 283 283 283 283 
13:40:05 283 283 283 283 283 283 283 283 
13:41:05 283 283 283 283 283 283 283 283 
13:42:05 283 283 283 283 283 283 283 283 
13:43:05 283 283 283 283 283 283 283 283 
13:44:05 283 283 283 283 283 283 283 283 
13:45:05 283 283 283 283 283 283 283 283 
13:46:05 283 283 283 283 283 283 283 283 
13:47:05 283 283 283 283 283 283 283 283 
13:48:05 283 283 283 283 283 283 283 283 
13:49:05 283 283 283 283 283 283 283 283 
13:50:05 602 284 284 284 284 284 284 284 
13:51:05 283 283 283 283 283 283 283 283 
13:52:05 283 283 283 283 283 283 283 283 
13:53:06 283 283 283 283 283 283 283 283 
13:54:06 283 283 283 283 283 283 283 283 
13:55:06 283 283 283 283 283 283 283 283 
13:56:06 283 283 283 283 283 283 283 283 
13:57:06 283 283 283 283 283 283 283 283 
13:58:06 283 283 283 283 283 283 283 283 
13:59:06 283 283 283 283 283 283 283 283 
14:00:06 283 283 283 283 283 283 283 283 
14:01:06 283 283 283 283 283 283 283 283 
14:02:06 283 283 283 283 283 283 283 283 
14:03:06 283 283 283 283 283 283 283 283 
14:04:06 283 283 283 283 283 283 283 283 
14:05:06 283 283 283 283 283 283 283 283 
14:06:06 283 283 283 283 283 283 283 283 
14:07:06 283 283 283 283 283 283 283 283 
14:08:07 93096 93096 93096 93096 93096 93096 93096 93096 
14:09:07 93096 93096 93096 93096 93096 93096 93096 93096 
14:10:07 96270 96696 96702 96690 96640 96038 96570 96560 
14:11:07 94457 94457 94457 94457 94457 94457 94457 94457 
14:12:07 94457 94457 94457 94457 94457 94457 94457 94457 
14:13:07 97201 97651 97643 97651 97585 97521 97525 97517 
14:14:07 93096 93096 93096 93096 93096 93096 93096 93096 
14:15:07 93096 93096 93096 93096 93096 93096 93096 93096 
14:16:07 94409 94387 94415 94391 94411 94405 94397 94417 
14:17:07 94456 94456 94456 94456 94456 94456 94456 94456 
14:18:07 94456 94456 94456 94456 94456 94456 94456 94456 
14:19:07 95926 95926 95924 95922 95930 95920 95920 95928 
14:20:07 94457 94457 94457 94457 94457 94457 94457 94457 
14:21:08 94457 94457 94457 94457 94457 94457 94457 94457 
14:22:08 283 283 283 283 283 283 283 283 
14:23:08 283 283 283 283 283 283 283 283 
14:24:08 283 283 283 283 283 283 283 283 
14:25:08 93096 93096 93096 93096 93096 93096 93096 93096 
14:26:08 93096 93096 93096 93096 93096 93096 93096 93096 
14:27:08 94083 94083 94083 94083 94083 94083 93935 94083 
14:28:08 94456 94456 94456 94456 94456 94456 94456 94456 
14:29:08 94456 94456 94456 94456 94456 94456 94456 94456 
14:30:08 95301 94769 95301 95301 95301 95301 95301 95301 
14:31:08 93096 93096 93096 93096 93096 93096 93096 93096 
14:32:08 93096 93096 93096 93096 93096 93096 93096 93096 
14:33:08 93206 93929 93929 93929 93929 93105 93929 93929 
14:34:09 94456 94457 94457 94457 94457 94456 94457 94456 
14:35:09 94456 94457 94457 94457 94457 94456 94457 94456 
14:36:09 95293 94461 94460 95293 94726 94460 94485 94460 
14:37:09 283 283 283 283 283 283 283 283 
14:38:09 94456 94456 94456 94456 94456 94456 94456 94456 
14:39:09 94456 94456 94456 94456 94456 94456 94456 94456 
14:40:09 98043 98481 98473 98473 98423 98337 98355 98353 
14:41:09 25864 33064 37874 45038 45038 47868 31846 43058 
14:42:09 283 283 283 283 283 283 283 283 
14:43:09 283 283 283 283 283 283 283 283 
14:44:09 283 283 283 283 283 283 283 283 
14:45:09 283 283 283 283 283 283 283 283 
14:46:09 283 283 283 283 283 283 283 283 
14:47:09 283 283 283 283 283 283 283 283 
14:48:09 283 283 283 283 283 283 283 283 
14:49:10 283 283 283 283 283 283 283 283 
14:50:10 283 283 283 283 283 283 283 283 
14:51:10 283 283 283 283 283 283 283 283 
14:52:10 283 283 283 283 283 283 283 283 
14:53:10 283 283 283 283 283 283 283 283 
14:54:10 283 283 283 283 283 283 283 283 
14:55:10 283 283 283 283 283 283 283 283 
14:56:10 283 283 283 283 283 283 283 283 
14:57:10 283 283 283 283 283 283 283 283 
14:58:10 283 283 283 283 283 283 283 283 
14:59:10 283 283 283 283 283 283 283 283 
15:00:10 283 283 283 283 283 283 283 283 
15:01:10 283 283 283 283 283 283 283 283 
15:02:10 283 283 283 283 283 283 283 283 
15:03:10 283 283 283 283 283 283 283 283 
15:04:11 283 283 283 283 283 283 283 283 
15:05:11 283 283 283 283 283 283 283 283 
15:06:11 283 283 283 283 283 283 283 283 
15:07:11 283 283 283 283 283 283 283 283 
15:08:11 283 283 283 283 283 283 283 283 
15:09:11 283 283 283 283 283 283 283 283 
15:10:11 283 283 283 283 283 283 283 283 
15:11:11 283 283 283 283 283 283 283 283 
15:12:11 283 283 283 283 283 283 283 283 
15:13:11 283 283 283 283 283 283 283 283 
15:14:11 283 283 283 283 283 283 283 283 
15:15:11 283 283 283 283 283 283 283 283 
15:16:11 283 283 283 283 283 283 283 283 
15:17:11 283 283 283 283 283 283 283 283 
15:18:11 283 283 283 283 283 283 283 283 
15:19:12 283 283 283 283 283 283 283 283 
15:20:12 283 283 283 283 283 283 283 283 
15:21:12 283 283 283 283 283 283 283 283 
15:22:12 283 283 283 283 283 283 283 283 
15:23:12 283 283 283 283 283 283 283 283 
15:24:12 283 283 283 283 283 283 283 283 
15:25:12 283 283 283 283 283 283 283 283 
15:26:12 283 283 283 283 283 283 283 283 
15:27:12 283 283 283 283 283 283 283 283 
15:28:12 283 283 283 283 283 283 283 283 
15:29:12 283 283 283 283 283 283 283 283 
15:30:12 283 283 283 283 283 283 283 283 
15:31:12 283 283 283 283 283 283 283 283 
15:32:12 283 283 283 283 283 283 283 283 
15:33:12 283 283 283 283 283 283 283 283 
15:34:13 283 283 283 283 283 283 283 283 
15:35:13 283 283 283 283 283 283 283 283 
15:36:13 283 283 283 283 283 283 283 283 
15:37:13 283 283 283 283 283 283 283 283 
15:38:13 283 283 283 283 283 283 283 283 
15:39:13 283 283 283 283 283 283 283 283 
15:40:13 283 283 283 283 283 283 283 283 
15:41:13 283 283 283 283 283 283 283 283 
15:42:13 283 283 283 283 283 283 283 283 
15:43:13 283 283 283 283 283 283 283 283 
15:44:13 283 283 283 283 283 283 283 283 
15:45:13 283 283 283 283 283 283 283 283 
15:46:13 283 283 283 283 283 283 283 283 
15:47:13 283 283 283 283 283 283 283 283 
15:48:13 283 283 283 283 283 283 283 283 
15:49:14 283 283 283 283 283 283 283 283 
15:50:14 283 283 283 283 283 283 283 283 
15:51:14 283 283 283 283 283 283 283 283 
15:52:14 283 283 283 283 283 283 283 283 
15:53:14 283 283 283 283 283 283 283 283 
15:54:14 283 283 283 283 283 283 283 283 
15:55:14 283 283 283 283 283 283 283 283 
15:56:14 283 283 283 283 283 283 283 283 
15:57:14 283 283 283 283 283 283 283 283 
15:58:14 283 283 283 283 283 283 283 283 
15:59:14 283 283 283 283 283 283 283 283 
16:00:14 283 283 283 283 283 283 283 283 
16:01:14 283 283 283 283 283 283 283 283 
16:02:14 283 283 283 283 283 283 283 283 
16:03:14 283 283 283 283 283 283 283 283 
16:04:15 283 283 283 283 283 283 283 283 
16:05:15 283 283 283 283 283 283 283 283 
16:06:15 283 283 283 283 283 283 283 283 
16:07:15 283 283 283 283 283 283 283 283 
16:08:15 283 283 283 283 283 283 283 283 
16:09:15 283 283 283 283 283 283 283 283 
16:10:15 283 283 283 283 283 283 283 283 
16:11:15 283 283 283 283 283 283 283 283 
16:12:15 283 283 283 283 283 283 283 283 
16:13:15 283 283 283 283 283 283 283 283 
16:14:15 283 283 283 283 283 283 283 283 
16:15:15 283 283 283 283 283 283 283 283 
16:16:15 283 283 283 283 283 283 283 283 
16:17:15 283 283 283 283 283 283 283 283 
16:18:15 283 283 283 283 283 283 283 283 
16:19:16 283 283 283 283 283 283 283 283 
16:20:16 283 283 283 283 283 283 283 283 
16:21:16 283 283 283 283 283 283 283 283 
16:22:16 283 283 283 283 283 283 283 283 
16:23:16 283 283 283 283 283 283 283 283 
16:24:16 283 283 283 283 283 283 283 283 
16:25:16 283 283 283 283 283 283 283 283 
16:26:16 283 283 283 283 283 283 283 283 
16:27:16 283 283 283 283 283 283 283 283 
16:28:16 283 283 283 283 283 283 283 283 
16:29:16 283 283 283 283 283 283 283 283 
16:30:16 283 283 283 283 283 283 283 283 
16:31:16 283 283 283 283 283 283 283 283 
16:32:16 283 283 283 283 283 283 283 283 
16:33:16 283 283 283 283 283 283 283 283 
16:34:17 283 283 283 283 283 283 283 283 
16:35:17 283 283 283 283 283 283 283 283 
16:36:17 283 283 283 283 283 283 283 283 
16:37:17 283 283 283 283 283 283 283 283 
16:38:17 283 283 283 283 283 283 283 283 
16:39:17 283 283 283 283 283 283 283 283 
16:40:17 283 283 283 283 283 283 283 283 
16:41:17 283 283 283 283 283 283 283 283 
16:42:17 283 283 283 283 283 283 283 283 
16:43:17 283 283 283 283 283 283 283 283 
16:44:17 283 283 283 283 283 283 283 283 
16:45:17 283 283 283 283 283 283 283 283 
16:46:17 283 283 283 283 283 283 283 283 
16:47:17 283 283 283 283 283 283 283 283 
16:48:18 283 283 283 283 283 283 283 283 
16:49:18 283 283 283 283 283 283 283 283 
16:50:18 283 283 283 283 283 283 283 283 
16:51:18 283 283 283 283 283 283 283 283 
16:52:18 283 283 283 283 283 283 283 283 
16:53:18 283 283 283 283 283 283 283 283 
16:54:18 283 283 283 283 283 283 283 283 
16:55:18 283 283 283 283 283 283 283 283 
16:56:18 283 283 283 283 283 283 283 283 
16:57:18 283 283 283 283 283 283 283 283 
16:58:18 283 283 283 283 283 283 283 283 
16:59:18 283 283 283 283 283 283 283 283 
17:00:18 283 283 283 283 283 283 283 283 
17:01:18 283 283 283 283 283 283 283 283 
17:02:18 283 283 283 283 283 283 283 283 
17:03:19 283 283 283 283 283 283 283 283 
17:04:19 283 283 283 283 283 283 283 283 
17:05:19 283 283 283 283 283 283 283 283 
17:06:19 283 283 283 283 283 283 283 283 
17:07:19 283 283 283 283 283 283 283 283 
17:08:19 283 283 283 283 283 283 283 283 
17:09:19 283 283 283 283 283 283 283 283 
17:10:19 283 283 283 283 283 283 283 283 
17:11:19 283 283 283 283 283 283 283 283 
17:12:19 283 283 283 283 283 283 283 283 
17:13:19 283 283 283 283 283 283 283 283 
17:14:19 283 283 283 283 283 283 283 283 
17:15:19 283 283 283 283 283 283 283 283 
17:16:19 283 283 283 283 283 283 283 283 
17:17:19 283 283 283 283 283 283 283 283 
17:18:20 283 283 283 283 283 283 283 283 
17:19:20 283 283 283 283 283 283 283 283 
17:20:20 283 283 283 283 283 283 283 283 
17:21:20 283 283 283 283 283 283 283 283 
17:22:20 283 283 283 283 283 283 283 283 
17:23:20 283 283 283 283 283 283 283 283 
17:24:20 283 283 283 283 283 283 283 283 
17:25:20 283 283 283 283 283 283 283 283 
17:26:20 283 283 283 283 283 283 283 283 
17:27:20 283 283 283 283 283 283 283 283 
17:28:20 283 283 283 283 283 283 283 283 
17:29:20 283 283 283 283 283 283 283 283 
17:30:20 283 283 283 283 283 283 283 283 
17:31:20 283 283 283 283 283 283 283 283 
17:32:21 283 283 283 283 283 283 283 283 
17:33:21 283 283 283 283 283 283 283 283 
17:34:21 283 283 283 283 283 283 283 283 
17:35:21 283 283 283 283 283 283 283 283 
17:36:21 283 283 283 283 283 283 283 283 
17:37:21 283 283 283 283 283 283 283 283 
17:38:21 283 283 283 283 283 283 283 283 
17:39:21 283 283 283 283 283 283 283 283 
17:40:21 283 283 283 283 283 283 283 283 
17:41:21 283 283 283 283 283 283 283 283 
17:42:21 283 283 283 283 283 283 283 283 
17:43:21 283 283 283 283 283 283 283 283 
17:44:21 283 283 283 283 283 283 283 283 
17:45:21 283 283 283 283 283 283 283 283 
17:46:21 283 283 283 283 283 283 283 283 
17:47:22 283 283 283 283 283 283 283 283 
17:48:22 283 283 283 283 283 283 283 283 
17:49:22 283 283 283 283 283 283 283 283 
17:50:22 283 283 283 283 283 283 283 283 
17:51:22 283 283 283 283 283 283 283 283 
17:52:22 283 283 283 283 283 283 283 283 
17:53:22 283 283 283 283 283 283 283 283 
17:54:22 283 283 283 283 283 283 283 283 
17:55:22 283 283 283 283 283 283 283 283 
17:56:22 283 283 283 283 283 283 283 283 
17:57:22 283 283 283 283 283 283 283 283 
17:58:22 283 283 283 283 283 283 283 283 
17:59:22 283 283 283 283 283 283 283 283 
18:00:22 283 283 283 283 283 283 283 283 
18:01:22 283 283 283 283 283 283 283 283 
18:02:23 283 283 283 283 283 283 283 283 
18:03:23 283 283 283 283 283 283 283 283 
18:04:23 283 283 283 283 283 283 283 283 
18:05:23 283 283 283 283 283 283 283 283 
18:06:23 283 283 283 283 283 283 283 283 
18:07:23 283 283 283 283 283 283 283 283 
18:08:23 283 283 283 283 283 283 283 283 
18:09:23 283 283 283 283 283 283 283 283 
18:10:23 283 283 283 283 283 283 283 283 
18:11:23 283 283 283 283 283 283 283 283 
18:12:23 283 283 283 283 283 283 283 283 
18:13:23 283 283 283 283 283 283 283 283 
18:14:23 283 283 283 283 283 283 283 283 
18:15:23 283 283 283 283 283 283 283 283 
18:16:23 283 283 283 283 283 283 283 283 
18:17:24 283 283 283 283 283 283 283 283 
18:18:24 283 283 283 283 283 283 283 283 
18:19:24 283 283 283 283 283 283 283 283 
18:20:24 283 283 283 283 283 283 283 283 
18:21:24 283 283 283 283 283 283 283 283 
18:22:24 283 283 283 283 283 283 283 283 
18:23:24 283 283 283 283 283 283 283 283 
18:24:24 283 283 283 283 283 283 283 283 
18:25:24 283 283 283 283 283 283 283 283 
18:26:24 283 283 283 283 283 283 283 283 
18:27:24 283 283 283 283 283 283 283 283 
18:28:24 283 283 283 283 283 283 283 283 
18:29:24 283 283 283 283 283 283 283 283 
18:30:24 283 283 283 283 283 283 283 283 
18:31:24 283 283 283 283 283 283 283 283 
18:32:25 283 283 283 283 283 283 283 283 
18:33:25 283 283 283 283 283 283 283 283 
18:34:25 283 283 283 283 283 283 283 283 
18:35:25 283 283 283 283 283 283 283 283 
18:36:25 283 283 283 283 283 283 283 283 
18:37:25 283 283 283 283 283 283 283 283 
18:38:25 283 283 283 283 283 283 283 283 
18:39:25 283 283 283 283 283 283 283 283 
18:40:25 283 283 283 283 283 283 283 283 
18:41:25 283 283 283 283 283 283 283 283 
18:42:25 283 283 283 283 283 283 283 283 
18:43:25 283 283 283 283 283 283 283 283 
18:44:25 283 283 283 283 283 283 283 283 
18:45:25 283 283 283 283 283 283 283 283 
18:46:25 283 283 283 283 283 283 283 283 
18:47:26 283 283 283 283 283 283 283 283 
18:48:26 283 283 283 283 283 283 283 283 
18:49:26 283 283 283 283 283 283 283 283 
18:50:26 283 283 283 283 283 283 283 283 
18:51:26 283 283 283 283 283 283 283 283 
18:52:26 283 283 283 283 283 283 283 283 
18:53:26 283 283 283 283 283 283 283 283 
18:54:26 283 283 283 283 283 283 283 283 
18:55:26 283 283 283 283 283 283 283 283 
18:56:26 283 283 283 283 283 283 283 283 
18:57:26 283 283 283 283 283 283 283 283 
18:58:26 283 283 283 283 283 283 283 283 
18:59:26 283 283 283 283 283 283 283 283 
19:00:26 283 283 283 283 283 283 283 283 
19:01:26 283 283 283 283 283 283 283 283 
19:02:27 283 283 283 283 283 283 283 283 
19:03:27 283 283 283 283 283 283 283 283 
19:04:27 283 283 283 283 283 283 283 283 
19:05:27 283 283 283 283 283 283 283 283 
19:06:27 283 283 283 283 283 283 283 283 
19:07:27 283 283 283 283 283 283 283 283 
19:08:27 283 283 283 283 283 283 283 283 
19:09:27 283 283 283 283 283 283 283 283 
19:10:27 283 283 283 283 283 283 283 283 
19:11:27 283 283 283 283 283 283 283 283 
19:12:27 283 283 283 283 283 283 283 283 
19:13:27 283 283 283 283 283 283 283 283 
19:14:27 283 283 283 283 283 283 283 283 
19:15:27 283 283 283 283 283 283 283 283 
19:16:28 283 283 283 283 283 283 283 283 
19:17:28 283 283 283 283 283 283 283 283 
19:18:28 283 283 283 283 283 283 283 283 
19:19:28 283 283 283 283 283 283 283 283 
19:20:28 283 283 283 283 283 283 283 283 
19:21:28 283 283 283 283 283 283 283 283 
19:22:28 283 283 283 283 283 283 283 283 
19:23:28 283 283 283 283 283 283 283 283 
19:24:28 283 283 283 283 283 283 283 283 
19:25:28 283 283 283 283 283 283 283 283 
19:26:28 283 283 283 283 283 283 283 283 
19:27:28 283 283 283 283 283 283 283 283 
19:28:28 283 283 283 283 283 283 283 283 
19:29:28 283 283 283 283 283 283 283 283 
19:30:28 283 283 283 283 283 283 283 283 
19:31:29 283 283 283 283 283 283 283 283 
19:32:29 283 283 283 283 283 283 283 283 
19:33:29 283 283 283 283 283 283 283 283 
19:34:29 283 283 283 283 283 283 283 283 
19:35:29 283 283 283 283 283 283 283 283 
19:36:29 283 283 283 283 283 283 283 283 
19:37:29 283 283 283 283 283 283 283 283 
19:38:29 283 283 283 283 283 283 283 283 
19:39:29 283 283 283 283 283 283 283 283 
19:40:29 283 283 283 283 283 283 283 283 
19:41:29 283 283 283 283 283 283 283 283 
19:42:29 283 283 283 283 283 283 283 283 
19:43:29 283 283 283 283 283 283 283 283 
19:44:29 283 283 283 283 283 283 283 283 
19:45:29 283 283 283 283 283 283 283 283 
19:46:30 283 283 283 283 283 283 283 283 
19:47:30 283 283 283 283 283 283 283 283 
19:48:30 283 283 283 283 283 283 283 283 
19:49:30 283 283 283 283 283 283 283 283 
19:50:30 283 283 283 283 283 283 283 283 
19:51:30 283 283 283 283 283 283 283 283 
19:52:30 283 283 283 283 283 283 283 283 
19:53:30 283 283 283 283 283 283 283 283 
19:54:30 283 283 283 283 283 283 283 283 
19:55:30 283 283 283 283 283 283 283 283 
19:56:30 283 283 283 283 283 283 283 283 
19:57:30 283 283 283 283 283 283 283 283 
19:58:30 283 283 283 283 283 283 283 283 
19:59:30 283 283 283 283 283 283 283 283 
20:00:30 283 283 283 283 283 283 283 283 
20:01:31 283 283 283 283 283 283 283 283 
20:02:31 283 283 283 283 283 283 283 283 
20:03:31 283 283 283 283 283 283 283 283 
20:04:31 283 283 283 283 283 283 283 283 
20:05:31 283 283 283 283 283 283 283 283 
20:06:31 283 283 283 283 283 283 283 283 
20:07:31 283 283 283 283 283 283 283 283 
20:08:31 283 283 283 283 283 283 283 283 
20:09:31 283 283 283 283 283 283 283 283 
20:10:31 283 283 283 283 283 283 283 283 
20:11:31 283 283 283 283 283 283 283 283 
20:12:31 283 283 283 283 283 283 283 283 
20:13:31 283 283 283 283 283 283 283 283 
20:14:31 283 283 283 283 283 283 283 283 
20:15:31 283 283 283 283 283 283 283 283 
20:16:32 283 283 283 283 283 283 283 283 
20:17:32 283 283 283 283 283 283 283 283 
20:18:32 283 283 283 283 283 283 283 283 
20:19:32 283 283 283 283 283 283 283 283 
20:20:32 283 283 283 283 283 283 283 283 
20:21:32 283 283 283 283 283 283 283 283 
20:22:32 283 283 283 283 283 283 283 283 
20:23:32 283 283 283 283 283 283 283 283 
20:24:32 283 283 283 283 283 283 283 283 
20:25:32 283 283 283 283 283 283 283 283 
20:26:32 283 283 283 283 283 283 283 283 
20:27:32 283 283 283 283 283 283 283 283 
20:28:32 283 283 283 283 283 283 283 283 
20:29:32 283 283 283 283 283 283 283 283 
20:30:33 283 283 283 283 283 283 283 283 
20:31:33 283 283 283 283 283 283 283 283 
20:32:33 283 283 283 283 283 283 283 283 
20:33:33 283 283 283 283 283 283 283 283 
20:34:33 283 283 283 283 283 283 283 283 
20:35:33 283 283 283 283 283 283 283 283 
20:36:33 283 283 283 283 283 283 283 283 
20:37:33 283 283 283 283 283 283 283 283 
20:38:33 283 283 283 283 283 283 283 283 
20:39:33 283 283 283 283 283 283 283 283 
20:40:33 283 283 283 283 283 283 283 283 
20:41:33 283 283 283 283 283 283 283 283 
20:42:33 283 283 283 283 283 283 283 283 
20:43:33 283 283 283 283 283 283 283 283 
20:44:33 283 283 283 283 283 283 283 283 
20:45:34 283 283 283 283 283 283 283 283 
20:46:34 283 283 283 283 283 283 283 283 
20:47:34 283 283 283 283 283 283 283 283 
20:48:34 283 283 283 283 283 283 283 283 
20:49:34 283 283 283 283 283 283 283 283 
20:50:34 283 283 283 283 283 283 283 283 
20:51:34 283 283 283 283 283 283 283 283 
20:52:34 283 283 283 283 283 283 283 283 
20:53:34 283 283 283 283 283 283 283 283 
20:54:34 283 283 283 283 283 283 283 283 
20:55:34 283 283 283 283 283 283 283 283 
20:56:34 283 283 283 283 283 283 283 283 
20:57:34 283 283 283 283 283 283 283 283 
20:58:34 283 283 283 283 283 283 283 283 
20:59:35 283 283 283 283 283 283 283 283 
21:00:35 283 283 283 283 283 283 283 283 
21:01:35 283 283 283 283 283 283 283 283 
21:02:35 283 283 283 283 283 283 283 283 
21:03:35 283 283 283 283 283 283 283 283 
21:04:35 283 283 283 283 283 283 283 283 
21:05:35 283 283 283 283 283 283 283 283 
21:06:35 283 283 283 283 283 283 283 283 
21:07:35 283 283 283 283 283 283 283 283 
21:08:35 283 283 283 283 283 283 283 283 
21:09:35 283 283 283 283 283 283 283 283 
21:10:35 283 283 283 283 283 283 283 283 
21:11:35 283 283 283 283 283 283 283 283 
21:12:35 283 283 283 283 283 283 283 283 
21:13:36 283 283 283 283 283 283 283 283 
21:14:36 283 283 283 283 283 283 283 283 
21:15:36 283 283 283 283 283 283 283 283 
21:16:36 283 283 283 283 283 283 283 283 
21:17:36 283 283 283 283 283 283 283 283 
21:18:36 283 283 283 283 283 283 283 283 
21:19:36 283 283 283 283 283 283 283 283 
21:20:36 283 283 283 283 283 283 283 283 
21:21:36 283 283 283 283 283 283 283 283 
21:22:36 283 283 283 283 283 283 283 283 
21:23:36 283 283 283 283 283 283 283 283 
21:24:36 283 283 283 283 283 283 283 283 
21:25:36 283 283 283 283 283 283 283 283 
21:26:36 283 283 283 283 283 283 283 283 
21:27:36 283 283 283 283 283 283 283 283 
21:28:37 283 283 283 283 283 283 283 283 
21:29:37 283 283 283 283 283 283 283 283 
21:30:37 283 283 283 283 283 283 283 283 
21:31:37 283 283 283 283 283 283 283 283 
21:32:37 283 283 283 283 283 283 283 283 
21:33:37 283 283 283 283 283 283 283 283 
21:34:37 283 283 283 283 283 283 283 283 
21:35:37 283 283 283 283 283 283 283 283 
21:36:37 283 283 283 283 283 283 283 283 
21:37:37 283 283 283 283 283 283 283 283 
21:38:37 283 283 283 283 283 283 283 283 
21:39:37 283 283 283 283 283 283 283 283 
21:40:37 283 283 283 283 283 283 283 283 
21:41:37 283 283 283 283 283 283 283 283 
21:42:38 283 283 283 283 283 283 283 283 
21:43:38 283 283 283 283 283 283 283 283 
21:44:38 283 283 283 283 283 283 283 283 
21:45:38 283 283 283 283 283 283 283 283 
21:46:38 283 283 283 283 283 283 283 283 
21:47:38 283 283 283 283 283 283 283 283 
21:48:38 283 283 283 283 283 283 283 283 
21:49:38 283 283 283 283 283 283 283 283 
21:50:38 283 283 283 283 283 283 283 283 
21:51:38 283 283 283 283 283 283 283 283 
21:52:38 283 283 283 283 283 283 283 283 
21:53:38 283 283 283 283 283 283 283 283 
21:54:38 283 283 283 283 283 283 283 283 
21:55:38 283 283 283 283 283 283 283 283 
21:56:38 283 283 283 283 283 283 283 283 
21:57:39 283 283 283 283 283 283 283 283 
21:58:39 283 283 283 283 283 283 283 283 
21:59:39 283 283 283 283 283 283 283 283 
22:00:39 283 283 283 283 283 283 283 283 
22:01:39 283 283 283 283 283 283 283 283 
22:02:39 283 283 283 283 283 283 283 283 
22:03:39 283 283 283 283 283 283 283 283 
22:04:39 283 283 283 283 283 283 283 283 
22:05:39 283 283 283 283 283 283 283 283 
22:06:39 283 283 283 283 283 283 283 283 
22:07:39 283 283 283 283 283 283 283 283 
22:08:39 283 283 283 283 283 283 283 283 
22:09:39 283 283 283 283 283 283 283 283 
22:10:39 283 283 283 283 283 283 283 283 
22:11:39 283 283 283 283 283 283 283 283 
22:12:40 283 283 283 283 283 283 283 283 
22:13:40 283 283 283 283 283 283 283 283 
22:14:40 283 283 283 283 283 283 283 283 
22:15:40 283 283 283 283 283 283 283 283 
22:16:40 283 283 283 283 283 283 283 283 
22:17:40 283 283 283 283 283 283 283 283 
22:18:40 283 283 283 283 283 283 283 283 
22:19:40 283 283 283 283 283 283 283 283 
22:20:40 283 283 283 283 283 283 283 283 
22:21:40 283 283 283 283 283 283 283 283 
22:22:40 283 283 283 283 283 283 283 283 
22:23:40 283 283 283 283 283 283 283 283 
22:24:40 283 283 283 283 283 283 283 283 
22:25:40 283 283 283 283 283 283 283 283 
22:26:41 283 283 283 283 283 283 283 283 
22:27:41 283 283 283 283 283 283 283 283 
22:28:41 283 283 283 283 283 283 283 283 
22:29:41 283 283 283 283 283 283 283 283 
22:30:41 283 283 283 283 283 283 283 283 
22:31:41 283 283 283 283 283 283 283 283 
22:32:41 283 283 283 283 283 283 283 283 
22:33:41 283 283 283 283 283 283 283 283 
22:34:41 283 283 283 283 283 283 283 283 
22:35:41 283 283 283 283 283 283 283 283 
22:36:41 283 283 283 283 283 283 283 283 
22:37:41 283 283 283 283 283 283 283 283 
22:38:41 283 283 283 283 283 283 283 283 
22:39:41 283 283 283 283 283 283 283 283 
22:40:41 283 283 283 283 283 283 283 283 
22:41:42 283 283 283 283 283 283 283 283 
22:42:42 283 283 283 283 283 283 283 283 
22:43:42 283 283 283 283 283 283 283 283 
22:44:42 283 283 283 283 283 283 283 283 
22:45:42 283 283 283 283 283 283 283 283 
22:46:42 283 283 283 283 283 283 283 283 
22:47:42 283 283 283 283 283 283 283 283 
22:48:42 283 283 283 283 283 283 283 283 
22:49:42 283 283 283 283 283 283 283 283 
22:50:42 283 283 283 283 283 283 283 283 
22:51:42 283 283 283 283 283 283 283 283 
22:52:42 283 283 283 283 283 283 283 283 
22:53:42 283 283 283 283 283 283 283 283 
22:54:42 283 283 283 283 283 283 283 283 
22:55:43 283 283 283 283 283 283 283 283 
22:56:43 283 283 283 283 283 283 283 283 
22:57:43 283 283 283 283 283 283 283 283 
22:58:43 283 283 283 283 283 283 283 283 
22:59:43 283 283 283 283 283 283 283 283 
23:00:43 283 283 283 283 283 283 283 283 
23:01:43 283 283 283 283 283 283 283 283 
23:02:43 283 283 283 283 283 283 283 283 
23:03:43 283 283 283 283 283 283 283 283 
23:04:43 283 283 283 283 283 283 283 283 
23:05:43 283 283 283 283 283 283 283 283 
23:06:43 283 283 283 283 283 283 283 283 
23:07:43 283 283 283 283 283 283 283 283 
23:08:43 283 283 283 283 283 283 283 283 
23:09:43 283 283 283 283 283 283 283 283 
23:10:44 283 283 283 283 283 283 283 283 
23:11:44 283 283 283 283 283 283 283 283 
23:12:44 283 283 283 283 283 283 283 283 
23:13:44 283 283 283 283 283 283 283 283 
23:14:44 283 283 283 283 283 283 283 283 
23:15:44 283 283 283 283 283 283 283 283 
23:16:44 283 283 283 283 283 283 283 283 
23:17:44 283 283 283 283 283 283 283 283 
23:18:44 283 283 283 283 283 283 283 283 
23:19:44 283 283 283 283 283 283 283 283 
23:20:44 283 283 283 283 283 283 283 283 
23:21:44 283 283 283 283 283 283 283 283 
23:22:44 283 283 283 283 283 283 283 283 
23:23:44 283 283 283 283 283 283 283 283 
23:24:44 283 283 283 283 283 283 283 283 
23:25:45 283 283 283 283 283 283 283 283 
23:26:45 283 283 283 283 283 283 283 283 
23:27:45 283 283 283 283 283 283 283 283 
23:28:45 283 283 283 283 283 283 283 283 
23:29:45 283 283 283 283 283 283 283 283 
23:30:45 283 283 283 283 283 283 283 283 
23:31:45 283 283 283 283 283 283 283 283 
23:32:45 283 283 283 283 283 283 283 283 
23:33:45 283 283 283 283 283 283 283 283 
23:34:45 283 283 283 283 283 283 283 283 
23:35:45 283 283 283 283 283 283 283 283 
23:36:45 283 283 283 283 283 283 283 283 
23:37:45 283 283 283 283 283 283 283 283 
23:38:45 283 283 283 283 283 283 283 283 
23:39:45 283 283 283 283 283 283 283 283 
23:40:46 283 283 283 283 283 283 283 283 
23:41:46 283 283 283 283 283 283 283 283 
23:42:46 283 283 283 283 283 283 283 283 
23:43:46 283 283 283 283 283 283 283 283 
23:44:46 283 283 283 283 283 283 283 283 
23:45:46 283 283 283 283 283 283 283 283 
23:46:46 283 283 283 283 283 283 283 283 
23:47:46 283 283 283 283 283 283 283 283 
23:48:46 283 283 283 283 283 283 283 283 
23:49:46 283 283 283 283 283 283 283 283 
23:50:46 283 283 283 283 283 283 283 283 
23:51:46 283 283 283 283 283 283 283 283 
23:52:46 283 283 283 283 283 283 283 283 
23:53:46 283 283 283 283 283 283 283 283 
23:54:47 283 283 283 283 283 283 283 283 
23:55:47 283 283 283 283 283 283 283 283 
23:56:47 283 283 283 283 283 283 283 283 
23:57:47 283 283 283 283 283 283 283 283 
23:58:47 283 283 283 283 283 283 283 283 
23:59:47 283 283 283 283 283 283 283 283 
00:00:47 283 283 283 283 283 283 283 283 
00:01:47 283 283 283 283 283 283 283 283 
00:02:47 283 283 283 283 283 283 283 283 
00:03:47 283 283 283 283 283 283 283 283 
00:04:47 283 283 283 283 283 283 283 283 
00:05:47 283 283 283 283 283 283 283 283 
00:06:47 283 283 283 283 283 283 283 283 
00:07:47 283 283 283 283 283 283 283 283 
00:08:47 283 283 283 283 283 283 283 283 
00:09:48 283 283 283 283 283 283 283 283 
00:10:48 283 283 283 283 283 283 283 283 
00:11:48 283 283 283 283 283 283 283 283 
00:12:48 283 283 283 283 283 283 283 283 
00:13:48 283 283 283 283 283 283 283 283 
00:14:48 283 283 283 283 283 283 283 283 
00:15:48 283 283 283 283 283 283 283 283 
00:16:48 283 283 283 283 283 283 283 283 
00:17:48 283 283 283 283 283 283 283 283 
00:18:48 283 283 283 283 283 283 283 283 
00:19:48 283 283 283 283 283 283 283 283 
00:20:48 283 283 283 283 283 283 283 283 
00:21:48 283 283 283 283 283 283 283 283 
00:22:48 283 283 283 283 283 283 283 283 
00:23:49 283 283 283 283 283 283 283 283 
00:24:49 283 283 283 283 283 283 283 283 
00:25:49 283 283 283 283 283 283 283 283 
00:26:49 283 283 283 283 283 283 283 283 
00:27:49 283 283 283 283 283 283 283 283 
00:28:49 283 283 283 283 283 283 283 283 
00:29:49 283 283 283 283 283 283 283 283 
00:30:49 283 283 283 283 283 283 283 283 
00:31:49 283 283 283 283 283 283 283 283 
00:32:49 283 283 283 283 283 283 283 283 
00:33:49 283 283 283 283 283 283 283 283 
00:34:49 283 283 283 283 283 283 283 283 
00:35:49 283 283 283 283 283 283 283 283 
00:36:49 283 283 283 283 283 283 283 283 
00:37:49 283 283 283 283 283 283 283 283 
00:38:50 283 283 283 283 283 283 283 283 
00:39:50 283 283 283 283 283 283 283 283 
00:40:50 283 283 283 283 283 283 283 283 
00:41:50 283 283 283 283 283 283 283 283 
00:42:50 283 283 283 283 283 283 283 283 
00:43:50 283 283 283 283 283 283 283 283 
00:44:50 283 283 283 283 283 283 283 283 
00:45:50 283 283 283 283 283 283 283 283 
00:46:50 283 283 283 283 283 283 283 283 
00:47:50 283 283 283 283 283 283 283 283 
00:48:50 283 283 283 283 283 283 283 283 
00:49:50 283 283 283 283 283 283 283 283 
00:50:50 283 283 283 283 283 283 283 283 
00:51:50 283 283 283 283 283 283 283 283 
00:52:51 283 283 283 283 283 283 283 283 
00:53:51 283 283 283 283 283 283 283 283 
00:54:51 283 283 283 283 283 283 283 283 
00:55:51 283 283 283 283 283 283 283 283 
00:56:51 283 283 283 283 283 283 283 283 
00:57:51 283 283 283 283 283 283 283 283 
00:58:51 283 283 283 283 283 283 283 283 
00:59:51 283 283 283 283 283 283 283 283 
01:00:51 283 283 283 283 283 283 283 283 
01:01:51 283 283 283 283 283 283 283 283 
01:02:51 283 283 283 283 283 283 283 283 
01:03:51 283 283 283 283 283 283 283 283 
01:04:51 283 283 283 283 283 283 283 283 
01:05:51 283 283 283 283 283 283 283 283 
01:06:52 283 283 283 283 283 283 283 283 
01:07:52 283 283 283 283 283 283 283 283 
01:08:52 283 283 283 283 283 283 283 283 
01:09:52 283 283 283 283 283 283 283 283 
01:10:52 283 283 283 283 283 283 283 283 
01:11:52 283 283 283 283 283 283 283 283 
01:12:52 283 283 283 283 283 283 283 283 
01:13:52 283 283 283 283 283 283 283 283 
01:14:52 283 283 283 283 283 283 283 283 
01:15:52 283 283 283 283 283 283 283 283 
01:16:52 283 283 283 283 283 283 283 283 
01:17:52 283 283 283 283 283 283 283 283 
01:18:52 283 283 283 283 283 283 283 283 
01:19:52 283 283 283 283 283 283 283 283 
01:20:52 283 283 283 283 283 283 283 283 
01:21:53 283 283 283 283 283 283 283 283 
01:22:53 283 283 283 283 283 283 283 283 
01:23:53 283 283 283 283 283 283 283 283 
01:24:53 493 284 284 284 284 284 284 284 
01:25:53 283 283 283 283 283 283 283 283 
01:26:53 283 283 283 283 283 283 283 283 
01:27:53 283 283 283 283 283 283 283 283 
01:28:53 283 283 283 283 283 283 283 283 
01:29:53 283 283 283 283 283 283 283 283 
01:30:53 283 283 283 283 283 283 283 283 
01:31:53 283 283 283 283 283 283 283 283 
01:32:53 283 283 283 283 283 283 283 283 
01:33:53 283 283 283 283 283 283 283 283 
01:34:53 283 283 283 283 283 283 283 283 
01:35:53 283 283 283 283 283 283 283 283 
01:36:54 283 283 283 283 283 283 283 283 
01:37:54 283 283 283 283 283 283 283 283 
01:38:54 283 283 283 283 283 283 283 283 
01:39:54 283 283 283 283 283 283 283 283 
01:40:54 283 283 283 283 283 283 283 283 
01:41:54 283 283 283 283 283 283 283 283 
01:42:54 283 283 283 283 283 283 283 283 
01:43:54 283 283 283 283 283 283 283 283 
01:44:54 283 283 283 283 283 283 283 283 
01:45:54 283 283 283 283 283 283 283 283 
01:46:54 283 283 283 283 283 283 283 283 
01:47:54 283 283 283 283 283 283 283 283 
01:48:54 283 283 283 283 283 283 283 283 
01:49:54 283 283 283 283 283 283 283 283 
01:50:55 283 283 283 283 283 283 283 283 
01:51:55 283 283 283 283 283 283 283 283 
01:52:55 283 283 283 283 283 283 283 283 
01:53:55 283 283 283 283 283 283 283 283 
01:54:55 283 283 283 283 283 283 283 283 
01:55:55 283 283 283 283 283 283 283 283 
01:56:55 283 283 283 283 283 283 283 283 
01:57:55 283 283 283 283 283 283 283 283 
01:58:55 283 283 283 283 283 283 283 283 
01:59:55 283 283 283 283 283 283 283 283 
02:00:55 283 283 283 283 283 283 283 283 
02:01:55 283 283 283 283 283 283 283 283 
02:02:55 283 283 283 283 283 283 283 283 
02:03:55 283 283 283 283 283 283 283 283 
02:04:56 283 283 283 283 283 283 283 283 
02:05:56 283 283 283 283 283 283 283 283 
02:06:56 283 283 283 283 283 283 283 283 
02:07:56 283 283 283 283 283 283 283 283 
02:08:56 283 283 283 283 283 283 283 283 
02:09:56 283 283 283 283 283 283 283 283 
02:10:56 283 283 283 283 283 283 283 283 
02:11:56 283 283 283 283 283 283 283 283 
02:12:56 283 283 283 283 283 283 283 283 
02:13:56 283 283 283 283 283 283 283 283 
02:14:56 283 283 283 283 283 283 283 283 
02:15:56 283 283 283 283 283 283 283 283 
02:16:56 283 283 283 283 283 283 283 283 
02:17:56 283 283 283 283 283 283 283 283 
02:18:57 283 283 283 283 283 283 283 283 
02:19:57 283 283 283 283 283 283 283 283 
02:20:57 283 283 283 283 283 283 283 283 
02:21:57 283 283 283 283 283 283 283 283 
02:22:57 283 283 283 283 283 283 283 283 
02:23:57 283 283 283 283 283 283 283 283 
02:24:57 283 283 283 283 283 283 283 283 
02:25:57 283 283 283 283 283 283 283 283 
02:26:57 283 283 283 283 283 283 283 283 
02:27:57 283 283 283 283 283 283 283 283 
02:28:57 283 283 283 283 283 283 283 283 
02:29:57 283 283 283 283 283 283 283 283 
02:30:57 283 283 283 283 283 283 283 283 
02:31:57 283 283 283 283 283 283 283 283 
02:32:57 283 283 283 283 283 283 283 283 
02:33:58 283 283 283 283 283 283 283 283 
02:34:58 283 283 283 283 283 283 283 283 
02:35:58 283 283 283 283 283 283 283 283 
02:36:58 283 283 283 283 283 283 283 283 
02:37:58 283 283 283 283 283 283 283 283 
02:38:58 283 283 283 283 283 283 283 283 
02:39:58 283 283 283 283 283 283 283 283 
02:40:58 283 283 283 283 283 283 283 283 
02:41:58 283 283 283 283 283 283 283 283 
02:42:58 283 283 283 283 283 283 283 283 
02:43:58 283 283 283 283 283 283 283 283 
02:44:58 283 283 283 283 283 283 283 283 
02:45:58 283 283 283 283 283 283 283 283 
02:46:58 283 283 283 283 283 283 283 283 
02:47:59 283 283 283 283 283 283 283 283 
02:48:59 283 283 283 283 283 283 283 283 
02:49:59 283 283 283 283 283 283 283 283 
02:50:59 283 283 283 283 283 283 283 283 
02:51:59 283 283 283 283 283 283 283 283 
02:52:59 283 283 283 283 283 283 283 283 
02:53:59 283 283 283 283 283 283 283 283 
02:54:59 283 283 283 283 283 283 283 283 
02:55:59 283 283 283 283 283 283 283 283 
02:56:59 283 283 283 283 283 283 283 283 
02:57:59 283 283 283 283 283 283 283 283 
02:58:59 283 283 283 283 283 283 283 283 
02:59:59 283 283 283 283 283 283 283 283 
03:00:59 283 283 283 283 283 283 283 283 
03:02:00 283 283 283 283 283 283 283 283 
03:03:00 283 283 283 283 283 283 283 283 
03:04:00 283 283 283 283 283 283 283 283 
03:05:00 283 283 283 283 283 283 283 283 
03:06:00 283 283 283 283 283 283 283 283 
03:07:00 283 283 283 283 283 283 283 283 
03:08:00 283 283 283 283 283 283 283 283 
03:09:00 283 283 283 283 283 283 283 283 
03:10:00 283 283 283 283 283 283 283 283 
03:11:00 283 283 283 283 283 283 283 283 
03:12:00 283 283 283 283 283 283 283 283 
03:13:00 283 283 283 283 283 283 283 283 
03:14:00 283 283 283 283 283 283 283 283 
03:15:00 283 283 283 283 283 283 283 283 
03:16:01 283 283 283 283 283 283 283 283 
03:17:01 283 283 283 283 283 283 283 283 
03:18:01 283 283 283 283 283 283 283 283 
03:19:01 283 283 283 283 283 283 283 283 
03:20:01 283 283 283 283 283 283 283 283 
03:21:01 283 283 283 283 283 283 283 283 
03:22:01 283 283 283 283 283 283 283 283 
03:23:01 283 283 283 283 283 283 283 283 
03:24:01 283 283 283 283 283 283 283 283 
03:25:01 283 283 283 283 283 283 283 283 
03:26:01 283 283 283 283 283 283 283 283 
03:27:01 283 283 283 283 283 283 283 283 
03:28:01 283 283 283 283 283 283 283 283 
03:29:01 283 283 283 283 283 283 283 283 
03:30:01 283 283 283 283 283 283 283 283 
03:31:02 283 283 283 283 283 283 283 283 
03:32:02 283 283 283 283 283 283 283 283 
03:33:02 283 283 283 283 283 283 283 283 
03:34:02 283 283 283 283 283 283 283 283 
03:35:02 283 283 283 283 283 283 283 283 
03:36:02 283 283 283 283 283 283 283 283 
03:37:02 283 283 283 283 283 283 283 283 
03:38:02 283 283 283 283 283 283 283 283 
03:39:02 283 283 283 283 283 283 283 283 
03:40:02 283 283 283 283 283 283 283 283 
03:41:02 283 283 283 283 283 283 283 283 
03:42:02 283 283 283 283 283 283 283 283 
03:43:02 283 283 283 283 283 283 283 283 
03:44:02 283 283 283 283 283 283 283 283 
03:45:03 283 283 283 283 283 283 283 283 
03:46:03 283 283 283 283 283 283 283 283 
03:47:03 283 283 283 283 283 283 283 283 
03:48:03 283 283 283 283 283 283 283 283 
03:49:03 283 283 283 283 283 283 283 283 
03:50:03 283 283 283 283 283 283 283 283 
03:51:03 283 283 283 283 283 283 283 283 
03:52:03 283 283 283 283 283 283 283 283 
03:53:03 283 283 283 283 283 283 283 283 
03:54:03 283 283 283 283 283 283 283 283 
03:55:03 283 283 283 283 283 283 283 283 
03:56:03 283 283 283 283 283 283 283 283 
03:57:03 283 283 283 283 283 283 283 283 
03:58:03 283 283 283 283 283 283 283 283 
03:59:04 283 283 283 283 283 283 283 283 
04:00:04 283 283 283 283 283 283 283 283 
04:01:04 283 283 283 283 283 283 283 283 
04:02:04 283 283 283 283 283 283 283 283 
04:03:04 283 283 283 283 283 283 283 283 
04:04:04 283 283 283 283 283 283 283 283 
04:05:04 283 283 283 283 283 283 283 283 
04:06:04 283 283 283 283 283 283 283 283 
04:07:04 283 283 283 283 283 283 283 283 
04:08:04 283 283 283 283 283 283 283 283 
04:09:04 283 283 283 283 283 283 283 283 
04:10:04 283 283 283 283 283 283 283 283 
04:11:04 283 283 283 283 283 283 283 283 
04:12:04 283 283 283 283 283 283 283 283 
04:13:04 283 283 283 283 283 283 283 283 
04:14:05 283 283 283 283 283 283 283 283 
04:15:05 283 283 283 283 283 283 283 283 
04:16:05 283 283 283 283 283 283 283 283 
04:17:05 283 283 283 283 283 283 283 283 
04:18:05 283 283 283 283 283 283 283 283 
04:19:05 283 283 283 283 283 283 283 283 
04:20:05 283 283 283 283 283 283 283 283 
04:21:05 283 283 283 283 283 283 283 283 
04:22:05 283 283 283 283 283 283 283 283 
04:23:05 283 283 283 283 283 283 283 283 
04:24:05 283 283 283 283 283 283 283 283 
04:25:05 283 283 283 283 283 283 283 283 
04:26:05 283 283 283 283 283 283 283 283 
04:27:05 283 283 283 283 283 283 283 283 
04:28:05 283 283 283 283 283 283 283 283 
04:29:06 283 283 283 283 283 283 283 283 
04:30:06 283 283 283 283 283 283 283 283 
04:31:06 283 283 283 283 283 283 283 283 
04:32:06 283 283 283 283 283 283 283 283 
04:33:06 283 283 283 283 283 283 283 283 
04:34:06 283 283 283 283 283 283 283 283 
04:35:06 283 283 283 283 283 283 283 283 
04:36:06 283 283 283 283 283 283 283 283 
04:37:06 283 283 283 283 283 283 283 283 
04:38:06 283 283 283 283 283 283 283 283 
04:39:06 283 283 283 283 283 283 283 283 
04:40:06 283 283 283 283 283 283 283 283 
04:41:06 283 283 283 283 283 283 283 283 
04:42:06 283 283 283 283 283 283 283 283 
04:43:06 283 283 283 283 283 283 283 283 
04:44:07 283 283 283 283 283 283 283 283 
04:45:07 283 283 283 283 283 283 283 283 
04:46:07 283 283 283 283 283 283 283 283 
04:47:07 283 283 283 283 283 283 283 283 
04:48:07 283 283 283 283 283 283 283 283 
04:49:07 283 283 283 283 283 283 283 283 
04:50:07 283 283 283 283 283 283 283 283 
04:51:07 283 283 283 283 283 283 283 283 
04:52:07 283 283 283 283 283 283 283 283 
04:53:07 283 283 283 283 283 283 283 283 
04:54:07 283 283 283 283 283 283 283 283 
04:55:07 283 283 283 283 283 283 283 283 
04:56:07 283 283 283 283 283 283 283 283 
04:57:07 283 283 283 283 283 283 283 283 
04:58:08 283 283 283 283 283 283 283 283 
04:59:08 283 283 283 283 283 283 283 283 
05:00:08 283 283 283 283 283 283 283 283 
05:01:08 283 283 283 283 283 283 283 283 
05:02:08 283 283 283 283 283 283 283 283 
05:03:08 283 283 283 283 283 283 283 283 
05:04:08 283 283 283 283 283 283 283 283 
05:05:08 283 283 283 283 283 283 283 283 
05:06:08 283 283 283 283 283 283 283 283 
05:07:08 283 283 283 283 283 283 283 283 
05:08:08 283 283 283 283 283 283 283 283 
05:09:08 283 283 283 283 283 283 283 283 
05:10:08 283 283 283 283 283 283 283 283 
05:11:08 283 283 283 283 283 283 283 283 
05:12:09 283 283 283 283 283 283 283 283 
05:13:09 283 283 283 283 283 283 283 283 
05:14:09 283 283 283 283 283 283 283 283 
05:15:09 283 283 283 283 283 283 283 283 
05:16:09 283 283 283 283 283 283 283 283 
05:17:09 283 283 283 283 283 283 283 283 
05:18:09 283 283 283 283 283 283 283 283 
05:19:09 283 283 283 283 283 283 283 283 
05:20:09 283 283 283 283 283 283 283 283 
05:21:09 283 283 283 283 283 283 283 283 
05:22:09 283 283 283 283 283 283 283 283 
05:23:09 283 283 283 283 283 283 283 283 
05:24:09 283 283 283 283 283 283 283 283 
05:25:09 283 283 283 283 283 283 283 283 
05:26:09 283 283 283 283 283 283 283 283 
05:27:10 283 283 283 283 283 283 283 283 
05:28:10 283 283 283 283 283 283 283 283 
05:29:10 283 283 283 283 283 283 283 283 
05:30:10 283 283 283 283 283 283 283 283 
05:31:10 283 283 283 283 283 283 283 283 
05:32:10 283 283 283 283 283 283 283 283 
05:33:10 283 283 283 283 283 283 283 283 
05:34:10 283 283 283 283 283 283 283 283 
05:35:10 283 283 283 283 283 283 283 283 
05:36:10 283 283 283 283 283 283 283 283 
05:37:10 283 283 283 283 283 283 283 283 
05:38:10 283 283 283 283 283 283 283 283 
05:39:10 283 283 283 283 283 283 283 283 
05:40:10 283 283 283 283 283 283 283 283 
05:41:11 283 283 283 283 283 283 283 283 
05:42:11 283 283 283 283 283 283 283 283 
05:43:11 283 283 283 283 283 283 283 283 bash: line 1: echo: write error: Disk quota exceeded
05:50:11 283 283 283 283 283 283 283 283 
05:51:11 283 283 283 283 283 283 283 283 
05:52:11 283 283 283 283 283 283 283 283 
05:53:11 283 283 283 283 283 283 283 283 
05:54:11 283 283 283 283 283 283 283 283 
05:55:12 283 283 283 283 283 283 283 283 
05:56:12 283 283 283 283 283 283 283 283 
05:57:12 283 283 283 283 283 283 283 283 
05:58:12 283 283 283 283 283 283 283 283 
05:59:12 283 283 283 283 283 283 283 283 
06:00:12 283 283 283 283 283 283 283 283 
06:01:12 283 283 283 283 283 283 283 283 
06:02:12 283 283 283 283 283 283 283 283 
06:03:12 283 283 283 283 283 283 283 283 
06:04:12 283 283 283 283 283 283 283 283 
06:05:12 283 283 283 283 283 283 283 283 
06:06:12 283 283 283 283 283 283 283 283 
06:07:12 283 283 283 283 283 283 283 283 
06:08:12 283 283 283 283 283 283 283 283 
06:09:12 283 283 283 283 283 283 283 283 
06:10:13 283 283 283 283 283 283 283 283 
06:11:13 283 283 283 283 283 283 283 283 
06:12:13 283 283 283 283 283 283 283 283 
06:13:13 283 283 283 283 283 283 283 283 
06:14:13 283 283 283 283 283 283 283 283 
06:15:13 283 283 283 283 283 283 283 283 
06:16:13 283 283 283 283 283 283 283 283 
06:17:13 283 283 283 283 283 283 283 283 
06:18:13 283 283 283 283 283 283 283 283 
06:19:13 283 283 283 283 283 283 283 283 
06:20:13 283 283 283 283 283 283 283 283 
06:21:13 283 283 283 283 283 283 283 283 
06:22:13 283 283 283 283 283 283 283 283 
06:23:13 283 283 283 283 283 283 283 283 
06:24:13 283 283 283 283 283 283 283 283 
06:25:14 283 283 283 283 283 283 283 283 
06:26:14 283 283 283 283 283 283 283 283 
06:27:14 283 283 283 283 283 283 283 283 
06:28:14 283 283 283 283 283 283 283 283 
06:29:14 283 283 283 283 283 283 283 283 
06:30:14 283 283 283 283 283 283 283 283 
06:31:14 283 283 283 283 283 283 283 283 
06:32:14 283 283 283 283 283 283 283 283 
06:33:14 283 283 283 283 283 283 283 283 
06:34:14 283 283 283 283 283 283 283 283 
06:35:14 283 283 283 283 283 283 283 283 
06:36:14 283 283 283 283 283 283 283 283 
06:37:14 283 283 283 283 283 283 283 283 
06:38:14 283 283 283 283 283 283 283 283 
06:39:14 283 283 283 283 283 283 283 283 
06:40:15 283 283 283 283 283 283 283 283 
06:41:15 283 283 283 283 283 283 283 283 
06:42:15 283 283 283 283 283 283 283 283 
06:43:15 283 283 283 283 283 283 283 283 
06:44:15 283 283 283 283 283 283 283 283 
06:45:15 283 283 283 283 283 283 283 283 
06:46:15 283 283 283 283 283 283 283 283 
06:47:15 283 283 283 283 283 283 283 283 
06:48:15 283 283 283 283 283 283 283 283 
06:49:15 283 283 283 283 283 283 283 283 
06:50:15 283 283 283 283 283 283 283 283 
06:51:15 283 283 283 283 283 283 283 283 
06:52:15 283 283 283 283 283 283 283 283 
06:53:15 283 283 283 283 283 283 283 283 
06:54:15 283 283 283 283 283 283 283 283 
06:55:16 283 283 283 283 283 283 283 283 
06:56:16 283 283 283 283 283 283 283 283 
06:57:16 283 283 283 283 283 283 283 283 
06:58:16 283 283 283 283 283 283 283 283 
06:59:16 283 283 283 283 283 283 283 283 
07:00:16 283 283 283 283 283 283 283 283 
07:01:16 283 283 283 283 283 283 283 283 
07:02:16 283 283 283 283 283 283 283 283 
07:03:16 283 283 283 283 283 283 283 283 
07:04:16 283 283 283 283 283 283 283 283 
07:05:16 283 283 283 283 283 283 283 283 
07:06:16 283 283 283 283 283 283 283 283 
07:07:16 283 283 283 283 283 283 283 283 
07:08:16 283 283 283 283 283 283 283 283 
07:09:17 283 283 283 283 283 283 283 283 
07:10:17 283 283 283 283 283 283 283 283 
07:11:17 283 283 283 283 283 283 283 283 
07:12:17 283 283 283 283 283 283 283 283 
07:13:17 283 283 283 283 283 283 283 283 
07:14:17 283 283 283 283 283 283 283 283 
07:15:17 283 283 283 283 283 283 283 283 
07:16:17 283 283 283 283 283 283 283 283 
07:17:17 283 283 283 283 283 283 283 283 
07:18:17 283 283 283 283 283 283 283 283 
07:19:17 283 283 283 283 283 283 283 283 
07:20:17 283 283 283 283 283 283 283 283 
07:21:17 283 283 283 283 283 283 283 283 
07:22:17 283 283 283 283 283 283 283 283 
07:23:17 283 283 283 283 283 283 283 283 
07:24:18 283 283 283 283 283 283 283 283 
07:25:18 283 283 283 283 283 283 283 283 
07:26:18 283 283 283 283 283 283 283 283 
07:27:18 283 283 283 283 283 283 283 283 
07:28:18 283 283 283 283 283 283 283 283 
07:29:18 283 283 283 283 283 283 283 283 
07:30:18 283 283 283 283 283 283 283 283 
07:31:18 283 283 283 283 283 283 283 283 
07:32:18 283 283 283 283 283 283 283 283 
07:33:18 283 283 283 283 283 283 283 283 
07:34:18 283 283 283 283 283 283 283 283 
07:35:18 283 283 283 283 283 283 283 283 
07:36:18 283 283 283 283 283 283 283 283 
07:37:18 283 283 283 283 283 283 283 283 
07:38:18 283 283 283 283 283 283 283 283 
07:39:19 283 283 283 283 283 283 283 283 
07:40:19 283 283 283 283 283 283 283 283 
07:41:19 283 283 283 283 283 283 283 283 
07:42:19 283 283 283 283 283 283 283 283 
07:43:19 283 283 283 283 283 283 283 283 
07:44:19 283 283 283 283 283 283 283 283 
07:45:19 283 283 283 283 283 283 283 283 
07:46:19 283 283 283 283 283 283 283 283 
07:47:19 283 283 283 283 283 283 283 283 
07:48:19 283 283 283 283 283 283 283 283 
07:49:19 283 283 283 283 283 283 283 283 
07:50:19 283 283 283 283 283 283 283 283 
07:51:19 283 283 283 283 283 283 283 283 
07:52:19 283 283 283 283 283 283 283 283 
07:53:19 283 283 283 283 283 283 283 283 
07:54:20 283 283 283 283 283 283 283 283 
07:55:20 283 283 283 283 283 283 283 283 
07:56:20 283 283 283 283 283 283 283 283 
07:57:20 283 283 283 283 283 283 283 283 
07:58:20 283 283 283 283 283 283 283 283 
07:59:20 283 283 283 283 283 283 283 283 
08:00:20 283 283 283 283 283 283 283 283 
08:01:20 283 283 283 283 283 283 283 283 
08:02:20 283 283 283 283 283 283 283 283 
08:03:20 283 283 283 283 283 283 283 283 
08:04:20 283 283 283 283 283 283 283 283 
08:05:20 283 283 283 283 283 283 283 283 
08:06:20 283 283 283 283 283 283 283 283 
08:07:20 283 283 283 283 283 283 283 283 
08:08:20 283 283 283 283 283 283 283 283 
08:09:21 283 283 283 283 283 283 283 283 
08:10:21 283 283 283 283 283 283 283 283 
08:11:21 283 283 283 283 283 283 283 283 
08:12:21 283 283 283 283 283 283 283 283 
08:13:21 283 283 283 283 283 283 283 283 
08:14:21 283 283 283 283 283 283 283 283 
08:15:21 283 283 283 283 283 283 283 283 
08:16:21 283 283 283 283 283 283 283 283 
08:17:21 283 283 283 283 283 283 283 283 
08:18:21 283 283 283 283 283 283 283 283 
08:19:21 283 283 283 283 283 283 283 283 
08:20:21 283 283 283 283 283 283 283 283 
08:21:21 283 283 283 283 283 283 283 283 
08:22:21 283 283 283 283 283 283 283 283 
08:23:22 283 283 283 283 283 283 283 283 
08:24:22 283 283 283 283 283 283 283 283 
08:25:22 283 283 283 283 283 283 283 283 
08:26:22 283 283 283 283 283 283 283 283 
08:27:22 283 283 283 283 283 283 283 283 
08:28:22 283 283 283 283 283 283 283 283 
08:29:22 283 283 283 283 283 283 283 283 
08:30:22 283 283 283 283 283 283 283 283 
08:31:22 283 283 283 283 283 283 283 283 
08:32:22 283 283 283 283 283 283 283 283 
08:33:22 283 283 283 283 283 283 283 283 
08:34:22 283 283 283 283 283 283 283 283 
08:35:22 283 283 283 283 283 283 283 283 
08:36:22 283 283 283 283 283 283 283 283 
08:37:23 283 283 283 283 283 283 283 283 
08:38:23 283 283 283 283 283 283 283 283 
08:39:23 283 283 283 283 283 283 283 283 
08:40:23 283 283 283 283 283 283 283 283 
08:41:23 283 283 283 283 283 283 283 283 
08:42:23 283 283 283 283 283 283 283 283 
08:43:23 283 283 283 283 283 283 283 283 
08:44:23 283 283 283 283 283 283 283 283 
08:45:23 283 283 283 283 283 283 283 283 
08:46:23 283 283 283 283 283 283 283 283 
08:47:23 283 283 283 283 283 283 283 283 
08:48:23 283 283 283 283 283 283 283 283 
08:49:23 283 283 283 283 283 283 283 283 
08:50:23 283 283 283 283 283 283 283 283 
08:51:23 283 283 283 283 283 283 283 283 
08:52:24 283 283 283 283 283 283 283 283 
08:53:24 283 283 283 283 283 283 283 283 
08:54:24 283 283 283 283 283 283 283 283 
08:55:24 283 283 283 283 283 283 283 283 
08:56:24 283 283 283 283 283 283 283 283 
08:57:24 283 283 283 283 283 283 283 283 
08:58:24 283 283 283 283 283 283 283 283 
08:59:24 283 283 283 283 283 283 283 283 
09:00:24 283 283 283 283 283 283 283 283 
09:01:24 283 283 283 283 283 283 283 283 
09:02:24 283 283 283 283 283 283 283 283 
09:03:24 283 283 283 283 283 283 283 283 
09:04:24 283 283 283 283 283 283 283 283 
09:05:24 283 283 283 283 283 283 283 283 
09:06:25 283 283 283 283 283 283 283 283 
09:07:25 283 283 283 283 283 283 283 283 
09:08:25 283 283 283 283 283 283 283 283 
09:09:25 283 283 283 283 283 283 283 283 
09:10:25 283 283 283 283 283 283 283 283 
09:11:25 283 283 283 283 283 283 283 283 
09:12:25 283 283 283 283 283 283 283 283 
09:13:25 283 283 283 283 283 283 283 283 
09:14:25 283 283 283 283 283 283 283 283 
09:15:25 283 283 283 283 283 283 283 283 
09:16:25 283 283 283 283 283 283 283 283 
09:17:25 283 283 283 283 283 283 283 283 
09:18:25 283 283 283 283 283 283 283 283 
09:19:25 283 283 283 283 283 283 283 283 
09:20:26 283 283 283 283 283 283 283 283 
09:21:26 283 283 283 283 283 283 283 283 
09:22:26 283 283 283 283 283 283 283 283 
09:23:26 283 283 283 283 283 283 283 283 
09:24:26 283 283 283 283 283 283 283 283 
09:25:26 283 283 283 283 283 283 283 283 
09:26:26 283 283 283 283 283 283 283 283 
09:27:26 283 283 283 283 283 283 283 283 
09:28:26 283 283 283 283 283 283 283 283 
09:29:26 283 283 283 283 283 283 283 283 
09:30:26 283 283 283 283 283 283 283 283 
09:31:26 283 283 283 283 283 283 283 283 
09:32:26 283 283 283 283 283 283 283 283 
09:33:26 283 283 283 283 283 283 283 283 
09:34:26 283 283 283 283 283 283 283 283 
09:35:27 283 283 283 283 283 283 283 283 
09:36:27 283 283 283 283 283 283 283 283 
09:37:27 283 283 283 283 283 283 283 283 
09:38:27 283 283 283 283 283 283 283 283 
09:39:27 283 283 283 283 283 283 283 283 
09:40:27 283 283 283 283 283 283 283 283 
09:41:27 283 283 283 283 283 283 283 283 
09:42:27 283 283 283 283 283 283 283 283 
09:43:27 283 283 283 283 283 283 283 283 
09:44:27 283 283 283 283 283 283 283 283 
09:45:27 283 283 283 283 283 283 283 283 
09:46:27 283 283 283 283 283 283 283 283 
09:47:27 283 283 283 283 283 283 283 283 
09:48:27 283 283 283 283 283 283 283 283 
09:49:28 283 283 283 283 283 283 283 283 
09:50:28 283 283 283 283 283 283 283 283 
09:51:28 283 283 283 283 283 283 283 283 
09:52:28 283 283 283 283 283 283 283 283 
09:53:28 283 283 283 283 283 283 283 283 
09:54:28 283 283 283 283 283 283 283 283 
09:55:28 283 283 283 283 283 283 283 283 
09:56:28 283 283 283 283 283 283 283 283 
09:57:28 283 283 283 283 283 283 283 283 
09:58:28 283 283 283 283 283 283 283 283 
09:59:28 283 283 283 283 283 283 283 283 
10:00:28 283 283 283 283 283 283 283 283 
10:01:28 283 283 283 283 283 283 283 283 
10:02:28 283 283 283 283 283 283 283 283 
10:03:28 283 283 283 283 283 283 283 283 
10:04:29 283 283 283 283 283 283 283 283 
10:05:29 283 283 283 283 283 283 283 283 
10:06:29 283 283 283 283 283 283 283 283 
10:07:29 283 283 283 283 283 283 283 283 
10:08:29 283 283 283 283 283 283 283 283 
10:09:29 283 283 283 283 283 283 283 283 
10:10:29 283 283 283 283 283 283 283 283 
10:11:29 283 283 283 283 283 283 283 283 
10:12:29 283 283 283 283 283 283 283 283 
10:13:29 283 283 283 283 283 283 283 283 
10:14:29 283 283 283 283 283 283 283 283 
10:15:29 283 283 283 283 283 283 283 283 
10:16:29 283 283 283 283 283 283 283 283 
10:17:29 283 283 283 283 283 283 283 283 
10:18:30 283 283 283 283 283 283 283 283 
10:19:30 283 283 283 283 283 283 283 283 
10:20:30 283 283 283 283 283 283 283 283 
10:21:30 283 283 283 283 283 283 283 283 
10:22:30 283 283 283 283 283 283 283 283 
10:23:30 283 283 283 283 283 283 283 283 
10:24:30 283 283 283 283 283 283 283 283 
10:25:30 283 283 283 283 283 283 283 283 
10:26:30 283 283 283 283 283 283 283 283 
10:27:30 283 283 283 283 283 283 283 283 
10:28:30 283 283 283 283 283 283 283 283 
10:29:30 283 283 283 283 283 283 283 283 
10:30:30 283 283 283 283 283 283 283 283 
10:31:30 283 283 283 283 283 283 283 283 
10:32:31 283 283 283 283 283 283 283 283 
10:33:31 283 283 283 283 283 283 283 283 
10:34:31 283 283 283 283 283 283 283 283 
10:35:31 283 283 283 283 283 283 283 283 
10:36:31 283 283 283 283 283 283 283 283 
10:37:31 283 283 283 283 283 283 283 283 
10:38:31 283 283 283 283 283 283 283 283 
10:39:31 283 283 283 283 283 283 283 283 
10:40:31 283 283 283 283 283 283 283 283 
10:41:31 283 283 283 283 283 283 283 283 
10:42:31 283 283 283 283 283 283 283 283 
10:43:31 283 283 283 283 283 283 283 283 
10:44:31 283 283 283 283 283 283 283 283 
10:45:31 283 283 283 283 283 283 283 283 
10:46:32 283 283 283 283 283 283 283 283 
10:47:32 283 283 283 283 283 283 283 283 
10:48:32 283 283 283 283 283 283 283 283 
10:49:32 283 283 283 283 283 283 283 283 
10:50:32 283 283 283 283 283 283 283 283 
10:51:32 283 283 283 283 283 283 283 283 
10:52:32 283 283 283 283 283 283 283 283 
10:53:32 283 283 283 283 283 283 283 283 
10:54:32 283 283 283 283 283 283 283 283 
10:55:32 283 283 283 283 283 283 283 283 
10:56:32 283 283 283 283 283 283 283 283 
10:57:32 283 283 283 283 283 283 283 283 
10:58:32 283 283 283 283 283 283 283 283 
10:59:32 283 283 283 283 283 283 283 283 
11:00:32 283 283 283 283 283 283 283 283 
11:01:33 283 283 283 283 283 283 283 283 
11:02:33 283 283 283 283 283 283 283 283 
11:03:33 283 283 283 283 283 283 283 283 
11:04:33 283 283 283 283 283 283 283 283 
11:05:33 283 283 283 283 283 283 283 283 
11:06:33 283 283 283 283 283 283 283 283 
11:07:33 283 283 283 283 283 283 283 283 
11:08:33 283 283 283 283 283 283 283 283 
11:09:33 283 283 283 283 283 283 283 283 
11:10:33 283 283 283 283 283 283 283 283 
11:11:33 283 283 283 283 283 283 283 283 
11:12:33 283 283 283 283 283 283 283 283 
11:13:33 283 283 283 283 283 283 283 283 
11:14:33 283 283 283 283 283 283 283 283 
11:15:34 283 283 283 283 283 283 283 283 
11:16:34 283 283 283 283 283 283 283 283 
11:17:34 283 283 283 283 283 283 283 283 
11:18:34 283 283 283 283 283 283 283 283 
11:19:34 283 283 283 283 283 283 283 283 
11:20:34 283 283 283 283 283 283 283 283 
11:21:34 283 283 283 283 283 283 283 283 
11:22:34 283 283 283 283 283 283 283 283 
11:23:34 283 283 283 283 283 283 283 283 
11:24:34 283 283 283 283 283 283 283 283 
11:25:34 283 283 283 283 283 283 283 283 
11:26:34 283 283 283 283 283 283 283 283 
11:27:34 283 283 283 283 283 283 283 283 
11:28:34 283 283 283 283 283 283 283 283 
11:29:34 283 283 283 283 283 283 283 283 
11:30:35 283 283 283 283 283 283 283 283 
11:31:35 283 283 283 283 283 283 283 283 
11:32:35 283 283 283 283 283 283 283 283 
11:33:35 283 283 283 283 283 283 283 283 
11:34:35 283 283 283 283 283 283 283 283 
11:35:35 283 283 283 283 283 283 283 283 
11:36:35 283 283 283 283 283 283 283 283 
11:37:35 283 283 283 283 283 283 283 283 
11:38:35 283 283 283 283 283 283 283 283 
11:39:35 283 283 283 283 283 283 283 283 
11:40:35 283 283 283 283 283 283 283 283 
11:41:35 283 283 283 283 283 283 283 283 
11:42:35 283 283 283 283 283 283 283 283 
11:43:35 283 283 283 283 283 283 283 283 
11:44:36 283 283 283 283 283 283 283 283 
11:45:36 283 283 283 283 283 283 283 283 
11:46:36 283 283 283 283 283 283 283 283 
11:47:36 283 283 283 283 283 283 283 283 
11:48:36 283 283 283 283 283 283 283 283 
11:49:36 283 283 283 283 283 283 283 283 
11:50:36 283 283 283 283 283 283 283 283 
11:51:36 283 283 283 283 283 283 283 283 
11:52:36 283 283 283 283 283 283 283 283 
11:53:36 283 283 283 283 283 283 283 283 
11:54:36 283 283 283 283 283 283 283 283 
11:55:36 283 283 283 283 283 283 283 283 
11:56:36 283 283 283 283 283 283 283 283 
11:57:36 283 283 283 283 283 283 283 283 
11:58:37 283 283 283 283 283 283 283 283 
11:59:37 283 283 283 283 283 283 283 283 
12:00:37 283 283 283 283 283 283 283 283 
12:01:37 283 283 283 283 283 283 283 283 
12:02:37 283 283 283 283 283 283 283 283 
12:03:37 283 283 283 283 283 283 283 283 
12:04:37 283 283 283 283 283 283 283 283 
12:05:37 283 283 283 283 283 283 283 283 
12:06:37 283 283 283 283 283 283 283 283 
12:07:37 283 283 283 283 283 283 283 283 
12:08:37 283 283 283 283 283 283 283 283 
12:09:37 283 283 283 283 283 283 283 283 
12:10:37 283 283 283 283 283 283 283 283 
12:11:37 283 283 283 283 283 283 283 283 
12:12:38 283 283 283 283 283 283 283 283 
12:13:38 283 283 283 283 283 283 283 283 
12:14:38 283 283 283 283 283 283 283 283 
12:15:38 283 283 283 283 283 283 283 283 
12:16:38 283 283 283 283 283 283 283 283 
12:17:38 283 283 283 283 283 283 283 283 
12:18:38 283 283 283 283 283 283 283 283 
12:19:38 283 283 283 283 283 283 283 283 
12:20:38 283 283 283 283 283 283 283 283 
12:21:38 283 283 283 283 283 283 283 283 
12:22:38 283 283 283 283 283 283 283 283 
12:23:38 283 283 283 283 283 283 283 283 
12:24:38 283 283 283 283 283 283 283 283 
12:25:38 283 283 283 283 283 283 283 283 
12:26:38 283 283 283 283 283 283 283 283 
12:27:39 283 283 283 283 283 283 283 283 
12:28:39 283 283 283 283 283 283 283 283 
12:29:39 283 283 283 283 283 283 283 283 
12:30:39 283 283 283 283 283 283 283 283 
12:31:39 283 283 283 283 283 283 283 283 
12:32:39 283 283 283 283 283 283 283 283 
12:33:39 283 283 283 283 283 283 283 283 
12:34:39 283 283 283 283 283 283 283 283 
12:35:39 283 283 283 283 283 283 283 283 
12:36:39 283 283 283 283 283 283 283 283 
12:37:39 283 283 283 283 283 283 283 283 
12:38:39 283 283 283 283 283 283 283 283 
12:39:39 283 283 283 283 283 283 283 283 
12:40:39 283 283 283 283 283 283 283 283 
12:41:40 283 283 283 283 283 283 283 283 
12:42:40 283 283 283 283 283 283 283 283 
12:43:40 283 283 283 283 283 283 283 283 
12:44:40 283 283 283 283 283 283 283 283 
12:45:40 283 283 283 283 283 283 283 283 
12:46:40 283 283 283 283 283 283 283 283 
12:47:40 283 283 283 283 283 283 283 283 
12:48:40 283 283 283 283 283 283 283 283 
12:49:40 283 283 283 283 283 283 283 283 
12:50:40 283 283 283 283 283 283 283 283 
12:51:40 283 283 283 283 283 283 283 283 
12:52:40 283 283 283 283 283 283 283 283 
12:53:40 283 283 283 283 283 283 283 283 
12:54:40 283 283 283 283 283 283 283 283 
12:55:40 283 283 283 283 283 283 283 283 
12:56:41 283 283 283 283 283 283 283 283 
12:57:41 283 283 283 283 283 283 283 283 
12:58:41 283 283 283 283 283 283 283 283 
12:59:41 283 283 283 283 283 283 283 283 
13:00:41 283 283 283 283 283 283 283 283 
13:01:41 283 283 283 283 283 283 283 283 
13:02:41 283 283 283 283 283 283 283 283 
13:03:41 283 283 283 283 283 283 283 283 
13:04:41 283 283 283 283 283 283 283 283 
13:05:41 283 283 283 283 283 283 283 283 
13:06:41 283 283 283 283 283 283 283 283 
13:07:41 283 283 283 283 283 283 283 283 
13:08:41 283 283 283 283 283 283 283 283 
13:09:41 283 283 283 283 283 283 283 283 
13:10:42 283 283 283 283 283 283 283 283 
13:11:42 283 283 283 283 283 283 283 283 
13:12:42 283 283 283 283 283 283 283 283 
13:13:42 283 283 283 283 283 283 283 283 
13:14:42 283 283 283 283 283 283 283 283 
13:15:42 283 283 283 283 283 283 283 283 
13:16:42 283 283 283 283 283 283 283 283 
13:17:42 283 283 283 283 283 283 283 283 
13:18:42 283 283 283 283 283 283 283 283 
13:19:42 283 283 283 283 283 283 283 283 
13:20:42 283 283 283 283 283 283 283 283 
13:21:42 283 283 283 283 283 283 283 283 
13:22:42 283 283 283 283 283 283 283 283 
13:23:42 283 283 283 283 283 283 283 283 
13:24:42 283 283 283 283 283 283 283 283 
13:25:43 283 283 283 283 283 283 283 283 
13:26:43 283 283 283 283 283 283 283 283 
13:27:43 283 283 283 283 283 283 283 283 
13:28:43 283 283 283 283 283 283 283 283 
13:29:43 283 283 283 283 283 283 283 283 
13:30:43 283 283 283 283 283 283 283 283 
13:31:43 283 283 283 283 283 283 283 283 
13:32:43 283 283 283 283 283 283 283 283 
13:33:43 283 283 283 283 283 283 283 283 
13:34:43 283 283 283 283 283 283 283 283 
13:35:43 283 283 283 283 283 283 283 283 
13:36:43 283 283 283 283 283 283 283 283 
13:37:43 283 283 283 283 283 283 283 283 
13:38:43 283 283 283 283 283 283 283 283 
13:39:44 283 283 283 283 283 283 283 283 
13:40:44 283 283 283 283 283 283 283 283 
13:41:44 283 283 283 283 283 283 283 283 
13:42:44 283 283 283 283 283 283 283 283 
13:43:44 283 283 283 283 283 283 283 283 
13:44:44 283 283 283 283 283 283 283 283 
13:45:44 283 283 283 283 283 283 283 283 
13:46:44 283 283 283 283 283 283 283 283 
13:47:44 283 283 283 283 283 283 283 283 
13:48:44 283 283 283 283 283 283 283 283 
13:49:44 283 283 283 283 283 283 283 283 
13:50:44 283 283 283 283 283 283 283 283 
13:51:44 283 283 283 283 283 283 283 283 
13:52:44 283 283 283 283 283 283 283 283 
13:53:44 283 283 283 283 283 283 283 283 
13:54:45 283 283 283 283 283 283 283 283 
13:55:45 283 283 283 283 283 283 283 283 
13:56:45 283 283 283 283 283 283 283 283 
13:57:45 283 283 283 283 283 283 283 283 
13:58:45 283 283 283 283 283 283 283 283 
13:59:45 283 283 283 283 283 283 283 283 
14:00:45 283 283 283 283 283 283 283 283 
14:01:45 283 283 283 283 283 283 283 283 
14:02:45 283 283 283 283 283 283 283 283 
14:03:45 283 283 283 283 283 283 283 283 
14:04:45 283 283 283 283 283 283 283 283 
14:05:45 283 283 283 283 283 283 283 283 
14:06:45 283 283 283 283 283 283 283 283 
14:07:45 283 283 283 283 283 283 283 283 
14:08:46 283 283 283 283 283 283 283 283 
14:09:46 283 283 283 283 283 283 283 283 
14:10:46 283 283 283 283 283 283 283 283 
14:11:46 283 283 283 283 283 283 283 283 
14:12:46 283 283 283 283 283 283 283 283 
14:13:46 283 283 283 283 283 283 283 283 
14:14:46 283 283 283 283 283 283 283 283 
14:15:46 283 283 283 283 283 283 283 283 
14:16:46 283 283 283 283 283 283 283 283 
14:17:46 283 283 283 283 283 283 283 283 
14:18:46 283 283 283 283 283 283 283 283 
14:19:46 283 283 283 283 283 283 283 283 
14:20:46 283 283 283 283 283 283 283 283 
14:21:46 283 283 283 283 283 283 283 283 
14:22:46 283 283 283 283 283 283 283 283 
14:23:47 283 283 283 283 283 283 283 283 
14:24:47 283 283 283 283 283 283 283 283 
14:25:47 283 283 283 283 283 283 283 283 
14:26:47 283 283 283 283 283 283 283 283 
14:27:47 283 283 283 283 283 283 283 283 
14:28:47 283 283 283 283 283 283 283 283 
14:29:47 283 283 283 283 283 283 283 283 
14:30:47 283 283 283 283 283 283 283 283 
14:31:47 283 283 283 283 283 283 283 283 
14:32:47 283 283 283 283 283 283 283 283 
14:33:47 283 283 283 283 283 283 283 283 
14:34:47 283 283 283 283 283 283 283 283 
14:35:47 283 283 283 283 283 283 283 283 
14:36:47 283 283 283 283 283 283 283 283 
14:37:47 283 283 283 283 283 283 283 283 
14:38:48 283 283 283 283 283 283 283 283 
14:39:48 283 283 283 283 283 283 283 283 
14:40:48 283 283 283 283 283 283 283 283 
14:41:48 283 283 283 283 283 283 283 283 
14:42:48 283 283 283 283 283 283 283 283 
14:43:48 283 283 283 283 283 283 283 283 
14:44:48 283 283 283 283 283 283 283 283 
14:45:48 283 283 283 283 283 283 283 283 
14:46:48 283 283 283 283 283 283 283 283 
14:47:48 283 283 283 283 283 283 283 283 
14:48:48 283 283 283 283 283 283 283 283 
14:49:48 283 283 283 283 283 283 283 283 
14:50:48 283 283 283 283 283 283 283 283 
14:51:48 283 283 283 283 283 283 283 283 
14:52:49 283 283 283 283 283 283 283 283 
14:53:49 283 283 283 283 283 283 283 283 
14:54:49 283 283 283 283 283 283 283 283 
14:55:49 283 283 283 283 283 283 283 283 
14:56:49 283 283 283 283 283 283 283 283 
14:57:49 283 283 283 283 283 283 283 283 
14:58:49 283 283 283 283 283 283 283 283 
14:59:49 283 283 283 283 283 283 283 283 
15:00:49 283 283 283 283 283 283 283 283 
15:01:49 283 283 283 283 283 283 283 283 
15:02:49 283 283 283 283 283 283 283 283 
15:03:49 283 283 283 283 283 283 283 283 
15:04:49 283 283 283 283 283 283 283 283 
15:05:49 283 283 283 283 283 283 283 283 
15:06:50 283 283 283 283 283 283 283 283 
15:07:50 283 283 283 283 283 283 283 283 
15:08:50 283 283 283 283 283 283 283 283 
15:09:50 283 283 283 283 283 283 283 283 
15:10:50 283 283 283 283 283 283 283 283 
15:11:50 283 283 283 283 283 283 283 283 
15:12:50 283 283 283 283 283 283 283 283 
15:13:50 283 283 283 283 283 283 283 283 
15:14:50 283 283 283 283 283 283 283 283 
15:15:50 283 283 283 283 283 283 283 283 
15:16:50 283 283 283 283 283 283 283 283 
15:17:50 283 283 283 283 283 283 283 283 
15:18:50 283 283 283 283 283 283 283 283 
15:19:50 283 283 283 283 283 283 283 283 
15:20:51 283 283 283 283 283 283 283 283 
15:21:51 283 283 283 283 283 283 283 283 
15:22:51 283 283 283 283 283 283 283 283 
15:23:51 283 283 283 283 283 283 283 283 
15:24:51 283 283 283 283 283 283 283 283 
15:25:51 283 283 283 283 283 283 283 283 
15:26:51 283 283 283 283 283 283 283 283 
15:27:51 283 283 283 283 283 283 283 283 
15:28:51 283 283 283 283 283 283 283 283 
15:29:51 283 283 283 283 283 283 283 283 
15:30:51 283 283 283 283 283 283 283 283 
15:31:51 283 283 283 283 283 283 283 283 
15:32:51 283 283 283 283 283 283 283 283 
15:33:51 283 283 283 283 283 283 283 283 
15:34:51 283 283 283 283 283 283 283 283 
15:35:52 283 283 283 283 283 283 283 283 
15:36:52 283 283 283 283 283 283 283 283 
15:37:52 283 283 283 283 283 283 283 283 
15:38:52 283 283 283 283 283 283 283 283 
15:39:52 283 283 283 283 283 283 283 283 
15:40:52 283 283 283 283 283 283 283 283 
15:41:52 283 283 283 283 283 283 283 283 
15:42:52 283 283 283 283 283 283 283 283 
15:43:52 283 283 283 283 283 283 283 283 
15:44:52 283 283 283 283 283 283 283 283 
15:45:52 283 283 283 283 283 283 283 283 
15:46:52 283 283 283 283 283 283 283 283 
15:47:52 283 283 283 283 283 283 283 283 
15:48:52 283 283 283 283 283 283 283 283 
15:49:52 283 283 283 283 283 283 283 283 
15:50:53 283 283 283 283 283 283 283 283 
15:51:53 283 283 283 283 283 283 283 283 
15:52:53 283 283 283 283 283 283 283 283 
15:53:53 283 283 283 283 283 283 283 283 
15:54:53 283 283 283 283 283 283 283 283 
15:55:53 283 283 283 283 283 283 283 283 
15:56:53 283 283 283 283 283 283 283 283 
15:57:53 283 283 283 283 283 283 283 283 
15:58:53 283 283 283 283 283 283 283 283 
15:59:53 283 283 283 283 283 283 283 283 
16:00:53 283 283 283 283 283 283 283 283 
16:01:53 283 283 283 283 283 283 283 283 
16:02:53 283 283 283 283 283 283 283 283 
16:03:53 283 283 283 283 283 283 283 283 
16:04:53 283 283 283 283 283 283 283 283 
16:05:54 283 283 283 283 283 283 283 283 
16:06:54 283 283 283 283 283 283 283 283 
16:07:54 283 283 283 283 283 283 283 283 
16:08:54 283 283 283 283 283 283 283 283 
16:09:54 283 283 283 283 283 283 283 283 
16:10:54 283 283 283 283 283 283 283 283 
16:11:54 283 283 283 283 283 283 283 283 
16:12:54 283 283 283 283 283 283 283 283 
16:13:54 283 283 283 283 283 283 283 283 
16:14:54 283 283 283 283 283 283 283 283 
16:15:54 283 283 283 283 283 283 283 283 
16:16:54 283 283 283 283 283 283 283 283 
16:17:54 283 283 283 283 283 283 283 283 
16:18:54 283 283 283 283 283 283 283 283 
16:19:55 283 283 283 283 283 283 283 283 
16:20:55 283 283 283 283 283 283 283 283 
16:21:55 283 283 283 283 283 283 283 283 
16:22:55 283 283 283 283 283 283 283 283 
16:23:55 283 283 283 283 283 283 283 283 
16:24:55 283 283 283 283 283 283 283 283 
16:25:55 283 283 283 283 283 283 283 283 
16:26:55 283 283 283 283 283 283 283 283 
16:27:55 283 283 283 283 283 283 283 283 
16:28:55 283 283 283 283 283 283 283 283 
16:29:55 283 283 283 283 283 283 283 283 
16:30:55 283 283 283 283 283 283 283 283 
16:31:55 283 283 283 283 283 283 283 283 
16:32:55 283 283 283 283 283 283 283 283 
16:33:55 283 283 283 283 283 283 283 283 
16:34:56 283 283 283 283 283 283 283 283 
16:35:56 283 283 283 283 283 283 283 283 
16:36:56 283 283 283 283 283 283 283 283 
16:37:56 283 283 283 283 283 283 283 283 
16:38:56 283 283 283 283 283 283 283 283 
16:39:56 283 283 283 283 283 283 283 283 
16:40:56 283 283 283 283 283 283 283 283 
16:41:56 283 283 283 283 283 283 283 283 
16:42:56 283 283 283 283 283 283 283 283 
16:43:56 283 283 283 283 283 283 283 283 
16:44:56 283 283 283 283 283 283 283 283 
16:45:56 283 283 283 283 283 283 283 283 
16:46:56 283 283 283 283 283 283 283 283 
16:47:56 283 283 283 283 283 283 283 283 
16:48:56 283 283 283 283 283 283 283 283 
16:49:56 283 283 283 283 283 283 283 283 
16:50:57 283 283 283 283 283 283 283 283 
16:51:57 283 283 283 283 283 283 283 283 
16:52:57 283 283 283 283 283 283 283 283 
16:53:57 283 283 283 283 283 283 283 283 
16:54:57 283 283 283 283 283 283 283 283 
16:55:57 283 283 283 283 283 283 283 283 
16:56:57 283 283 283 283 283 283 283 283 
16:57:57 283 283 283 283 283 283 283 283 
16:58:57 283 283 283 283 283 283 283 283 
16:59:57 283 283 283 283 283 283 283 283 
17:00:57 283 283 283 283 283 283 283 283 
17:01:57 283 283 283 283 283 283 283 283 
17:02:57 283 283 283 283 283 283 283 283 
17:03:57 283 283 283 283 283 283 283 283 
17:04:57 283 283 283 283 283 283 283 283 
17:05:58 283 283 283 283 283 283 283 283 
17:06:58 283 283 283 283 283 283 283 283 
17:07:58 283 283 283 283 283 283 283 283 
17:08:58 283 283 283 283 283 283 283 283 
17:09:58 283 283 283 283 283 283 283 283 
17:10:58 283 283 283 283 283 283 283 283 
17:11:58 283 283 283 283 283 283 283 283 
17:12:58 283 283 283 283 283 283 283 283 
17:13:58 283 283 283 283 283 283 283 283 
17:14:58 283 283 283 283 283 283 283 283 
17:15:58 283 283 283 283 283 283 283 283 
17:16:58 283 283 283 283 283 283 283 283 
17:17:58 283 283 283 283 283 283 283 283 
17:18:58 283 283 283 283 283 283 283 283 
17:19:58 283 283 283 283 283 283 283 283 
17:20:59 283 283 283 283 283 283 283 283 
17:21:59 283 283 283 283 283 283 283 283 
17:22:59 283 283 283 283 283 283 283 283 
17:23:59 283 283 283 283 283 283 283 283 
17:24:59 283 283 283 283 283 283 283 283 
17:25:59 283 283 283 283 283 283 283 283 
17:26:59 283 283 283 283 283 283 283 283 
17:27:59 283 283 283 283 283 283 283 283 
17:28:59 283 283 283 283 283 283 283 283 
17:29:59 283 283 283 283 283 283 283 283 
17:30:59 283 283 283 283 283 283 283 283 
17:31:59 283 283 283 283 283 283 283 283 
17:32:59 283 283 283 283 283 283 283 283 
17:33:59 283 283 283 283 283 283 283 283 
17:34:59 283 283 283 283 283 283 283 283 
17:36:00 283 283 283 283 283 283 283 283 
17:37:00 283 283 283 283 283 283 283 283 
17:38:00 283 283 283 283 283 283 283 283 
17:39:00 283 283 283 283 283 283 283 283 
17:40:00 283 283 283 283 283 283 283 283 
17:41:00 283 283 283 283 283 283 283 283 
17:42:00 283 283 283 283 283 283 283 283 
17:43:00 283 283 283 283 283 283 283 283 
17:44:00 283 283 283 283 283 283 283 283 
17:45:00 283 283 283 283 283 283 283 283 
17:46:00 283 283 283 283 283 283 283 283 
17:47:00 283 283 283 283 283 283 283 283 
17:48:00 283 283 283 283 283 283 283 283 
17:49:00 283 283 283 283 283 283 283 283 
17:50:00 283 283 283 283 283 283 283 283 
17:51:01 283 283 283 283 283 283 283 283 
17:52:01 283 283 283 283 283 283 283 283 
17:53:01 283 283 283 283 283 283 283 283 
17:54:01 283 283 283 283 283 283 283 283 
17:55:01 283 283 283 283 283 283 283 283 
17:56:01 283 283 283 283 283 283 283 283 
17:57:01 283 283 283 283 283 283 283 283 
17:58:01 283 283 283 283 283 283 283 283 
17:59:01 283 283 283 283 283 283 283 283 
18:00:01 283 283 283 283 283 283 283 283 
18:01:01 283 283 283 283 283 283 283 283 
18:02:01 283 283 283 283 283 283 283 283 
18:03:01 283 283 283 283 283 283 283 283 
18:04:01 283 283 283 283 283 283 283 283 
18:05:01 283 283 283 283 283 283 283 283 
18:06:02 283 283 283 283 283 283 283 283 
18:07:02 283 283 283 283 283 283 283 283 
18:08:02 283 283 283 283 283 283 283 283 
18:09:02 283 283 283 283 283 283 283 283 
18:10:02 283 283 283 283 283 283 283 283 
18:11:02 283 283 283 283 283 283 283 283 
18:12:02 283 283 283 283 283 283 283 283 
18:13:02 283 283 283 283 283 283 283 283 
18:14:02 283 283 283 283 283 283 283 283 
18:15:02 283 283 283 283 283 283 283 283 
18:16:02 283 283 283 283 283 283 283 283 
18:17:02 283 283 283 283 283 283 283 283 
18:18:02 283 283 283 283 283 283 283 283 
18:19:02 283 283 283 283 283 283 283 283 
18:20:03 283 283 283 283 283 283 283 283 
18:21:03 283 283 283 283 283 283 283 283 
18:22:03 283 283 283 283 283 283 283 283 
18:23:03 283 283 283 283 283 283 283 283 
18:24:03 283 283 283 283 283 283 283 283 
18:25:03 283 283 283 283 283 283 283 283 
18:26:03 283 283 283 283 283 283 283 283 
18:27:03 283 283 283 283 283 283 283 283 
18:28:03 283 283 283 283 283 283 283 283 
18:29:03 283 283 283 283 283 283 283 283 
18:30:03 283 283 283 283 283 283 283 283 
18:31:03 283 283 283 283 283 283 283 283 
18:32:03 283 283 283 283 283 283 283 283 
18:33:03 283 283 283 283 283 283 283 283 
18:34:03 283 283 283 283 283 283 283 283 
18:35:04 283 283 283 283 283 283 283 283 
18:36:04 283 283 283 283 283 283 283 283 
18:37:04 283 283 283 283 283 283 283 283 
18:38:04 283 283 283 283 283 283 283 283 
18:39:04 283 283 283 283 283 283 283 283 
18:40:04 283 283 283 283 283 283 283 283 
18:41:04 283 283 283 283 283 283 283 283 
18:42:04 283 283 283 283 283 283 283 283 
18:43:04 283 283 283 283 283 283 283 283 
18:44:04 283 283 283 283 283 283 283 283 
18:45:04 283 283 283 283 283 283 283 283 
18:46:04 283 283 283 283 283 283 283 283 
18:47:04 283 283 283 283 283 283 283 283 
18:48:04 283 283 283 283 283 283 283 283 
18:49:04 283 283 283 283 283 283 283 283 
18:50:05 283 283 283 283 283 283 283 283 
18:51:05 283 283 283 283 283 283 283 283 
18:52:05 283 283 283 283 283 283 283 283 
18:53:05 283 283 283 283 283 283 283 283 
18:54:05 283 283 283 283 283 283 283 283 
18:55:05 283 283 283 283 283 283 283 283 
18:56:05 283 283 283 283 283 283 283 283 
18:57:05 283 283 283 283 283 283 283 283 
18:58:05 283 283 283 283 283 283 283 283 
18:59:05 283 283 283 283 283 283 283 283 
19:00:05 283 283 283 283 283 283 283 283 bash: line 1: echo: write error: Disk quota exceeded
19:02:05 283 283 283 283 283 283 283 283 
19:03:05 283 283 283 283 283 283 283 283 
19:04:05 283 283 283 283 283 283 283 283 
19:05:06 283 283 283 283 283 283 283 283 
19:06:06 283 283 283 283 283 283 283 283 
19:07:06 283 283 283 283 283 283 283 283 
19:08:06 283 283 283 283 283 283 283 283 
19:09:06 283 283 283 283 283 283 283 283 
19:10:06 283 283 283 283 283 283 283 283 
19:11:06 283 283 283 283 283 283 283 283 
19:12:06 283 283 283 283 283 283 283 283 
19:13:06 283 283 283 283 283 283 283 283 
19:14:06 283 283 283 283 283 283 283 283 
19:15:06 283 283 283 283 283 283 283 283 
19:16:06 283 283 283 283 283 283 283 283 
19:17:06 283 283 283 283 283 283 283 283 
19:18:06 283 283 283 283 283 283 283 283 
19:19:06 283 283 283 283 283 283 283 283 
19:20:07 283 283 283 283 283 283 283 283 
19:21:07 283 283 283 283 283 283 283 283 
19:22:07 283 283 283 283 283 283 283 283 
19:23:07 283 283 283 283 283 283 283 283 
19:24:07 283 283 283 283 283 283 283 283 
19:25:07 283 283 283 283 283 283 283 283 
19:26:07 283 283 283 283 283 283 283 283 
bash: line 1: echo: write error: Disk quota exceeded
19:30:07 283 283 283 283 283 283 283 283 
19:31:07 283 283 283 283 283 283 283 283 
19:32:07 283 283 283 283 283 283 283 283 
19:33:07 283 283 283 283 283 283 283 283 
19:34:07 283 283 283 283 283 283 283 283 
19:35:07 283 283 283 283 283 283 283 283 
19:36:08 283 283 283 283 283 283 283 283 
19:37:08 283 283 283 283 283 283 283 283 
19:38:08 283 283 283 283 283 283 283 283 
19:39:08 283 283 283 283 283 283 283 283 
19:40:08 283 283 283 283 283 283 283 283 
19:41:08 283 283 283 283 283 283 283 283 
19:42:08 283 283 283 283 283 283 283 283 
19:43:08 283 283 283 283 283 283 283 283 
19:44:08 283 283 283 283 283 283 283 283 
19:45:08 283 283 283 283 283 283 283 283 
19:46:08 283 283 283 283 283 283 283 283 
19:47:08 283 283 283 283 283 283 283 283 
19:48:08 283 283 283 283 283 283 283 283 
19:49:08 283 283 283 283 283 283 283 283 
19:50:08 283 283 283 283 283 283 283 283 
19:51:09 283 283 283 283 283 283 283 283 
19:52:09 283 283 283 283 283 283 283 283 
19:53:09 283 283 283 283 283 283 283 283 
19:54:09 283 283 283 283 283 283 283 283 
19:55:09 283 283 283 283 283 283 283 283 
19:56:09 283 283 283 283 283 283 283 283 
19:57:09 283 283 283 283 283 283 283 283 
19:58:09 283 283 283 283 283 283 283 283 
19:59:09 283 283 283 283 283 283 283 283 
20:00:09 283 283 283 283 283 283 283 283 
20:01:09 283 283 283 283 283 283 283 283 
20:02:09 283 283 283 283 283 283 283 283 
20:03:09 283 283 283 283 283 283 283 283 
20:04:09 283 283 283 283 283 283 283 283 
20:05:09 283 283 283 283 283 283 283 283 
20:06:10 283 283 283 283 283 283 283 283 
20:07:10 283 283 283 283 283 283 283 283 
20:08:10 283 283 283 283 283 283 283 283 
20:09:10 283 283 283 283 283 283 283 283 
20:10:10 284 284 284 284 284 284 284 284 
20:11:10 10992 11440 11440 11440 11376 11312 11312 11312 
20:12:10 64059 64507 64507 64507 64443 64379 64379 64379 
20:13:10 64059 64507 64507 64507 64443 64379 64379 64379 
20:14:10 67248 67696 67696 67696 67632 67568 67568 67568 
20:15:10 253517 253965 253965 253965 253901 253837 253837 253837 
20:16:10 253517 253965 253965 253965 253901 253837 253837 253837 
20:17:10 256251 257147 257147 257147 257019 256891 256891 256891 
20:18:10 256251 257147 257147 257147 257019 256891 256891 256891 
20:19:10 256253 257149 257149 257149 257021 256893 256893 256893 
20:20:10 268065 268961 268961 268961 268833 268705 268705 268705 
20:21:11 270117 271013 271013 271013 270885 270757 270757 270757 
20:22:11 270153 271049 271050 271049 270921 270794 270793 270793 
20:23:11 270154 271050 271050 271050 270922 270794 270794 270794 
20:24:11 270154 271050 271050 271050 270922 270794 270794 270794 
20:25:11 270154 271050 271050 271050 270922 270794 270794 270794 
20:26:11 283 283 283 283 283 283 283 283 
20:27:11 283 283 283 283 283 283 283 283 
20:28:11 283 283 283 283 283 283 283 283 
20:29:11 283 283 283 283 283 283 283 283 
20:30:11 283 283 283 283 283 283 283 283 
20:31:11 283 283 283 283 283 283 283 283 
20:32:11 283 283 283 283 283 283 283 283 
20:33:11 283 283 283 283 283 283 283 283 
20:34:11 283 283 283 283 283 283 283 283 
20:35:12 283 283 283 283 283 283 283 283 
20:36:12 283 283 283 283 283 283 283 283 
20:37:12 283 283 283 283 283 283 283 283 
20:38:12 283 283 283 283 283 283 283 283 
20:39:12 283 283 283 283 283 283 283 283 
20:40:12 283 283 283 283 283 283 283 283 
20:41:12 283 283 283 283 283 283 283 283 
20:42:12 283 283 283 283 283 283 283 283 
20:43:12 284 284 284 284 284 284 284 284 
20:44:12 285 433 433 433 433 433 433 285 
20:45:12 64384 64810 64816 64804 64754 64666 64684 64674 
20:46:12 252503 252929 252935 252923 252873 252785 252803 252793 
20:47:12 253122 253548 253554 253542 253492 253404 253422 253412 
20:48:12 255936 256788 256800 256776 256676 256500 256536 256516 
20:49:12 269809 270661 270673 270649 270549 270373 270409 270389 
20:50:13 269813 270665 270677 270653 270553 270377 270413 270393 
20:51:13 269820 270672 270684 270660 270560 270384 270420 270400 
20:52:13 269820 270672 270684 270660 270560 270384 270420 270400 
20:53:13 269820 270672 270684 270660 270560 270384 270420 270400 
20:54:13 269820 270672 270684 270660 270560 270384 270420 270400 
20:55:13 283 283 283 283 283 283 283 283 
20:56:13 283 283 283 283 283 283 283 283 
20:57:13 283 283 283 283 283 283 283 283 
20:58:13 283 283 283 283 283 283 283 283 
20:59:13 283 283 283 283 283 283 283 283 
21:00:13 283 283 283 283 283 283 283 283 
21:01:13 283 283 283 283 283 283 283 283 
21:02:13 283 283 283 283 283 283 283 283 
21:03:13 283 283 283 283 283 283 283 283 
21:04:13 283 283 283 283 283 283 283 283 
21:05:14 283 283 283 283 283 283 283 283 
21:06:14 283 283 283 283 283 283 283 283 
21:07:14 283 283 283 283 283 283 283 283 
21:08:14 283 283 283 283 283 283 283 283 
21:09:14 283 283 283 283 283 283 283 283 
21:10:14 283 283 283 283 283 283 283 283 
21:11:14 283 283 283 283 283 283 283 283 
21:12:14 283 283 283 283 283 283 283 283 
21:13:14 283 283 283 283 283 283 283 283 
21:14:14 283 283 283 283 283 283 283 283 
21:15:14 283 283 283 283 283 283 283 283 
21:16:14 283 283 283 283 283 283 283 283 
21:17:14 283 283 283 283 283 283 283 283 
21:18:14 283 283 283 283 283 283 283 283 
21:19:14 283 283 283 283 283 283 283 283 
21:20:15 283 283 283 283 283 283 283 283 
21:21:15 283 283 283 283 283 283 283 283 
21:22:15 284 284 284 284 284 284 284 284 
21:23:15 11309 11735 11741 11729 11679 11591 11609 11599 
21:24:15 251913 252339 252345 252333 252283 252195 252213 252203 
21:25:15 252588 253014 253020 253008 252958 252870 252888 252878 
21:26:15 256108 256960 256972 256948 256848 256672 256708 256688 
21:27:15 262354 263206 263218 263194 263094 262918 262954 262934 
21:28:15 269992 270844 270856 270832 270732 270556 270592 270572 
21:29:15 269993 270845 270857 270833 270733 270557 270593 270573 
21:30:15 269993 270845 270857 270833 270733 270557 270593 270573 
21:31:15 269996 270848 270860 270836 270736 270560 270596 270576 
21:32:15 270001 270853 270865 270841 270741 270565 270601 270581 
21:33:15 270001 270853 270865 270841 270741 270565 270601 270581 
21:34:16 284 284 284 284 284 284 284 284 
21:35:16 10374 10406 10374 10278 284 284 284 284 
21:36:16 252516 252548 252516 252420 284 284 284 284 
21:37:16 252516 252548 252516 252420 284 284 284 284 
21:38:16 254986 255051 254986 254794 284 284 284 284 
21:39:16 269638 269702 269638 269446 284 284 284 284 
21:40:16 269665 269729 269665 269473 284 284 284 284 
21:41:16 269665 269730 269665 269473 284 284 284 284 
21:42:16 269666 269730 269666 269474 284 284 284 284 
21:43:16 273790 273854 273790 273598 284 284 284 284 
21:44:16 273790 273854 273790 273598 284 284 284 284 
21:45:16 273790 273854 273790 273598 284 284 284 284 
21:46:16 283 283 283 283 283 283 283 283 
21:47:16 284 432 284 284 284 284 284 284 
21:48:17 114107 114139 114107 114011 284 284 284 284 
21:49:17 253349 253381 253349 253253 284 284 284 284 
21:50:17 255810 255874 255811 255618 284 284 284 284 
21:51:17 270446 270510 270446 270254 284 284 284 284 
21:52:17 270476 270540 270476 270284 284 284 284 284 
21:53:17 274625 274689 274625 274433 284 284 284 284 
21:54:17 274625 274689 274625 274433 284 284 284 284 
21:55:17 274625 274689 274625 274433 284 284 284 284 
21:56:17 274626 274690 274626 274434 284 284 284 284 
21:57:17 274626 274690 274626 274434 284 284 284 284 
21:58:17 274626 274690 274626 274434 284 284 284 284 
21:59:17 274626 274690 274626 274434 284 284 284 284 
22:00:17 283 283 283 283 283 283 283 283 
22:01:17 432 432 432 432 284 284 284 284 
22:02:18 119623 119655 119623 119527 284 284 284 284 
22:03:18 253698 253730 253698 253602 284 284 284 284 
22:04:18 256254 256318 256254 256062 284 284 284 284 
22:05:18 270884 270948 270884 270692 284 284 284 284 
22:06:18 275026 275090 275026 274834 284 284 284 284 
22:07:18 275057 275121 275057 274865 284 284 284 284 
22:08:18 275057 275121 275057 274865 284 284 284 284 
22:09:18 275057 275121 275057 274865 284 284 284 284 
22:10:18 275057 275121 275057 274865 284 284 284 284 
22:11:18 275057 275121 275057 274865 284 284 284 284 
22:12:18 275057 275121 275057 274865 284 284 284 284 
22:13:18 275060 275124 275060 274868 284 284 284 284 
22:14:18 283 283 283 283 283 283 283 283 
22:15:18 283 283 283 283 283 283 283 283 
22:16:19 283 283 283 283 283 283 283 283 
22:17:19 283 283 283 283 283 283 283 283 
22:18:19 283 283 283 283 283 283 283 283 
22:19:19 283 283 283 283 283 283 283 283 
22:20:19 283 283 283 283 283 283 283 283 
22:21:19 283 283 283 283 283 283 283 283 
22:22:19 283 283 283 283 283 283 283 283 
22:23:19 283 283 283 283 283 283 283 283 
22:24:19 283 283 283 283 283 283 283 283 
22:25:19 283 283 283 283 283 283 283 283 
22:26:19 283 283 283 283 283 283 283 283 
22:27:19 283 283 283 283 283 283 283 283 
22:28:19 283 283 283 283 283 283 283 283 
22:29:19 283 283 283 283 283 283 283 283 
22:30:19 283 283 283 283 283 283 283 283 
22:31:20 283 283 283 283 283 283 283 283 
22:32:20 283 283 283 283 283 283 283 283 
22:33:20 283 283 283 283 283 283 283 283 
22:34:20 283 283 283 283 283 283 283 283 
22:35:20 283 283 283 283 283 283 283 283 
22:36:20 283 283 283 283 283 283 283 283 
22:37:20 283 283 283 283 283 283 283 283 
22:38:20 283 283 283 283 283 283 283 283 
22:39:20 283 283 283 283 283 283 283 283 
22:40:20 283 283 283 283 283 283 283 283 
22:41:20 283 283 283 283 283 283 283 283 
22:42:20 283 283 283 283 283 283 283 283 
22:43:20 283 283 283 283 283 283 283 283 
22:44:20 283 283 283 283 283 283 283 283 
22:45:20 283 283 283 283 283 283 283 283 
22:46:21 283 283 283 283 283 283 283 283 
22:47:21 283 283 283 283 283 283 283 283 
22:48:21 283 283 283 283 283 283 283 283 
22:49:21 283 283 283 283 283 283 283 283 
22:50:21 283 283 283 283 283 283 283 283 
22:51:21 283 283 283 283 283 283 283 283 
22:52:21 283 283 283 283 283 283 283 283 
22:53:21 283 283 283 283 283 283 283 283 
22:54:21 283 283 283 283 283 283 283 283 
22:55:21 283 283 283 283 283 283 283 283 
22:56:21 283 283 283 283 283 283 283 283 
22:57:21 283 283 283 283 283 283 283 283 
22:58:21 283 283 283 283 283 283 283 283 
22:59:21 283 283 283 283 283 283 283 283 
23:00:21 283 283 283 283 283 283 283 283 
23:01:22 283 283 283 283 283 283 283 283 
23:02:22 283 283 283 283 283 283 283 283 
23:03:22 283 283 283 283 283 283 283 283 
23:04:22 283 283 283 283 283 283 283 283 
23:05:22 283 283 283 283 283 283 283 283 
23:06:22 283 283 283 283 283 283 283 283 
23:07:22 283 283 283 283 283 283 283 283 
23:08:22 283 283 283 283 283 283 283 283 
23:09:22 283 283 283 283 283 283 283 283 
23:10:22 283 283 283 283 283 283 283 283 
23:11:22 283 283 283 283 283 283 283 283 
23:12:22 283 283 283 283 283 283 283 283 
23:13:22 283 283 283 283 283 283 283 283 
23:14:22 283 283 283 283 283 283 283 283 
23:15:22 283 283 283 283 283 283 283 283 
23:16:23 283 283 283 283 283 283 283 283 
23:17:23 283 283 283 283 283 283 283 283 
23:18:23 283 283 283 283 283 283 283 283 
23:19:23 283 283 283 283 283 283 283 283 
23:20:23 283 283 283 283 283 283 283 283 
23:21:23 283 283 283 283 283 283 283 283 
23:22:23 283 283 283 283 283 283 283 283 
23:23:23 283 283 283 283 283 283 283 283 
23:24:23 283 283 283 283 283 283 283 283 
23:25:23 283 283 283 283 283 283 283 283 
23:26:23 283 283 283 283 283 283 283 283 
23:27:23 283 283 283 283 283 283 283 283 
23:28:23 283 283 283 283 283 283 283 283 
23:29:23 283 283 283 283 283 283 283 283 
23:30:23 283 283 283 283 283 283 283 283 
23:31:24 283 283 283 283 283 283 283 283 
23:32:24 283 283 283 283 283 283 283 283 
23:33:24 283 283 283 283 283 283 283 283 
23:34:24 283 283 283 283 283 283 283 283 
23:35:24 283 283 283 283 283 283 283 283 
23:36:24 283 283 283 283 283 283 283 283 
23:37:24 283 283 283 283 283 283 283 283 
23:38:24 283 283 283 283 283 283 283 283 
23:39:24 283 283 283 283 283 283 283 283 
23:40:24 283 283 283 283 283 283 283 283 
23:41:24 283 283 283 283 283 283 283 283 
23:42:24 283 283 283 283 283 283 283 283 
23:43:24 283 283 283 283 283 283 283 283 
23:44:24 283 283 283 283 283 283 283 283 
23:45:24 283 283 283 283 283 283 283 283 
23:46:25 283 283 283 283 283 283 283 283 
23:47:25 283 283 283 283 283 283 283 283 
23:48:25 283 283 283 283 283 283 283 283 
23:49:25 283 283 283 283 283 283 283 283 
23:50:25 283 283 283 283 283 283 283 283 
23:51:25 283 283 283 283 283 283 283 283 
23:52:25 283 283 283 283 283 283 283 283 
23:53:25 283 283 283 283 283 283 283 283 
23:54:25 283 283 283 283 283 283 283 283 
23:55:25 283 283 283 283 283 283 283 283 
23:56:25 283 283 283 283 283 283 283 283 
23:57:25 283 283 283 283 283 283 283 283 
23:58:25 283 283 283 283 283 283 283 283 
23:59:25 283 283 283 283 283 283 283 283 
00:00:25 283 283 283 283 283 283 283 283 
00:01:26 283 283 283 283 283 283 283 283 
00:02:26 283 283 283 283 283 283 283 283 
00:03:26 283 283 283 283 283 283 283 283 
00:04:26 283 283 283 283 283 283 283 283 
00:05:26 283 283 283 283 283 283 283 283 
00:06:26 283 283 283 283 283 283 283 283 
00:07:26 283 283 283 283 283 283 283 283 
00:08:26 283 283 283 283 283 283 283 283 
00:09:26 283 283 283 283 283 283 283 283 
00:10:26 283 283 283 283 283 283 283 283 
00:11:26 283 283 283 283 283 283 283 283 
00:12:26 283 283 283 283 283 283 283 283 
00:13:26 283 283 283 283 283 283 283 283 
00:14:26 283 283 283 283 283 283 283 283 
00:15:27 283 283 283 283 283 283 283 283 
00:16:27 283 283 283 283 283 283 283 283 
00:17:27 283 283 283 283 283 283 283 283 
00:18:27 283 283 283 283 283 283 283 283 
00:19:27 283 283 283 283 283 283 283 283 
00:20:27 283 283 283 283 283 283 283 283 
00:21:27 283 283 283 283 283 283 283 283 
00:22:27 283 283 283 283 283 283 283 283 
00:23:27 283 283 283 283 283 283 283 283 
00:24:27 283 283 283 283 283 283 283 283 
00:25:27 283 283 283 283 283 283 283 283 
00:26:27 283 283 283 283 283 283 283 283 
00:27:27 283 283 283 283 283 283 283 283 
00:28:27 283 283 283 283 283 283 283 283 
00:29:28 283 283 283 283 283 283 283 283 
00:30:28 283 283 283 283 283 283 283 283 
00:31:28 283 283 283 283 283 283 283 283 
00:32:28 283 283 283 283 283 283 283 283 
00:33:28 283 283 283 283 283 283 283 283 
00:34:28 283 283 283 283 283 283 283 283 
00:35:28 283 283 283 283 283 283 283 283 
00:36:28 283 283 283 283 283 283 283 283 
00:37:28 283 283 283 283 283 283 283 283 
00:38:28 283 283 283 283 283 283 283 283 
00:39:28 283 283 283 283 283 283 283 283 
00:40:28 283 283 283 283 283 283 283 283 
00:41:28 283 283 283 283 283 283 283 283 
00:42:28 283 283 283 283 283 283 283 283 
00:43:29 283 283 283 283 283 283 283 283 
00:44:29 283 283 283 283 283 283 283 283 
00:45:29 283 283 283 283 283 283 283 283 
00:46:29 283 283 283 283 283 283 283 283 
00:47:29 283 283 283 283 283 283 283 283 
00:48:29 283 283 283 283 283 283 283 283 
00:49:29 283 283 283 283 283 283 283 283 
00:50:29 283 283 283 283 283 283 283 283 
00:51:29 283 283 283 283 283 283 283 283 
00:52:29 283 283 283 283 283 283 283 283 
00:53:29 283 283 283 283 283 283 283 283 
00:54:29 283 283 283 283 283 283 283 283 
00:55:29 283 283 283 283 283 283 283 283 
00:56:29 283 283 283 283 283 283 283 283 
00:57:29 283 283 283 283 283 283 283 283 
00:58:30 283 283 283 283 283 283 283 283 
00:59:30 283 283 283 283 283 283 283 283 
01:00:30 283 283 283 283 283 283 283 283 
01:01:30 283 283 283 283 283 283 283 283 
01:02:30 283 283 283 283 283 283 283 283 
01:03:30 283 283 283 283 283 283 283 283 
01:04:30 283 283 283 283 283 283 283 283 
01:05:30 283 283 283 283 283 283 283 283 
01:06:30 283 283 283 283 283 283 283 283 
01:07:30 283 283 283 283 283 283 283 283 
01:08:30 283 283 283 283 283 283 283 283 
01:09:30 283 283 283 283 283 283 283 283 
01:10:30 283 283 283 283 283 283 283 283 
01:11:30 283 283 283 283 283 283 283 283 
01:12:31 283 283 283 283 283 283 283 283 
01:13:31 283 283 283 283 283 283 283 283 
01:14:31 283 283 283 283 283 283 283 283 
01:15:31 283 283 283 283 283 283 283 283 
01:16:31 283 283 283 283 283 283 283 283 
01:17:31 283 283 283 283 283 283 283 283 
01:18:31 283 283 283 283 283 283 283 283 
01:19:31 283 283 283 283 283 283 283 283 
01:20:31 283 283 283 283 283 283 283 283 
01:21:31 283 283 283 283 283 283 283 283 
01:22:31 283 283 283 283 283 283 283 283 
01:23:31 283 283 283 283 283 283 283 283 
01:24:31 283 283 283 283 283 283 283 283 
01:25:31 283 283 283 283 283 283 283 283 
01:26:31 283 283 283 283 283 283 283 283 
01:27:32 283 283 283 283 283 283 283 283 
01:28:32 283 283 283 283 283 283 283 283 
01:29:32 283 283 283 283 283 283 283 283 
01:30:32 283 283 283 283 283 283 283 283 
01:31:32 283 283 283 283 283 283 283 283 
01:32:32 283 283 283 283 283 283 283 283 
01:33:32 283 283 283 283 283 283 283 283 
01:34:32 283 283 283 283 283 283 283 283 
01:35:32 283 283 283 283 283 283 283 283 
01:36:32 283 283 283 283 283 283 283 283 
01:37:32 283 283 283 283 283 283 283 283 
01:38:32 283 283 283 283 283 283 283 283 
01:39:32 283 283 283 283 283 283 283 283 
01:40:32 283 283 283 283 283 283 283 283 
01:41:32 283 283 283 283 283 283 283 283 
01:42:33 283 283 283 283 283 283 283 283 
01:43:33 283 283 283 283 283 283 283 283 
01:44:33 283 283 283 283 283 283 283 283 
01:45:33 283 283 283 283 283 283 283 283 
01:46:33 283 283 283 283 283 283 283 283 
01:47:33 283 283 283 283 283 283 283 283 
01:48:33 283 283 283 283 283 283 283 283 
01:49:33 283 283 283 283 283 283 283 283 
01:50:33 283 283 283 283 283 283 283 283 
01:51:33 283 283 283 283 283 283 283 283 
01:52:33 283 283 283 283 283 283 283 283 
01:53:33 283 283 283 283 283 283 283 283 
01:54:33 283 283 283 283 283 283 283 283 
01:55:33 283 283 283 283 283 283 283 283 
01:56:34 283 283 283 283 283 283 283 283 
01:57:34 283 283 283 283 283 283 283 283 
01:58:34 283 283 283 283 283 283 283 283 
01:59:34 283 283 283 283 283 283 283 283 
02:00:34 283 283 283 283 283 283 283 283 
02:01:34 283 283 283 283 283 283 283 283 
02:02:34 283 283 283 283 283 283 283 283 
02:03:34 283 283 283 283 283 283 283 283 
02:04:34 283 283 283 283 283 283 283 283 
02:05:34 283 283 283 283 283 283 283 283 
02:06:34 283 283 283 283 283 283 283 283 
02:07:34 283 283 283 283 283 283 283 283 
02:08:34 283 283 283 283 283 283 283 283 
02:09:34 283 283 283 283 283 283 283 283 
02:10:34 283 283 283 283 283 283 283 283 
02:11:35 283 283 283 283 283 283 283 283 
02:12:35 283 283 283 283 283 283 283 283 
02:13:35 283 283 283 283 283 283 283 283 
02:14:35 283 283 283 283 283 283 283 283 
02:15:35 283 283 283 283 283 283 283 283 
02:16:35 283 283 283 283 283 283 283 283 
02:17:35 283 283 283 283 283 283 283 283 
02:18:35 283 283 283 283 283 283 283 283 
02:19:35 283 283 283 283 283 283 283 283 
02:20:35 283 283 283 283 283 283 283 283 
02:21:35 283 283 283 283 283 283 283 283 
02:22:35 283 283 283 283 283 283 283 283 
02:23:35 283 283 283 283 283 283 283 283 
02:24:35 283 283 283 283 283 283 283 283 
02:25:36 283 283 283 283 283 283 283 283 
02:26:36 283 283 283 283 283 283 283 283 
02:27:36 283 283 283 283 283 283 283 283 
02:28:36 283 283 283 283 283 283 283 283 
02:29:36 283 283 283 283 283 283 283 283 
02:30:36 283 283 283 283 283 283 283 283 
02:31:36 283 283 283 283 283 283 283 283 
02:32:36 283 283 283 283 283 283 283 283 
02:33:36 283 283 283 283 283 283 283 283 
02:34:36 283 283 283 283 283 283 283 283 
02:35:36 283 283 283 283 283 283 283 283 
02:36:36 283 283 283 283 283 283 283 283 
02:37:36 283 283 283 283 283 283 283 283 
02:38:36 283 283 283 283 283 283 283 283 
02:39:36 283 283 283 283 283 283 283 283 
02:40:37 283 283 283 283 283 283 283 283 
02:41:37 283 283 283 283 283 283 283 283 
02:42:37 283 283 283 283 283 283 283 283 
02:43:37 283 283 283 283 283 283 283 283 
02:44:37 283 283 283 283 283 283 283 283 
02:45:37 283 283 283 283 283 283 283 283 
02:46:37 283 283 283 283 283 283 283 283 
02:47:37 283 283 283 283 283 283 283 283 
02:48:37 283 283 283 283 283 283 283 283 
02:49:37 283 283 283 283 283 283 283 283 
02:50:37 283 283 283 283 283 283 283 283 
02:51:37 283 283 283 283 283 283 283 283 
02:52:37 283 283 283 283 283 283 283 283 
02:53:37 283 283 283 283 283 283 283 283 
02:54:37 283 283 283 283 283 283 283 283 
02:55:38 283 283 283 283 283 283 283 283 
02:56:38 283 283 283 283 283 283 283 283 
02:57:38 283 283 283 283 283 283 283 283 
02:58:38 283 283 283 283 283 283 283 283 
02:59:38 283 283 283 283 283 283 283 283 
03:00:38 283 283 283 283 283 283 283 283 
03:01:38 283 283 283 283 283 283 283 283 
03:02:38 283 283 283 283 283 283 283 283 
03:03:38 283 283 283 283 283 283 283 283 
03:04:38 283 283 283 283 283 283 283 283 
03:05:38 283 283 283 283 283 283 283 283 
03:06:38 283 283 283 283 283 283 283 283 
03:07:38 283 283 283 283 283 283 283 283 
03:08:38 283 283 283 283 283 283 283 283 
03:09:38 283 283 283 283 283 283 283 283 
03:10:39 283 283 283 283 283 283 283 283 
03:11:39 283 283 283 283 283 283 283 283 
03:12:39 283 283 283 283 283 283 283 283 
03:13:39 283 283 283 283 283 283 283 283 
03:14:39 283 283 283 283 283 283 283 283 
03:15:39 283 283 283 283 283 283 283 283 
03:16:39 283 283 283 283 283 283 283 283 
03:17:39 283 283 283 283 283 283 283 283 
03:18:39 283 283 283 283 283 283 283 283 
03:19:39 283 283 283 283 283 283 283 283 
03:20:39 283 283 283 283 283 283 283 283 
03:21:39 283 283 283 283 283 283 283 283 
03:22:39 283 283 283 283 283 283 283 283 
03:23:39 283 283 283 283 283 283 283 283 
03:24:39 283 283 283 283 283 283 283 283 
03:25:40 283 283 283 283 283 283 283 283 
03:26:40 283 283 283 283 283 283 283 283 
03:27:40 283 283 283 283 283 283 283 283 
03:28:40 283 283 283 283 283 283 283 283 
03:29:40 283 283 283 283 283 283 283 283 
03:30:40 283 283 283 283 283 283 283 283 
03:31:40 283 283 283 283 283 283 283 283 
03:32:40 283 283 283 283 283 283 283 283 
03:33:40 283 283 283 283 283 283 283 283 
03:34:40 283 283 283 283 283 283 283 283 
03:35:40 283 283 283 283 283 283 283 283 
03:36:40 283 283 283 283 283 283 283 283 
03:37:40 283 283 283 283 283 283 283 283 
03:38:40 283 283 283 283 283 283 283 283 
03:39:40 283 283 283 283 283 283 283 283 
03:40:41 283 283 283 283 283 283 283 283 
03:41:41 283 283 283 283 283 283 283 283 
03:42:41 283 283 283 283 283 283 283 283 
03:43:41 283 283 283 283 283 283 283 283 
03:44:41 283 283 283 283 283 283 283 283 
03:45:41 283 283 283 283 283 283 283 283 
03:46:41 283 283 283 283 283 283 283 283 
03:47:41 283 283 283 283 283 283 283 283 
03:48:41 283 283 283 283 283 283 283 283 
03:49:41 283 283 283 283 283 283 283 283 
03:50:41 283 283 283 283 283 283 283 283 
03:51:41 283 283 283 283 283 283 283 283 
03:52:41 283 283 283 283 283 283 283 283 
03:53:41 283 283 283 283 283 283 283 283 
03:54:41 283 283 283 283 283 283 283 283 
03:55:42 283 283 283 283 283 283 283 283 
03:56:42 283 283 283 283 283 283 283 283 
03:57:42 283 283 283 283 283 283 283 283 
03:58:42 283 283 283 283 283 283 283 283 
03:59:42 283 283 283 283 283 283 283 283 
04:00:42 283 283 283 283 283 283 283 283 
04:01:42 283 283 283 283 283 283 283 283 
04:02:42 283 283 283 283 283 283 283 283 
04:03:42 283 283 283 283 283 283 283 283 
04:04:42 283 283 283 283 283 283 283 283 
04:05:42 283 283 283 283 283 283 283 283 
04:06:42 283 283 283 283 283 283 283 283 
04:07:42 283 283 283 283 283 283 283 283 
04:08:42 283 283 283 283 283 283 283 283 
04:09:42 283 283 283 283 283 283 283 283 
04:10:43 283 283 283 283 283 283 283 283 
04:11:43 283 283 283 283 283 283 283 283 
04:12:43 283 283 283 283 283 283 283 283 
04:13:43 283 283 283 283 283 283 283 283 
04:14:43 283 283 283 283 283 283 283 283 
04:15:43 283 283 283 283 283 283 283 283 
04:16:43 283 283 283 283 283 283 283 283 
04:17:43 283 283 283 283 283 283 283 283 
04:18:43 283 283 283 283 283 283 283 283 
04:19:43 283 283 283 283 283 283 283 283 
04:20:43 283 283 283 283 283 283 283 283 
04:21:43 283 283 283 283 283 283 283 283 
04:22:43 283 283 283 283 283 283 283 283 
04:23:43 283 283 283 283 283 283 283 283 
04:24:43 283 283 283 283 283 283 283 283 
04:25:44 283 283 283 283 283 283 283 283 
04:26:44 283 283 283 283 283 283 283 283 
04:27:44 283 283 283 283 283 283 283 283 
04:28:44 283 283 283 283 283 283 283 283 
04:29:44 283 283 283 283 283 283 283 283 
04:30:44 283 283 283 283 283 283 283 283 
04:31:44 283 283 283 283 283 283 283 283 
04:32:44 283 283 283 283 283 283 283 283 
04:33:44 283 283 283 283 283 283 283 283 
04:34:44 283 283 283 283 283 283 283 283 
04:35:44 283 283 283 283 283 283 283 283 
04:36:44 283 283 283 283 283 283 283 283 
04:37:44 283 283 283 283 283 283 283 283 
04:38:44 283 283 283 283 283 283 283 283 
04:39:44 283 283 283 283 283 283 283 283 
04:40:45 283 283 283 283 283 283 283 283 
04:41:45 283 283 283 283 283 283 283 283 
04:42:45 283 283 283 283 283 283 283 283 
04:43:45 283 283 283 283 283 283 283 283 
04:44:45 283 283 283 283 283 283 283 283 
04:45:45 283 283 283 283 283 283 283 283 
04:46:45 283 283 283 283 283 283 283 283 
04:47:45 283 283 283 283 283 283 283 283 
04:48:45 283 283 283 283 283 283 283 283 
04:49:45 283 283 283 283 283 283 283 283 
04:50:45 283 283 283 283 283 283 283 283 
04:51:45 283 283 283 283 283 283 283 283 
04:52:45 283 283 283 283 283 283 283 283 
04:53:45 283 283 283 283 283 283 283 283 
04:54:46 283 283 283 283 283 283 283 283 
04:55:46 283 283 283 283 283 283 283 283 
04:56:46 283 283 283 283 283 283 283 283 
04:57:46 283 283 283 283 283 283 283 283 
04:58:46 283 283 283 283 283 283 283 283 
04:59:46 283 283 283 283 283 283 283 283 
05:00:46 283 283 283 283 283 283 283 283 
05:01:46 283 283 283 283 283 283 283 283 
05:02:46 283 283 283 283 283 283 283 283 
05:03:46 283 283 283 283 283 283 283 283 
05:04:46 283 283 283 283 283 283 283 283 
05:05:46 283 283 283 283 283 283 283 283 
05:06:46 283 283 283 283 283 283 283 283 
05:07:46 283 283 283 283 283 283 283 283 
05:08:46 283 283 283 283 283 283 283 283 
05:09:47 283 283 283 283 283 283 283 283 
05:10:47 283 283 283 283 283 283 283 283 
05:11:47 283 283 283 283 283 283 283 283 
05:12:47 283 283 283 283 283 283 283 283 
05:13:47 283 283 283 283 283 283 283 283 
05:14:47 283 283 283 283 283 283 283 283 
05:15:47 283 283 283 283 283 283 283 283 
05:16:47 283 283 283 283 283 283 283 283 
05:17:47 283 283 283 283 283 283 283 283 
05:18:47 283 283 283 283 283 283 283 283 
05:19:47 283 283 283 283 283 283 283 283 
05:20:47 283 283 283 283 283 283 283 283 
05:21:47 283 283 283 283 283 283 283 283 
05:22:47 283 283 283 283 283 283 283 283 
05:23:48 283 283 283 283 283 283 283 283 
05:24:48 283 283 283 283 283 283 283 283 
05:25:48 283 283 283 283 283 283 283 283 
05:26:48 283 283 283 283 283 283 283 283 
05:27:48 283 283 283 283 283 283 283 283 
05:28:48 283 283 283 283 283 283 283 283 
05:29:48 283 283 283 283 283 283 283 283 
05:30:48 283 283 283 283 283 283 283 283 
05:31:48 283 283 283 283 283 283 283 283 
05:32:48 283 283 283 283 283 283 283 283 
05:33:48 283 283 283 283 283 283 283 283 
05:34:48 283 283 283 283 283 283 283 283 
05:35:48 283 283 283 283 283 283 283 283 
05:36:48 283 283 283 283 283 283 283 283 
05:37:49 283 283 283 283 283 283 283 283 
05:38:49 283 283 283 283 283 283 283 283 
05:39:49 283 283 283 283 283 283 283 283 
05:40:49 283 283 283 283 283 283 283 283 
05:41:49 283 283 283 283 283 283 283 283 
05:42:49 283 283 283 283 283 283 283 283 
05:43:49 283 283 283 283 283 283 283 283 
05:44:49 283 283 283 283 283 283 283 283 
05:45:49 283 283 283 283 283 283 283 283 
05:46:49 283 283 283 283 283 283 283 283 
05:47:49 283 283 283 283 283 283 283 283 
05:48:49 283 283 283 283 283 283 283 283 
05:49:49 283 283 283 283 283 283 283 283 
05:50:49 283 283 283 283 283 283 283 283 
05:51:49 283 283 283 283 283 283 283 283 
05:52:50 283 283 283 283 283 283 283 283 
05:53:50 283 283 283 283 283 283 283 283 
05:54:50 283 283 283 283 283 283 283 283 
05:55:50 283 283 283 283 283 283 283 283 
05:56:50 283 283 283 283 283 283 283 283 
05:57:50 283 283 283 283 283 283 283 283 
05:58:50 283 283 283 283 283 283 283 283 
05:59:50 283 283 283 283 283 283 283 283 
06:00:50 283 283 283 283 283 283 283 283 
06:01:50 283 283 283 283 283 283 283 283 
06:02:50 283 283 283 283 283 283 283 283 
06:03:50 283 283 283 283 283 283 283 283 
06:04:50 283 283 283 283 283 283 283 283 
06:05:50 283 283 283 283 283 283 283 283 
06:06:51 283 283 283 283 283 283 283 283 
06:07:51 283 283 283 283 283 283 283 283 
06:08:51 283 283 283 283 283 283 283 283 
06:09:51 283 283 283 283 283 283 283 283 
06:10:51 283 283 283 283 283 283 283 283 
06:11:51 283 283 283 283 283 283 283 283 
06:12:51 283 283 283 283 283 283 283 283 
06:13:51 283 283 283 283 283 283 283 283 
06:14:51 283 283 283 283 283 283 283 283 
06:15:51 283 283 283 283 283 283 283 283 
06:16:51 283 283 283 283 283 283 283 283 
06:17:51 283 283 283 283 283 283 283 283 
06:18:51 283 283 283 283 283 283 283 283 
06:19:51 283 283 283 283 283 283 283 283 
06:20:51 283 283 283 283 283 283 283 283 
06:21:52 283 283 283 283 283 283 283 283 
06:22:52 283 283 283 283 283 283 283 283 
06:23:52 283 283 283 283 283 283 283 283 
06:24:52 283 283 283 283 283 283 283 283 
06:25:52 283 283 283 283 283 283 283 283 
06:26:52 283 283 283 283 283 283 283 283 
06:27:52 283 283 283 283 283 283 283 283 
06:28:52 283 283 283 283 283 283 283 283 
06:29:52 283 283 283 283 283 283 283 283 
06:30:52 283 283 283 283 283 283 283 283 
06:31:52 283 283 283 283 283 283 283 283 
06:32:52 283 283 283 283 283 283 283 283 
06:33:52 283 283 283 283 283 283 283 283 
06:34:52 283 283 283 283 283 283 283 283 
06:35:53 283 283 283 283 283 283 283 283 
06:36:53 283 283 283 283 283 283 283 283 
06:37:53 283 283 283 283 283 283 283 283 
06:38:53 283 283 283 283 283 283 283 283 
06:39:53 283 283 283 283 283 283 283 283 
06:40:53 283 283 283 283 283 283 283 283 
06:41:53 283 283 283 283 283 283 283 283 
06:42:53 283 283 283 283 283 283 283 283 
06:43:53 283 283 283 283 283 283 283 283 
06:44:53 283 283 283 283 283 283 283 283 
06:45:53 283 283 283 283 283 283 283 283 
06:46:53 283 283 283 283 283 283 283 283 
06:47:53 283 283 283 283 283 283 283 283 
06:48:53 283 283 283 283 283 283 283 283 
06:49:54 283 283 283 283 283 283 283 283 
06:50:54 283 283 283 283 283 283 283 283 
06:51:54 283 283 283 283 283 283 283 283 
06:52:54 283 283 283 283 283 283 283 283 
06:53:54 283 283 283 283 283 283 283 283 
06:54:54 283 283 283 283 283 283 283 283 
06:55:54 283 283 283 283 283 283 283 283 
06:56:54 283 283 283 283 283 283 283 283 
06:57:54 283 283 283 283 283 283 283 283 
06:58:54 283 283 283 283 283 283 283 283 
06:59:54 283 283 283 283 283 283 283 283 
07:00:54 283 283 283 283 283 283 283 283 
07:01:54 283 283 283 283 283 283 283 283 
07:02:54 283 283 283 283 283 283 283 283 
07:03:54 283 283 283 283 283 283 283 283 
07:04:55 283 283 283 283 283 283 283 283 
07:05:55 283 283 283 283 283 283 283 283 
07:06:55 283 283 283 283 283 283 283 283 
07:07:55 283 283 283 283 283 283 283 283 
07:08:55 283 283 283 283 283 283 283 283 
07:09:55 283 283 283 283 283 283 283 283 
07:10:55 283 283 283 283 283 283 283 283 
07:11:55 283 283 283 283 283 283 283 283 
07:12:55 283 283 283 283 283 283 283 283 
07:13:55 283 283 283 283 283 283 283 283 
07:14:55 283 283 283 283 283 283 283 283 
07:15:55 283 283 283 283 283 283 283 283 
07:16:55 283 283 283 283 283 283 283 283 
07:17:55 283 283 283 283 283 283 283 283 
07:18:56 283 283 283 283 283 283 283 283 
07:19:56 283 283 283 283 283 283 283 283 
07:20:56 283 283 283 283 283 283 283 283 
07:21:56 283 283 283 283 283 283 283 283 
07:22:56 283 283 283 283 283 283 283 283 
07:23:56 283 283 283 283 283 283 283 283 
07:24:56 283 283 283 283 283 283 283 283 
07:25:56 283 283 283 283 283 283 283 283 
07:26:56 283 283 283 283 283 283 283 283 
07:27:56 283 283 283 283 283 283 283 283 
07:28:56 283 283 283 283 283 283 283 283 
07:29:56 283 283 283 283 283 283 283 283 
07:30:56 283 283 283 283 283 283 283 283 
07:31:56 283 283 283 283 283 283 283 283 
07:32:57 283 283 283 283 283 283 283 283 
07:33:57 283 283 283 283 283 283 283 283 
07:34:57 283 283 283 283 283 283 283 283 
07:35:57 283 283 283 283 283 283 283 283 
07:36:57 283 283 283 283 283 283 283 283 
07:37:57 283 283 283 283 283 283 283 283 
07:38:57 283 283 283 283 283 283 283 283 
07:39:57 283 283 283 283 283 283 283 283 
07:40:57 283 283 283 283 283 283 283 283 
07:41:57 283 283 283 283 283 283 283 283 
07:42:57 283 283 283 283 283 283 283 283 
07:43:57 283 283 283 283 283 283 283 283 
07:44:57 283 283 283 283 283 283 283 283 
07:45:57 283 283 283 283 283 283 283 283 
07:46:57 283 283 283 283 283 283 283 283 
07:47:58 283 283 283 283 283 283 283 283 
07:48:58 283 283 283 283 283 283 283 283 
07:49:58 283 283 283 283 283 283 283 283 
07:50:58 283 283 283 283 283 283 283 283 
07:51:58 283 283 283 283 283 283 283 283 
07:52:58 283 283 283 283 283 283 283 283 
07:53:58 283 283 283 283 283 283 283 283 
07:54:58 283 283 283 283 283 283 283 283 
07:55:58 283 283 283 283 283 283 283 283 
07:56:58 283 283 283 283 283 283 283 283 
07:57:58 283 283 283 283 283 283 283 283 
07:58:58 283 283 283 283 283 283 283 283 
07:59:58 283 283 283 283 283 283 283 283 
08:00:58 283 283 283 283 283 283 283 283 
08:01:58 283 283 283 283 283 283 283 283 
08:02:59 283 283 283 283 283 283 283 283 
08:03:59 283 283 283 283 283 283 283 283 
08:04:59 283 283 283 283 283 283 283 283 
08:05:59 283 283 283 283 283 283 283 283 
08:06:59 283 283 283 283 283 283 283 283 
08:07:59 283 283 283 283 283 283 283 283 
08:08:59 283 283 283 283 283 283 283 283 
08:09:59 283 283 283 283 283 283 283 283 
08:10:59 283 283 283 283 283 283 283 283 
08:11:59 283 283 283 283 283 283 283 283 
08:12:59 283 283 283 283 283 283 283 283 
08:13:59 283 283 283 283 283 283 283 283 
08:14:59 283 283 283 283 283 283 283 283 
08:15:59 283 283 283 283 283 283 283 283 
08:16:59 283 283 283 283 283 283 283 283 
08:18:00 283 283 283 283 283 283 283 283 
08:19:00 283 283 283 283 283 283 283 283 
08:20:00 283 283 283 283 283 283 283 283 
08:21:00 283 283 283 283 283 283 283 283 
08:22:00 283 283 283 283 283 283 283 283 
08:23:00 283 283 283 283 283 283 283 283 
08:24:00 283 283 283 283 283 283 283 283 
08:25:00 283 283 283 283 283 283 283 283 
08:26:00 283 283 283 283 283 283 283 283 
08:27:00 283 283 283 283 283 283 283 283 
08:28:00 283 283 283 283 283 283 283 283 
08:29:00 283 283 283 283 283 283 283 283 
08:30:00 283 283 283 283 283 283 283 283 
08:31:00 283 283 283 283 283 283 283 283 
08:32:01 283 283 283 283 283 283 283 283 
08:33:01 283 283 283 283 283 283 283 283 
08:34:01 283 283 283 283 283 283 283 283 
08:35:01 283 283 283 283 283 283 283 283 
08:36:01 283 283 283 283 283 283 283 283 
08:37:01 283 283 283 283 283 283 283 283 
08:38:01 283 283 283 283 283 283 283 283 
08:39:01 283 283 283 283 283 283 283 283 
08:40:01 283 283 283 283 283 283 283 283 
08:41:01 283 283 283 283 283 283 283 283 
08:42:01 283 283 283 283 283 283 283 283 
08:43:01 283 283 283 283 283 283 283 283 
08:44:01 283 283 283 283 283 283 283 283 
08:45:01 283 283 283 283 283 283 283 283 
08:46:02 283 283 283 283 283 283 283 283 
08:47:02 283 283 283 283 283 283 283 283 
08:48:02 283 283 283 283 283 283 283 283 
08:49:02 283 283 283 283 283 283 283 283 
08:50:02 283 283 283 283 283 283 283 283 
08:51:02 283 283 283 283 283 283 283 283 
08:52:02 283 283 283 283 283 283 283 283 
08:53:02 283 283 283 283 283 283 283 283 
08:54:02 283 283 283 283 283 283 283 283 
08:55:02 283 283 283 283 283 283 283 283 
08:56:02 283 283 283 283 283 283 283 283 
08:57:02 283 283 283 283 283 283 283 283 
08:58:02 283 283 283 283 283 283 283 283 
08:59:02 283 283 283 283 283 283 283 283 
09:00:02 283 283 283 283 283 283 283 283 
09:01:03 283 283 283 283 283 283 283 283 
09:02:03 283 283 283 283 283 283 283 283 
09:03:03 283 283 283 283 283 283 283 283 
09:04:03 283 283 283 283 283 283 283 283 
09:05:03 283 283 283 283 283 283 283 283 
09:06:03 283 283 283 283 283 283 283 283 
09:07:03 283 283 283 283 283 283 283 283 
09:08:03 283 283 283 283 283 283 283 283 
09:09:03 283 283 283 283 283 283 283 283 
09:10:03 283 283 283 283 283 283 283 283 
09:11:03 283 283 283 283 283 283 283 283 
09:12:03 283 283 283 283 283 283 283 283 
09:13:03 283 283 283 283 283 283 283 283 
09:14:03 283 283 283 283 283 283 283 283 
09:15:04 283 283 283 283 283 283 283 283 
09:16:04 283 283 283 283 283 283 283 283 
09:17:04 283 283 283 283 283 283 283 283 
09:18:04 283 283 283 283 283 283 283 283 
09:19:04 283 283 283 283 283 283 283 283 
09:20:04 283 283 283 283 283 283 283 283 
09:21:04 283 283 283 283 283 283 283 283 
09:22:04 283 283 283 283 283 283 283 283 
09:23:04 283 283 283 283 283 283 283 283 
09:24:04 283 283 283 283 283 283 283 283 
09:25:04 283 283 283 283 283 283 283 283 
09:26:04 283 283 283 283 283 283 283 283 
09:27:04 283 283 283 283 283 283 283 283 
09:28:04 283 283 283 283 283 283 283 283 
09:29:05 283 283 283 283 283 283 283 283 
09:30:05 283 283 283 283 283 283 283 283 
09:31:05 283 283 283 283 283 283 283 283 
09:32:05 283 283 283 283 283 283 283 283 
09:33:05 283 283 283 283 283 283 283 283 
09:34:05 283 283 283 283 283 283 283 283 
09:35:05 283 283 283 283 283 283 283 283 
09:36:05 283 283 283 283 283 283 283 283 
09:37:05 283 283 283 283 283 283 283 283 
09:38:05 283 283 283 283 283 283 283 283 
09:39:05 283 283 283 283 283 283 283 283 
09:40:05 283 283 283 283 283 283 283 283 
09:41:05 283 283 283 283 283 283 283 283 
09:42:05 283 283 283 283 283 283 283 283 
09:43:06 283 283 283 283 283 283 283 283 
09:44:06 283 283 283 283 283 283 283 283 
09:45:06 283 283 283 283 283 283 283 283 
09:46:06 283 283 283 283 283 283 283 283 
09:47:06 283 283 283 283 283 283 283 283 
09:48:06 283 283 283 283 283 283 283 283 
09:49:06 283 283 283 283 283 283 283 283 
09:50:06 283 283 283 283 283 283 283 283 
09:51:06 283 283 283 283 283 283 283 283 
09:52:06 283 283 283 283 283 283 283 283 
09:53:06 283 283 283 283 283 283 283 283 
09:54:06 283 283 283 283 283 283 283 283 
09:55:06 283 283 283 283 283 283 283 283 
09:56:06 283 283 283 283 283 283 283 283 
09:57:07 283 283 283 283 283 283 283 283 
09:58:07 283 283 283 283 283 283 283 283 
09:59:07 283 283 283 283 283 283 283 283 
10:00:07 283 283 283 283 283 283 283 283 
10:01:07 283 283 283 283 283 283 283 283 
10:02:07 283 283 283 283 283 283 283 283 
10:03:07 283 283 283 283 283 283 283 283 
10:04:07 283 283 283 283 283 283 283 283 
10:05:07 283 283 283 283 283 283 283 283 
10:06:07 283 283 283 283 283 283 283 283 
10:07:07 283 283 283 283 283 283 283 283 
10:08:07 283 283 283 283 283 283 283 283 
10:09:07 283 283 283 283 283 283 283 283 
10:10:07 283 283 283 283 283 283 283 283 
10:11:07 283 283 283 283 283 283 283 283 
10:12:08 283 283 283 283 283 283 283 283 
10:13:08 283 283 283 283 283 283 283 283 
10:14:08 283 283 283 283 283 283 283 283 
10:15:08 283 283 283 283 283 283 283 283 
10:16:08 283 283 283 283 283 283 283 283 
10:17:08 283 283 283 283 283 283 283 283 
10:18:08 283 283 283 283 283 283 283 283 
10:19:08 283 283 283 283 283 283 283 283 
10:20:08 283 283 283 283 283 283 283 283 
10:21:08 283 283 283 283 283 283 283 283 
10:22:08 283 283 283 283 283 283 283 283 
10:23:08 283 283 283 283 283 283 283 283 
10:24:08 283 283 283 283 283 283 283 283 
10:25:08 283 283 283 283 283 283 283 283 
10:26:08 283 283 283 283 283 283 283 283 
10:27:09 283 283 283 283 283 283 283 283 
10:28:09 283 283 283 283 283 283 283 283 
10:29:09 283 283 283 283 283 283 283 283 
10:30:09 283 283 283 283 283 283 283 283 
10:31:09 283 283 283 283 283 283 283 283 
10:32:09 283 283 283 283 283 283 283 283 
10:33:09 283 283 283 283 283 283 283 283 
10:34:09 283 283 283 283 283 283 283 283 
10:35:09 283 283 283 283 283 283 283 283 
10:36:09 283 283 283 283 283 283 283 283 
10:37:09 283 283 283 283 283 283 283 283 
10:38:09 283 283 283 283 283 283 283 283 
10:39:09 283 283 283 283 283 283 283 283 
10:40:09 283 283 283 283 283 283 283 283 
10:41:09 283 283 283 283 283 283 283 283 
10:42:10 283 283 283 283 283 283 283 283 
10:43:10 283 283 283 283 283 283 283 283 
10:44:10 283 283 283 283 283 283 283 283 
10:45:10 283 283 283 283 283 283 283 283 
10:46:10 283 283 283 283 283 283 283 283 
10:47:10 283 283 283 283 283 283 283 283 
10:48:10 283 283 283 283 283 283 283 283 
10:49:10 283 283 283 283 283 283 283 283 
10:50:10 283 283 283 283 283 283 283 283 
10:51:10 283 283 283 283 283 283 283 283 
10:52:10 283 283 283 283 283 283 283 283 
10:53:10 283 283 283 283 283 283 283 283 
10:54:10 283 283 283 283 283 283 283 283 
10:55:10 283 283 283 283 283 283 283 283 
10:56:11 283 283 283 283 283 283 283 283 
10:57:11 283 283 283 283 283 283 283 283 
10:58:11 283 283 283 283 283 283 283 283 
10:59:11 283 283 283 283 283 283 283 283 
11:00:11 283 283 283 283 283 283 283 283 
11:01:11 283 283 283 283 283 283 283 283 
11:02:11 283 283 283 283 283 283 283 283 
11:03:11 283 283 283 283 283 283 283 283 
11:04:11 283 283 283 283 283 283 283 283 
11:05:11 283 283 283 283 283 283 283 283 
11:06:11 283 283 283 283 283 283 283 283 
11:07:11 283 283 283 283 283 283 283 283 
11:08:11 283 283 283 283 283 283 283 283 
11:09:11 283 283 283 283 283 283 283 283 
11:10:11 283 283 283 283 283 283 283 283 
11:11:12 283 283 283 283 283 283 283 283 
11:12:12 283 283 283 283 283 283 283 283 
11:13:12 283 283 283 283 283 283 283 283 
11:14:12 283 283 283 283 283 283 283 283 
11:15:12 283 283 283 283 283 283 283 283 
11:16:12 283 283 283 283 283 283 283 283 
11:17:12 283 283 283 283 283 283 283 283 
11:18:12 283 283 283 283 283 283 283 283 
11:19:12 283 283 283 283 283 283 283 283 
11:20:12 283 283 283 283 283 283 283 283 
11:21:12 283 283 283 283 283 283 283 283 
11:22:12 283 283 283 283 283 283 283 283 
11:23:12 283 283 283 283 283 283 283 283 
11:24:12 283 283 283 283 283 283 283 283 
11:25:12 283 283 283 283 283 283 283 283 
11:26:12 283 283 283 283 283 283 283 283 
11:27:13 283 283 283 283 283 283 283 283 
11:28:13 283 283 283 283 283 283 283 283 
11:29:13 283 283 283 283 283 283 283 283 
11:30:13 283 283 283 283 283 283 283 283 
11:31:13 283 283 283 283 283 283 283 283 
11:32:13 283 283 283 283 283 283 283 283 
11:33:13 283 283 283 283 283 283 283 283 
11:34:13 283 283 283 283 283 283 283 283 
11:35:13 283 283 283 283 283 283 283 283 
11:36:13 283 283 283 283 283 283 283 283 
11:37:13 283 283 283 283 283 283 283 283 
11:38:13 283 283 283 283 283 283 283 283 
11:39:13 283 283 283 283 283 283 283 283 
11:40:13 283 283 283 283 283 283 283 283 
11:41:14 283 283 283 283 283 283 283 283 
11:42:14 283 283 283 283 283 283 283 283 
11:43:14 283 283 283 283 283 283 283 283 
11:44:14 283 283 283 283 283 283 283 283 
11:45:14 283 283 283 283 283 283 283 283 
11:46:14 283 283 283 283 283 283 283 283 
11:47:14 283 283 283 283 283 283 283 283 
11:48:14 283 283 283 283 283 283 283 283 
11:49:14 283 283 283 283 283 283 283 283 
11:50:14 283 283 283 283 283 283 283 283 
11:51:14 283 283 283 283 283 283 283 283 
11:52:14 283 283 283 283 283 283 283 283 
11:53:14 283 283 283 283 283 283 283 283 
11:54:14 283 283 283 283 283 283 283 283 
11:55:14 283 283 283 283 283 283 283 283 
11:56:15 283 283 283 283 283 283 283 283 
11:57:15 283 283 283 283 283 283 283 283 
11:58:15 283 283 283 283 283 283 283 283 
11:59:15 283 283 283 283 283 283 283 283 
12:00:15 283 283 283 283 283 283 283 283 
12:01:15 283 283 283 283 283 283 283 283 
12:02:15 283 283 283 283 283 283 283 283 
12:03:15 283 283 283 283 283 283 283 283 
12:04:15 283 283 283 283 283 283 283 283 
12:05:15 283 283 283 283 283 283 283 283 
12:06:15 283 283 283 283 283 283 283 283 
12:07:15 283 283 283 283 283 283 283 283 
12:08:15 283 283 283 283 283 283 283 283 
12:09:15 283 283 283 283 283 283 283 283 
12:10:16 283 283 283 283 283 283 283 283 
12:11:16 283 283 283 283 283 283 283 283 
12:12:16 283 283 283 283 283 283 283 283 
12:13:16 283 283 283 283 283 283 283 283 
12:14:16 283 283 283 283 283 283 283 283 
12:15:16 283 283 283 283 283 283 283 283 
12:16:16 283 283 283 283 283 283 283 283 
12:17:16 283 283 283 283 283 283 283 283 
12:18:16 283 283 283 283 283 283 283 283 
12:19:16 283 283 283 283 283 283 283 283 
12:20:16 283 283 283 283 283 283 283 283 
12:21:16 283 283 283 283 283 283 283 283 
12:22:16 283 283 283 283 283 283 283 283 
12:23:16 283 283 283 283 283 283 283 283 
12:24:16 283 283 283 283 283 283 283 283 
12:25:17 283 283 283 283 283 283 283 283 
12:26:17 283 283 283 283 283 283 283 283 
12:27:17 283 283 283 283 283 283 283 283 
12:28:17 283 283 283 283 283 283 283 283 
12:29:17 283 283 283 283 283 283 283 283 
12:30:17 283 283 283 283 283 283 283 283 
12:31:17 283 283 283 283 283 283 283 283 
12:32:17 283 283 283 283 283 283 283 283 
12:33:17 283 283 283 283 283 283 283 283 
12:34:17 283 283 283 283 283 283 283 283 
12:35:17 283 283 283 283 283 283 283 283 
12:36:17 283 283 283 283 283 283 283 283 
12:37:17 283 283 283 283 283 283 283 283 
12:38:17 283 283 283 283 283 283 283 283 
12:39:17 283 283 283 283 283 283 283 283 
12:40:18 283 283 283 283 283 283 283 283 
12:41:18 283 283 283 283 283 283 283 283 
12:42:18 283 283 283 283 283 283 283 283 
12:43:18 283 283 283 283 283 283 283 283 
12:44:18 283 283 283 283 283 283 283 283 
12:45:18 283 283 283 283 283 283 283 283 
12:46:18 283 283 283 283 283 283 283 283 
12:47:18 283 283 283 283 283 283 283 283 
12:48:18 283 283 283 283 283 283 283 283 
12:49:18 283 283 283 283 283 283 283 283 
12:50:18 283 283 283 283 283 283 283 283 
12:51:18 283 283 283 283 283 283 283 283 
12:52:18 283 283 283 283 283 283 283 283 
12:53:18 283 283 283 283 283 283 283 283 
12:54:19 283 283 283 283 283 283 283 283 
12:55:19 283 283 283 283 283 283 283 283 
12:56:19 283 283 283 283 283 283 283 283 
12:57:19 283 283 283 283 283 283 283 283 
12:58:19 283 283 283 283 283 283 283 283 
12:59:19 283 283 283 283 283 283 283 283 
13:00:19 283 283 283 283 283 283 283 283 
13:01:19 283 283 283 283 283 283 283 283 
13:02:19 283 283 283 283 283 283 283 283 
13:03:19 283 283 283 283 283 283 283 283 
13:04:19 283 283 283 283 283 283 283 283 
13:05:19 283 283 283 283 283 283 283 283 
13:06:19 283 283 283 283 283 283 283 283 
13:07:19 283 283 283 283 283 283 283 283 
13:08:19 283 283 283 283 283 283 283 283 
13:09:20 283 283 283 283 283 283 283 283 
13:10:20 283 283 283 283 283 283 283 283 
13:11:20 283 283 283 283 283 283 283 283 
13:12:20 283 283 283 283 283 283 283 283 
13:13:20 283 283 283 283 283 283 283 283 
13:14:20 283 283 283 283 283 283 283 283 
13:15:20 283 283 283 283 283 283 283 283 
13:16:20 283 283 283 283 283 283 283 283 
13:17:20 283 283 283 283 283 283 283 283 
13:18:20 283 283 283 283 283 283 283 283 
13:19:20 283 283 283 283 283 283 283 283 
13:20:20 283 283 283 283 283 283 283 283 
13:21:20 283 283 283 283 283 283 283 283 
13:22:20 283 283 283 283 283 283 283 283 
13:23:21 283 283 283 283 283 283 283 283 
13:24:21 283 283 283 283 283 283 283 283 
13:25:21 283 283 283 283 283 283 283 283 
13:26:21 283 283 283 283 283 283 283 283 
13:27:21 283 283 283 283 283 283 283 283 
13:28:21 283 283 283 283 283 283 283 283 
13:29:21 283 283 283 283 283 283 283 283 
13:30:21 283 283 283 283 283 283 283 283 
13:31:21 283 283 283 283 283 283 283 283 
13:32:21 283 283 283 283 283 283 283 283 
13:33:21 283 283 283 283 283 283 283 283 
13:34:21 283 283 283 283 283 283 283 283 
13:35:21 283 283 283 283 283 283 283 283 
13:36:21 283 283 283 283 283 283 283 283 
13:37:21 283 283 283 283 283 283 283 283 
13:38:21 283 283 283 283 283 283 283 283 
13:39:22 283 283 283 283 283 283 283 283 
13:40:22 283 283 283 283 283 283 283 283 
13:41:22 283 283 283 283 283 283 283 283 
13:42:22 283 283 283 283 283 283 283 283 
13:43:22 283 283 283 283 283 283 283 283 
13:44:22 283 283 283 283 283 283 283 283 
13:45:22 283 283 283 283 283 283 283 283 
13:46:22 283 283 283 283 283 283 283 283 
13:47:22 283 283 283 283 283 283 283 283 
13:48:22 283 283 283 283 283 283 283 283 
13:49:22 283 283 283 283 283 283 283 283 
13:50:22 283 283 283 283 283 283 283 283 
13:51:22 283 283 283 283 283 283 283 283 
13:52:22 283 283 283 283 283 283 283 283 
13:53:22 283 283 283 283 283 283 283 283 
13:54:23 283 283 283 283 283 283 283 283 
13:55:23 283 283 283 283 283 283 283 283 
13:56:23 283 283 283 283 283 283 283 283 
13:57:23 283 283 283 283 283 283 283 283 
13:58:23 283 283 283 283 283 283 283 283 
13:59:23 283 283 283 283 283 283 283 283 
14:00:23 283 283 283 283 283 283 283 283 
14:01:23 283 283 283 283 283 283 283 283 
14:02:23 283 283 283 283 283 283 283 283 
14:03:23 283 283 283 283 283 283 283 283 
14:04:23 283 283 283 283 283 283 283 283 
14:05:23 283 283 283 283 283 283 283 283 
14:06:23 283 283 283 283 283 283 283 283 
14:07:23 283 283 283 283 283 283 283 283 
14:08:23 283 283 283 283 283 283 283 283 
14:09:24 283 283 283 283 283 283 283 283 
14:10:24 283 283 283 283 283 283 283 283 
14:11:24 283 283 283 283 283 283 283 283 
14:12:24 283 283 283 283 283 283 283 283 
14:13:24 283 283 283 283 283 283 283 283 
14:14:24 283 283 283 283 283 283 283 283 
14:15:24 283 283 283 283 283 283 283 283 
14:16:24 283 283 283 283 283 283 283 283 
14:17:24 283 283 283 283 283 283 283 283 
14:18:24 283 283 283 283 283 283 283 283 
14:19:24 283 283 283 283 283 283 283 283 
14:20:24 283 283 283 283 283 283 283 283 
14:21:24 283 283 283 283 283 283 283 283 
14:22:24 283 283 283 283 283 283 283 283 
14:23:24 283 283 283 283 283 283 283 283 
14:24:25 283 283 283 283 283 283 283 283 
14:25:25 283 283 283 283 283 283 283 283 
14:26:25 283 283 283 283 283 283 283 283 
14:27:25 283 283 283 283 283 283 283 283 
14:28:25 283 283 283 283 283 283 283 283 
14:29:25 283 283 283 283 283 283 283 283 
14:30:25 283 283 283 283 283 283 283 283 
14:31:25 283 283 283 283 283 283 283 283 
14:32:25 283 283 283 283 283 283 283 283 
14:33:25 283 283 283 283 283 283 283 283 
14:34:25 283 283 283 283 283 283 283 283 
14:35:25 283 283 283 283 283 283 283 283 
14:36:25 283 283 283 283 283 283 283 283 
14:37:25 283 283 283 283 283 283 283 283 
14:38:25 283 283 283 283 283 283 283 283 
14:39:26 283 283 283 283 283 283 283 283 
14:40:26 283 283 283 283 283 283 283 283 
14:41:26 283 283 283 283 283 283 283 283 
14:42:26 283 283 283 283 283 283 283 283 
14:43:26 283 283 283 283 283 283 283 283 
14:44:26 283 283 283 283 283 283 283 283 
14:45:26 283 283 283 283 283 283 283 283 
14:46:26 283 283 283 283 283 283 283 283 
14:47:26 283 283 283 283 283 283 283 283 
14:48:26 283 283 283 283 283 283 283 283 
14:49:26 283 283 283 283 283 283 283 283 
14:50:26 283 283 283 283 283 283 283 283 
14:51:26 283 283 283 283 283 283 283 283 
14:52:26 283 283 283 283 283 283 283 283 
14:53:26 283 283 283 283 283 283 283 283 
14:54:27 283 283 283 283 283 283 283 283 
14:55:27 283 283 283 283 283 283 283 283 
14:56:27 283 283 283 283 283 283 283 283 
14:57:27 283 283 283 283 283 283 283 283 
14:58:27 283 283 283 283 283 283 283 283 
14:59:27 283 283 283 283 283 283 283 283 
15:00:27 283 283 283 283 283 283 283 283 
15:01:27 283 283 283 283 283 283 283 283 
15:02:27 283 283 283 283 283 283 283 283 
15:03:27 283 283 283 283 283 283 283 283 
15:04:27 283 283 283 283 283 283 283 283 
15:05:27 283 283 283 283 283 283 283 283 
15:06:27 283 283 283 283 283 283 283 283 
15:07:27 283 283 283 283 283 283 283 283 
15:08:27 283 283 283 283 283 283 283 283 
15:09:28 283 283 283 283 283 283 283 283 
15:10:28 283 283 283 283 283 283 283 283 
15:11:28 283 283 283 283 283 283 283 283 
15:12:28 283 283 283 283 283 283 283 283 
15:13:28 283 283 283 283 283 283 283 283 
15:14:28 283 283 283 283 283 283 283 283 
15:15:28 283 283 283 283 283 283 283 283 
15:16:28 283 283 283 283 283 283 283 283 
15:17:28 283 283 283 283 283 283 283 283 
15:18:28 283 283 283 283 283 283 283 283 
15:19:28 283 283 283 283 283 283 283 283 
15:20:28 283 283 283 283 283 283 283 283 
15:21:28 283 283 283 283 283 283 283 283 
15:22:28 283 283 283 283 283 283 283 283 
15:23:28 283 283 283 283 283 283 283 283 
15:24:29 283 283 283 283 283 283 283 283 
15:25:29 283 283 283 283 283 283 283 283 
15:26:29 283 283 283 283 283 283 283 283 
15:27:29 283 283 283 283 283 283 283 283 
15:28:29 283 283 283 283 283 283 283 283 
15:29:29 283 283 283 283 283 283 283 283 
15:30:29 283 283 283 283 283 283 283 283 
15:31:29 283 283 283 283 283 283 283 283 
15:32:29 283 283 283 283 283 283 283 283 
15:33:29 283 283 283 283 283 283 283 283 
15:34:29 283 283 283 283 283 283 283 283 
15:35:29 283 283 283 283 283 283 283 283 
15:36:29 283 283 283 283 283 283 283 283 
15:37:29 283 283 283 283 283 283 283 283 
15:38:30 283 283 283 283 283 283 283 283 
15:39:30 283 283 283 283 283 283 283 283 
15:40:30 283 283 283 283 283 283 283 283 
15:41:30 283 283 283 283 283 283 283 283 
15:42:30 283 283 283 283 283 283 283 283 
15:43:30 283 283 283 283 283 283 283 283 
15:44:30 283 283 283 283 283 283 283 283 
15:45:30 283 283 283 283 283 283 283 283 
15:46:30 283 283 283 283 283 283 283 283 
15:47:30 283 283 283 283 283 283 283 283 
15:48:30 283 283 283 283 283 283 283 283 
15:49:30 283 283 283 283 283 283 283 283 
15:50:30 283 283 283 283 283 283 283 283 
15:51:30 283 283 283 283 283 283 283 283 
15:52:30 283 283 283 283 283 283 283 283 
15:53:30 283 283 283 283 283 283 283 283 
15:54:31 283 283 283 283 283 283 283 283 
15:55:31 283 283 283 283 283 283 283 283 
15:56:31 283 283 283 283 283 283 283 283 
15:57:31 283 283 283 283 283 283 283 283 
15:58:31 283 283 283 283 283 283 283 283 
15:59:31 283 283 283 283 283 283 283 283 
16:00:31 283 283 283 283 283 283 283 283 
16:01:31 283 283 283 283 283 283 283 283 
16:02:31 283 283 283 283 283 283 283 283 
16:03:31 283 283 283 283 283 283 283 283 
16:04:31 283 283 283 283 283 283 283 283 
16:05:31 283 283 283 283 283 283 283 283 
16:06:31 283 283 283 283 283 283 283 283 
16:07:31 283 283 283 283 283 283 283 283 
16:08:32 283 283 283 283 283 283 283 283 
16:09:32 283 283 283 283 283 283 283 283 
16:10:32 283 283 283 283 283 283 283 283 
16:11:32 283 283 283 283 283 283 283 283 
16:12:32 283 283 283 283 283 283 283 283 
16:13:32 283 283 283 283 283 283 283 283 
16:14:32 283 283 283 283 283 283 283 283 
16:15:32 283 283 283 283 283 283 283 283 
16:16:32 283 283 283 283 283 283 283 283 
16:17:32 283 283 283 283 283 283 283 283 
16:18:32 283 283 283 283 283 283 283 283 
16:19:32 283 283 283 283 283 283 283 283 
16:20:32 283 283 283 283 283 283 283 283 
16:21:32 283 283 283 283 283 283 283 283 
16:22:32 283 283 283 283 283 283 283 283 
16:23:33 283 283 283 283 283 283 283 283 
16:24:33 283 283 283 283 283 283 283 283 
16:25:33 283 283 283 283 283 283 283 283 
16:26:33 283 283 283 283 283 283 283 283 
16:27:33 283 283 283 283 283 283 283 283 
16:28:33 283 283 283 283 283 283 283 283 
16:29:33 283 283 283 283 283 283 283 283 
16:30:33 283 283 283 283 283 283 283 283 
16:31:33 283 283 283 283 283 283 283 283 
16:32:33 283 283 283 283 283 283 283 283 
16:33:33 283 283 283 283 283 283 283 283 
16:34:33 283 283 283 283 283 283 283 283 
16:35:33 283 283 283 283 283 283 283 283 
16:36:33 283 283 283 283 283 283 283 283 
16:37:33 283 283 283 283 283 283 283 283 
16:38:34 283 283 283 283 283 283 283 283 
16:39:34 283 283 283 283 283 283 283 283 
16:40:34 283 283 283 283 283 283 283 283 
16:41:34 283 283 283 283 283 283 283 283 
16:42:34 283 283 283 283 283 283 283 283 
16:43:34 283 283 283 283 283 283 283 283 
16:44:34 283 283 283 283 283 283 283 283 
16:45:34 283 283 283 283 283 283 283 283 
16:46:34 283 283 283 283 283 283 283 283 
16:47:34 283 283 283 283 283 283 283 283 
16:48:34 283 283 283 283 283 283 283 283 
16:49:34 283 283 283 283 283 283 283 283 
16:50:34 283 283 283 283 283 283 283 283 
16:51:34 283 283 283 283 283 283 283 283 
16:52:34 283 283 283 283 283 283 283 283 
16:53:35 283 283 283 283 283 283 283 283 
16:54:35 283 283 283 283 283 283 283 283 
16:55:35 283 283 283 283 283 283 283 283 
16:56:35 283 283 283 283 283 283 283 283 
16:57:35 283 283 283 283 283 283 283 283 
16:58:35 283 283 283 283 283 283 283 283 
16:59:35 283 283 283 283 283 283 283 283 
17:00:35 283 283 283 283 283 283 283 283 
17:01:35 283 283 283 283 283 283 283 283 
17:02:35 283 283 283 283 283 283 283 283 
17:03:35 283 283 283 283 283 283 283 283 
17:04:35 283 283 283 283 283 283 283 283 
17:05:35 283 283 283 283 283 283 283 283 
17:06:35 283 283 283 283 283 283 283 283 
17:07:35 283 283 283 283 283 283 283 283 
17:08:36 283 283 283 283 283 283 283 283 
17:09:36 283 283 283 283 283 283 283 283 
17:10:36 283 283 283 283 283 283 283 283 
17:11:36 283 283 283 283 283 283 283 283 
17:12:36 283 283 283 283 283 283 283 283 
17:13:36 283 283 283 283 283 283 283 283 
17:14:36 283 283 283 283 283 283 283 283 
17:15:36 283 283 283 283 283 283 283 283 
17:16:36 283 283 283 283 283 283 283 283 
17:17:36 283 283 283 283 283 283 283 283 
17:18:36 283 283 283 283 283 283 283 283 
17:19:36 283 283 283 283 283 283 283 283 
17:20:36 283 283 283 283 283 283 283 283 
17:21:36 283 283 283 283 283 283 283 283 
17:22:36 283 283 283 283 283 283 283 283 
17:23:37 283 283 283 283 283 283 283 283 
17:24:37 283 283 283 283 283 283 283 283 
17:25:37 283 283 283 283 283 283 283 283 
17:26:37 283 283 283 283 283 283 283 283 
17:27:37 283 283 283 283 283 283 283 283 
17:28:37 283 283 283 283 283 283 283 283 
17:29:37 283 283 283 283 283 283 283 283 
17:30:37 283 283 283 283 283 283 283 283 
17:31:37 283 283 283 283 283 283 283 283 
17:32:37 283 283 283 283 283 283 283 283 
17:33:37 283 283 283 283 283 283 283 283 
17:34:37 283 283 283 283 283 283 283 283 
17:35:37 283 283 283 283 283 283 283 283 
17:36:37 283 283 283 283 283 283 283 283 
17:37:37 283 283 283 283 283 283 283 283 
17:38:38 283 283 283 283 283 283 283 283 
17:39:38 283 283 283 283 283 283 283 283 
17:40:38 283 283 283 283 283 283 283 283 
17:41:38 283 283 283 283 283 283 283 283 
17:42:38 283 283 283 283 283 283 283 283 
17:43:38 283 283 283 283 283 283 283 283 
17:44:38 283 283 283 283 283 283 283 283 
17:45:38 283 283 283 283 283 283 283 283 
17:46:38 283 283 283 283 283 283 283 283 
17:47:38 283 283 283 283 283 283 283 283 
17:48:38 283 283 283 283 283 283 283 283 
17:49:38 283 283 283 283 283 283 283 283 
17:50:38 283 283 283 283 283 283 283 283 
17:51:38 283 283 283 283 283 283 283 283 
17:52:38 283 283 283 283 283 283 283 283 
17:53:39 283 283 283 283 283 283 283 283 
17:54:39 283 283 283 283 283 283 283 283 
17:55:39 283 283 283 283 283 283 283 283 
17:56:39 283 283 283 283 283 283 283 283 
17:57:39 283 283 283 283 283 283 283 283 
17:58:39 283 283 283 283 283 283 283 283 
17:59:39 283 283 283 283 283 283 283 283 
18:00:39 283 283 283 283 283 283 283 283 
18:01:39 283 283 283 283 283 283 283 283 
18:02:39 283 283 283 283 283 283 283 283 
18:03:39 283 283 283 283 283 283 283 283 
18:04:39 283 283 283 283 283 283 283 283 
18:05:39 283 283 283 283 283 283 283 283 
18:06:39 283 283 283 283 283 283 283 283 
18:07:39 283 283 283 283 283 283 283 283 
18:08:40 283 283 283 283 283 283 283 283 
18:09:40 283 283 283 283 283 283 283 283 
18:10:40 283 283 283 283 283 283 283 283 
18:11:40 283 283 283 283 283 283 283 283 
18:12:40 283 283 283 283 283 283 283 283 
18:13:40 283 283 283 283 283 283 283 283 
18:14:40 283 283 283 283 283 283 283 283 
18:15:40 283 283 283 283 283 283 283 283 
18:16:40 283 283 283 283 283 283 283 283 
18:17:40 283 283 283 283 283 283 283 283 
18:18:40 283 283 283 283 283 283 283 283 
18:19:40 283 283 283 283 283 283 283 283 
18:20:40 283 283 283 283 283 283 283 283 
18:21:40 283 283 283 283 283 283 283 283 
18:22:41 283 283 283 283 283 283 283 283 
18:23:41 283 283 283 283 283 283 283 283 
18:24:41 283 283 283 283 283 283 283 283 
18:25:41 283 283 283 283 283 283 283 283 
18:26:41 283 283 283 283 283 283 283 283 
18:27:41 283 283 283 283 283 283 283 283 
18:28:41 283 283 283 283 283 283 283 283 
18:29:41 283 283 283 283 283 283 283 283 
18:30:41 283 283 283 283 283 283 283 283 
18:31:41 283 283 283 283 283 283 283 283 
18:32:41 283 283 283 283 283 283 283 283 
18:33:41 283 283 283 283 283 283 283 283 
18:34:41 283 283 283 283 283 283 283 283 
18:35:41 283 283 283 283 283 283 283 283 
18:36:41 283 283 283 283 283 283 283 283 
18:37:42 283 283 283 283 283 283 283 283 
18:38:42 283 283 283 283 283 283 283 283 
18:39:42 283 283 283 283 283 283 283 283 
18:40:42 283 283 283 283 283 283 283 283 
18:41:42 283 283 283 283 283 283 283 283 
18:42:42 283 283 283 283 283 283 283 283 
18:43:42 283 283 283 283 283 283 283 283 
18:44:42 283 283 283 283 283 283 283 283 
18:45:42 283 283 283 283 283 283 283 283 
18:46:42 283 283 283 283 283 283 283 283 
18:47:42 283 283 283 283 283 283 283 283 
18:48:42 283 283 283 283 283 283 283 283 
18:49:42 283 283 283 283 283 283 283 283 
18:50:42 283 283 283 283 283 283 283 283 
18:51:43 283 283 283 283 283 283 283 283 
18:52:43 283 283 283 283 283 283 283 283 
18:53:43 283 283 283 283 283 283 283 283 
18:54:43 283 283 283 283 283 283 283 283 
18:55:43 283 283 283 283 283 283 283 283 
18:56:43 283 283 283 283 283 283 283 283 
18:57:43 283 283 283 283 283 283 283 283 
18:58:43 283 283 283 283 283 283 283 283 
18:59:43 283 283 283 283 283 283 283 283 
19:00:43 283 283 283 283 283 283 283 283 
19:01:43 283 283 283 283 283 283 283 283 
19:02:43 283 283 283 283 283 283 283 283 
19:03:43 283 283 283 283 283 283 283 283 
19:04:43 283 283 283 283 283 283 283 283 
19:05:43 283 283 283 283 283 283 283 283 
19:06:44 283 283 283 283 283 283 283 283 
19:07:44 283 283 283 283 283 283 283 283 
19:08:44 283 283 283 283 283 283 283 283 
19:09:44 283 283 283 283 283 283 283 283 
19:10:44 283 283 283 283 283 283 283 283 
19:11:44 283 283 283 283 283 283 283 283 
19:12:44 283 283 283 283 283 283 283 283 
19:13:44 283 283 283 283 283 283 283 283 
19:14:44 283 283 283 283 283 283 283 283 
19:15:44 283 283 283 283 283 283 283 283 
19:16:44 283 283 283 283 283 283 283 283 
19:17:44 283 283 283 283 283 283 283 283 
19:18:44 283 283 283 283 283 283 283 283 
19:19:44 283 283 283 283 283 283 283 283 
19:20:44 283 283 283 283 283 283 283 283 
19:21:45 283 283 283 283 283 283 283 283 
19:22:45 283 283 283 283 283 283 283 283 
19:23:45 283 283 283 283 283 283 283 283 
19:24:45 283 283 283 283 283 283 283 283 
19:25:45 283 283 283 283 283 283 283 283 
19:26:45 283 283 283 283 283 283 283 283 
19:27:45 283 283 283 283 283 283 283 283 
19:28:45 283 283 283 283 283 283 283 283 
19:29:45 283 283 283 283 283 283 283 283 
19:30:45 283 283 283 283 283 283 283 283 
19:31:45 283 283 283 283 283 283 283 283 
19:32:45 283 283 283 283 283 283 283 283 
19:33:45 283 283 283 283 283 283 283 283 
19:34:45 283 283 283 283 283 283 283 283 
19:35:45 283 283 283 283 283 283 283 283 
19:36:46 283 283 283 283 283 283 283 283 
19:37:46 283 283 283 283 283 283 283 283 
19:38:46 283 283 283 283 283 283 283 283 
19:39:46 283 283 283 283 283 283 283 283 
19:40:46 283 283 283 283 283 283 283 283 
19:41:46 283 283 283 283 283 283 283 283 
19:42:46 283 283 283 283 283 283 283 283 
19:43:46 283 283 283 283 283 283 283 283 
19:44:46 283 283 283 283 283 283 283 283 
19:45:46 283 283 283 283 283 283 283 283 
19:46:46 283 283 283 283 283 283 283 283 
19:47:46 283 283 283 283 283 283 283 283 
19:48:46 283 283 283 283 283 283 283 283 
19:49:46 283 283 283 283 283 283 283 283 
19:50:46 283 283 283 283 283 283 283 283 
19:51:47 283 283 283 283 283 283 283 283 
19:52:47 283 283 283 283 283 283 283 283 
19:53:47 283 283 283 283 283 283 283 283 
19:54:47 283 283 283 283 283 283 283 283 
19:55:47 283 283 283 283 283 283 283 283 
19:56:47 283 283 283 283 283 283 283 283 
19:57:47 283 283 283 283 283 283 283 283 
19:58:47 283 283 283 283 283 283 283 283 
19:59:47 283 283 283 283 283 283 283 283 
20:00:47 283 283 283 283 283 283 283 283 
20:01:47 283 283 283 283 283 283 283 283 
20:02:47 283 283 283 283 283 283 283 283 
20:03:47 283 283 283 283 283 283 283 283 
20:04:47 283 283 283 283 283 283 283 283 
20:05:47 283 283 283 283 283 283 283 283 
20:06:48 283 283 283 283 283 283 283 283 
20:07:48 283 283 283 283 283 283 283 283 
20:08:48 283 283 283 283 283 283 283 283 
20:09:48 283 283 283 283 283 283 283 283 
20:10:48 283 283 283 283 283 283 283 283 
20:11:48 283 283 283 283 283 283 283 283 
20:12:48 283 283 283 283 283 283 283 283 
20:13:48 283 283 283 283 283 283 283 283 
20:14:48 283 283 283 283 283 283 283 283 
20:15:48 283 283 283 283 283 283 283 283 
20:16:48 283 283 283 283 283 283 283 283 
20:17:48 283 283 283 283 283 283 283 283 
20:18:48 283 283 283 283 283 283 283 283 
20:19:48 283 283 283 283 283 283 283 283 
20:20:48 283 283 283 283 283 283 283 283 
20:21:49 283 283 283 283 283 283 283 283 
20:22:49 283 283 283 283 283 283 283 283 
20:23:49 283 283 283 283 283 283 283 283 
20:24:49 283 283 283 283 283 283 283 283 
20:25:49 283 283 283 283 283 283 283 283 
20:26:49 283 283 283 283 283 283 283 283 
20:27:49 283 283 283 283 283 283 283 283 
20:28:49 283 283 283 283 283 283 283 283 
20:29:49 283 283 283 283 283 283 283 283 
20:30:49 283 283 283 283 283 283 283 283 
20:31:49 283 283 283 283 283 283 283 283 
20:32:49 283 283 283 283 283 283 283 283 
20:33:49 283 283 283 283 283 283 283 283 
20:34:49 283 283 283 283 283 283 283 283 
20:35:49 283 283 283 283 283 283 283 283 
20:36:50 283 283 283 283 283 283 283 283 
20:37:50 283 283 283 283 283 283 283 283 
20:38:50 283 283 283 283 283 283 283 283 
20:39:50 283 283 283 283 283 283 283 283 
20:40:50 283 283 283 283 283 283 283 283 
20:41:50 283 283 283 283 283 283 283 283 
20:42:50 283 283 283 283 283 283 283 283 
20:43:50 283 283 283 283 283 283 283 283 
20:44:50 283 283 283 283 283 283 283 283 
20:45:50 283 283 283 283 283 283 283 283 
20:46:50 283 283 283 283 283 283 283 283 
20:47:50 283 283 283 283 283 283 283 283 
20:48:50 283 283 283 283 283 283 283 283 
20:49:50 283 283 283 283 283 283 283 283 
20:50:50 283 283 283 283 283 283 283 283 
20:51:51 283 283 283 283 283 283 283 283 
20:52:51 283 283 283 283 283 283 283 283 
20:53:51 283 283 283 283 283 283 283 283 
20:54:51 283 283 283 283 283 283 283 283 
20:55:51 283 283 283 283 283 283 283 283 
20:56:51 283 283 283 283 283 283 283 283 
20:57:51 283 283 283 283 283 283 283 283 
20:58:51 283 283 283 283 283 283 283 283 
20:59:51 283 283 283 283 283 283 283 283 
21:00:51 283 283 283 283 283 283 283 283 
21:01:51 283 283 283 283 283 283 283 283 
21:02:51 283 283 283 283 283 283 283 283 
21:03:51 283 283 283 283 283 283 283 283 
21:04:51 283 283 283 283 283 283 283 283 
21:05:51 283 283 283 283 283 283 283 283 
21:06:52 283 283 283 283 283 283 283 283 
21:07:52 283 283 283 283 283 283 283 283 
21:08:52 283 283 283 283 283 283 283 283 
21:09:52 283 283 283 283 283 283 283 283 
21:10:52 283 283 283 283 283 283 283 283 
21:11:52 283 283 283 283 283 283 283 283 
21:12:52 283 283 283 283 283 283 283 283 
21:13:52 283 283 283 283 283 283 283 283 
21:14:52 283 283 283 283 283 283 283 283 
21:15:52 283 283 283 283 283 283 283 283 
21:16:52 283 283 283 283 283 283 283 283 
21:17:52 283 283 283 283 283 283 283 283 
21:18:52 283 283 283 283 283 283 283 283 
21:19:52 283 283 283 283 283 283 283 283 
21:20:53 283 283 283 283 283 283 283 283 
21:21:53 283 283 283 283 283 283 283 283 
21:22:53 283 283 283 283 283 283 283 283 
21:23:53 283 283 283 283 283 283 283 283 
21:24:53 283 283 283 283 283 283 283 283 
21:25:53 283 283 283 283 283 283 283 283 
21:26:53 283 283 283 283 283 283 283 283 
21:27:53 283 283 283 283 283 283 283 283 
21:28:53 283 283 283 283 283 283 283 283 
21:29:53 283 283 283 283 283 283 283 283 
21:30:53 283 283 283 283 283 283 283 283 
21:31:53 283 283 283 283 283 283 283 283 
21:32:53 283 283 283 283 283 283 283 283 
21:33:53 283 283 283 283 283 283 283 283 
21:34:53 283 283 283 283 283 283 283 283 
21:35:54 283 283 283 283 283 283 283 283 
21:36:54 283 283 283 283 283 283 283 283 
21:37:54 283 283 283 283 283 283 283 283 
21:38:54 283 283 283 283 283 283 283 283 
21:39:54 283 283 283 283 283 283 283 283 
21:40:54 283 283 283 283 283 283 283 283 
21:41:54 283 283 283 283 283 283 283 283 
21:42:54 283 283 283 283 283 283 283 283 
21:43:54 283 283 283 283 283 283 283 283 
21:44:54 283 283 283 283 283 283 283 283 
21:45:54 283 283 283 283 283 283 283 283 
21:46:54 283 283 283 283 283 283 283 283 
21:47:54 283 283 283 283 283 283 283 283 
21:48:54 283 283 283 283 283 283 283 283 
21:49:54 283 283 283 283 283 283 283 283 
21:50:55 283 283 283 283 283 283 283 283 
21:51:55 283 283 283 283 283 283 283 283 
21:52:55 283 283 283 283 283 283 283 283 
21:53:55 283 283 283 283 283 283 283 283 
21:54:55 283 283 283 283 283 283 283 283 
21:55:55 283 283 283 283 283 283 283 283 
21:56:55 283 283 283 283 283 283 283 283 
21:57:55 283 283 283 283 283 283 283 283 
21:58:55 283 283 283 283 283 283 283 283 
21:59:55 283 283 283 283 283 283 283 283 
22:00:55 283 283 283 283 283 283 283 283 
22:01:55 283 283 283 283 283 283 283 283 
22:02:55 283 283 283 283 283 283 283 283 
22:03:55 283 283 283 283 283 283 283 283 
22:04:55 283 283 283 283 283 283 283 283 
22:05:56 283 283 283 283 283 283 283 283 
22:06:56 283 283 283 283 283 283 283 283 
22:07:56 283 283 283 283 283 283 283 283 
22:08:56 283 283 283 283 283 283 283 283 
22:09:56 283 283 283 283 283 283 283 283 
22:10:56 283 283 283 283 283 283 283 283 
22:11:56 283 283 283 283 283 283 283 283 
22:12:56 283 283 283 283 283 283 283 283 
22:13:56 283 283 283 283 283 283 283 283 
22:14:56 283 283 283 283 283 283 283 283 
22:15:56 283 283 283 283 283 283 283 283 
22:16:56 283 283 283 283 283 283 283 283 
22:17:56 283 283 283 283 283 283 283 283 
22:18:56 283 283 283 283 283 283 283 283 
22:19:56 283 283 283 283 283 283 283 283 
22:20:57 283 283 283 283 283 283 283 283 
22:21:57 283 283 283 283 283 283 283 283 
22:22:57 283 283 283 283 283 283 283 283 
22:23:57 283 283 283 283 283 283 283 283 
22:24:57 283 283 283 283 283 283 283 283 
22:25:57 283 283 283 283 283 283 283 283 
22:26:57 283 283 283 283 283 283 283 283 
22:27:57 283 283 283 283 283 283 283 283 
22:28:57 283 283 283 283 283 283 283 283 
22:29:57 283 283 283 283 283 283 283 283 
22:30:57 283 283 283 283 283 283 283 283 
22:31:57 283 283 283 283 283 283 283 283 
22:32:57 283 283 283 283 283 283 283 283 
22:33:57 283 283 283 283 283 283 283 283 
22:34:57 283 283 283 283 283 283 283 283 
22:35:58 283 283 283 283 283 283 283 283 
22:36:58 283 283 283 283 283 283 283 283 
22:37:58 283 283 283 283 283 283 283 283 
22:38:58 283 283 283 283 283 283 283 283 
22:39:58 283 283 283 283 283 283 283 283 
22:40:58 283 283 283 283 283 283 283 283 
22:41:58 283 283 283 283 283 283 283 283 
22:42:58 283 283 283 283 283 283 283 283 
22:43:58 283 283 283 283 283 283 283 283 
22:44:58 283 283 283 283 283 283 283 283 
22:45:58 283 283 283 283 283 283 283 283 
22:46:58 283 283 283 283 283 283 283 283 
22:47:58 283 283 283 283 283 283 283 283 
22:48:58 283 283 283 283 283 283 283 283 
22:49:58 283 283 283 283 283 283 283 283 
22:50:59 283 283 283 283 283 283 283 283 
22:51:59 283 283 283 283 283 283 283 283 
22:52:59 283 283 283 283 283 283 283 283 
22:53:59 283 283 283 283 283 283 283 283 
22:54:59 283 283 283 283 283 283 283 283 
22:55:59 283 283 283 283 283 283 283 283 
22:56:59 283 283 283 283 283 283 283 283 
22:57:59 283 283 283 283 283 283 283 283 
22:58:59 283 283 283 283 283 283 283 283 
22:59:59 283 283 283 283 283 283 283 283 
23:00:59 283 283 283 283 283 283 283 283 
23:01:59 283 283 283 283 283 283 283 283 
23:02:59 283 283 283 283 283 283 283 283 
23:03:59 283 283 283 283 283 283 283 283 
23:05:00 283 283 283 283 283 283 283 283 
23:06:00 283 283 283 283 283 283 283 283 
23:07:00 283 283 283 283 283 283 283 283 
23:08:00 283 283 283 283 283 283 283 283 
23:09:00 283 283 283 283 283 283 283 283 
23:10:00 283 283 283 283 283 283 283 283 
23:11:00 283 283 283 283 283 283 283 283 
23:12:00 283 283 283 283 283 283 283 283 
23:13:00 283 283 283 283 283 283 283 283 
23:14:00 283 283 283 283 283 283 283 283 
23:15:00 283 283 283 283 283 283 283 283 
23:16:00 283 283 283 283 283 283 283 283 
23:17:00 283 283 283 283 283 283 283 283 
23:18:00 283 283 283 283 283 283 283 283 
23:19:00 283 283 283 283 283 283 283 283 
23:20:01 283 283 283 283 283 283 283 283 
23:21:01 283 283 283 283 283 283 283 283 
23:22:01 283 283 283 283 283 283 283 283 
23:23:01 283 283 283 283 283 283 283 283 
23:24:01 283 283 283 283 283 283 283 283 
23:25:01 283 283 283 283 283 283 283 283 
23:26:01 283 283 283 283 283 283 283 283 
23:27:01 283 283 283 283 283 283 283 283 
23:28:01 283 283 283 283 283 283 283 283 
23:29:01 283 283 283 283 283 283 283 283 
23:30:01 283 283 283 283 283 283 283 283 
23:31:01 283 283 283 283 283 283 283 283 
23:32:01 283 283 283 283 283 283 283 283 
23:33:01 283 283 283 283 283 283 283 283 
23:34:01 283 283 283 283 283 283 283 283 
23:35:02 283 283 283 283 283 283 283 283 
23:36:02 283 283 283 283 283 283 283 283 
23:37:02 283 283 283 283 283 283 283 283 
23:38:02 283 283 283 283 283 283 283 283 
23:39:02 283 283 283 283 283 283 283 283 
23:40:02 283 283 283 283 283 283 283 283 
23:41:02 283 283 283 283 283 283 283 283 
23:42:02 283 283 283 283 283 283 283 283 
23:43:02 283 283 283 283 283 283 283 283 
23:44:02 283 283 283 283 283 283 283 283 
23:45:02 283 283 283 283 283 283 283 283 
23:46:02 283 283 283 283 283 283 283 283 
23:47:02 283 283 283 283 283 283 283 283 
23:48:02 283 283 283 283 283 283 283 283 
23:49:02 283 283 283 283 283 283 283 283 
23:50:03 283 283 283 283 283 283 283 283 
23:51:03 283 283 283 283 283 283 283 283 
23:52:03 283 283 283 283 283 283 283 283 
23:53:03 283 283 283 283 283 283 283 283 
23:54:03 283 283 283 283 283 283 283 283 
23:55:03 283 283 283 283 283 283 283 283 
23:56:03 283 283 283 283 283 283 283 283 
23:57:03 283 283 283 283 283 283 283 283 
23:58:03 283 283 283 283 283 283 283 283 
23:59:03 283 283 283 283 283 283 283 283 
00:00:03 283 283 283 283 283 283 283 283 
00:01:03 283 283 283 283 283 283 283 283 
00:02:03 283 283 283 283 283 283 283 283 
00:03:03 283 283 283 283 283 283 283 283 
00:04:03 283 283 283 283 283 283 283 283 
00:05:04 283 283 283 283 283 283 283 283 
00:06:04 283 283 283 283 283 283 283 283 
00:07:04 283 283 283 283 283 283 283 283 
00:08:04 283 283 283 283 283 283 283 283 
00:09:04 283 283 283 283 283 283 283 283 
00:10:04 283 283 283 283 283 283 283 283 
00:11:04 283 283 283 283 283 283 283 283 
00:12:04 283 283 283 283 283 283 283 283 
00:13:04 283 283 283 283 283 283 283 283 
00:14:04 283 283 283 283 283 283 283 283 
00:15:04 283 283 283 283 283 283 283 283 
00:16:04 283 283 283 283 283 283 283 283 
00:17:04 283 283 283 283 283 283 283 283 
00:18:04 283 283 283 283 283 283 283 283 
00:19:04 283 283 283 283 283 283 283 283 
00:20:05 283 283 283 283 283 283 283 283 
00:21:05 283 283 283 283 283 283 283 283 
00:22:05 283 283 283 283 283 283 283 283 
00:23:05 283 283 283 283 283 283 283 283 
00:24:05 283 283 283 283 283 283 283 283 
00:25:05 283 283 283 283 283 283 283 283 
00:26:05 283 283 283 283 283 283 283 283 
00:27:05 283 283 283 283 283 283 283 283 
00:28:05 283 283 283 283 283 283 283 283 
00:29:05 283 283 283 283 283 283 283 283 
00:30:05 283 283 283 283 283 283 283 283 
00:31:05 283 283 283 283 283 283 283 283 
00:32:05 283 283 283 283 283 283 283 283 
00:33:05 283 283 283 283 283 283 283 283 
00:34:06 283 283 283 283 283 283 283 283 
00:35:06 283 283 283 283 283 283 283 283 
00:36:06 283 283 283 283 283 283 283 283 
00:37:06 283 283 283 283 283 283 283 283 
00:38:06 283 283 283 283 283 283 283 283 
00:39:06 283 283 283 283 283 283 283 283 
00:40:06 283 283 283 283 283 283 283 283 
00:41:06 283 283 283 283 283 283 283 283 
00:42:06 283 283 283 283 283 283 283 283 
00:43:06 283 283 283 283 283 283 283 283 
00:44:06 283 283 283 283 283 283 283 283 
00:45:06 283 283 283 283 283 283 283 283 
00:46:06 283 283 283 283 283 283 283 283 
00:47:06 283 283 283 283 283 283 283 283 
00:48:07 283 283 283 283 283 283 283 283 
00:49:07 283 283 283 283 283 283 283 283 
00:50:07 283 283 283 283 283 283 283 283 
00:51:07 283 283 283 283 283 283 283 283 
00:52:07 283 283 283 283 283 283 283 283 
00:53:07 283 283 283 283 283 283 283 283 
00:54:07 283 283 283 283 283 283 283 283 
00:55:07 283 283 283 283 283 283 283 283 
00:56:07 283 283 283 283 283 283 283 283 
00:57:07 283 283 283 283 283 283 283 283 
00:58:07 283 283 283 283 283 283 283 283 
00:59:07 283 283 283 283 283 283 283 283 
01:00:07 283 283 283 283 283 283 283 283 
01:01:07 283 283 283 283 283 283 283 283 
01:02:07 283 283 283 283 283 283 283 283 
01:03:08 283 283 283 283 283 283 283 283 
01:04:08 283 283 283 283 283 283 283 283 
01:05:08 283 283 283 283 283 283 283 283 
01:06:08 283 283 283 283 283 283 283 283 
01:07:08 283 283 283 283 283 283 283 283 
01:08:08 283 283 283 283 283 283 283 283 
01:09:08 283 283 283 283 283 283 283 283 
01:10:08 283 283 283 283 283 283 283 283 
01:11:08 283 283 283 283 283 283 283 283 
01:12:08 283 283 283 283 283 283 283 283 
01:13:08 283 283 283 283 283 283 283 283 
01:14:08 283 283 283 283 283 283 283 283 
01:15:08 283 283 283 283 283 283 283 283 
01:16:08 283 283 283 283 283 283 283 283 
01:17:09 283 283 283 283 283 283 283 283 
01:18:09 283 283 283 283 283 283 283 283 
01:19:09 283 283 283 283 283 283 283 283 
01:20:09 283 283 283 283 283 283 283 283 
01:21:09 283 283 283 283 283 283 283 283 
01:22:09 283 283 283 283 283 283 283 283 
01:23:09 283 283 283 283 283 283 283 283 
01:24:09 283 283 283 283 283 283 283 283 
01:25:09 283 283 283 283 283 283 283 283 
01:26:09 283 283 283 283 283 283 283 283 
01:27:09 283 283 283 283 283 283 283 283 
01:28:09 283 283 283 283 283 283 283 283 
01:29:09 283 283 283 283 283 283 283 283 
01:30:09 283 283 283 283 283 283 283 283 
01:31:09 283 283 283 283 283 283 283 283 
01:32:10 283 283 283 283 283 283 283 283 
01:33:10 283 283 283 283 283 283 283 283 
01:34:10 283 283 283 283 283 283 283 283 
01:35:10 283 283 283 283 283 283 283 283 
01:36:10 283 283 283 283 283 283 283 283 
01:37:10 283 283 283 283 283 283 283 283 
01:38:10 283 283 283 283 283 283 283 283 
01:39:10 283 283 283 283 283 283 283 283 
01:40:10 283 283 283 283 283 283 283 283 
01:41:10 283 283 283 283 283 283 283 283 
01:42:10 283 283 283 283 283 283 283 283 
01:43:10 283 283 283 283 283 283 283 283 
01:44:10 283 283 283 283 283 283 283 283 
01:45:10 283 283 283 283 283 283 283 283 
01:46:10 283 283 283 283 283 283 283 283 
01:47:11 283 283 283 283 283 283 283 283 
01:48:11 283 283 283 283 283 283 283 283 
01:49:11 283 283 283 283 283 283 283 283 
01:50:11 283 283 283 283 283 283 283 283 
01:51:11 283 283 283 283 283 283 283 283 
01:52:11 283 283 283 283 283 283 283 283 
01:53:11 283 283 283 283 283 283 283 283 
01:54:11 283 283 283 283 283 283 283 283 
01:55:11 283 283 283 283 283 283 283 283 
01:56:11 283 283 283 283 283 283 283 283 
01:57:11 283 283 283 283 283 283 283 283 
01:58:11 283 283 283 283 283 283 283 283 
01:59:11 283 283 283 283 283 283 283 283 
02:00:11 283 283 283 283 283 283 283 283 
02:01:12 283 283 283 283 283 283 283 283 
02:02:12 283 283 283 283 283 283 283 283 
02:03:12 283 283 283 283 283 283 283 283 
02:04:12 283 283 283 283 283 283 283 283 
02:05:12 283 283 283 283 283 283 283 283 
02:06:12 283 283 283 283 283 283 283 283 
02:07:12 283 283 283 283 283 283 283 283 
02:08:12 283 283 283 283 283 283 283 283 
02:09:12 283 283 283 283 283 283 283 283 
02:10:12 283 283 283 283 283 283 283 283 
02:11:12 283 283 283 283 283 283 283 283 
02:12:12 283 283 283 283 283 283 283 283 
02:13:12 283 283 283 283 283 283 283 283 
02:14:12 283 283 283 283 283 283 283 283 
02:15:12 283 283 283 283 283 283 283 283 
02:16:13 283 283 283 283 283 283 283 283 
02:17:13 283 283 283 283 283 283 283 283 
02:18:13 283 283 283 283 283 283 283 283 
02:19:13 283 283 283 283 283 283 283 283 
02:20:13 283 283 283 283 283 283 283 283 
02:21:13 283 283 283 283 283 283 283 283 
02:22:13 283 283 283 283 283 283 283 283 
02:23:13 283 283 283 283 283 283 283 283 
02:24:13 283 283 283 283 283 283 283 283 
02:25:13 283 283 283 283 283 283 283 283 
02:26:13 283 283 283 283 283 283 283 283 
02:27:13 283 283 283 283 283 283 283 283 
02:28:13 283 283 283 283 283 283 283 283 
02:29:13 283 283 283 283 283 283 283 283 
02:30:14 283 283 283 283 283 283 283 283 
02:31:14 283 283 283 283 283 283 283 283 
02:32:14 283 283 283 283 283 283 283 283 
02:33:14 283 283 283 283 283 283 283 283 
02:34:14 283 283 283 283 283 283 283 283 
02:35:14 283 283 283 283 283 283 283 283 
02:36:14 283 283 283 283 283 283 283 283 
02:37:14 283 283 283 283 283 283 283 283 
02:38:14 283 283 283 283 283 283 283 283 
02:39:14 283 283 283 283 283 283 283 283 
02:40:14 283 283 283 283 283 283 283 283 
02:41:14 283 283 283 283 283 283 283 283 
02:42:14 283 283 283 283 283 283 283 283 
02:43:14 283 283 283 283 283 283 283 283 
02:44:14 283 283 283 283 283 283 283 283 
02:45:15 283 283 283 283 283 283 283 283 
02:46:15 283 283 283 283 283 283 283 283 
02:47:15 283 283 283 283 283 283 283 283 
02:48:15 283 283 283 283 283 283 283 283 
02:49:15 283 283 283 283 283 283 283 283 
02:50:15 283 283 283 283 283 283 283 283 
02:51:15 283 283 283 283 283 283 283 283 
02:52:15 283 283 283 283 283 283 283 283 
02:53:15 283 283 283 283 283 283 283 283 
02:54:15 283 283 283 283 283 283 283 283 
02:55:15 283 283 283 283 283 283 283 283 
02:56:15 283 283 283 283 283 283 283 283 
02:57:15 283 283 283 283 283 283 283 283 
02:58:15 283 283 283 283 283 283 283 283 
02:59:15 283 283 283 283 283 283 283 283 
03:00:16 283 283 283 283 283 283 283 283 
03:01:16 283 283 283 283 283 283 283 283 
03:02:16 283 283 283 283 283 283 283 283 
03:03:16 283 283 283 283 283 283 283 283 
03:04:16 283 283 283 283 283 283 283 283 
03:05:16 283 283 283 283 283 283 283 283 
03:06:16 283 283 283 283 283 283 283 283 
03:07:16 283 283 283 283 283 283 283 283 
03:08:16 283 283 283 283 283 283 283 283 
03:09:16 283 283 283 283 283 283 283 283 
03:10:16 283 283 283 283 283 283 283 283 
03:11:16 283 283 283 283 283 283 283 283 
03:12:16 283 283 283 283 283 283 283 283 
03:13:16 283 283 283 283 283 283 283 283 
03:14:16 283 283 283 283 283 283 283 283 
03:15:17 283 283 283 283 283 283 283 283 
03:16:17 283 283 283 283 283 283 283 283 
03:17:17 283 283 283 283 283 283 283 283 
03:18:17 283 283 283 283 283 283 283 283 
03:19:17 283 283 283 283 283 283 283 283 
03:20:17 283 283 283 283 283 283 283 283 
03:21:17 283 283 283 283 283 283 283 283 
03:22:17 283 283 283 283 283 283 283 283 
03:23:17 283 283 283 283 283 283 283 283 
03:24:17 283 283 283 283 283 283 283 283 
03:25:17 283 283 283 283 283 283 283 283 
03:26:17 283 283 283 283 283 283 283 283 
03:27:17 283 283 283 283 283 283 283 283 
03:28:17 283 283 283 283 283 283 283 283 
03:29:17 283 283 283 283 283 283 283 283 
03:30:18 283 283 283 283 283 283 283 283 
03:31:18 283 283 283 283 283 283 283 283 
03:32:18 283 283 283 283 283 283 283 283 
03:33:18 283 283 283 283 283 283 283 283 
03:34:18 283 283 283 283 283 283 283 283 
03:35:18 283 283 283 283 283 283 283 283 
03:36:18 283 283 283 283 283 283 283 283 
03:37:18 283 283 283 283 283 283 283 283 
03:38:18 283 283 283 283 283 283 283 283 
03:39:18 283 283 283 283 283 283 283 283 
03:40:18 283 283 283 283 283 283 283 283 
03:41:18 283 283 283 283 283 283 283 283 
03:42:18 283 283 283 283 283 283 283 283 
03:43:18 283 283 283 283 283 283 283 283 
03:44:19 283 283 283 283 283 283 283 283 
03:45:19 283 283 283 283 283 283 283 283 
03:46:19 283 283 283 283 283 283 283 283 
03:47:19 283 283 283 283 283 283 283 283 
03:48:19 283 283 283 283 283 283 283 283 
03:49:19 283 283 283 283 283 283 283 283 
03:50:19 283 283 283 283 283 283 283 283 
03:51:19 283 283 283 283 283 283 283 283 
03:52:19 283 283 283 283 283 283 283 283 
03:53:19 283 283 283 283 283 283 283 283 
03:54:19 283 283 283 283 283 283 283 283 
03:55:19 283 283 283 283 283 283 283 283 
03:56:19 283 283 283 283 283 283 283 283 
03:57:19 283 283 283 283 283 283 283 283 
03:58:20 283 283 283 283 283 283 283 283 
03:59:20 283 283 283 283 283 283 283 283 
04:00:20 283 283 283 283 283 283 283 283 
04:01:20 283 283 283 283 283 283 283 283 
04:02:20 283 283 283 283 283 283 283 283 
04:03:20 283 283 283 283 283 283 283 283 
04:04:20 283 283 283 283 283 283 283 283 
04:05:20 283 283 283 283 283 283 283 283 
04:06:20 283 283 283 283 283 283 283 283 
04:07:20 283 283 283 283 283 283 283 283 
04:08:20 283 283 283 283 283 283 283 283 
04:09:20 283 283 283 283 283 283 283 283 
04:10:20 283 283 283 283 283 283 283 283 
04:11:20 283 283 283 283 283 283 283 283 
04:12:20 283 283 283 283 283 283 283 283 
04:13:21 283 283 283 283 283 283 283 283 
04:14:21 283 283 283 283 283 283 283 283 
04:15:21 283 283 283 283 283 283 283 283 
04:16:21 283 283 283 283 283 283 283 283 
04:17:21 283 283 283 283 283 283 283 283 
04:18:21 283 283 283 283 283 283 283 283 
04:19:21 283 283 283 283 283 283 283 283 
04:20:21 283 283 283 283 283 283 283 283 
04:21:21 283 283 283 283 283 283 283 283 
04:22:21 283 283 283 283 283 283 283 283 
04:23:21 283 283 283 283 283 283 283 283 
04:24:21 283 283 283 283 283 283 283 283 
04:25:21 283 283 283 283 283 283 283 283 
04:26:21 283 283 283 283 283 283 283 283 
04:27:21 283 283 283 283 283 283 283 283 
04:28:22 283 283 283 283 283 283 283 283 
04:29:22 283 283 283 283 283 283 283 283 
04:30:22 283 283 283 283 283 283 283 283 
04:31:22 283 283 283 283 283 283 283 283 
04:32:22 283 283 283 283 283 283 283 283 
04:33:22 283 283 283 283 283 283 283 283 
04:34:22 283 283 283 283 283 283 283 283 
04:35:22 283 283 283 283 283 283 283 283 
04:36:22 283 283 283 283 283 283 283 283 
04:37:22 283 283 283 283 283 283 283 283 
04:38:22 283 283 283 283 283 283 283 283 
04:39:22 283 283 283 283 283 283 283 283 
04:40:22 283 283 283 283 283 283 283 283 
04:41:22 283 283 283 283 283 283 283 283 
04:42:23 283 283 283 283 283 283 283 283 
04:43:23 283 283 283 283 283 283 283 283 
04:44:23 283 283 283 283 283 283 283 283 
04:45:23 283 283 283 283 283 283 283 283 
04:46:23 283 283 283 283 283 283 283 283 
04:47:23 283 283 283 283 283 283 283 283 
04:48:23 283 283 283 283 283 283 283 283 
04:49:23 283 283 283 283 283 283 283 283 
04:50:23 283 283 283 283 283 283 283 283 
04:51:23 283 283 283 283 283 283 283 283 
04:52:23 283 283 283 283 283 283 283 283 
04:53:23 283 283 283 283 283 283 283 283 
04:54:23 283 283 283 283 283 283 283 283 
04:55:23 283 283 283 283 283 283 283 283 
04:56:23 283 283 283 283 283 283 283 283 
04:57:24 283 283 283 283 283 283 283 283 
04:58:24 283 283 283 283 283 283 283 283 
04:59:24 283 283 283 283 283 283 283 283 
05:00:24 283 283 283 283 283 283 283 283 
05:01:24 283 283 283 283 283 283 283 283 
05:02:24 283 283 283 283 283 283 283 283 
05:03:24 283 283 283 283 283 283 283 283 
05:04:24 283 283 283 283 283 283 283 283 
05:05:24 283 283 283 283 283 283 283 283 
05:06:24 283 283 283 283 283 283 283 283 
05:07:24 283 283 283 283 283 283 283 283 
05:08:24 283 283 283 283 283 283 283 283 
05:09:24 283 283 283 283 283 283 283 283 
05:10:24 283 283 283 283 283 283 283 283 
05:11:24 283 283 283 283 283 283 283 283 
05:12:25 283 283 283 283 283 283 283 283 
05:13:25 283 283 283 283 283 283 283 283 
05:14:25 283 283 283 283 283 283 283 283 
05:15:25 283 283 283 283 283 283 283 283 
05:16:25 283 283 283 283 283 283 283 283 
05:17:25 283 283 283 283 283 283 283 283 
05:18:25 283 283 283 283 283 283 283 283 
05:19:25 283 283 283 283 283 283 283 283 
05:20:25 283 283 283 283 283 283 283 283 
05:21:25 283 283 283 283 283 283 283 283 
05:22:25 283 283 283 283 283 283 283 283 
05:23:25 283 283 283 283 283 283 283 283 
05:24:25 283 283 283 283 283 283 283 283 
05:25:25 283 283 283 283 283 283 283 283 
05:26:25 283 283 283 283 283 283 283 283 
05:27:26 283 283 283 283 283 283 283 283 
05:28:26 283 283 283 283 283 283 283 283 
05:29:26 283 283 283 283 283 283 283 283 
05:30:26 283 283 283 283 283 283 283 283 
05:31:26 283 283 283 283 283 283 283 283 
05:32:26 283 283 283 283 283 283 283 283 
05:33:26 283 283 283 283 283 283 283 283 
05:34:26 283 283 283 283 283 283 283 283 
05:35:26 283 283 283 283 283 283 283 283 
05:36:26 283 283 283 283 283 283 283 283 
05:37:26 283 283 283 283 283 283 283 283 
05:38:26 283 283 283 283 283 283 283 283 
05:39:26 283 283 283 283 283 283 283 283 
05:40:26 283 283 283 283 283 283 283 283 
05:41:27 283 283 283 283 283 283 283 283 
05:42:27 283 283 283 283 283 283 283 283 
05:43:27 283 283 283 283 283 283 283 283 
05:44:27 283 283 283 283 283 283 283 283 
05:45:27 283 283 283 283 283 283 283 283 
05:46:27 283 283 283 283 283 283 283 283 
05:47:27 283 283 283 283 283 283 283 283 
05:48:27 283 283 283 283 283 283 283 283 
05:49:27 283 283 283 283 283 283 283 283 
05:50:27 283 283 283 283 283 283 283 283 
05:51:27 283 283 283 283 283 283 283 283 
05:52:27 283 283 283 283 283 283 283 283 
05:53:27 283 283 283 283 283 283 283 283 
05:54:27 283 283 283 283 283 283 283 283 
05:55:27 283 283 283 283 283 283 283 283 
05:56:28 283 283 283 283 283 283 283 283 
05:57:28 283 283 283 283 283 283 283 283 
05:58:28 283 283 283 283 283 283 283 283 
05:59:28 283 283 283 283 283 283 283 283 
06:00:28 283 283 283 283 283 283 283 283 
06:01:28 283 283 283 283 283 283 283 283 
06:02:28 283 283 283 283 283 283 283 283 
06:03:28 283 283 283 283 283 283 283 283 
06:04:28 283 283 283 283 283 283 283 283 
06:05:28 283 283 283 283 283 283 283 283 
06:06:28 283 283 283 283 283 283 283 283 
06:07:28 283 283 283 283 283 283 283 283 
06:08:28 283 283 283 283 283 283 283 283 
06:09:28 283 283 283 283 283 283 283 283 
06:10:29 283 283 283 283 283 283 283 283 
06:11:29 283 283 283 283 283 283 283 283 
06:12:29 283 283 283 283 283 283 283 283 
06:13:29 283 283 283 283 283 283 283 283 
06:14:29 283 283 283 283 283 283 283 283 
06:15:29 283 283 283 283 283 283 283 283 
06:16:29 283 283 283 283 283 283 283 283 
06:17:29 283 283 283 283 283 283 283 283 
06:18:29 283 283 283 283 283 283 283 283 
06:19:29 283 283 283 283 283 283 283 283 
06:20:29 283 283 283 283 283 283 283 283 
06:21:29 283 283 283 283 283 283 283 283 
06:22:29 283 283 283 283 283 283 283 283 
06:23:29 283 283 283 283 283 283 283 283 
06:24:29 283 283 283 283 283 283 283 283 
06:25:30 283 283 283 283 283 283 283 283 
06:26:30 283 283 283 283 283 283 283 283 
06:27:30 283 283 283 283 283 283 283 283 
06:28:30 283 283 283 283 283 283 283 283 
06:29:30 283 283 283 283 283 283 283 283 
06:30:30 283 283 283 283 283 283 283 283 
06:31:30 283 283 283 283 283 283 283 283 
06:32:30 283 283 283 283 283 283 283 283 
06:33:30 283 283 283 283 283 283 283 283 
06:34:30 283 283 283 283 283 283 283 283 
06:35:30 283 283 283 283 283 283 283 283 
06:36:30 283 283 283 283 283 283 283 283 
06:37:30 283 283 283 283 283 283 283 283 
06:38:30 283 283 283 283 283 283 283 283 
06:39:30 283 283 283 283 283 283 283 283 
06:40:31 283 283 283 283 283 283 283 283 
06:41:31 283 283 283 283 283 283 283 283 
06:42:31 283 283 283 283 283 283 283 283 
06:43:31 283 283 283 283 283 283 283 283 
06:44:31 283 283 283 283 283 283 283 283 
06:45:31 283 283 283 283 283 283 283 283 
06:46:31 283 283 283 283 283 283 283 283 
06:47:31 283 283 283 283 283 283 283 283 
06:48:31 283 283 283 283 283 283 283 283 
06:49:31 283 283 283 283 283 283 283 283 
06:50:31 283 283 283 283 283 283 283 283 
06:51:31 283 283 283 283 283 283 283 283 
06:52:31 283 283 283 283 283 283 283 283 
06:53:31 283 283 283 283 283 283 283 283 
06:54:32 283 283 283 283 283 283 283 283 
06:55:32 283 283 283 283 283 283 283 283 
06:56:32 283 283 283 283 283 283 283 283 
06:57:32 283 283 283 283 283 283 283 283 
06:58:32 283 283 283 283 283 283 283 283 
06:59:32 283 283 283 283 283 283 283 283 
07:00:32 283 283 283 283 283 283 283 283 
07:01:32 283 283 283 283 283 283 283 283 
07:02:32 283 283 283 283 283 283 283 283 
07:03:32 283 283 283 283 283 283 283 283 
07:04:32 283 283 283 283 283 283 283 283 
07:05:32 283 283 283 283 283 283 283 283 
07:06:32 283 283 283 283 283 283 283 283 
07:07:32 283 283 283 283 283 283 283 283 
07:08:32 283 283 283 283 283 283 283 283 
07:09:33 283 283 283 283 283 283 283 283 
07:10:33 283 283 283 283 283 283 283 283 
07:11:33 283 283 283 283 283 283 283 283 
07:12:33 283 283 283 283 283 283 283 283 
07:13:33 283 283 283 283 283 283 283 283 
07:14:33 283 283 283 283 283 283 283 283 
07:15:33 283 283 283 283 283 283 283 283 
07:16:33 283 283 283 283 283 283 283 283 
07:17:33 283 283 283 283 283 283 283 283 
07:18:33 283 283 283 283 283 283 283 283 
07:19:33 283 283 283 283 283 283 283 283 
07:20:33 283 283 283 283 283 283 283 283 
07:21:33 283 283 283 283 283 283 283 283 
07:22:33 283 283 283 283 283 283 283 283 
07:23:33 283 283 283 283 283 283 283 283 
07:24:34 283 283 283 283 283 283 283 283 
07:25:34 283 283 283 283 283 283 283 283 
07:26:34 283 283 283 283 283 283 283 283 
07:27:34 283 283 283 283 283 283 283 283 
07:28:34 283 283 283 283 283 283 283 283 
07:29:34 283 283 283 283 283 283 283 283 
07:30:34 283 283 283 283 283 283 283 283 
07:31:34 283 283 283 283 283 283 283 283 
07:32:34 283 283 283 283 283 283 283 283 
07:33:34 283 283 283 283 283 283 283 283 
07:34:34 283 283 283 283 283 283 283 283 
07:35:34 283 283 283 283 283 283 283 283 
07:36:34 283 283 283 283 283 283 283 283 
07:37:34 283 283 283 283 283 283 283 283 
07:38:34 283 283 283 283 283 283 283 283 
07:39:35 283 283 283 283 283 283 283 283 
07:40:35 283 283 283 283 283 283 283 283 
07:41:35 283 283 283 283 283 283 283 283 
07:42:35 283 283 283 283 283 283 283 283 
07:43:35 283 283 283 283 283 283 283 283 
07:44:35 283 283 283 283 283 283 283 283 
07:45:35 283 283 283 283 283 283 283 283 
07:46:35 283 283 283 283 283 283 283 283 
07:47:35 283 283 283 283 283 283 283 283 
07:48:35 283 283 283 283 283 283 283 283 
07:49:35 283 283 283 283 283 283 283 283 
07:50:35 283 283 283 283 283 283 283 283 
07:51:35 283 283 283 283 283 283 283 283 
07:52:35 283 283 283 283 283 283 283 283 
07:53:35 283 283 283 283 283 283 283 283 
07:54:36 283 283 283 283 283 283 283 283 
07:55:36 283 283 283 283 283 283 283 283 
07:56:36 283 283 283 283 283 283 283 283 
07:57:36 283 283 283 283 283 283 283 283 
07:58:36 283 283 283 283 283 283 283 283 
07:59:36 283 283 283 283 283 283 283 283 
08:00:36 283 283 283 283 283 283 283 283 
08:01:36 283 283 283 283 283 283 283 283 
08:02:36 283 283 283 283 283 283 283 283 
08:03:36 283 283 283 283 283 283 283 283 
08:04:36 283 283 283 283 283 283 283 283 
08:05:36 283 283 283 283 283 283 283 283 
08:06:36 283 283 283 283 283 283 283 283 
08:07:36 283 283 283 283 283 283 283 283 
08:08:36 283 283 283 283 283 283 283 283 
08:09:37 283 283 283 283 283 283 283 283 
08:10:37 283 283 283 283 283 283 283 283 
08:11:37 283 283 283 283 283 283 283 283 
08:12:37 283 283 283 283 283 283 283 283 
08:13:37 283 283 283 283 283 283 283 283 
08:14:37 283 283 283 283 283 283 283 283 
08:15:37 283 283 283 283 283 283 283 283 
08:16:37 283 283 283 283 283 283 283 283 
08:17:37 283 283 283 283 283 283 283 283 
08:18:37 283 283 283 283 283 283 283 283 
08:19:37 283 283 283 283 283 283 283 283 
08:20:37 283 283 283 283 283 283 283 283 
08:21:37 283 283 283 283 283 283 283 283 
08:22:37 283 283 283 283 283 283 283 283 
08:23:37 283 283 283 283 283 283 283 283 
08:24:38 283 283 283 283 283 283 283 283 
08:25:38 283 283 283 283 283 283 283 283 
08:26:38 283 283 283 283 283 283 283 283 
08:27:38 283 283 283 283 283 283 283 283 
08:28:38 283 283 283 283 283 283 283 283 
08:29:38 283 283 283 283 283 283 283 283 
08:30:38 283 283 283 283 283 283 283 283 
08:31:38 283 283 283 283 283 283 283 283 
08:32:38 283 283 283 283 283 283 283 283 
08:33:38 283 283 283 283 283 283 283 283 
08:34:38 283 283 283 283 283 283 283 283 
08:35:38 283 283 283 283 283 283 283 283 
08:36:38 283 283 283 283 283 283 283 283 
08:37:38 283 283 283 283 283 283 283 283 
08:38:39 283 283 283 283 283 283 283 283 
08:39:39 283 283 283 283 283 283 283 283 
08:40:39 283 283 283 283 283 283 283 283 
08:41:39 283 283 283 283 283 283 283 283 
08:42:39 283 283 283 283 283 283 283 283 
08:43:39 283 283 283 283 283 283 283 283 
08:44:39 283 283 283 283 283 283 283 283 
08:45:39 283 283 283 283 283 283 283 283 
08:46:39 283 283 283 283 283 283 283 283 
08:47:39 283 283 283 283 283 283 283 283 
08:48:39 283 283 283 283 283 283 283 283 
08:49:39 283 283 283 283 283 283 283 283 
08:50:39 283 283 283 283 283 283 283 283 
08:51:39 283 283 283 283 283 283 283 283 
08:52:39 283 283 283 283 283 283 283 283 
08:53:40 283 283 283 283 283 283 283 283 
08:54:40 283 283 283 283 283 283 283 283 
08:55:40 283 283 283 283 283 283 283 283 
08:56:40 283 283 283 283 283 283 283 283 
08:57:40 283 283 283 283 283 283 283 283 
08:58:40 283 283 283 283 283 283 283 283 
08:59:40 283 283 283 283 283 283 283 283 
09:00:40 283 283 283 283 283 283 283 283 
09:01:40 283 283 283 283 283 283 283 283 
09:02:40 283 283 283 283 283 283 283 283 
09:03:40 283 283 283 283 283 283 283 283 
09:04:40 283 283 283 283 283 283 283 283 
09:05:40 283 283 283 283 283 283 283 283 
09:06:40 283 283 283 283 283 283 283 283 
09:07:41 283 283 283 283 283 283 283 283 
09:08:41 283 283 283 283 283 283 283 283 
09:09:41 283 283 283 283 283 283 283 283 
09:10:41 283 283 283 283 283 283 283 283 
09:11:41 283 283 283 283 283 283 283 283 
09:12:41 283 283 283 283 283 283 283 283 
09:13:41 283 283 283 283 283 283 283 283 
09:14:41 283 283 283 283 283 283 283 283 
09:15:41 283 283 283 283 283 283 283 283 
09:16:41 283 283 283 283 283 283 283 283 
09:17:41 283 283 283 283 283 283 283 283 
09:18:41 283 283 283 283 283 283 283 283 
09:19:41 283 283 283 283 283 283 283 283 
09:20:41 283 283 283 283 283 283 283 283 
09:21:41 283 283 283 283 283 283 283 283 
09:22:42 283 283 283 283 283 283 283 283 
09:23:42 283 283 283 283 283 283 283 283 
09:24:42 283 283 283 283 283 283 283 283 
09:25:42 283 283 283 283 283 283 283 283 
09:26:42 283 283 283 283 283 283 283 283 
09:27:42 283 283 283 283 283 283 283 283 
09:28:42 283 283 283 283 283 283 283 283 
09:29:42 283 283 283 283 283 283 283 283 
09:30:42 283 283 283 283 283 283 283 283 
09:31:42 283 283 283 283 283 283 283 283 
09:32:42 283 283 283 283 283 283 283 283 
09:33:42 283 283 283 283 283 283 283 283 
09:34:42 283 283 283 283 283 283 283 283 
09:35:42 283 283 283 283 283 283 283 283 
09:36:43 283 283 283 283 283 283 283 283 
09:37:43 283 283 283 283 283 283 283 283 
09:38:43 283 283 283 283 283 283 283 283 
09:39:43 283 283 283 283 283 283 283 283 
09:40:43 283 283 283 283 283 283 283 283 
09:41:43 283 283 283 283 283 283 283 283 
09:42:43 283 283 283 283 283 283 283 283 
09:43:43 283 283 283 283 283 283 283 283 
09:44:43 283 283 283 283 283 283 283 283 
09:45:43 283 283 283 283 283 283 283 283 
09:46:43 283 283 283 283 283 283 283 283 
09:47:43 283 283 283 283 283 283 283 283 
09:48:43 283 283 283 283 283 283 283 283 
09:49:43 283 283 283 283 283 283 283 283 
09:50:43 283 283 283 283 283 283 283 283 
09:51:44 283 283 283 283 283 283 283 283 
09:52:44 283 283 283 283 283 283 283 283 
09:53:44 283 283 283 283 283 283 283 283 
09:54:44 283 283 283 283 283 283 283 283 
09:55:44 283 283 283 283 283 283 283 283 
09:56:44 283 283 283 283 283 283 283 283 
09:57:44 283 283 283 283 283 283 283 283 
09:58:44 283 283 283 283 283 283 283 283 
09:59:44 283 283 283 283 283 283 283 283 
10:00:44 283 283 283 283 283 283 283 283 
10:01:44 283 283 283 283 283 283 283 283 
10:02:44 283 283 283 283 283 283 283 283 
10:03:44 283 283 283 283 283 283 283 283 
10:04:44 283 283 283 283 283 283 283 283 
10:05:45 283 283 283 283 283 283 283 283 
10:06:45 283 283 283 283 283 283 283 283 
10:07:45 283 283 283 283 283 283 283 283 
10:08:45 283 283 283 283 283 283 283 283 
10:09:45 283 283 283 283 283 283 283 283 
10:10:45 283 283 283 283 283 283 283 283 
10:11:45 283 283 283 283 283 283 283 283 
10:12:45 283 283 283 283 283 283 283 283 
10:13:45 283 283 283 283 283 283 283 283 
10:14:45 283 283 283 283 283 283 283 283 
10:15:45 283 283 283 283 283 283 283 283 
10:16:45 283 283 283 283 283 283 283 283 
10:17:45 283 283 283 283 283 283 283 283 
10:18:45 283 283 283 283 283 283 283 283 
10:19:45 283 283 283 283 283 283 283 283 
10:20:46 283 283 283 283 283 283 283 283 
10:21:46 283 283 283 283 283 283 283 283 
10:22:46 283 283 283 283 283 283 283 283 
10:23:46 283 283 283 283 283 283 283 283 
10:24:46 283 283 283 283 283 283 283 283 
10:25:46 283 283 283 283 283 283 283 283 
10:26:46 283 283 283 283 283 283 283 283 
10:27:46 283 283 283 283 283 283 283 283 
10:28:46 283 283 283 283 283 283 283 283 
10:29:46 283 283 283 283 283 283 283 283 
10:30:46 283 283 283 283 283 283 283 283 
10:31:46 283 283 283 283 283 283 283 283 
10:32:46 283 283 283 283 283 283 283 283 
10:33:46 283 283 283 283 283 283 283 283 
10:34:47 283 283 283 283 283 283 283 283 
10:35:47 283 283 283 283 283 283 283 283 
10:36:47 283 283 283 283 283 283 283 283 
10:37:47 283 283 283 283 283 283 283 283 
10:38:47 283 283 283 283 283 283 283 283 
10:39:47 283 283 283 283 283 283 283 283 
10:40:47 283 283 283 283 283 283 283 283 
10:41:47 283 283 283 283 283 283 283 283 
10:42:47 283 283 283 283 283 283 283 283 
10:43:47 283 283 283 283 283 283 283 283 
10:44:47 283 283 283 283 283 283 283 283 
10:45:47 283 283 283 283 283 283 283 283 
10:46:47 283 283 283 283 283 283 283 283 
10:47:47 283 283 283 283 283 283 283 283 
10:48:47 283 283 283 283 283 283 283 283 
10:49:48 283 283 283 283 283 283 283 283 
10:50:48 283 283 283 283 283 283 283 283 
10:51:48 283 283 283 283 283 283 283 283 
10:52:48 283 283 283 283 283 283 283 283 
10:53:48 283 283 283 283 283 283 283 283 
10:54:48 283 283 283 283 283 283 283 283 
10:55:48 283 283 283 283 283 283 283 283 
10:56:48 283 283 283 283 283 283 283 283 
10:57:48 283 283 283 283 283 283 283 283 
10:58:48 283 283 283 283 283 283 283 283 
10:59:48 283 283 283 283 283 283 283 283 
11:00:48 283 283 283 283 283 283 283 283 
11:01:48 283 283 283 283 283 283 283 283 
11:02:48 283 283 283 283 283 283 283 283 
11:03:49 283 283 283 283 283 283 283 283 
11:04:49 283 283 283 283 283 283 283 283 
11:05:49 283 283 283 283 283 283 283 283 
11:06:49 283 283 283 283 283 283 283 283 
11:07:49 283 283 283 283 283 283 283 283 
11:08:49 283 283 283 283 283 283 283 283 
11:09:49 283 283 283 283 283 283 283 283 
11:10:49 283 283 283 283 283 283 283 283 
11:11:49 283 283 283 283 283 283 283 283 
11:12:49 283 283 283 283 283 283 283 283 
11:13:49 283 283 283 283 283 283 283 283 
11:14:49 283 283 283 283 283 283 283 283 
11:15:49 283 283 283 283 283 283 283 283 
11:16:49 283 283 283 283 283 283 283 283 
11:17:49 283 283 283 283 283 283 283 283 
11:18:50 283 283 283 283 283 283 283 283 
11:19:50 283 283 283 283 283 283 283 283 
11:20:50 283 283 283 283 283 283 283 283 
11:21:50 283 283 283 283 283 283 283 283 
11:22:50 283 283 283 283 283 283 283 283 
11:23:50 283 283 283 283 283 283 283 283 
11:24:50 283 283 283 283 283 283 283 283 
11:25:50 283 283 283 283 283 283 283 283 
11:26:50 283 283 283 283 283 283 283 283 
11:27:50 283 283 283 283 283 283 283 283 
11:28:50 283 283 283 283 283 283 283 283 
11:29:50 283 283 283 283 283 283 283 283 
11:30:50 283 283 283 283 283 283 283 283 
11:31:50 283 283 283 283 283 283 283 283 
11:32:50 283 283 283 283 283 283 283 283 
11:33:51 283 283 283 283 283 283 283 283 
11:34:51 283 283 283 283 283 283 283 283 
11:35:51 283 283 283 283 283 283 283 283 
11:36:51 283 283 283 283 283 283 283 283 
11:37:51 283 283 283 283 283 283 283 283 
11:38:51 283 283 283 283 283 283 283 283 
11:39:51 283 283 283 283 283 283 283 283 
11:40:51 283 283 283 283 283 283 283 283 
11:41:51 283 283 283 283 283 283 283 283 
11:42:51 283 283 283 283 283 283 283 283 
11:43:51 283 283 283 283 283 283 283 283 
11:44:51 283 283 283 283 283 283 283 283 
11:45:51 283 283 283 283 283 283 283 283 
11:46:51 283 283 283 283 283 283 283 283 
11:47:51 283 283 283 283 283 283 283 283 
11:48:52 283 283 283 283 283 283 283 283 
11:49:52 283 283 283 283 283 283 283 283 
11:50:52 283 283 283 283 283 283 283 283 
11:51:52 283 283 283 283 283 283 283 283 
11:52:52 283 283 283 283 283 283 283 283 
11:53:52 283 283 283 283 283 283 283 283 
11:54:52 283 283 283 283 283 283 283 283 
11:55:52 283 283 283 283 283 283 283 283 
11:56:52 283 283 283 283 283 283 283 283 
11:57:52 283 283 283 283 283 283 283 283 
11:58:52 283 283 283 283 283 283 283 283 
11:59:52 283 283 283 283 283 283 283 283 
12:00:52 283 283 283 283 283 283 283 283 
12:01:52 283 283 283 283 283 283 283 283 
12:02:53 283 283 283 283 283 283 283 283 
12:03:53 283 283 283 283 283 283 283 283 
12:04:53 283 283 283 283 283 283 283 283 
12:05:53 283 283 283 283 283 283 283 283 
12:06:53 283 283 283 283 283 283 283 283 
12:07:53 283 283 283 283 283 283 283 283 
12:08:53 283 283 283 283 283 283 283 283 
12:09:53 283 283 283 283 283 283 283 283 
12:10:53 283 283 283 283 283 283 283 283 
12:11:53 283 283 283 283 283 283 283 283 
12:12:53 283 283 283 283 283 283 283 283 
12:13:53 283 283 283 283 283 283 283 283 
12:14:53 283 283 283 283 283 283 283 283 
12:15:53 283 283 283 283 283 283 283 283 
12:16:53 283 283 283 283 283 283 283 283 
12:17:54 283 283 283 283 283 283 283 283 
12:18:54 283 283 283 283 283 283 283 283 
12:19:54 283 283 283 283 283 283 283 283 
12:20:54 283 283 283 283 283 283 283 283 
12:21:54 283 283 283 283 283 283 283 283 
12:22:54 283 283 283 283 283 283 283 283 
12:23:54 283 283 283 283 283 283 283 283 
12:24:54 283 283 283 283 283 283 283 283 
12:25:54 283 283 283 283 283 283 283 283 
12:26:54 283 283 283 283 283 283 283 283 
12:27:54 283 283 283 283 283 283 283 283 
12:28:54 283 283 283 283 283 283 283 283 
12:29:54 283 283 283 283 283 283 283 283 
12:30:54 283 283 283 283 283 283 283 283 
12:31:54 283 283 283 283 283 283 283 283 
12:32:55 283 283 283 283 283 283 283 283 
12:33:55 283 283 283 283 283 283 283 283 
12:34:55 283 283 283 283 283 283 283 283 
12:35:55 283 283 283 283 283 283 283 283 
12:36:55 283 283 283 283 283 283 283 283 
12:37:55 283 283 283 283 283 283 283 283 
12:38:55 283 283 283 283 283 283 283 283 
12:39:55 283 283 283 283 283 283 283 283 
12:40:55 283 283 283 283 283 283 283 283 
12:41:55 283 283 283 283 283 283 283 283 
12:42:55 283 283 283 283 283 283 283 283 
12:43:55 283 283 283 283 283 283 283 283 
12:44:55 283 283 283 283 283 283 283 283 
12:45:55 283 283 283 283 283 283 283 283 
12:46:55 283 283 283 283 283 283 283 283 
12:47:56 283 283 283 283 283 283 283 283 
12:48:56 283 283 283 283 283 283 283 283 
12:49:56 283 283 283 283 283 283 283 283 
12:50:56 283 283 283 283 283 283 283 283 
12:51:56 283 283 283 283 283 283 283 283 
12:52:56 283 283 283 283 283 283 283 283 
12:53:56 283 283 283 283 283 283 283 283 
12:54:56 283 283 283 283 283 283 283 283 
12:55:56 283 283 283 283 283 283 283 283 
12:56:56 283 283 283 283 283 283 283 283 
12:57:56 283 283 283 283 283 283 283 283 
12:58:56 283 283 283 283 283 283 283 283 
12:59:56 283 283 283 283 283 283 283 283 
13:00:56 283 283 283 283 283 283 283 283 
13:01:56 283 283 283 283 283 283 283 283 
13:02:57 283 283 283 283 283 283 283 283 
13:03:57 283 283 283 283 283 283 283 283 
13:04:57 283 283 283 283 283 283 283 283 
13:05:57 283 283 283 283 283 283 283 283 
13:06:57 283 283 283 283 283 283 283 283 
13:07:57 283 283 283 283 283 283 283 283 
13:08:57 283 283 283 283 283 283 283 283 
13:09:57 283 283 283 283 283 283 283 283 
13:10:57 283 283 283 283 283 283 283 283 
13:11:57 283 283 283 283 283 283 283 283 
13:12:57 283 283 283 283 283 283 283 283 
13:13:57 283 283 283 283 283 283 283 283 
13:14:57 283 283 283 283 283 283 283 283 
13:15:57 283 283 283 283 283 283 283 283 
13:16:57 283 283 283 283 283 283 283 283 
13:17:58 283 283 283 283 283 283 283 283 
13:18:58 283 283 283 283 283 283 283 283 
13:19:58 283 283 283 283 283 283 283 283 
13:20:58 283 283 283 283 283 283 283 283 
13:21:58 283 283 283 283 283 283 283 283 
13:22:58 283 283 283 283 283 283 283 283 
13:23:58 283 283 283 283 283 283 283 283 
13:24:58 283 283 283 283 283 283 283 283 
13:25:58 283 283 283 283 283 283 283 283 
13:26:58 283 283 283 283 283 283 283 283 
13:27:58 283 283 283 283 283 283 283 283 
13:28:58 283 283 283 283 283 283 283 283 
13:29:58 283 283 283 283 283 283 283 283 
13:30:58 284 284 284 284 284 284 284 284 
13:31:58 284 284 284 539 284 284 284 284 
13:32:59 284 284 284 1620 284 284 284 284 
13:33:59 283 283 283 283 283 283 283 283 
13:34:59 283 283 283 283 283 283 283 283 
13:35:59 283 283 283 283 283 283 283 283 
13:36:59 283 283 283 283 283 283 283 283 
13:37:59 283 283 283 283 283 283 283 283 
13:38:59 283 283 283 283 283 283 283 283 
13:39:59 283 283 283 283 283 283 283 283 
13:40:59 283 283 283 283 283 283 283 283 
13:41:59 283 283 283 283 283 283 283 283 
13:42:59 283 283 283 283 283 283 283 283 
13:43:59 283 283 283 283 283 283 283 283 
13:44:59 283 283 283 283 283 283 283 283 
13:45:59 283 283 283 283 283 283 283 283 
13:47:00 283 283 283 283 283 283 283 283 
13:48:00 283 283 283 283 283 283 283 283 
13:49:00 283 283 283 283 283 283 283 283 
13:50:00 283 283 283 283 283 283 283 283 
13:51:00 283 283 283 283 283 283 283 283 
13:52:00 283 283 283 283 283 283 283 283 
13:53:00 283 283 283 283 283 283 283 283 
13:54:00 283 283 283 283 283 283 283 283 
13:55:00 283 283 283 283 283 283 283 283 
13:56:00 283 283 283 283 283 283 283 283 
13:57:00 283 283 283 283 283 283 283 283 
13:58:00 283 283 283 283 283 283 283 283 
13:59:00 283 283 283 283 283 283 283 283 
14:00:00 283 283 283 283 283 283 283 283 
14:01:01 283 283 283 283 283 283 283 283 
14:02:01 283 283 283 283 283 283 283 283 
14:03:01 283 283 283 283 283 283 283 283 
14:04:01 283 283 283 283 283 283 283 283 
14:05:01 283 283 283 283 283 283 283 283 
14:06:01 283 283 283 283 283 283 283 283 
14:07:01 283 283 283 283 283 283 283 283 
14:08:01 283 283 283 283 283 283 283 283 
14:09:01 283 283 283 283 283 283 283 283 
14:10:01 283 283 283 283 283 283 283 283 
14:11:01 283 283 283 283 283 283 283 283 
14:12:01 283 283 283 283 283 283 283 283 
14:13:01 283 283 283 283 283 283 283 283 
14:14:01 283 283 283 283 283 283 283 283 
14:15:01 283 283 283 283 283 283 283 283 
14:16:02 283 283 283 283 283 283 283 283 
14:17:02 283 283 283 283 283 283 283 283 
14:18:02 283 283 283 283 283 283 283 283 
14:19:02 283 283 283 283 283 283 283 283 
14:20:02 283 283 283 283 283 283 283 283 
14:21:02 283 283 283 283 283 283 283 283 
14:22:02 283 283 283 283 283 283 283 283 
14:23:02 283 283 283 283 283 283 283 283 
14:24:02 283 283 283 283 283 283 283 283 
14:25:02 283 283 283 283 283 283 283 283 
14:26:02 283 283 283 283 283 283 283 283 
14:27:02 283 283 283 283 283 283 283 283 
14:28:02 283 283 283 283 283 283 283 283 
14:29:02 548 284 284 284 284 284 284 284 
14:30:03 283 283 283 283 283 283 283 283 
14:31:03 283 283 283 283 283 283 283 283 
14:32:03 283 283 283 283 283 283 283 283 
14:33:03 283 283 283 283 283 283 283 283 
14:34:03 283 283 283 283 283 283 283 283 
14:35:03 284 284 549 284 549 284 284 284 
14:36:03 283 283 283 283 283 283 283 283 
14:37:03 283 283 283 283 283 283 283 283 
14:38:03 283 283 283 283 283 283 283 283 
14:39:03 283 283 283 283 283 283 283 283 
14:40:03 283 283 283 283 283 283 283 283 
14:41:03 283 283 283 283 283 283 283 283 
14:42:03 283 283 283 283 283 283 283 283 
14:43:03 283 283 283 283 283 283 283 283 
14:44:03 283 283 283 283 283 283 283 283 
14:45:04 283 283 283 283 283 283 283 283 
14:46:04 284 284 284 284 284 284 284 284 
14:47:04 284 284 284 284 284 284 284 284 
14:48:04 284 486 284 284 284 284 284 284 
14:49:04 283 283 283 283 283 283 283 283 
14:50:04 284 284 284 284 284 284 284 284 
14:51:04 283 283 283 283 283 283 283 283 
14:52:04 283 283 283 283 283 283 283 283 
14:53:04 283 283 283 283 283 283 283 283 
14:54:04 283 283 283 283 283 283 283 283 
14:55:04 283 283 283 283 283 283 283 283 
14:56:04 283 283 283 283 283 283 283 283 
14:57:04 283 283 283 283 283 283 283 283 
14:58:04 283 283 283 283 283 283 283 283 
14:59:04 283 283 283 283 283 283 283 283 
15:00:05 283 283 283 283 283 283 283 283 
15:01:05 283 283 283 283 283 283 283 283 
15:02:05 283 283 283 283 283 283 283 283 
15:03:05 283 283 283 283 283 283 283 283 
15:04:05 283 283 283 283 283 283 283 283 
15:05:05 283 283 283 283 283 283 283 283 
15:06:05 283 283 283 283 283 283 283 283 
15:07:05 283 283 283 283 283 283 283 283 
15:08:05 283 283 283 283 283 283 283 283 
15:09:05 283 283 283 283 283 283 283 283 
15:10:05 283 283 283 283 283 283 283 283 
15:11:05 283 283 283 283 283 283 283 283 
15:12:05 283 283 283 283 283 283 283 283 
15:13:05 283 283 283 283 283 283 283 283 
15:14:05 283 283 283 283 283 283 283 283 
15:15:06 283 283 283 283 283 283 283 283 
15:16:06 283 283 283 283 283 283 283 283 
15:17:06 283 283 283 283 283 283 283 283 
15:18:06 283 283 283 283 283 283 283 283 
15:19:06 283 283 283 283 283 283 283 283 
15:20:06 283 283 283 283 283 283 283 283 
15:21:06 283 283 283 283 283 283 283 283 
15:22:06 283 283 283 283 283 283 283 283 
15:23:06 283 283 283 283 283 283 283 283 
15:24:06 283 283 283 283 283 283 283 283 
15:25:06 283 283 283 283 283 283 283 283 
15:26:06 283 283 283 283 283 283 283 283 
15:27:06 283 283 283 283 283 283 283 283 
15:28:06 283 283 283 283 283 283 283 283 
15:29:07 283 283 283 283 283 283 283 283 
15:30:07 283 283 283 283 283 283 283 283 
15:31:07 283 283 283 283 283 283 283 283 
15:32:07 283 283 283 283 283 283 283 283 
15:33:07 283 283 283 283 283 283 283 283 
15:34:07 283 283 283 283 283 283 283 283 
15:35:07 283 283 283 283 283 283 283 283 
15:36:07 283 283 283 283 283 283 283 283 
15:37:07 283 283 283 283 283 283 283 283 
15:38:07 283 283 283 283 283 283 283 283 
15:39:07 283 283 283 283 283 283 283 283 
15:40:07 283 283 283 283 283 283 283 283 
15:41:07 283 283 283 283 283 283 283 283 
15:42:07 283 283 283 283 283 283 283 283 
15:43:07 283 283 283 283 283 283 283 283 
15:44:08 283 283 283 283 283 283 283 283 
15:45:08 283 283 283 283 283 283 283 283 
15:46:08 283 283 283 283 283 283 283 283 
15:47:08 283 283 283 283 283 283 283 283 
15:48:08 283 283 283 283 283 283 283 283 
15:49:08 283 283 283 283 283 283 283 283 
15:50:08 283 283 283 283 283 283 283 283 
15:51:08 283 283 283 283 283 283 283 283 
15:52:08 283 283 283 283 283 283 283 283 
15:53:08 283 283 283 283 283 283 283 283 
15:54:08 283 283 283 283 283 283 283 283 
15:55:08 283 283 283 283 283 283 283 283 
15:56:08 283 283 283 283 283 283 283 283 
15:57:08 283 283 283 283 283 283 283 283 
15:58:08 283 283 283 283 283 283 283 283 
15:59:09 283 283 283 283 283 283 283 283 
16:00:09 283 283 283 283 283 283 283 283 
16:01:09 283 283 283 283 283 283 283 283 
16:02:09 283 283 283 283 283 283 283 283 
16:03:09 283 283 283 283 283 283 283 283 
16:04:09 283 283 283 283 283 283 283 283 
16:05:09 283 283 283 283 283 283 283 283 
16:06:09 283 283 283 283 283 283 283 283 
16:07:09 283 283 283 283 283 283 283 283 
16:08:09 283 283 283 283 283 283 283 283 
16:09:09 283 283 283 283 283 283 283 283 
16:10:09 283 283 283 283 283 283 283 283 
16:11:09 283 283 283 283 283 283 283 283 
16:12:09 283 283 283 283 283 283 283 283 
16:13:10 283 283 283 283 283 283 283 283 
16:14:10 283 283 283 283 283 283 283 283 
16:15:10 283 283 283 283 283 283 283 283 
16:16:10 283 283 283 283 283 283 283 283 
16:17:10 283 283 283 283 283 283 283 283 
16:18:10 283 283 283 283 283 283 283 283 
16:19:10 283 283 283 283 283 283 283 283 
16:20:10 283 283 283 283 283 283 283 283 
16:21:10 283 283 283 283 283 283 283 283 
16:22:10 283 283 283 283 283 283 283 283 
16:23:10 283 283 283 283 283 283 283 283 
16:24:10 283 283 283 283 283 283 283 283 
16:25:10 283 283 283 283 283 283 283 283 
16:26:10 283 283 283 283 283 283 283 283 
16:27:10 283 283 283 283 283 283 283 283 
16:28:11 283 283 283 283 283 283 283 283 
16:29:11 283 283 283 283 283 283 283 283 
16:30:11 283 283 283 283 283 283 283 283 
16:31:11 283 283 283 283 283 283 283 283 
16:32:11 283 283 283 283 283 283 283 283 
16:33:11 283 283 283 283 283 283 283 283 
16:34:11 283 283 283 283 283 283 283 283 
16:35:11 283 283 283 283 283 283 283 283 
16:36:11 283 283 283 283 283 283 283 283 
16:37:11 283 283 283 283 283 283 283 283 
16:38:11 283 283 283 283 283 283 283 283 
16:39:11 283 283 283 283 283 283 283 283 
16:40:11 283 283 283 283 283 283 283 283 
16:41:11 283 283 283 283 283 283 283 283 
16:42:12 283 283 283 283 283 283 283 283 
16:43:12 283 283 283 283 283 283 283 283 
16:44:12 283 283 283 283 283 283 283 283 
16:45:12 283 283 283 283 283 283 283 283 
16:46:12 283 283 283 283 283 283 283 283 
16:47:12 283 283 283 283 283 283 283 283 
16:48:12 283 283 283 283 283 283 283 283 
16:49:12 283 283 283 283 283 283 283 283 
16:50:12 283 283 283 283 283 283 283 283 
16:51:12 283 283 283 283 283 283 283 283 
16:52:12 283 283 283 283 283 283 283 283 
16:53:12 283 283 283 283 283 283 283 283 
16:54:12 283 283 283 283 283 283 283 283 
16:55:12 283 283 283 283 283 283 283 283 
16:56:12 283 283 283 283 283 283 283 283 
16:57:13 283 283 283 283 283 283 283 283 
16:58:13 283 283 283 283 283 283 283 283 
16:59:13 283 283 283 283 283 283 283 283 
17:00:13 283 283 283 283 283 283 283 283 
17:01:13 283 283 283 283 283 283 283 283 
17:02:13 283 283 283 283 283 283 283 283 
17:03:13 283 283 283 283 283 283 283 283 
17:04:13 283 283 283 283 283 283 283 283 
17:05:13 283 283 283 283 283 283 283 283 
17:06:13 283 283 283 283 283 283 283 283 
17:07:13 283 283 283 283 283 283 283 283 
17:08:13 283 283 283 283 283 283 283 283 
17:09:13 283 283 283 283 283 283 283 283 
17:10:13 283 283 283 283 283 283 283 283 
17:11:13 283 283 283 283 283 283 283 283 
17:12:14 283 283 283 283 283 283 283 283 
17:13:14 283 283 283 283 283 283 283 283 
17:14:14 283 283 283 283 283 283 283 283 
17:15:14 283 283 283 283 283 283 283 283 
17:16:14 283 283 283 283 283 283 283 283 
17:17:14 283 283 283 283 283 283 283 283 
17:18:14 283 283 283 283 283 283 283 283 
17:19:14 283 283 283 283 283 283 283 283 
17:20:14 283 283 283 283 283 283 283 283 
17:21:14 283 283 283 283 283 283 283 283 
17:22:14 283 283 283 283 283 283 283 283 
17:23:14 283 283 283 283 283 283 283 283 
17:24:14 283 283 283 283 283 283 283 283 
17:25:14 283 283 283 283 283 283 283 283 
17:26:14 283 283 283 283 283 283 283 283 
17:27:15 283 283 283 283 283 283 283 283 
17:28:15 283 283 283 283 283 283 283 283 
17:29:15 283 283 283 283 283 283 283 283 
17:30:15 283 283 283 283 283 283 283 283 
17:31:15 283 283 283 283 283 283 283 283 
17:32:15 283 283 283 283 283 283 283 283 
17:33:15 283 283 283 283 283 283 283 283 
17:34:15 283 283 283 283 283 283 283 283 
17:35:15 283 283 283 283 283 283 283 283 
17:36:15 283 283 283 283 283 283 283 283 
17:37:15 283 283 283 283 283 283 283 283 
17:38:15 283 283 283 283 283 283 283 283 
17:39:15 283 283 283 283 283 283 283 283 
sleep: write error: Disk quota exceeded
17:46:16 283 283 283 283 283 283 283 283 
17:47:16 283 283 283 283 283 283 283 283 
17:48:16 283 283 283 283 283 283 283 283 
17:49:16 283 283 283 283 283 283 283 283 
17:50:16 283 283 283 283 283 283 283 283 
17:51:16 283 283 283 283 283 283 283 283 
17:52:16 283 283 283 283 283 283 283 283 
17:53:16 283 283 283 283 283 283 283 283 
17:54:16 283 283 283 283 283 283 283 283 
17:55:16 283 283 283 283 283 283 283 283 
17:56:17 283 283 283 283 283 283 283 283 
17:57:17 283 283 283 283 283 283 283 283 
17:58:17 283 283 283 283 283 283 283 283 
17:59:17 283 283 283 283 283 283 283 283 
18:00:17 283 283 283 283 283 283 283 283 
18:01:17 283 283 283 283 283 283 283 283 
18:02:17 283 283 283 283 283 283 283 283 
18:03:17 283 283 283 283 283 283 283 283 
18:04:17 283 283 283 283 283 283 283 283 
18:05:17 283 283 283 283 283 283 283 283 
18:06:17 283 283 283 283 283 283 283 283 
18:07:17 283 283 283 283 283 283 283 283 
18:08:17 283 283 283 283 283 283 283 283 
18:09:17 283 283 283 283 283 283 283 283 
18:10:17 283 283 283 283 283 283 283 283 
18:11:18 283 283 283 283 283 283 283 283 
18:12:18 283 283 283 283 283 283 283 283 
18:13:18 283 283 283 283 283 283 283 283 
18:14:18 283 283 283 283 283 283 283 283 
18:15:18 283 283 283 283 283 283 283 283 
18:16:18 283 283 283 283 283 283 283 283 
18:17:18 283 283 283 283 283 283 283 283 
18:18:18 283 283 283 283 283 283 283 283 
18:19:18 283 283 283 283 283 283 283 283 
18:20:18 283 283 283 283 283 283 283 283 
18:21:18 283 283 283 283 283 283 283 283 
18:22:18 283 283 283 283 283 283 283 283 
18:23:18 283 283 283 283 283 283 283 283 
18:24:18 283 283 283 283 283 283 283 283 
18:25:18 283 283 283 283 283 283 283 283 
18:26:19 283 283 283 283 283 283 283 283 
18:27:19 283 283 283 283 283 283 283 283 
18:28:19 283 283 283 283 283 283 283 283 
18:29:19 283 283 283 283 283 283 283 283 
18:30:19 283 283 283 283 283 283 283 283 
18:31:19 283 283 283 283 283 283 283 283 
18:32:19 283 283 283 283 283 283 283 283 
18:33:19 283 283 283 283 283 283 283 283 
18:34:19 283 283 283 283 283 283 283 283 
18:35:19 283 283 283 283 283 283 283 283 
18:36:19 283 283 283 283 283 283 283 283 
18:37:19 283 283 283 283 283 283 283 283 
18:38:19 283 283 283 283 283 283 283 283 
18:39:19 283 283 283 283 283 283 283 283 
18:40:19 283 283 283 283 283 283 283 283 
18:41:20 283 283 283 283 283 283 283 283 
18:42:20 283 283 283 283 283 283 283 283 
18:43:20 283 283 283 283 283 283 283 283 
18:44:20 283 283 283 283 283 283 283 283 
18:45:20 283 283 283 283 283 283 283 283 
18:46:20 283 283 283 283 283 283 283 283 
18:47:20 283 283 283 283 283 283 283 283 
18:48:20 283 283 283 283 283 283 283 283 
18:49:20 283 283 283 283 283 283 283 283 
18:50:20 283 283 283 283 283 283 283 283 
18:51:20 283 283 283 283 283 283 283 283 
18:52:20 283 283 283 283 283 283 283 283 
18:53:20 283 283 283 283 283 283 283 283 
18:54:20 283 283 283 283 283 283 283 283 
18:55:20 283 283 283 283 283 283 283 283 
18:56:21 283 283 283 283 283 283 283 283 
18:57:21 283 283 283 283 283 283 283 283 
18:58:21 283 283 283 283 283 283 283 283 
18:59:21 283 283 283 283 283 283 283 283 
19:00:21 283 283 283 283 283 283 283 283 
19:01:21 283 283 283 283 283 283 283 283 
19:02:21 283 283 283 283 283 283 283 283 
19:03:21 283 283 283 283 283 283 283 283 
19:04:21 283 283 283 283 283 283 283 283 
19:05:21 283 283 283 283 283 283 283 283 
19:06:21 283 283 283 283 283 283 283 283 
19:07:21 283 283 283 283 283 283 283 283 
19:08:21 283 283 283 283 283 283 283 283 
19:09:21 283 283 283 283 283 283 283 283 
19:10:21 283 283 283 283 283 283 283 283 
19:11:22 283 283 283 283 283 283 283 283 
19:12:22 283 283 283 283 283 283 283 283 
19:13:22 283 283 283 283 283 283 283 283 
19:14:22 283 283 283 283 283 283 283 283 
19:15:22 283 283 283 283 283 283 283 283 
19:16:22 283 283 283 283 283 283 283 283 
19:17:22 283 283 283 283 283 283 283 283 
19:18:22 283 283 283 283 283 283 283 283 
19:19:22 283 283 283 283 283 283 283 283 
19:20:22 283 283 283 283 283 283 283 283 
19:21:22 283 283 283 283 283 283 283 283 
19:22:22 283 283 283 283 283 283 283 283 
19:23:22 283 283 283 283 283 283 283 283 
19:24:22 283 283 283 283 283 283 283 283 
19:25:22 283 283 283 283 283 283 283 283 
19:26:23 283 283 283 283 283 283 283 283 
19:27:23 283 283 283 283 283 283 283 283 
19:28:23 283 283 283 283 283 283 283 283 
19:29:23 283 283 283 283 283 283 283 283 
19:30:23 283 283 283 283 283 283 283 283 
19:31:23 283 283 283 283 283 283 283 283 
19:32:23 283 283 283 283 283 283 283 283 
19:33:23 283 283 283 283 283 283 283 283 
19:34:23 283 283 283 283 283 283 283 283 
19:35:23 283 283 283 283 283 283 283 283 
19:36:23 283 283 283 283 283 283 283 283 
19:37:23 283 283 283 283 283 283 283 283 
19:38:23 283 283 283 283 283 283 283 283 
19:39:23 283 283 283 283 283 283 283 283 
19:40:23 283 283 283 283 283 283 283 283 
19:41:24 283 283 283 283 283 283 283 283 
19:42:24 283 283 283 283 283 283 283 283 
19:43:24 283 283 283 283 283 283 283 283 
19:44:24 283 283 283 283 283 283 283 283 
19:45:24 283 283 283 283 283 283 283 283 
19:46:24 283 283 283 283 283 283 283 283 
19:47:24 283 283 283 283 283 283 283 283 
19:48:24 283 283 283 283 283 283 283 283 
19:49:24 283 283 283 283 283 283 283 283 
19:50:24 283 283 283 283 283 283 283 283 
19:51:24 283 283 283 283 283 283 283 283 
19:52:24 283 283 283 283 283 283 283 283 
19:53:24 283 283 283 283 283 283 283 283 
19:54:24 283 283 283 283 283 283 283 283 
19:55:24 283 283 283 283 283 283 283 283 
19:56:25 283 283 283 283 283 283 283 283 
19:57:25 283 283 283 283 283 283 283 283 
19:58:25 283 283 283 283 283 283 283 283 
19:59:25 283 283 283 283 283 283 283 283 
20:00:25 283 283 283 283 283 283 283 283 
20:01:25 283 283 283 283 283 283 283 283 
20:02:25 283 283 283 283 283 283 283 283 
20:03:25 283 283 283 283 283 283 283 283 
20:04:25 283 283 283 283 283 283 283 283 
20:05:25 283 283 283 283 283 283 283 283 
20:06:25 283 283 283 283 283 283 283 283 
20:07:25 283 283 283 283 283 283 283 283 
20:08:25 283 283 283 283 283 283 283 283 
20:09:25 283 283 283 283 283 283 283 283 
20:10:25 283 283 283 283 283 283 283 283 
20:11:26 283 283 283 283 283 283 283 283 
20:12:26 283 283 283 283 283 283 283 283 
20:13:26 283 283 283 283 283 283 283 283 
20:14:26 283 283 283 283 283 283 283 283 
20:15:26 283 283 283 283 283 283 283 283 
20:16:26 283 283 283 283 283 283 283 283 
20:17:26 283 283 283 283 283 283 283 283 
20:18:26 283 283 283 283 283 283 283 283 
20:19:26 283 283 283 283 283 283 283 283 
20:20:26 283 283 283 283 283 283 283 283 
20:21:26 283 283 283 283 283 283 283 283 
20:22:26 283 283 283 283 283 283 283 283 
20:23:26 283 283 283 283 283 283 283 283 
20:24:26 283 283 283 283 283 283 283 283 
20:25:26 283 283 283 283 283 283 283 283 
20:26:27 283 283 283 283 283 283 283 283 
20:27:27 283 283 283 283 283 283 283 283 
20:28:27 283 283 283 283 283 283 283 283 
20:29:27 283 283 283 283 283 283 283 283 
20:30:27 283 283 283 283 283 283 283 283 
20:31:27 283 283 283 283 283 283 283 283 
20:32:27 283 283 283 283 283 283 283 283 
20:33:27 283 283 283 283 283 283 283 283 
20:34:27 283 283 283 283 283 283 283 283 
20:35:27 283 283 283 283 283 283 283 283 
20:36:27 283 283 283 283 283 283 283 283 
20:37:27 283 283 283 283 283 283 283 283 
20:38:27 283 283 283 283 283 283 283 283 
20:39:27 283 283 283 283 283 283 283 283 
20:40:27 283 283 283 283 283 283 283 283 
20:41:28 283 283 283 283 283 283 283 283 
20:42:28 283 283 283 283 283 283 283 283 
20:43:28 283 283 283 283 283 283 283 283 
20:44:28 283 283 283 283 283 283 283 283 
20:45:28 283 283 283 283 283 283 283 283 
20:46:28 283 283 283 283 283 283 283 283 
20:47:28 283 283 283 283 283 283 283 283 
20:48:28 283 283 283 283 283 283 283 283 
20:49:28 283 283 283 283 283 283 283 283 
20:50:28 283 283 283 283 283 283 283 283 
20:51:28 283 283 283 283 283 283 283 283 
20:52:28 283 283 283 283 283 283 283 283 
20:53:28 283 283 283 283 283 283 283 283 
20:54:28 283 283 283 283 283 283 283 283 
20:55:28 283 283 283 283 283 283 283 283 
20:56:29 283 283 283 283 283 283 283 283 
20:57:29 283 283 283 283 283 283 283 283 
20:58:29 283 283 283 283 283 283 283 283 
20:59:29 283 283 283 283 283 283 283 283 
21:00:29 283 283 283 283 283 283 283 283 
21:01:29 283 283 283 283 283 283 283 283 
21:02:29 283 283 283 283 283 283 283 283 
21:03:29 283 283 283 283 283 283 283 283 
21:04:29 283 283 283 283 283 283 283 283 
21:05:29 283 283 283 283 283 283 283 283 
21:06:29 283 283 283 283 283 283 283 283 
21:07:29 283 283 283 283 283 283 283 283 
21:08:29 283 283 283 283 283 283 283 283 
21:09:29 283 283 283 283 283 283 283 283 
21:10:30 283 283 283 283 283 283 283 283 
21:11:30 283 283 283 283 283 283 283 283 
21:12:30 283 283 283 283 283 283 283 283 
21:13:30 283 283 283 283 283 283 283 283 
21:14:30 283 283 283 283 283 283 283 283 
21:15:30 283 283 283 283 283 283 283 283 
21:16:30 283 283 283 283 283 283 283 283 
21:17:30 283 283 283 283 283 283 283 283 
21:18:30 283 283 283 283 283 283 283 283 
21:19:30 283 283 283 283 283 283 283 283 
21:20:30 283 283 283 283 283 283 283 283 
21:21:30 283 283 283 283 283 283 283 283 
21:22:30 283 283 283 283 283 283 283 283 
21:23:30 283 283 283 283 283 283 283 283 
21:24:30 283 283 283 283 283 283 283 283 
21:25:31 283 283 283 283 283 283 283 283 
21:26:31 283 283 283 283 283 283 283 283 
21:27:31 283 283 283 283 283 283 283 283 
21:28:31 283 283 283 283 283 283 283 283 
21:29:31 283 283 283 283 283 283 283 283 
21:30:31 283 283 283 283 283 283 283 283 
21:31:31 283 283 283 283 283 283 283 283 
21:32:31 283 283 283 283 283 283 283 283 
21:33:31 283 283 283 283 283 283 283 283 
21:34:31 283 283 283 283 283 283 283 283 
21:35:31 283 283 283 283 283 283 283 283 
21:36:31 283 283 283 283 283 283 283 283 
21:37:31 283 283 283 283 283 283 283 283 
21:38:31 283 283 283 283 283 283 283 283 
21:39:31 283 283 283 283 283 283 283 283 
21:40:32 283 283 283 283 283 283 283 283 
21:41:32 283 283 283 283 283 283 283 283 
21:42:32 283 283 283 283 283 283 283 283 
21:43:32 283 283 283 283 283 283 283 283 
21:44:32 283 283 283 283 283 283 283 283 
21:45:32 283 283 283 283 283 283 283 283 
21:46:32 283 283 283 283 283 283 283 283 
21:47:32 283 283 283 283 283 283 283 283 
21:48:32 283 283 283 283 283 283 283 283 
21:49:32 283 283 283 283 283 283 283 283 
21:50:32 283 283 283 283 283 283 283 283 
21:51:32 283 283 283 283 283 283 283 283 
21:52:32 283 283 283 283 283 283 283 283 
21:53:32 283 283 283 283 283 283 283 283 
21:54:32 283 283 283 283 283 283 283 283 
21:55:33 283 283 283 283 283 283 283 283 
21:56:33 283 283 283 283 283 283 283 283 
21:57:33 283 283 283 283 283 283 283 283 
21:58:33 283 283 283 283 283 283 283 283 
21:59:33 283 283 283 283 283 283 283 283 
22:00:33 283 283 283 283 283 283 283 283 
22:01:33 283 283 283 283 283 283 283 283 
22:02:33 283 283 283 283 283 283 283 283 
22:03:33 283 283 283 283 283 283 283 283 
22:04:33 283 283 283 283 283 283 283 283 
22:05:33 283 283 283 283 283 283 283 283 
22:06:33 283 283 283 283 283 283 283 283 
22:07:33 283 283 283 283 283 283 283 283 
22:08:33 283 283 283 283 283 283 283 283 
22:09:33 283 283 283 283 283 283 283 283 
22:10:34 283 283 283 283 283 283 283 283 
22:11:34 283 283 283 283 283 283 283 283 
22:12:34 283 283 283 283 283 283 283 283 
22:13:34 283 283 283 283 283 283 283 283 
22:14:34 283 283 283 283 283 283 283 283 
22:15:34 283 283 283 283 283 283 283 283 
22:16:34 283 283 283 283 283 283 283 283 
22:17:34 283 283 283 283 283 283 283 283 
22:18:34 283 283 283 283 283 283 283 283 
22:19:34 283 283 283 283 283 283 283 283 
22:20:34 283 283 283 283 283 283 283 283 
22:21:34 283 283 283 283 283 283 283 283 
22:22:34 283 283 283 283 283 283 283 283 
22:23:34 283 283 283 283 283 283 283 283 
22:24:35 283 283 283 283 283 283 283 283 
22:25:35 283 283 283 283 283 283 283 283 
22:26:35 283 283 283 283 283 283 283 283 
22:27:35 283 283 283 283 283 283 283 283 
22:28:35 283 283 283 283 283 283 283 283 
22:29:35 283 283 283 283 283 283 283 283 
22:30:35 283 283 283 283 283 283 283 283 
22:31:35 283 283 283 283 283 283 283 283 
22:32:35 283 283 283 283 283 283 283 283 
22:33:35 283 283 283 283 283 283 283 283 
22:34:35 283 283 283 283 283 283 283 283 
22:35:35 283 283 283 283 283 283 283 283 
22:36:35 283 283 283 283 283 283 283 283 
22:37:35 283 283 283 283 283 283 283 283 
22:38:35 283 283 283 283 283 283 283 283 
22:39:36 283 283 283 283 283 283 283 283 
22:40:36 283 283 283 283 283 283 283 283 
22:41:36 283 283 283 283 283 283 283 283 
22:42:36 283 283 283 283 283 283 283 283 
22:43:36 283 283 283 283 283 283 283 283 
22:44:36 283 283 283 283 283 283 283 283 
22:45:36 283 283 283 283 283 283 283 283 
22:46:36 283 283 283 283 283 283 283 283 
22:47:36 283 283 283 283 283 283 283 283 
22:48:36 283 283 283 283 283 283 283 283 
22:49:36 283 283 283 283 283 283 283 283 
22:50:36 283 283 283 283 283 283 283 283 
22:51:36 283 283 283 283 283 283 283 283 
22:52:36 283 283 283 283 283 283 283 283 
22:53:36 283 283 283 283 283 283 283 283 
22:54:37 283 283 283 283 283 283 283 283 
22:55:37 283 283 283 283 283 283 283 283 
22:56:37 283 283 283 283 283 283 283 283 
22:57:37 283 283 283 283 283 283 283 283 
22:58:37 283 283 283 283 283 283 283 283 
22:59:37 283 283 283 283 283 283 283 283 
23:00:37 283 283 283 283 283 283 283 283 
23:01:37 283 283 283 283 283 283 283 283 
23:02:37 283 283 283 283 283 283 283 283 
23:03:37 283 283 283 283 283 283 283 283 
23:04:37 283 283 283 283 283 283 283 283 
23:05:37 283 283 283 283 283 283 283 283 
23:06:37 283 283 283 283 283 283 283 283 
23:07:37 283 283 283 283 283 283 283 283 
23:08:37 283 283 283 283 283 283 283 283 
23:09:38 283 283 283 283 283 283 283 283 
23:10:38 283 283 283 283 283 283 283 283 
23:11:38 283 283 283 283 283 283 283 283 
23:12:38 283 283 283 283 283 283 283 283 
23:13:38 283 283 283 283 283 283 283 283 
23:14:38 283 283 283 283 283 283 283 283 
23:15:38 283 283 283 283 283 283 283 283 
23:16:38 283 283 283 283 283 283 283 283 
23:17:38 283 283 283 283 283 283 283 283 
23:18:38 283 283 283 283 283 283 283 283 
23:19:38 283 283 283 283 283 283 283 283 
23:20:38 283 283 283 283 283 283 283 283 
23:21:38 283 283 283 283 283 283 283 283 
23:22:38 283 283 283 283 283 283 283 283 
23:23:39 283 283 283 283 283 283 283 283 
23:24:39 283 283 283 283 283 283 283 283 
23:25:39 283 283 283 283 283 283 283 283 
23:26:39 283 283 283 283 283 283 283 283 
23:27:39 283 283 283 283 283 283 283 283 
23:28:39 283 283 283 283 283 283 283 283 
23:29:39 283 283 283 283 283 283 283 283 
23:30:39 283 283 283 283 283 283 283 283 
23:31:39 283 283 283 283 283 283 283 283 
23:32:39 283 283 283 283 283 283 283 283 
23:33:39 283 283 283 283 283 283 283 283 
23:34:39 283 283 283 283 283 283 283 283 
23:35:39 283 283 283 283 283 283 283 283 
23:36:39 283 283 283 283 283 283 283 283 
23:37:40 283 283 283 283 283 283 283 283 
23:38:40 283 283 283 283 283 283 283 283 
23:39:40 283 283 283 283 283 283 283 283 
23:40:40 283 283 283 283 283 283 283 283 
23:41:40 283 283 283 283 283 283 283 283 
23:42:40 283 283 283 283 283 283 283 283 
23:43:40 283 283 283 283 283 283 283 283 
23:44:40 283 283 283 283 283 283 283 283 
23:45:40 283 283 283 283 283 283 283 283 
23:46:40 283 283 283 283 283 283 283 283 
23:47:40 283 283 283 283 283 283 283 283 
23:48:40 283 283 283 283 283 283 283 283 
23:49:40 283 283 283 283 283 283 283 283 
23:50:40 283 283 283 283 283 283 283 283 
23:51:40 283 283 283 283 283 283 283 283 
23:52:41 283 283 283 283 283 283 283 283 
23:53:41 283 283 283 283 283 283 283 283 
23:54:41 283 283 283 283 283 283 283 283 
23:55:41 283 283 283 283 283 283 283 283 
23:56:41 283 283 283 283 283 283 283 283 
23:57:41 283 283 283 283 283 283 283 283 
23:58:41 283 283 283 283 283 283 283 283 
23:59:41 283 283 283 283 283 283 283 283 
00:00:41 283 283 283 283 283 283 283 283 
00:01:41 283 283 283 283 283 283 283 283 
00:02:41 283 283 283 283 283 283 283 283 
00:03:41 283 283 283 283 283 283 283 283 
00:04:41 283 283 283 283 283 283 283 283 
00:05:41 283 283 283 283 283 283 283 283 
00:06:42 283 283 283 283 283 283 283 283 
00:07:42 283 283 283 283 283 283 283 283 
00:08:42 283 283 283 283 283 283 283 283 
00:09:42 283 283 283 283 283 283 283 283 
00:10:42 283 283 283 283 283 283 283 283 
00:11:42 283 283 283 283 283 283 283 283 
00:12:42 283 283 283 283 283 283 283 283 
00:13:42 283 283 283 283 283 283 283 283 
00:14:42 283 283 283 283 283 283 283 283 
00:15:42 283 283 283 283 283 283 283 283 
00:16:42 283 283 283 283 283 283 283 283 
00:17:42 283 283 283 283 283 283 283 283 
00:18:42 283 283 283 283 283 283 283 283 
00:19:42 283 283 283 283 283 283 283 283 
00:20:42 283 283 283 283 283 283 283 283 
00:21:43 283 283 283 283 283 283 283 283 
00:22:43 283 283 283 283 283 283 283 283 
00:23:43 283 283 283 283 283 283 283 283 
00:24:43 283 283 283 283 283 283 283 283 
00:25:43 283 283 283 283 283 283 283 283 
00:26:43 283 283 283 283 283 283 283 283 
00:27:43 283 283 283 283 283 283 283 283 
00:28:43 283 283 283 283 283 283 283 283 
00:29:43 283 283 283 283 283 283 283 283 
00:30:43 283 283 283 283 283 283 283 283 
00:31:43 283 283 283 283 283 283 283 283 
00:32:43 283 283 283 283 283 283 283 283 
00:33:43 283 283 283 283 283 283 283 283 
00:34:44 283 283 283 283 283 283 283 283 
00:35:44 283 283 283 283 283 283 283 283 
00:36:44 283 283 283 283 283 283 283 283 
00:37:44 283 283 283 283 283 283 283 283 
00:38:44 283 283 283 283 283 283 283 283 
00:39:44 283 283 283 283 283 283 283 283 
00:40:44 283 283 283 283 283 283 283 283 
00:41:44 283 283 283 283 283 283 283 283 
00:42:44 283 283 283 283 283 283 283 283 
00:43:44 283 283 283 283 283 283 283 283 
00:44:44 283 283 283 283 283 283 283 283 
00:45:44 283 283 283 283 283 283 283 283 
00:46:44 283 283 283 283 283 283 283 283 
00:47:44 283 283 283 283 283 283 283 283 
00:48:44 283 283 283 283 283 283 283 283 
00:49:45 283 283 283 283 283 283 283 283 
00:50:45 283 283 283 283 283 283 283 283 
00:51:45 283 283 283 283 283 283 283 283 
00:52:45 283 283 283 283 283 283 283 283 
00:53:45 283 283 283 283 283 283 283 283 
00:54:45 283 283 283 283 283 283 283 283 
00:55:45 283 283 283 283 283 283 283 283 
00:56:45 283 283 283 283 283 283 283 283 
00:57:45 283 283 283 283 283 283 283 283 
00:58:45 283 283 283 283 283 283 283 283 
00:59:45 283 283 283 283 283 283 283 283 
01:00:45 283 283 283 283 283 283 283 283 
01:01:45 283 283 283 283 283 283 283 283 
01:02:45 283 283 283 283 283 283 283 283 
01:03:46 283 283 283 283 283 283 283 283 
01:04:46 283 283 283 283 283 283 283 283 
01:05:46 283 283 283 283 283 283 283 283 
01:06:46 283 283 283 283 283 283 283 283 
01:07:46 283 283 283 283 283 283 283 283 
01:08:46 283 283 283 283 283 283 283 283 
01:09:46 283 283 283 283 283 283 283 283 
01:10:46 283 283 283 283 283 283 283 283 
01:11:46 283 283 283 283 283 283 283 283 
01:12:46 283 283 283 283 283 283 283 283 
01:13:46 283 283 283 283 283 283 283 283 
01:14:46 283 283 283 283 283 283 283 283 
01:15:46 283 283 283 283 283 283 283 283 
01:16:46 283 283 283 283 283 283 283 283 
01:17:46 283 283 283 283 283 283 283 283 
01:18:47 283 283 283 283 283 283 283 283 
01:19:47 283 283 283 283 283 283 283 283 
01:20:47 283 283 283 283 283 283 283 283 
01:21:47 283 283 283 283 283 283 283 283 
01:22:47 283 283 283 283 283 283 283 283 
01:23:47 283 283 283 283 283 283 283 283 
01:24:47 283 283 283 283 283 283 283 283 
01:25:47 283 283 283 283 283 283 283 283 
01:26:47 283 283 283 283 283 283 283 283 
01:27:47 283 283 283 283 283 283 283 283 
01:28:47 283 283 283 283 283 283 283 283 
01:29:47 283 283 283 283 283 283 283 283 
01:30:47 283 283 283 283 283 283 283 283 
01:31:47 283 283 283 283 283 283 283 283 
01:32:47 283 283 283 283 283 283 283 283 
01:33:48 283 283 283 283 283 283 283 283 
01:34:48 283 283 283 283 283 283 283 283 
01:35:48 283 283 283 283 283 283 283 283 
01:36:48 283 283 283 283 283 283 283 283 
01:37:48 283 283 283 283 283 283 283 283 
01:38:48 283 283 283 283 283 283 283 283 
01:39:48 283 283 283 283 283 283 283 283 
01:40:48 283 283 283 283 283 283 283 283 
01:41:48 283 283 283 283 283 283 283 283 
01:42:48 283 283 283 283 283 283 283 283 
01:43:48 283 283 283 283 283 283 283 283 
01:44:48 283 283 283 283 283 283 283 283 
01:45:48 283 283 283 283 283 283 283 283 
01:46:48 283 283 283 283 283 283 283 283 
01:47:49 283 283 283 283 283 283 283 283 
01:48:49 283 283 283 283 283 283 283 283 
01:49:49 283 283 283 283 283 283 283 283 
01:50:49 283 283 283 283 283 283 283 283 
01:51:49 283 283 283 283 283 283 283 283 
01:52:49 283 283 283 283 283 283 283 283 
01:53:49 283 283 283 283 283 283 283 283 
01:54:49 283 283 283 283 283 283 283 283 
01:55:49 283 283 283 283 283 283 283 283 
01:56:49 283 283 283 283 283 283 283 283 
01:57:49 283 283 283 283 283 283 283 283 
01:58:49 283 283 283 283 283 283 283 283 
01:59:49 283 283 283 283 283 283 283 283 
02:00:49 283 283 283 283 283 283 283 283 
02:01:49 283 283 283 283 283 283 283 283 
02:02:50 283 283 283 283 283 283 283 283 
02:03:50 283 283 283 283 283 283 283 283 
02:04:50 283 283 283 283 283 283 283 283 
02:05:50 283 283 283 283 283 283 283 283 
02:06:50 283 283 283 283 283 283 283 283 
02:07:50 283 283 283 283 283 283 283 283 
02:08:50 283 283 283 283 283 283 283 283 
02:09:50 283 283 283 283 283 283 283 283 
02:10:50 283 283 283 283 283 283 283 283 
02:11:50 283 283 283 283 283 283 283 283 
02:12:50 283 283 283 283 283 283 283 283 
02:13:50 283 283 283 283 283 283 283 283 
02:14:50 283 283 283 283 283 283 283 283 
02:15:50 283 283 283 283 283 283 283 283 
02:16:50 283 283 283 283 283 283 283 283 
02:17:51 283 283 283 283 283 283 283 283 
02:18:51 283 283 283 283 283 283 283 283 
02:19:51 283 283 283 283 283 283 283 283 
02:20:51 283 283 283 283 283 283 283 283 
02:21:51 283 283 283 283 283 283 283 283 
02:22:51 283 283 283 283 283 283 283 283 
02:23:51 283 283 283 283 283 283 283 283 
02:24:51 283 283 283 283 283 283 283 283 
02:25:51 283 283 283 283 283 283 283 283 
02:26:51 283 283 283 283 283 283 283 283 
02:27:51 283 283 283 283 283 283 283 283 
02:28:51 283 283 283 283 283 283 283 283 
02:29:51 283 283 283 283 283 283 283 283 
02:30:51 283 283 283 283 283 283 283 283 
02:31:51 283 283 283 283 283 283 283 283 
02:32:52 283 283 283 283 283 283 283 283 
02:33:52 283 283 283 283 283 283 283 283 
02:34:52 283 283 283 283 283 283 283 283 
02:35:52 283 283 283 283 283 283 283 283 
02:36:52 283 283 283 283 283 283 283 283 
02:37:52 283 283 283 283 283 283 283 283 
02:38:52 283 283 283 283 283 283 283 283 
02:39:52 283 283 283 283 283 283 283 283 
02:40:52 283 283 283 283 283 283 283 283 
02:41:52 283 283 283 283 283 283 283 283 
02:42:52 283 283 283 283 283 283 283 283 
02:43:52 283 283 283 283 283 283 283 283 
02:44:52 283 283 283 283 283 283 283 283 
02:45:52 283 283 283 283 283 283 283 283 
02:46:52 283 283 283 283 283 283 283 283 
02:47:53 283 283 283 283 283 283 283 283 
02:48:53 283 283 283 283 283 283 283 283 
02:49:53 283 283 283 283 283 283 283 283 
02:50:53 283 283 283 283 283 283 283 283 
02:51:53 283 283 283 283 283 283 283 283 
02:52:53 283 283 283 283 283 283 283 283 
02:53:53 283 283 283 283 283 283 283 283 
02:54:53 283 283 283 283 283 283 283 283 
02:55:53 283 283 283 283 283 283 283 283 
02:56:53 283 283 283 283 283 283 283 283 
02:57:53 283 283 283 283 283 283 283 283 
02:58:53 283 283 283 283 283 283 283 283 
02:59:53 283 283 283 283 283 283 283 283 
03:00:53 283 283 283 283 283 283 283 283 
03:01:53 283 283 283 283 283 283 283 283 
03:02:54 283 283 283 283 283 283 283 283 
03:03:54 283 283 283 283 283 283 283 283 
03:04:54 283 283 283 283 283 283 283 283 
03:05:54 283 283 283 283 283 283 283 283 
03:06:54 283 283 283 283 283 283 283 283 
03:07:54 283 283 283 283 283 283 283 283 
03:08:54 283 283 283 283 283 283 283 283 
03:09:54 283 283 283 283 283 283 283 283 
03:10:54 283 283 283 283 283 283 283 283 
03:11:54 283 283 283 283 283 283 283 283 
03:12:54 283 283 283 283 283 283 283 283 
03:13:54 283 283 283 283 283 283 283 283 
03:14:54 283 283 283 283 283 283 283 283 
03:15:54 283 283 283 283 283 283 283 283 
03:16:55 283 283 283 283 283 283 283 283 
03:17:55 283 283 283 283 283 283 283 283 
03:18:55 283 283 283 283 283 283 283 283 
03:19:55 283 283 283 283 283 283 283 283 
03:20:55 283 283 283 283 283 283 283 283 
03:21:55 283 283 283 283 283 283 283 283 
03:22:55 283 283 283 283 283 283 283 283 
03:23:55 283 283 283 283 283 283 283 283 
03:24:55 283 283 283 283 283 283 283 283 
03:25:55 283 283 283 283 283 283 283 283 
03:26:55 283 283 283 283 283 283 283 283 
03:27:55 283 283 283 283 283 283 283 283 
03:28:55 283 283 283 283 283 283 283 283 
03:29:55 283 283 283 283 283 283 283 283 
03:30:55 283 283 283 283 283 283 283 283 
03:31:56 283 283 283 283 283 283 283 283 
03:32:56 283 283 283 283 283 283 283 283 
03:33:56 283 283 283 283 283 283 283 283 
03:34:56 283 283 283 283 283 283 283 283 
03:35:56 283 283 283 283 283 283 283 283 
03:36:56 283 283 283 283 283 283 283 283 
03:37:56 283 283 283 283 283 283 283 283 
03:38:56 283 283 283 283 283 283 283 283 
03:39:56 283 283 283 283 283 283 283 283 
03:40:56 283 283 283 283 283 283 283 283 
03:41:56 283 283 283 283 283 283 283 283 
03:42:56 283 283 283 283 283 283 283 283 
03:43:56 283 283 283 283 283 283 283 283 
03:44:56 283 283 283 283 283 283 283 283 
03:45:56 283 283 283 283 283 283 283 283 
03:46:57 283 283 283 283 283 283 283 283 
03:47:57 283 283 283 283 283 283 283 283 
03:48:57 283 283 283 283 283 283 283 283 
03:49:57 283 283 283 283 283 283 283 283 
03:50:57 283 283 283 283 283 283 283 283 
03:51:57 283 283 283 283 283 283 283 283 
03:52:57 283 283 283 283 283 283 283 283 
03:53:57 283 283 283 283 283 283 283 283 
03:54:57 283 283 283 283 283 283 283 283 
03:55:57 283 283 283 283 283 283 283 283 
03:56:57 283 283 283 283 283 283 283 283 
03:57:57 283 283 283 283 283 283 283 283 
03:58:57 283 283 283 283 283 283 283 283 
03:59:57 283 283 283 283 283 283 283 283 
04:00:57 283 283 283 283 283 283 283 283 
04:01:58 283 283 283 283 283 283 283 283 
04:02:58 283 283 283 283 283 283 283 283 
04:03:58 283 283 283 283 283 283 283 283 
04:04:58 283 283 283 283 283 283 283 283 
04:05:58 283 283 283 283 283 283 283 283 
04:06:58 283 283 283 283 283 283 283 283 
04:07:58 283 283 283 283 283 283 283 283 
04:08:58 283 283 283 283 283 283 283 283 
04:09:58 283 283 283 283 283 283 283 283 
04:10:58 283 283 283 283 283 283 283 283 
04:11:58 283 283 283 283 283 283 283 283 
04:12:58 283 283 283 283 283 283 283 283 
04:13:58 283 283 283 283 283 283 283 283 
04:14:58 283 283 283 283 283 283 283 283 
04:15:59 283 283 283 283 283 283 283 283 
04:16:59 283 283 283 283 283 283 283 283 
04:17:59 283 283 283 283 283 283 283 283 
04:18:59 283 283 283 283 283 283 283 283 
04:19:59 283 283 283 283 283 283 283 283 
04:20:59 283 283 283 283 283 283 283 283 
04:21:59 283 283 283 283 283 283 283 283 
04:22:59 283 283 283 283 283 283 283 283 
04:23:59 283 283 283 283 283 283 283 283 
04:24:59 283 283 283 283 283 283 283 283 
04:25:59 283 283 283 283 283 283 283 283 
04:26:59 283 283 283 283 283 283 283 283 
04:27:59 283 283 283 283 283 283 283 283 
04:28:59 283 283 283 283 283 283 283 283 
04:29:59 283 283 283 283 283 283 283 283 
04:31:00 283 283 283 283 283 283 283 283 
04:32:00 283 283 283 283 283 283 283 283 
04:33:00 283 283 283 283 283 283 283 283 
04:34:00 283 283 283 283 283 283 283 283 
04:35:00 283 283 283 283 283 283 283 283 
04:36:00 283 283 283 283 283 283 283 283 
04:37:00 283 283 283 283 283 283 283 283 
04:38:00 283 283 283 283 283 283 283 283 
04:39:00 283 283 283 283 283 283 283 283 
04:40:00 283 283 283 283 283 283 283 283 
04:41:00 283 283 283 283 283 283 283 283 
04:42:00 283 283 283 283 283 283 283 283 
04:43:00 283 283 283 283 283 283 283 283 
04:44:00 283 283 283 283 283 283 283 283 
04:45:01 283 283 283 283 283 283 283 283 
04:46:01 283 283 283 283 283 283 283 283 
04:47:01 283 283 283 283 283 283 283 283 
04:48:01 283 283 283 283 283 283 283 283 
04:49:01 283 283 283 283 283 283 283 283 
04:50:01 283 283 283 283 283 283 283 283 
04:51:01 283 283 283 283 283 283 283 283 
04:52:01 283 283 283 283 283 283 283 283 
04:53:01 283 283 283 283 283 283 283 283 
04:54:01 283 283 283 283 283 283 283 283 
04:55:01 283 283 283 283 283 283 283 283 
04:56:01 283 283 283 283 283 283 283 283 
04:57:01 283 283 283 283 283 283 283 283 
04:58:01 283 283 283 283 283 283 283 283 
04:59:01 283 283 283 283 283 283 283 283 
05:00:02 283 283 283 283 283 283 283 283 
05:01:02 283 283 283 283 283 283 283 283 
05:02:02 283 283 283 283 283 283 283 283 
05:03:02 283 283 283 283 283 283 283 283 
05:04:02 283 283 283 283 283 283 283 283 
05:05:02 283 283 283 283 283 283 283 283 
05:06:02 283 283 283 283 283 283 283 283 
05:07:02 283 283 283 283 283 283 283 283 
05:08:02 283 283 283 283 283 283 283 283 
05:09:02 283 283 283 283 283 283 283 283 
05:10:02 283 283 283 283 283 283 283 283 
05:11:02 283 283 283 283 283 283 283 283 
05:12:02 283 283 283 283 283 283 283 283 
05:13:02 283 283 283 283 283 283 283 283 
05:14:02 283 283 283 283 283 283 283 283 
05:15:03 283 283 283 283 283 283 283 283 
05:16:03 283 283 283 283 283 283 283 283 
05:17:03 283 283 283 283 283 283 283 283 
05:18:03 283 283 283 283 283 283 283 283 
05:19:03 283 283 283 283 283 283 283 283 
05:20:03 283 283 283 283 283 283 283 283 
05:21:03 283 283 283 283 283 283 283 283 
05:22:03 283 283 283 283 283 283 283 283 
05:23:03 283 283 283 283 283 283 283 283 
05:24:03 283 283 283 283 283 283 283 283 
05:25:03 283 283 283 283 283 283 283 283 
05:26:03 283 283 283 283 283 283 283 283 
05:27:03 283 283 283 283 283 283 283 283 
05:28:03 283 283 283 283 283 283 283 283 
05:29:03 283 283 283 283 283 283 283 283 
05:30:04 283 283 283 283 283 283 283 283 
05:31:04 283 283 283 283 283 283 283 283 
05:32:04 283 283 283 283 283 283 283 283 
05:33:04 283 283 283 283 283 283 283 283 
05:34:04 283 283 283 283 283 283 283 283 
05:35:04 283 283 283 283 283 283 283 283 
05:36:04 283 283 283 283 283 283 283 283 
05:37:04 283 283 283 283 283 283 283 283 
05:38:04 283 283 283 283 283 283 283 283 
05:39:04 283 283 283 283 283 283 283 283 
05:40:04 283 283 283 283 283 283 283 283 
05:41:04 283 283 283 283 283 283 283 283 
05:42:04 283 283 283 283 283 283 283 283 
05:43:04 283 283 283 283 283 283 283 283 
05:44:04 283 283 283 283 283 283 283 283 
05:45:05 283 283 283 283 283 283 283 283 
05:46:05 283 283 283 283 283 283 283 283 
05:47:05 283 283 283 283 283 283 283 283 
05:48:05 283 283 283 283 283 283 283 283 
05:49:05 283 283 283 283 283 283 283 283 
05:50:05 283 283 283 283 283 283 283 283 
05:51:05 283 283 283 283 283 283 283 283 
05:52:05 283 283 283 283 283 283 283 283 
05:53:05 283 283 283 283 283 283 283 283 
05:54:05 283 283 283 283 283 283 283 283 
05:55:05 283 283 283 283 283 283 283 283 
05:56:05 283 283 283 283 283 283 283 283 
05:57:05 283 283 283 283 283 283 283 283 
05:58:05 283 283 283 283 283 283 283 283 
05:59:06 283 283 283 283 283 283 283 283 
06:00:06 283 283 283 283 283 283 283 283 
06:01:06 283 283 283 283 283 283 283 283 
06:02:06 283 283 283 283 283 283 283 283 
06:03:06 283 283 283 283 283 283 283 283 
06:04:06 283 283 283 283 283 283 283 283 
06:05:06 283 283 283 283 283 283 283 283 
06:06:06 283 283 283 283 283 283 283 283 
06:07:06 283 283 283 283 283 283 283 283 
06:08:06 283 283 283 283 283 283 283 283 
06:09:06 283 283 283 283 283 283 283 283 
06:10:06 283 283 283 283 283 283 283 283 
06:11:06 283 283 283 283 283 283 283 283 
06:12:06 283 283 283 283 283 283 283 283 
06:13:06 283 283 283 283 283 283 283 283 
06:14:07 283 283 283 283 283 283 283 283 
06:15:07 283 283 283 283 283 283 283 283 
06:16:07 283 283 283 283 283 283 283 283 
06:17:07 283 283 283 283 283 283 283 283 
06:18:07 283 283 283 283 283 283 283 283 
06:19:07 283 283 283 283 283 283 283 283 
06:20:07 283 283 283 283 283 283 283 283 
06:21:07 283 283 283 283 283 283 283 283 
06:22:07 283 283 283 283 283 283 283 283 
06:23:07 283 283 283 283 283 283 283 283 
06:24:07 283 283 283 283 283 283 283 283 
06:25:07 283 283 283 283 283 283 283 283 
06:26:07 283 283 283 283 283 283 283 283 
06:27:07 283 283 283 283 283 283 283 283 
06:28:08 283 283 283 283 283 283 283 283 
06:29:08 283 283 283 283 283 283 283 283 
06:30:08 283 283 283 283 283 283 283 283 
06:31:08 283 283 283 283 283 283 283 283 
06:32:08 283 283 283 283 283 283 283 283 
06:33:08 283 283 283 283 283 283 283 283 
06:34:08 283 283 283 283 283 283 283 283 
06:35:08 283 283 283 283 283 283 283 283 
06:36:08 283 283 283 283 283 283 283 283 
06:37:08 283 283 283 283 283 283 283 283 
06:38:08 283 283 283 283 283 283 283 283 
06:39:08 283 283 283 283 283 283 283 283 
06:40:08 283 283 283 283 283 283 283 283 
06:41:08 283 283 283 283 283 283 283 283 
06:42:08 283 283 283 283 283 283 283 283 
06:43:09 283 283 283 283 283 283 283 283 
06:44:09 283 283 283 283 283 283 283 283 
06:45:09 283 283 283 283 283 283 283 283 
06:46:09 283 283 283 283 283 283 283 283 
06:47:09 283 283 283 283 283 283 283 283 
06:48:09 283 283 283 283 283 283 283 283 
06:49:09 283 283 283 283 283 283 283 283 
06:50:09 283 283 283 283 283 283 283 283 
06:51:09 283 283 283 283 283 283 283 283 
06:52:09 283 283 283 283 283 283 283 283 
06:53:09 283 283 283 283 283 283 283 283 
06:54:09 283 283 283 283 283 283 283 283 
06:55:09 283 283 283 283 283 283 283 283 
06:56:09 283 283 283 283 283 283 283 283 
06:57:09 283 283 283 283 283 283 283 283 
06:58:10 283 283 283 283 283 283 283 283 
06:59:10 283 283 283 283 283 283 283 283 
07:00:10 283 283 283 283 283 283 283 283 
07:01:10 283 283 283 283 283 283 283 283 
07:02:10 283 283 283 283 283 283 283 283 
07:03:10 283 283 283 283 283 283 283 283 
07:04:10 283 283 283 283 283 283 283 283 
07:05:10 283 283 283 283 283 283 283 283 
07:06:10 283 283 283 283 283 283 283 283 
07:07:10 283 283 283 283 283 283 283 283 
07:08:10 283 283 283 283 283 283 283 283 
07:09:10 283 283 283 283 283 283 283 283 
07:10:10 283 283 283 283 283 283 283 283 
07:11:10 283 283 283 283 283 283 283 283 
07:12:10 283 283 283 283 283 283 283 283 
07:13:11 283 283 283 283 283 283 283 283 
07:14:11 283 283 283 283 283 283 283 283 
07:15:11 283 283 283 283 283 283 283 283 
07:16:11 283 283 283 283 283 283 283 283 
07:17:11 283 283 283 283 283 283 283 283 
07:18:11 283 283 283 283 283 283 283 283 
07:19:11 283 283 283 283 283 283 283 283 
07:20:11 283 283 283 283 283 283 283 283 
07:21:11 283 283 283 283 283 283 283 283 
07:22:11 283 283 283 283 283 283 283 283 
07:23:11 283 283 283 283 283 283 283 283 
07:24:11 283 283 283 283 283 283 283 283 
07:25:11 283 283 283 283 283 283 283 283 
07:26:11 283 283 283 283 283 283 283 283 
07:27:11 283 283 283 283 283 283 283 283 
07:28:12 283 283 283 283 283 283 283 283 
07:29:12 283 283 283 283 283 283 283 283 
07:30:12 283 283 283 283 283 283 283 283 
07:31:12 283 283 283 283 283 283 283 283 
07:32:12 283 283 283 283 283 283 283 283 
07:33:12 283 283 283 283 283 283 283 283 
07:34:12 283 283 283 283 283 283 283 283 
07:35:12 283 283 283 283 283 283 283 283 
07:36:12 283 283 283 283 283 283 283 283 
07:37:12 283 283 283 283 283 283 283 283 
07:38:12 283 283 283 283 283 283 283 283 
07:39:12 283 283 283 283 283 283 283 283 
07:40:12 283 283 283 283 283 283 283 283 
07:41:12 283 283 283 283 283 283 283 283 
07:42:12 283 283 283 283 283 283 283 283 
07:43:13 283 283 283 283 283 283 283 283 
07:44:13 283 283 283 283 283 283 283 283 
07:45:13 283 283 283 283 283 283 283 283 
07:46:13 283 283 283 283 283 283 283 283 
07:47:13 283 283 283 283 283 283 283 283 
07:48:13 283 283 283 283 283 283 283 283 
07:49:13 283 283 283 283 283 283 283 283 
07:50:13 283 283 283 283 283 283 283 283 
07:51:13 283 283 283 283 283 283 283 283 
07:52:13 283 283 283 283 283 283 283 283 
07:53:13 283 283 283 283 283 283 283 283 
07:54:13 283 283 283 283 283 283 283 283 
07:55:13 283 283 283 283 283 283 283 283 
07:56:13 283 283 283 283 283 283 283 283 
07:57:13 283 283 283 283 283 283 283 283 
07:58:14 283 283 283 283 283 283 283 283 
07:59:14 283 283 283 283 283 283 283 283 
08:00:14 283 283 283 283 283 283 283 283 
08:01:14 283 283 283 283 283 283 283 283 
08:02:14 283 283 283 283 283 283 283 283 
08:03:14 283 283 283 283 283 283 283 283 
08:04:14 283 283 283 283 283 283 283 283 
08:05:14 283 283 283 283 283 283 283 283 
08:06:14 283 283 283 283 283 283 283 283 
08:07:14 283 283 283 283 283 283 283 283 
08:08:14 283 283 283 283 283 283 283 283 
08:09:14 283 283 283 283 283 283 283 283 
08:10:14 283 283 283 283 283 283 283 283 
08:11:14 283 283 283 283 283 283 283 283 
08:12:14 283 283 283 283 283 283 283 283 
08:13:15 283 283 283 283 283 283 283 283 
08:14:15 283 283 283 283 283 283 283 283 
08:15:15 283 283 283 283 283 283 283 283 
08:16:15 283 283 283 283 283 283 283 283 
08:17:15 283 283 283 283 283 283 283 283 
08:18:15 283 283 283 283 283 283 283 283 
08:19:15 283 283 283 283 283 283 283 283 
08:20:15 283 283 283 283 283 283 283 283 
08:21:15 283 283 283 283 283 283 283 283 
08:22:15 283 283 283 283 283 283 283 283 
08:23:15 283 283 283 283 283 283 283 283 
08:24:15 283 283 283 283 283 283 283 283 
08:25:15 283 283 283 283 283 283 283 283 
08:26:15 283 283 283 283 283 283 283 283 
08:27:16 283 283 283 283 283 283 283 283 
08:28:16 283 283 283 283 283 283 283 283 
08:29:16 283 283 283 283 283 283 283 283 
08:30:16 283 283 283 283 283 283 283 283 
08:31:16 283 283 283 283 283 283 283 283 
08:32:16 283 283 283 283 283 283 283 283 
08:33:16 283 283 283 283 283 283 283 283 
08:34:16 283 283 283 283 283 283 283 283 
08:35:16 283 283 283 283 283 283 283 283 
08:36:16 283 283 283 283 283 283 283 283 
08:37:16 283 283 283 283 283 283 283 283 
08:38:16 283 283 283 283 283 283 283 283 
08:39:16 283 283 283 283 283 283 283 283 
08:40:16 283 283 283 283 283 283 283 283 
08:41:16 283 283 283 283 283 283 283 283 
08:42:17 283 283 283 283 283 283 283 283 
08:43:17 283 283 283 283 283 283 283 283 
08:44:17 283 283 283 283 283 283 283 283 
08:45:17 283 283 283 283 283 283 283 283 
08:46:17 283 283 283 283 283 283 283 283 
08:47:17 283 283 283 283 283 283 283 283 
08:48:17 283 283 283 283 283 283 283 283 
08:49:17 283 283 283 283 283 283 283 283 
08:50:17 283 283 283 283 283 283 283 283 
08:51:17 283 283 283 283 283 283 283 283 
08:52:17 283 283 283 283 283 283 283 283 
08:53:17 283 283 283 283 283 283 283 283 
08:54:17 283 283 283 283 283 283 283 283 
08:55:17 283 283 283 283 283 283 283 283 
08:56:17 283 283 283 283 283 283 283 283 
08:57:18 283 283 283 283 283 283 283 283 
08:58:18 283 283 283 283 283 283 283 283 
08:59:18 283 283 283 283 283 283 283 283 
09:00:18 283 283 283 283 283 283 283 283 
09:01:18 283 283 283 283 283 283 283 283 
09:02:18 283 283 283 283 283 283 283 283 
09:03:18 283 283 283 283 283 283 283 283 
09:04:18 283 283 283 283 283 283 283 283 
09:05:18 283 283 283 283 283 283 283 283 
09:06:18 283 283 283 283 283 283 283 283 
09:07:18 283 283 283 283 283 283 283 283 
09:08:18 283 283 283 283 283 283 283 283 
09:09:18 283 283 283 283 283 283 283 283 
09:10:18 283 283 283 283 283 283 283 283 
09:11:19 283 283 283 283 283 283 283 283 
09:12:19 283 283 283 283 283 283 283 283 
09:13:19 283 283 283 283 283 283 283 283 
09:14:19 283 283 283 283 283 283 283 283 
09:15:19 283 283 283 283 283 283 283 283 
09:16:19 283 283 283 283 283 283 283 283 
09:17:19 283 283 283 283 283 283 283 283 
09:18:19 283 283 283 283 283 283 283 283 
09:19:19 283 283 283 283 283 283 283 283 
09:20:19 283 283 283 283 283 283 283 283 
09:21:19 283 283 283 283 283 283 283 283 
09:22:19 283 283 283 283 283 283 283 283 
09:23:19 283 283 283 283 283 283 283 283 
09:24:19 283 283 283 283 283 283 283 283 
09:25:20 283 283 283 283 283 283 283 283 
09:26:20 283 283 283 283 283 283 283 283 
09:27:20 283 283 283 283 283 283 283 283 
09:28:20 283 283 283 283 283 283 283 283 
09:29:20 283 283 283 283 283 283 283 283 
09:30:20 283 283 283 283 283 283 283 283 
09:31:20 283 283 283 283 283 283 283 283 
09:32:20 283 283 283 283 283 283 283 283 
09:33:20 283 283 283 283 283 283 283 283 
09:34:20 283 283 283 283 283 283 283 283 
09:35:20 283 283 283 283 283 283 283 283 
09:36:20 283 283 283 283 283 283 283 283 
09:37:20 283 283 283 283 283 283 283 283 
09:38:20 283 283 283 283 283 283 283 283 
09:39:20 283 283 283 283 283 283 283 283 
09:40:21 283 283 283 283 283 283 283 283 
09:41:21 283 283 283 283 283 283 283 283 
09:42:21 283 283 283 283 283 283 283 283 
09:43:21 283 283 283 283 283 283 283 283 
09:44:21 283 283 283 283 283 283 283 283 
09:45:21 283 283 283 283 283 283 283 283 
09:46:21 283 283 283 283 283 283 283 283 
09:47:21 283 283 283 283 283 283 283 283 
09:48:21 283 283 283 283 283 283 283 283 
09:49:21 283 283 283 283 283 283 283 283 
09:50:21 283 283 283 283 283 283 283 283 
09:51:21 283 283 283 283 283 283 283 283 
09:52:21 283 283 283 283 283 283 283 283 
09:53:21 283 283 283 283 283 283 283 283 
09:54:22 283 283 283 283 283 283 283 283 
09:55:22 283 283 283 283 283 283 283 283 
09:56:22 283 283 283 283 283 283 283 283 
09:57:22 283 283 283 283 283 283 283 283 
09:58:22 283 283 283 283 283 283 283 283 
09:59:22 283 283 283 283 283 283 283 283 
10:00:22 283 283 283 283 283 283 283 283 
10:01:22 283 283 283 283 283 283 283 283 
10:02:22 283 283 283 283 283 283 283 283 
10:03:22 283 283 283 283 283 283 283 283 
10:04:22 283 283 283 283 283 283 283 283 
10:05:22 283 283 283 283 283 283 283 283 
10:06:22 283 283 283 283 283 283 283 283 
10:07:22 283 283 283 283 283 283 283 283 
10:08:23 283 283 283 283 283 283 283 283 
10:09:23 283 283 283 283 283 283 283 283 
10:10:23 283 283 283 283 283 283 283 283 
10:11:23 283 283 283 283 283 283 283 283 
10:12:23 283 283 283 283 283 283 283 283 
10:13:23 283 283 283 283 283 283 283 283 
10:14:23 283 283 283 283 283 283 283 283 
10:15:23 283 283 283 283 283 283 283 283 
10:16:23 283 283 283 283 283 283 283 283 
10:17:23 283 283 283 283 283 283 283 283 
10:18:23 283 283 283 283 283 283 283 283 
10:19:23 283 283 283 283 283 283 283 283 
10:20:23 283 283 283 283 283 283 283 283 
10:21:23 283 283 283 283 283 283 283 283 
10:22:23 283 283 283 283 283 283 283 283 
10:23:24 283 283 283 283 283 283 283 283 
10:24:24 283 283 283 283 283 283 283 283 
10:25:24 283 283 283 283 283 283 283 283 
10:26:24 283 283 283 283 283 283 283 283 
10:27:24 283 283 283 283 283 283 283 283 
10:28:24 283 283 283 283 283 283 283 283 
10:29:24 283 283 283 283 283 283 283 283 
10:30:24 283 283 283 283 283 283 283 283 
10:31:24 283 283 283 283 283 283 283 283 
10:32:24 283 283 283 283 283 283 283 283 
10:33:24 283 283 283 283 283 283 283 283 
10:34:24 283 283 283 283 283 283 283 283 
10:35:24 283 283 283 283 283 283 283 283 
10:36:24 283 283 283 283 283 283 283 283 
10:37:24 283 283 283 283 283 283 283 283 
10:38:25 283 283 283 283 283 283 283 283 
10:39:25 283 283 283 283 283 283 283 283 
10:40:25 283 283 283 283 283 283 283 283 
10:41:25 283 283 283 283 283 283 283 283 
10:42:25 283 283 283 283 283 283 283 283 
10:43:25 283 283 283 283 283 283 283 283 
10:44:25 283 283 283 283 283 283 283 283 
10:45:25 283 283 283 283 283 283 283 283 
10:46:25 283 283 283 283 283 283 283 283 
10:47:25 283 283 283 283 283 283 283 283 
10:48:25 283 283 283 283 283 283 283 283 
10:49:25 283 283 283 283 283 283 283 283 
10:50:25 283 283 283 283 283 283 283 283 
10:51:25 283 283 283 283 283 283 283 283 
10:52:25 283 283 283 283 283 283 283 283 
10:53:26 283 283 283 283 283 283 283 283 
10:54:26 283 283 283 283 283 283 283 283 
10:55:26 283 283 283 283 283 283 283 283 
10:56:26 283 283 283 283 283 283 283 283 
10:57:26 283 283 283 283 283 283 283 283 
10:58:26 283 283 283 283 283 283 283 283 
10:59:26 283 283 283 283 283 283 283 283 
11:00:26 283 283 283 283 283 283 283 283 
11:01:26 283 283 283 283 283 283 283 283 
11:02:26 283 283 283 283 283 283 283 283 
11:03:26 283 283 283 283 283 283 283 283 
11:04:26 283 283 283 283 283 283 283 283 
11:05:26 283 283 283 283 283 283 283 283 
11:06:26 283 283 283 283 283 283 283 283 
11:07:26 283 283 283 283 283 283 283 283 
11:08:27 283 283 283 283 283 283 283 283 
11:09:27 283 283 283 283 283 283 283 283 
11:10:27 283 283 283 283 283 283 283 283 
11:11:27 283 283 283 283 283 283 283 283 
11:12:27 283 283 283 283 283 283 283 283 
11:13:27 283 283 283 283 283 283 283 283 
11:14:27 283 283 283 283 283 283 283 283 
11:15:27 283 283 283 283 283 283 283 283 
11:16:27 283 283 283 283 283 283 283 283 
11:17:27 283 283 283 283 283 283 283 283 
11:18:27 283 283 283 283 283 283 283 283 
11:19:27 283 283 283 283 283 283 283 283 
11:20:27 283 283 283 283 283 283 283 283 
11:21:27 283 283 283 283 283 283 283 283 
11:22:28 283 283 283 283 283 283 283 283 
11:23:28 283 283 283 283 283 283 283 283 
11:24:28 283 283 283 283 283 283 283 283 
11:25:28 283 283 283 283 283 283 283 283 
11:26:28 283 283 283 283 283 283 283 283 
11:27:28 283 283 283 283 283 283 283 283 
11:28:28 283 283 283 283 283 283 283 283 
11:29:28 283 283 283 283 283 283 283 283 
11:30:28 283 283 283 283 283 283 283 283 
11:31:28 283 283 283 283 283 283 283 283 
11:32:28 283 283 283 283 283 283 283 283 
11:33:28 283 283 283 283 283 283 283 283 
11:34:28 283 283 283 283 283 283 283 283 
11:35:28 283 283 283 283 283 283 283 283 
11:36:28 283 283 283 283 283 283 283 283 
11:37:29 283 283 283 283 283 283 283 283 
11:38:29 283 283 283 283 283 283 283 283 
11:39:29 283 283 283 283 283 283 283 283 
11:40:29 283 283 283 283 283 283 283 283 
11:41:29 283 283 283 283 283 283 283 283 
11:42:29 283 283 283 283 283 283 283 283 
11:43:29 283 283 283 283 283 283 283 283 
11:44:29 283 283 283 283 283 283 283 283 
11:45:29 283 283 283 283 283 283 283 283 
11:46:29 283 283 283 283 283 283 283 283 
11:47:29 283 283 283 283 283 283 283 283 
11:48:29 283 283 283 283 283 283 283 283 
11:49:29 283 283 283 283 283 283 283 283 
11:50:29 283 283 283 283 283 283 283 283 
11:51:29 283 283 283 283 283 283 283 283 
11:52:30 283 283 283 283 283 283 283 283 
11:53:30 283 283 283 283 283 283 283 283 
11:54:30 283 283 283 283 283 283 283 283 
11:55:30 283 283 283 283 283 283 283 283 
11:56:30 283 283 283 283 283 283 283 283 
11:57:30 283 283 283 283 283 283 283 283 
11:58:30 283 283 283 283 283 283 283 283 
11:59:30 283 283 283 283 283 283 283 283 
12:00:30 283 283 283 283 283 283 283 283 
12:01:30 283 283 283 283 283 283 283 283 
12:02:30 283 283 283 283 283 283 283 283 
12:03:30 283 283 283 283 283 283 283 283 
12:04:30 283 283 283 283 283 283 283 283 
12:05:30 283 283 283 283 283 283 283 283 
12:06:30 283 283 283 283 283 283 283 283 
12:07:31 283 283 283 283 283 283 283 283 
12:08:31 283 283 283 283 283 283 283 283 
12:09:31 283 283 283 283 283 283 283 283 
12:10:31 283 283 283 283 283 283 283 283 
12:11:31 283 283 283 283 283 283 283 283 
12:12:31 283 283 283 283 283 283 283 283 
12:13:31 283 283 283 283 283 283 283 283 
12:14:31 283 283 283 283 283 283 283 283 
12:15:31 283 283 283 283 283 283 283 283 
12:16:31 283 283 283 283 283 283 283 283 
12:17:31 283 283 283 283 283 283 283 283 
12:18:31 283 283 283 283 283 283 283 283 
12:19:31 283 283 283 283 283 283 283 283 
12:20:31 283 283 283 283 283 283 283 283 
12:21:32 283 283 283 283 283 283 283 283 
12:22:32 283 283 283 283 283 283 283 283 
12:23:32 283 283 283 283 283 283 283 283 
12:24:32 283 283 283 283 283 283 283 283 
12:25:32 283 283 283 283 283 283 283 283 
12:26:32 283 283 283 283 283 283 283 283 
12:27:32 283 283 283 283 283 283 283 283 
12:28:32 283 283 283 283 283 283 283 283 
12:29:32 283 283 283 283 283 283 283 283 
12:30:32 283 283 283 283 283 283 283 283 
12:31:32 283 283 283 283 283 283 283 283 
12:32:32 283 283 283 283 283 283 283 283 
12:33:32 283 283 283 283 283 283 283 283 
12:34:32 283 283 283 283 283 283 283 283 
12:35:32 283 283 283 283 283 283 283 283 
12:36:33 283 283 283 283 283 283 283 283 
12:37:33 283 283 283 283 283 283 283 283 
12:38:33 283 283 283 283 283 283 283 283 
12:39:33 283 283 283 283 283 283 283 283 
12:40:33 283 283 283 283 283 283 283 283 
12:41:33 283 283 283 283 283 283 283 283 
12:42:33 283 283 283 283 283 283 283 283 
12:43:33 283 283 283 283 283 283 283 283 
12:44:33 283 283 283 283 283 283 283 283 
12:45:33 283 283 283 283 283 283 283 283 
12:46:33 283 283 283 283 283 283 283 283 
12:47:33 283 283 283 283 283 283 283 283 
12:48:33 283 283 283 283 283 283 283 283 
12:49:33 283 283 283 283 283 283 283 283 
12:50:34 283 283 283 283 283 283 283 283 
12:51:34 283 283 283 283 283 283 283 283 
12:52:34 283 283 283 283 283 283 283 283 
12:53:34 283 283 283 283 283 283 283 283 
12:54:34 283 283 283 283 283 283 283 283 
12:55:34 283 283 283 283 283 283 283 283 
12:56:34 283 283 283 283 283 283 283 283 
12:57:34 283 283 283 283 283 283 283 283 
12:58:34 283 283 283 283 283 283 283 283 
12:59:34 283 283 283 283 283 283 283 283 
13:00:34 283 283 283 283 283 283 283 283 
13:01:34 283 283 283 283 283 283 283 283 
13:02:34 283 283 283 283 283 283 283 283 
13:03:34 283 283 283 283 283 283 283 283 
13:04:35 283 283 283 283 283 283 283 283 
13:05:35 283 283 283 283 283 283 283 283 
13:06:35 283 283 283 283 283 283 283 283 
13:07:35 283 283 283 283 283 283 283 283 
13:08:35 283 283 283 283 283 283 283 283 
13:09:35 283 283 283 283 283 283 283 283 
13:10:35 283 283 283 283 283 283 283 283 
13:11:35 283 283 283 283 283 283 283 283 
13:12:35 283 283 283 283 283 283 283 283 
13:13:35 283 283 283 283 283 283 283 283 
13:14:35 283 283 283 283 283 283 283 283 
13:15:35 283 283 283 283 283 283 283 283 
13:16:35 283 283 283 283 283 283 283 283 
13:17:35 283 283 283 283 283 283 283 283 
13:18:35 283 283 283 283 283 283 283 283 
13:19:36 283 283 283 283 283 283 283 283 
13:20:36 283 283 283 283 283 283 283 283 
13:21:36 283 283 283 283 283 283 283 283 
13:22:36 283 283 283 283 283 283 283 283 
13:23:36 283 283 283 283 283 283 283 283 
13:24:36 283 283 283 283 283 283 283 283 
13:25:36 283 283 283 283 283 283 283 283 
13:26:36 283 283 283 283 283 283 283 283 
13:27:36 283 283 283 283 283 283 283 283 
13:28:36 283 283 283 283 283 283 283 283 
13:29:36 283 283 283 283 283 283 283 283 
13:30:36 283 283 283 283 283 283 283 283 
13:31:36 283 283 283 283 283 283 283 283 
13:32:36 283 283 283 283 283 283 283 283 
13:33:37 283 283 283 283 283 283 283 283 
13:34:37 283 283 283 283 283 283 283 283 
13:35:37 283 283 283 283 283 283 283 283 
13:36:37 283 283 283 283 283 283 283 283 
13:37:37 283 283 283 283 283 283 283 283 
13:38:37 283 283 283 283 283 283 283 283 
13:39:37 283 283 283 283 283 283 283 283 
13:40:37 283 283 283 283 283 283 283 283 
13:41:37 283 283 283 283 283 283 283 283 
13:42:37 283 283 283 283 283 283 283 283 
13:43:37 283 283 283 283 283 283 283 283 
13:44:37 283 283 283 283 283 283 283 283 
13:45:37 283 283 283 283 283 283 283 283 
13:46:37 283 283 283 283 283 283 283 283 
13:47:37 283 283 283 283 283 283 283 283 
13:48:38 283 283 283 283 283 283 283 283 
13:49:38 283 283 283 283 283 283 283 283 
13:50:38 283 283 283 283 283 283 283 283 
13:51:38 283 283 283 283 283 283 283 283 
13:52:38 283 283 283 283 283 283 283 283 
13:53:38 283 283 283 283 283 283 283 283 
13:54:38 283 283 283 283 283 283 283 283 
13:55:38 283 283 283 283 283 283 283 283 
13:56:38 283 283 283 283 283 283 283 283 
13:57:38 283 283 283 283 283 283 283 283 
13:58:38 283 283 283 283 283 283 283 283 
13:59:38 283 283 283 283 283 283 283 283 
14:00:38 284 284 284 284 284 284 284 284 
14:01:38 283 283 283 283 283 283 283 283 
14:02:38 283 283 283 283 283 283 283 283 
14:03:39 283 283 283 283 283 283 283 283 
14:04:39 283 283 283 283 283 283 283 283 
14:05:39 283 283 283 283 283 283 283 283 
14:06:39 283 283 283 283 283 283 283 283 
14:07:39 283 283 283 283 283 283 283 283 
14:08:39 283 283 283 283 283 283 283 283 
14:09:39 283 283 283 283 283 283 283 283 
14:10:39 283 283 283 283 283 283 283 283 
14:11:39 283 283 283 283 283 283 283 283 
14:12:39 284 434 284 284 284 284 284 284 
14:13:39 284 434 284 284 284 284 284 284 
14:14:39 283 283 283 283 283 283 283 283 
14:15:39 283 283 283 283 283 283 283 283 
14:16:39 284 434 284 284 284 284 284 284 
14:17:39 284 434 284 284 284 284 284 284 
14:18:40 283 283 283 283 283 283 283 283 
14:19:40 283 283 283 283 283 283 283 283 
14:20:40 283 283 283 283 283 283 283 283 
14:21:40 283 283 283 283 283 283 283 283 
14:22:40 283 283 283 283 283 283 283 283 
14:23:40 283 283 283 283 283 283 283 283 
14:24:40 283 283 283 283 283 283 283 283 
14:25:40 283 283 283 283 283 283 283 283 
14:26:40 283 283 283 283 283 283 283 283 
14:27:40 283 283 283 283 283 283 283 283 
14:28:40 283 283 283 283 283 283 283 283 
14:29:40 283 283 283 283 283 283 283 283 
14:30:40 283 283 283 283 283 283 283 283 
14:31:40 283 283 283 283 283 283 283 283 
14:32:40 283 283 283 283 283 283 283 283 
14:33:41 283 283 283 283 283 283 283 283 
14:34:41 283 283 283 283 283 283 283 283 
14:35:41 283 283 283 283 283 283 283 283 
14:36:41 283 283 283 283 283 283 283 283 
14:37:41 284 284 284 440 436 284 284 284 
14:38:41 284 284 284 284 436 284 284 284 
14:39:41 283 283 283 283 283 283 283 283 
14:40:41 283 283 283 283 283 283 283 283 
14:41:41 283 283 283 283 283 283 283 283 
14:42:41 284 284 284 436 436 284 284 284 
14:43:41 283 283 283 283 283 283 283 283 
14:44:41 283 283 283 283 283 283 283 283 
14:45:41 284 284 284 284 436 284 284 284 
14:46:41 283 283 283 283 283 283 283 283 
14:47:41 283 283 283 283 283 283 283 283 
14:48:42 283 283 283 283 283 283 283 283 
14:49:42 283 283 283 283 283 283 283 283 
14:50:42 284 284 284 438 440 284 284 284 
14:51:42 283 283 283 283 283 283 283 283 
14:52:42 283 283 283 283 283 283 283 283 
14:53:42 283 283 283 283 283 283 283 283 
14:54:42 283 283 283 283 283 283 283 283 
14:55:42 283 283 283 283 283 283 283 283 
14:56:42 283 283 283 283 283 283 283 283 
14:57:42 283 283 283 283 283 283 283 283 
14:58:42 283 283 283 283 283 283 283 283 
14:59:42 283 283 283 283 283 283 283 283 
15:00:42 283 283 283 283 283 283 283 283 
15:01:42 283 283 283 283 283 283 283 283 
15:02:42 283 283 283 283 283 283 283 283 
15:03:43 283 283 283 283 283 283 283 283 
15:04:43 283 283 283 283 283 283 283 283 
15:05:43 283 283 283 283 283 283 283 283 
15:06:43 283 283 283 283 283 283 283 283 
15:07:43 283 283 283 283 283 283 283 283 
15:08:43 283 283 283 283 283 283 283 283 
15:09:43 283 283 283 283 283 283 283 283 
15:10:43 283 283 283 283 283 283 283 283 
15:11:43 283 283 283 283 283 283 283 283 
15:12:43 283 283 283 283 283 283 283 283 
15:13:43 283 283 283 283 283 283 283 283 
15:14:43 283 283 283 283 283 283 283 283 
15:15:43 283 283 283 283 283 283 283 283 
15:16:43 283 283 283 283 283 283 283 283 
15:17:43 283 283 283 283 283 283 283 283 
15:18:44 283 283 283 283 283 283 283 283 
15:19:44 283 283 283 283 283 283 283 283 
15:20:44 283 283 283 283 283 283 283 283 
15:21:44 283 283 283 283 283 283 283 283 
15:22:44 283 283 283 283 283 283 283 283 
15:23:44 283 283 283 283 283 283 283 283 
15:24:44 283 283 283 283 283 283 283 283 
15:25:44 283 283 283 283 283 283 283 283 
15:26:44 283 283 283 283 283 283 283 283 
15:27:44 283 283 283 283 283 283 283 283 
15:28:44 283 283 283 283 283 283 283 283 
15:29:44 283 283 283 283 283 283 283 283 
15:30:44 283 283 283 283 283 283 283 283 
15:31:44 283 283 283 283 283 283 283 283 
15:32:45 283 283 283 283 283 283 283 283 
15:33:45 283 283 283 283 283 283 283 283 
15:34:45 283 283 283 283 283 283 283 283 
15:35:45 283 283 283 283 283 283 283 283 
15:36:45 284 284 284 284 434 284 284 284 
15:37:45 283 283 283 283 283 283 283 283 
15:38:45 283 283 283 283 283 283 283 283 
15:39:45 283 283 283 283 283 283 283 283 
15:40:45 283 283 283 283 283 283 283 283 
15:41:45 283 283 283 283 283 283 283 283 
15:42:45 284 284 470 470 284 284 284 284 
15:43:45 284 284 284 470 284 284 284 284 
15:44:45 284 284 470 284 284 284 284 284 
15:45:45 284 284 470 470 284 284 284 284 
15:46:45 283 283 283 283 283 283 283 283 
15:47:46 284 284 470 284 284 284 284 284 
15:48:46 284 284 470 284 284 284 284 284 
15:49:46 284 284 470 284 284 284 284 284 
15:50:46 284 284 470 284 284 284 284 284 
15:51:46 284 284 470 284 284 284 284 284 
15:52:46 284 284 470 284 284 284 284 284 
15:53:46 283 283 283 283 283 283 283 283 
15:54:46 283 283 283 283 283 283 283 283 
15:55:46 283 283 283 283 283 283 283 283 
15:56:46 283 283 283 283 283 283 283 283 
15:57:46 283 283 283 283 283 283 283 283 
15:58:46 283 283 283 283 283 283 283 283 
15:59:46 283 283 283 283 283 283 283 283 
16:00:46 283 283 283 283 283 283 283 283 
16:01:46 283 283 283 283 283 283 283 283 
16:02:47 283 283 283 283 283 283 283 283 
16:03:47 283 283 283 283 283 283 283 283 
16:04:47 283 283 283 283 283 283 283 283 
16:05:47 283 283 283 283 283 283 283 283 
16:06:47 283 283 283 283 283 283 283 283 
16:07:47 283 283 283 283 283 283 283 283 
16:08:47 283 283 283 283 283 283 283 283 
16:09:47 283 283 283 283 283 283 283 283 
16:10:47 283 283 283 283 283 283 283 283 
16:11:47 283 283 283 283 283 283 283 283 
16:12:47 283 283 283 283 283 283 283 283 
16:13:47 283 283 283 283 283 283 283 283 
16:14:47 283 283 283 283 283 283 283 283 
16:15:47 283 283 283 283 283 283 283 283 
16:16:47 283 283 283 283 283 283 283 283 
16:17:48 284 1962 284 284 284 284 284 284 
16:18:48 283 283 283 283 283 283 283 283 
16:19:48 283 283 283 283 283 283 283 283 
16:20:48 283 283 283 283 283 283 283 283 
16:21:48 283 283 283 283 283 283 283 283 
16:22:48 283 283 283 283 283 283 283 283 
16:23:48 283 283 283 283 283 283 283 283 
16:24:48 283 283 283 283 283 283 283 283 
16:25:48 283 283 283 283 283 283 283 283 
16:26:48 283 283 283 283 283 283 283 283 
16:27:48 283 283 283 283 283 283 283 283 
16:28:48 283 283 283 283 283 283 283 283 
16:29:48 283 283 283 283 283 283 283 283 
16:30:48 283 283 283 283 283 283 283 283 
16:31:48 283 283 283 283 283 283 283 283 
16:32:49 283 283 283 283 283 283 283 283 
16:33:49 283 283 283 283 283 283 283 283 
16:34:49 283 283 283 283 283 283 283 283 
16:35:49 283 283 283 283 283 283 283 283 
16:36:49 283 283 283 283 283 283 283 283 
16:37:49 283 283 283 283 283 283 283 283 
16:38:49 283 283 283 283 283 283 283 283 
16:39:49 283 283 283 283 283 283 283 283 
16:40:49 283 283 283 283 283 283 283 283 
16:41:49 283 283 283 283 283 283 283 283 
16:42:49 283 283 283 283 283 283 283 283 
16:43:49 283 283 283 283 283 283 283 283 
16:44:49 284 541 284 284 284 284 284 284 
16:45:49 283 283 283 283 283 283 283 283 
16:46:49 283 283 283 283 283 283 283 283 
16:47:49 284 756 284 284 284 284 284 284 
16:48:50 283 283 283 283 283 283 283 283 
16:49:50 283 283 283 283 283 283 283 283 
16:50:50 283 283 283 283 283 283 283 283 
16:51:50 283 283 283 283 283 283 283 283 
16:52:50 283 283 283 283 283 283 283 283 
16:53:50 283 283 283 283 283 283 283 283 
16:54:50 283 283 283 283 283 283 283 283 
16:55:50 283 283 283 283 283 283 283 283 
16:56:50 283 283 283 283 283 283 283 283 
16:57:50 283 283 283 283 283 283 283 283 
16:58:50 283 283 283 283 283 283 283 283 
16:59:50 283 283 283 283 283 283 283 283 
17:00:50 283 283 283 283 283 283 283 283 
17:01:50 283 283 283 283 283 283 283 283 
17:02:50 283 283 283 283 283 283 283 283 
17:03:51 283 283 283 283 283 283 283 283 
17:04:51 283 283 283 283 283 283 283 283 
17:05:51 283 283 283 283 283 283 283 283 
17:06:51 283 283 283 283 283 283 283 283 
17:07:51 283 283 283 283 283 283 283 283 
17:08:51 283 283 283 283 283 283 283 283 
17:09:51 283 283 283 283 283 283 283 283 
17:10:51 283 283 283 283 283 283 283 283 
17:11:51 283 283 283 283 283 283 283 283 
17:12:51 283 283 283 283 283 283 283 283 
17:13:51 283 283 283 283 283 283 283 283 
17:14:51 283 283 283 283 283 283 283 283 
17:15:51 283 283 283 283 283 283 283 283 
17:16:51 283 283 283 283 283 283 283 283 
17:17:51 283 283 283 283 283 283 283 283 
17:18:52 283 283 283 283 283 283 283 283 
17:19:52 283 283 283 283 283 283 283 283 
17:20:52 283 283 283 283 283 283 283 283 
17:21:52 283 283 283 283 283 283 283 283 
17:22:52 283 283 283 283 283 283 283 283 
17:23:52 283 283 283 283 283 283 283 283 
17:24:52 283 283 283 283 283 283 283 283 
17:25:52 283 283 283 283 283 283 283 283 
17:26:52 283 283 283 283 283 283 283 283 
17:27:52 283 283 283 283 283 283 283 283 
17:28:52 283 283 283 283 283 283 283 283 
17:29:52 283 283 283 283 283 283 283 283 
17:30:52 283 283 283 283 283 283 283 283 
17:31:52 283 283 283 283 283 283 283 283 
17:32:52 283 283 283 283 283 283 283 283 
17:33:52 283 283 283 283 283 283 283 283 
17:34:53 283 283 283 283 283 283 283 283 
17:35:53 283 283 283 283 283 283 283 283 
17:36:53 283 283 283 283 283 283 283 283 
17:37:53 283 283 283 283 283 283 283 283 
17:38:53 283 283 283 283 283 283 283 283 
17:39:53 283 283 283 283 283 283 283 283 
17:40:53 283 283 283 283 283 283 283 283 
17:41:53 283 283 283 283 283 283 283 283 
17:42:53 283 283 283 283 283 283 283 283 
17:43:53 283 283 283 283 283 283 283 283 
17:44:53 283 283 283 283 283 283 283 283 
17:45:53 283 283 283 283 283 283 283 283 
17:46:53 283 283 283 283 283 283 283 283 
17:47:53 283 283 283 283 283 283 283 283 
17:48:53 283 283 283 283 283 283 283 283 
17:49:54 283 283 283 283 283 283 283 283 
17:50:54 283 283 283 283 283 283 283 283 
17:51:54 283 283 283 283 283 283 283 283 
17:52:54 283 283 283 283 283 283 283 283 
17:53:54 283 283 283 283 283 283 283 283 
17:54:54 283 283 283 283 283 283 283 283 
17:55:54 283 283 283 283 283 283 283 283 
17:56:54 283 283 283 283 283 283 283 283 
17:57:54 283 283 283 283 283 283 283 283 
17:58:54 283 283 283 283 283 283 283 283 
17:59:54 283 283 283 283 283 283 283 283 
18:00:54 283 283 283 283 283 283 283 283 
18:01:54 283 283 283 283 283 283 283 283 
bash: line 1: echo: write error: Disk quota exceeded
18:13:55 283 283 283 283 283 283 283 283 
18:14:55 283 283 283 283 283 283 283 283 
18:15:55 283 283 283 283 283 283 283 283 
18:16:55 283 283 283 283 283 283 283 283 
18:17:55 283 283 283 283 283 283 283 283 
18:18:55 283 283 283 283 283 283 283 283 
18:19:56 283 283 283 283 283 283 283 283 
18:20:56 283 283 283 283 283 283 283 283 
18:21:56 283 283 283 283 283 283 283 283 
18:22:56 283 283 283 283 283 283 283 283 
18:23:56 283 283 283 283 283 283 283 283 
18:24:56 283 283 283 283 283 283 283 283 
18:25:56 283 283 283 283 283 283 283 283 
18:26:56 283 283 283 283 283 283 283 283 
18:27:56 283 283 283 283 283 283 283 283 
18:28:56 283 283 283 283 283 283 283 283 
18:29:56 283 283 283 283 283 283 283 283 
18:30:56 283 283 283 283 283 283 283 283 
18:31:56 283 283 283 283 283 283 283 283 
18:32:56 283 283 283 283 283 283 283 283 
18:33:56 283 283 283 283 283 283 283 283 
18:34:57 283 283 283 283 283 283 283 283 
18:35:57 283 283 283 283 283 283 283 283 
18:36:57 283 283 283 283 283 283 283 283 
18:37:57 283 283 283 283 283 283 283 283 
18:38:57 283 283 283 283 283 283 283 283 
18:39:57 283 283 283 283 283 283 283 283 
18:40:57 283 283 283 283 283 283 283 283 
18:41:57 283 283 283 283 283 283 283 283 
18:42:57 283 283 283 283 283 283 283 283 
18:43:57 283 283 283 283 283 283 283 283 
18:44:57 283 283 283 283 283 283 283 283 
18:45:57 283 283 283 283 283 283 283 283 
18:46:57 283 283 283 283 283 283 283 283 
18:47:57 283 283 283 283 283 283 283 283 
18:48:57 283 283 283 283 283 283 283 283 
18:49:58 283 283 283 283 283 283 283 283 
18:50:58 283 283 283 283 283 283 283 283 
18:51:58 283 283 283 283 283 283 283 283 
18:52:58 283 283 283 283 283 283 283 283 
18:53:58 283 283 283 283 283 283 283 283 
18:54:58 283 283 283 283 283 283 283 283 
18:55:58 283 283 283 283 283 283 283 283 
18:56:58 283 283 283 283 283 283 283 283 
18:57:58 283 283 283 283 283 283 283 283 
18:58:58 283 283 283 283 283 283 283 283 
18:59:58 283 283 283 283 283 283 283 283 
19:00:58 283 283 283 283 283 283 283 283 
19:01:58 283 283 283 283 283 283 283 283 
19:02:58 283 283 283 283 283 283 283 283 
19:03:58 283 283 283 283 283 283 283 283 
19:04:59 283 283 283 283 283 283 283 283 
19:05:59 283 283 283 283 283 283 283 283 
19:06:59 283 283 283 283 283 283 283 283 
19:07:59 283 283 283 283 283 283 283 283 
19:08:59 283 283 283 283 283 283 283 283 
19:09:59 283 283 283 283 283 283 283 283 
19:10:59 283 283 283 283 283 283 283 283 
19:11:59 283 283 283 283 283 283 283 283 
19:12:59 283 283 283 283 283 283 283 283 
19:13:59 283 283 283 283 283 283 283 283 
19:14:59 283 283 283 283 283 283 283 283 
19:15:59 283 283 283 283 283 283 283 283 
19:16:59 283 283 283 283 283 283 283 283 
19:17:59 283 283 283 283 283 283 283 283 
19:19:00 283 283 283 283 283 283 283 283 
19:20:00 283 283 283 283 283 283 283 283 
19:21:00 283 283 283 283 283 283 283 283 
19:22:00 283 283 283 283 283 283 283 283 
19:23:00 283 283 283 283 283 283 283 283 
19:24:00 283 283 283 283 283 283 283 283 
19:25:00 283 283 283 283 283 283 283 283 
19:26:00 283 283 283 283 283 283 283 283 
19:27:00 283 283 283 283 283 283 283 283 
19:28:00 283 283 283 283 283 283 283 283 
19:29:00 283 283 283 283 283 283 283 283 
19:30:00 283 283 283 283 283 283 283 283 
19:31:00 283 283 283 283 283 283 283 283 
19:32:00 283 283 283 283 283 283 283 283 
19:33:00 283 283 283 283 283 283 283 283 
19:34:01 283 283 283 283 283 283 283 283 
19:35:01 283 283 283 283 283 283 283 283 
19:36:01 283 283 283 283 283 283 283 283 
19:37:01 283 283 283 283 283 283 283 283 
19:38:01 283 283 283 283 283 283 283 283 
19:39:01 283 283 283 283 283 283 283 283 
19:40:01 283 283 283 283 283 283 283 283 
19:41:01 283 283 283 283 283 283 283 283 
19:42:01 283 283 283 283 283 283 283 283 
19:43:01 283 283 283 283 283 283 283 283 
19:44:01 283 283 283 283 283 283 283 283 
19:45:01 283 283 283 283 283 283 283 283 
19:46:01 283 283 283 283 283 283 283 283 
19:47:01 283 283 283 283 283 283 283 283 
19:48:01 283 283 283 283 283 283 283 283 
19:49:02 283 283 283 283 283 283 283 283 
19:50:02 283 283 283 283 283 283 283 283 
19:51:02 283 283 283 283 283 283 283 283 
19:52:02 283 283 283 283 283 283 283 283 
19:53:02 283 283 283 283 283 283 283 283 
19:54:02 283 283 283 283 283 283 283 283 
19:55:02 283 283 283 283 283 283 283 283 
19:56:02 283 283 283 283 283 283 283 283 
19:57:02 283 283 283 283 283 283 283 283 
19:58:02 283 283 283 283 283 283 283 283 
19:59:02 283 283 283 283 283 283 283 283 
20:00:02 283 283 283 283 283 283 283 283 
20:01:02 283 283 283 283 283 283 283 283 
20:02:02 283 283 283 283 283 283 283 283 
20:03:02 283 283 283 283 283 283 283 283 
20:04:03 283 283 283 283 283 283 283 283 
20:05:03 283 283 283 283 283 283 283 283 
20:06:03 283 283 283 283 283 283 283 283 
20:07:03 283 283 283 283 283 283 283 283 
20:08:03 283 283 283 283 283 283 283 283 
20:09:03 283 283 283 283 283 283 283 283 
20:10:03 283 283 283 283 283 283 283 283 
20:11:03 283 283 283 283 283 283 283 283 
20:12:03 283 283 283 283 283 283 283 283 
20:13:03 283 283 283 283 283 283 283 283 
20:14:03 283 283 283 283 283 283 283 283 
20:15:03 283 283 283 283 283 283 283 283 
20:16:03 283 283 283 283 283 283 283 283 
20:17:03 283 283 283 283 283 283 283 283 
20:18:03 283 283 283 283 283 283 283 283 
20:19:04 283 283 283 283 283 283 283 283 
20:20:04 283 283 283 283 283 283 283 283 
20:21:04 283 283 283 283 283 283 283 283 
20:22:04 283 283 283 283 283 283 283 283 
20:23:04 283 283 283 283 283 283 283 283 
20:24:04 283 283 283 283 283 283 283 283 
20:25:04 283 283 283 283 283 283 283 283 
20:26:04 283 283 283 283 283 283 283 283 
20:27:04 283 283 283 283 283 283 283 283 
20:28:04 283 283 283 283 283 283 283 283 
20:29:04 283 283 283 283 283 283 283 283 
20:30:04 283 283 283 283 283 283 283 283 
20:31:04 283 283 283 283 283 283 283 283 
20:32:04 283 283 283 283 283 283 283 283 
20:33:04 283 283 283 283 283 283 283 283 
20:34:05 283 283 283 283 283 283 283 283 
20:35:05 283 283 283 283 283 283 283 283 
20:36:05 283 283 283 283 283 283 283 283 
20:37:05 283 283 283 283 283 283 283 283 
20:38:05 283 283 283 283 283 283 283 283 
20:39:05 283 283 283 283 283 283 283 283 
20:40:05 283 283 283 283 283 283 283 283 
20:41:05 283 283 283 283 283 283 283 283 
20:42:05 283 283 283 283 283 283 283 283 
20:43:05 283 283 283 283 283 283 283 283 
20:44:05 283 283 283 283 283 283 283 283 
20:45:05 283 283 283 283 283 283 283 283 
20:46:05 283 283 283 283 283 283 283 283 
20:47:05 283 283 283 283 283 283 283 283 
20:48:05 283 283 283 283 283 283 283 283 
20:49:05 283 283 283 283 283 283 283 283 
20:50:06 283 283 283 283 283 283 283 283 
20:51:06 283 283 283 283 283 283 283 283 
20:52:06 283 283 283 283 283 283 283 283 
20:53:06 283 283 283 283 283 283 283 283 
20:54:06 283 283 283 283 283 283 283 283 
20:55:06 283 283 283 283 283 283 283 283 
20:56:06 283 283 283 283 283 283 283 283 
20:57:06 283 283 283 283 283 283 283 283 
20:58:06 283 283 283 283 283 283 283 283 
20:59:06 283 283 283 283 283 283 283 283 
21:00:06 283 283 283 283 283 283 283 283 
21:01:06 283 283 283 283 283 283 283 283 
21:02:06 283 283 283 283 283 283 283 283 
21:03:06 283 283 283 283 283 283 283 283 
21:04:06 283 283 283 283 283 283 283 283 
21:05:07 283 283 283 283 283 283 283 283 
21:06:07 283 283 283 283 283 283 283 283 
21:07:07 283 283 283 283 283 283 283 283 
21:08:07 283 283 283 283 283 283 283 283 
21:09:07 283 283 283 283 283 283 283 283 
21:10:07 283 283 283 283 283 283 283 283 
21:11:07 283 283 283 283 283 283 283 283 
21:12:07 283 283 283 283 283 283 283 283 
21:13:07 283 283 283 283 283 283 283 283 
21:14:07 283 283 283 283 283 283 283 283 
21:15:07 283 283 283 283 283 283 283 283 
21:16:07 283 283 283 283 283 283 283 283 
21:17:07 283 283 283 283 283 283 283 283 
21:18:07 283 283 283 283 283 283 283 283 
21:19:08 283 283 283 283 283 283 283 283 
21:20:08 283 283 283 283 283 283 283 283 
21:21:08 283 283 283 283 283 283 283 283 
21:22:08 283 283 283 283 283 283 283 283 
21:23:08 283 283 283 283 283 283 283 283 
21:24:08 283 283 283 283 283 283 283 283 
21:25:08 283 283 283 283 283 283 283 283 
21:26:08 283 283 283 283 283 283 283 283 
21:27:08 283 283 283 283 283 283 283 283 
21:28:08 283 283 283 283 283 283 283 283 
21:29:08 283 283 283 283 283 283 283 283 
21:30:08 283 283 283 283 283 283 283 283 
21:31:08 283 283 283 283 283 283 283 283 
21:32:08 283 283 283 283 283 283 283 283 
21:33:08 283 283 283 283 283 283 283 283 
21:34:08 283 283 283 283 283 283 283 283 
21:35:09 283 283 283 283 283 283 283 283 
21:36:09 283 283 283 283 283 283 283 283 
21:37:09 283 283 283 283 283 283 283 283 
21:38:09 283 283 283 283 283 283 283 283 
21:39:09 283 283 283 283 283 283 283 283 
21:40:09 283 283 283 283 283 283 283 283 
21:41:09 283 283 283 283 283 283 283 283 
21:42:09 283 283 283 283 283 283 283 283 
21:43:09 283 283 283 283 283 283 283 283 
21:44:09 283 283 283 283 283 283 283 283 
21:45:09 283 283 283 283 283 283 283 283 
21:46:09 283 283 283 283 283 283 283 283 
21:47:09 283 283 283 283 283 283 283 283 
21:48:09 283 283 283 283 283 283 283 283 
21:49:09 283 283 283 283 283 283 283 283 
21:50:10 283 283 283 283 283 283 283 283 
21:51:10 283 283 283 283 283 283 283 283 
21:52:10 283 283 283 283 283 283 283 283 
21:53:10 283 283 283 283 283 283 283 283 
21:54:10 283 283 283 283 283 283 283 283 
21:55:10 283 283 283 283 283 283 283 283 
21:56:10 283 283 283 283 283 283 283 283 
21:57:10 283 283 283 283 283 283 283 283 
21:58:10 283 283 283 283 283 283 283 283 
21:59:10 283 283 283 283 283 283 283 283 
22:00:10 283 283 283 283 283 283 283 283 
22:01:10 283 283 283 283 283 283 283 283 
22:02:10 283 283 283 283 283 283 283 283 
22:03:10 283 283 283 283 283 283 283 283 
22:04:10 283 283 283 283 283 283 283 283 
22:05:11 283 283 283 283 283 283 283 283 
22:06:11 283 283 283 283 283 283 283 283 
22:07:11 283 283 283 283 283 283 283 283 
22:08:11 283 283 283 283 283 283 283 283 
22:09:11 283 283 283 283 283 283 283 283 
22:10:11 283 283 283 283 283 283 283 283 
22:11:11 283 283 283 283 283 283 283 283 
22:12:11 283 283 283 283 283 283 283 283 
22:13:11 283 283 283 283 283 283 283 283 
22:14:11 283 283 283 283 283 283 283 283 
22:15:11 283 283 283 283 283 283 283 283 
22:16:11 283 283 283 283 283 283 283 283 
22:17:11 283 283 283 283 283 283 283 283 
22:18:11 283 283 283 283 283 283 283 283 
22:19:12 283 283 283 283 283 283 283 283 
22:20:12 283 283 283 283 283 283 283 283 
22:21:12 283 283 283 283 283 283 283 283 
22:22:12 283 283 283 283 283 283 283 283 
22:23:12 283 283 283 283 283 283 283 283 
22:24:12 283 283 283 283 283 283 283 283 
22:25:12 283 283 283 283 283 283 283 283 
22:26:12 283 283 283 283 283 283 283 283 
22:27:12 283 283 283 283 283 283 283 283 
22:28:12 283 283 283 283 283 283 283 283 
22:29:12 283 283 283 283 283 283 283 283 
22:30:12 283 283 283 283 283 283 283 283 
22:31:12 283 283 283 283 283 283 283 283 
22:32:12 283 283 283 283 283 283 283 283 
22:33:13 283 283 283 283 283 283 283 283 
22:34:13 283 283 283 283 283 283 283 283 
22:35:13 283 283 283 283 283 283 283 283 
22:36:13 283 283 283 283 283 283 283 283 
22:37:13 283 283 283 283 283 283 283 283 
22:38:13 283 283 283 283 283 283 283 283 
22:39:13 283 283 283 283 283 283 283 283 
22:40:13 283 283 283 283 283 283 283 283 
22:41:13 283 283 283 283 283 283 283 283 
22:42:13 283 283 283 283 283 283 283 283 
22:43:13 283 283 283 283 283 283 283 283 
22:44:13 283 283 283 283 283 283 283 283 
22:45:13 283 283 283 283 283 283 283 283 
22:46:13 283 283 283 283 283 283 283 283 
22:47:13 283 283 283 283 283 283 283 283 
22:48:14 283 283 283 283 283 283 283 283 
22:49:14 283 283 283 283 283 283 283 283 
22:50:14 283 283 283 283 283 283 283 283 
22:51:14 283 283 283 283 283 283 283 283 
22:52:14 283 283 283 283 283 283 283 283 
22:53:14 283 283 283 283 283 283 283 283 
22:54:14 283 283 283 283 283 283 283 283 
22:55:14 283 283 283 283 283 283 283 283 
22:56:14 283 283 283 283 283 283 283 283 
22:57:14 283 283 283 283 283 283 283 283 
22:58:14 283 283 283 283 283 283 283 283 
22:59:14 283 283 283 283 283 283 283 283 
23:00:14 283 283 283 283 283 283 283 283 
23:01:14 283 283 283 283 283 283 283 283 
23:02:15 283 283 283 283 283 283 283 283 
23:03:15 283 283 283 283 283 283 283 283 
23:04:15 283 283 283 283 283 283 283 283 
23:05:15 283 283 283 283 283 283 283 283 
23:06:15 283 283 283 283 283 283 283 283 
23:07:15 283 283 283 283 283 283 283 283 
23:08:15 283 283 283 283 283 283 283 283 
23:09:15 283 283 283 283 283 283 283 283 
23:10:15 283 283 283 283 283 283 283 283 
23:11:15 283 283 283 283 283 283 283 283 
23:12:15 283 283 283 283 283 283 283 283 
23:13:15 283 283 283 283 283 283 283 283 
23:14:15 283 283 283 283 283 283 283 283 
23:15:15 283 283 283 283 283 283 283 283 
23:16:15 283 283 283 283 283 283 283 283 
23:17:16 283 283 283 283 283 283 283 283 
23:18:16 283 283 283 283 283 283 283 283 
23:19:16 283 283 283 283 283 283 283 283 
23:20:16 283 283 283 283 283 283 283 283 
23:21:16 283 283 283 283 283 283 283 283 
23:22:16 283 283 283 283 283 283 283 283 
23:23:16 283 283 283 283 283 283 283 283 
23:24:16 283 283 283 283 283 283 283 283 
23:25:16 283 283 283 283 283 283 283 283 
23:26:16 283 283 283 283 283 283 283 283 
23:27:16 283 283 283 283 283 283 283 283 
23:28:16 283 283 283 283 283 283 283 283 
23:29:16 283 283 283 283 283 283 283 283 
23:30:16 283 283 283 283 283 283 283 283 
23:31:17 283 283 283 283 283 283 283 283 
23:32:17 283 283 283 283 283 283 283 283 
23:33:17 283 283 283 283 283 283 283 283 
23:34:17 283 283 283 283 283 283 283 283 
23:35:17 283 283 283 283 283 283 283 283 
23:36:17 283 283 283 283 283 283 283 283 
23:37:17 283 283 283 283 283 283 283 283 
23:38:17 283 283 283 283 283 283 283 283 
23:39:17 283 283 283 283 283 283 283 283 
23:40:17 283 283 283 283 283 283 283 283 
23:41:17 283 283 283 283 283 283 283 283 
23:42:17 283 283 283 283 283 283 283 283 
23:43:17 283 283 283 283 283 283 283 283 
23:44:17 283 283 283 283 283 283 283 283 
23:45:18 283 283 283 283 283 283 283 283 
23:46:18 283 283 283 283 283 283 283 283 
23:47:18 283 283 283 283 283 283 283 283 
23:48:18 283 283 283 283 283 283 283 283 
23:49:18 283 283 283 283 283 283 283 283 
23:50:18 283 283 283 283 283 283 283 283 
23:51:18 283 283 283 283 283 283 283 283 
23:52:18 283 283 283 283 283 283 283 283 
23:53:18 283 283 283 283 283 283 283 283 
23:54:18 283 283 283 283 283 283 283 283 
23:55:18 283 283 283 283 283 283 283 283 
23:56:18 283 283 283 283 283 283 283 283 
23:57:18 283 283 283 283 283 283 283 283 
23:58:18 283 283 283 283 283 283 283 283 
23:59:18 283 283 283 283 283 283 283 283 
00:00:19 283 283 283 283 283 283 283 283 
00:01:19 283 283 283 283 283 283 283 283 
00:02:19 283 283 283 283 283 283 283 283 
00:03:19 283 283 283 283 283 283 283 283 
00:04:19 283 283 283 283 283 283 283 283 
00:05:19 283 283 283 283 283 283 283 283 
00:06:19 283 283 283 283 283 283 283 283 
00:07:19 283 283 283 283 283 283 283 283 
00:08:19 283 283 283 283 283 283 283 283 
00:09:19 283 283 283 283 283 283 283 283 
00:10:19 283 283 283 283 283 283 283 283 
00:11:19 283 283 283 283 283 283 283 283 
00:12:19 283 283 283 283 283 283 283 283 
00:13:19 283 283 283 283 283 283 283 283 
00:14:19 283 283 283 283 283 283 283 283 
00:15:20 283 283 283 283 283 283 283 283 
00:16:20 283 283 283 283 283 283 283 283 
00:17:20 283 283 283 283 283 283 283 283 
bash: line 1: echo: write error: Disk quota exceeded
00:22:20 283 283 283 283 283 283 283 283 
00:23:20 283 283 283 283 283 283 283 283 
00:24:20 283 283 283 283 283 283 283 283 
00:25:20 283 283 283 283 283 283 283 283 
00:26:20 283 283 283 283 283 283 283 283 
00:27:20 283 283 283 283 283 283 283 283 
00:28:20 283 283 283 283 283 283 283 283 
00:29:20 283 283 283 283 283 283 283 283 
00:30:21 283 283 283 283 283 283 283 283 
00:31:21 283 283 283 283 283 283 283 283 
00:32:21 283 283 283 283 283 283 283 283 
00:33:21 283 283 283 283 283 283 283 283 
00:34:21 283 283 283 283 283 283 283 283 
00:35:21 283 283 283 283 283 283 283 283 
00:36:21 283 283 283 283 283 283 283 283 
00:37:21 283 283 283 283 283 283 283 283 
00:38:21 283 283 283 283 283 283 283 283 
00:39:21 283 283 283 283 283 283 283 283 
00:40:21 283 283 283 283 283 283 283 283 
00:41:21 283 283 283 283 283 283 283 283 
00:42:21 283 283 283 283 283 283 283 283 
00:43:21 283 283 283 283 283 283 283 283 
00:44:21 283 283 283 283 283 283 283 283 
00:45:22 283 283 283 283 283 283 283 283 
00:46:22 283 283 283 283 283 283 283 283 
00:47:22 283 283 283 283 283 283 283 283 
00:48:22 283 283 283 283 283 283 283 283 
00:49:22 283 283 283 283 283 283 283 283 
00:50:22 283 283 283 283 283 283 283 283 
00:51:22 283 283 283 283 283 283 283 283 
00:52:22 283 283 283 283 283 283 283 283 
00:53:22 283 283 283 283 283 283 283 283 
00:54:22 283 283 283 283 283 283 283 283 
00:55:22 283 283 283 283 283 283 283 283 
00:56:22 283 283 283 283 283 283 283 283 
00:57:22 283 283 283 283 283 283 283 283 
00:58:22 283 283 283 283 283 283 283 283 
00:59:22 283 283 283 283 283 283 283 283 
01:00:23 283 283 283 283 283 283 283 283 
01:01:23 283 283 283 283 283 283 283 283 
01:02:23 283 283 283 283 283 283 283 283 
01:03:23 283 283 283 283 283 283 283 283 
01:04:23 283 283 283 283 283 283 283 283 
01:05:23 283 283 283 283 283 283 283 283 
01:06:23 283 283 283 283 283 283 283 283 
01:07:23 283 283 283 283 283 283 283 283 
01:08:23 283 283 283 283 283 283 283 283 
01:09:23 283 283 283 283 283 283 283 283 
01:10:23 283 283 283 283 283 283 283 283 
01:11:23 283 283 283 283 283 283 283 283 
01:12:23 283 283 283 283 283 283 283 283 
01:13:23 283 283 283 283 283 283 283 283 
01:14:23 283 283 283 283 283 283 283 283 
01:15:24 283 283 283 283 283 283 283 283 
01:16:24 283 283 283 283 283 283 283 283 
01:17:24 283 283 283 283 283 283 283 283 
01:18:24 283 283 283 283 283 283 283 283 
01:19:24 283 283 283 283 283 283 283 283 
01:20:24 283 283 283 283 283 283 283 283 
01:21:24 283 283 283 283 283 283 283 283 
01:22:24 283 283 283 283 283 283 283 283 
01:23:24 283 283 283 283 283 283 283 283 
01:24:24 283 283 283 283 283 283 283 283 
01:25:24 283 283 283 283 283 283 283 283 
01:26:24 283 283 283 283 283 283 283 283 
01:27:24 283 283 283 283 283 283 283 283 
01:28:24 283 283 283 283 283 283 283 283 
01:29:24 283 283 283 283 283 283 283 283 
01:30:25 283 283 283 283 283 283 283 283 
01:31:25 283 283 283 283 283 283 283 283 
bash: line 1: echo: write error: Disk quota exceeded
01:43:25 283 283 283 283 283 283 283 283 bash: line 1: echo: write error: Disk quota exceeded
01:45:26 283 283 283 283 283 283 283 283 
01:46:26 283 283 283 283 283 283 283 283 
01:47:26 283 283 283 283 283 283 283 283 
01:48:26 283 283 283 283 283 283 283 283 
01:49:26 283 283 283 283 283 283 283 283 
01:50:26 283 283 283 283 283 283 283 283 
01:51:26 283 283 283 283 283 283 283 283 
01:52:26 283 283 283 283 283 283 283 283 
01:53:26 283 283 283 283 283 283 283 283 
01:54:26 283 283 283 283 283 283 283 283 
01:55:26 283 283 283 283 283 283 283 283 
01:56:26 283 283 283 283 283 283 283 283 
01:57:26 283 283 283 283 283 283 283 283 
01:58:26 283 283 283 283 283 283 283 283 
01:59:27 283 283 283 283 283 283 283 283 
02:00:27 283 283 283 283 283 283 283 283 
02:01:27 283 283 283 283 283 283 283 283 
02:02:27 283 283 283 283 283 283 283 283 
02:03:27 283 283 283 283 283 283 283 283 
02:04:27 283 283 283 283 283 283 283 283 
02:05:27 283 283 283 283 283 283 283 283 
bash: line 1: echo: write error: Disk quota exceeded
02:13:27 283 283 283 283 283 283 283 283 
02:14:28 283 283 283 283 283 283 283 283 
02:15:28 283 283 283 283 283 283 283 283 
02:16:28 283 283 283 283 283 283 283 283 
02:17:28 283 283 283 283 283 283 283 283 
02:18:28 283 283 283 283 283 283 283 283 
02:19:28 283 283 283 283 283 283 283 283 
02:20:28 283 283 283 283 283 283 283 283 
02:21:28 283 283 283 283 283 283 283 283 
02:22:28 283 283 283 283 283 283 283 283 
02:23:28 283 283 283 283 283 283 283 283 
02:24:28 283 283 283 283 283 283 283 283 
02:25:28 283 283 283 283 283 283 283 283 
02:26:28 283 283 283 283 283 283 283 283 
02:27:28 283 283 283 283 283 283 283 283 
02:28:28 283 283 283 283 283 283 283 283 
02:29:29 283 283 283 283 283 283 283 283 
02:30:29 283 283 283 283 283 283 283 283 
02:31:29 283 283 283 283 283 283 283 283 
02:32:29 283 283 283 283 283 283 283 283 
02:33:29 283 283 283 283 283 283 283 283 
02:34:29 283 283 283 283 283 283 283 283 
02:35:29 283 283 283 283 283 283 283 283 
02:36:29 283 283 283 283 283 283 283 283 
02:37:29 283 283 283 283 283 283 283 283 
02:38:29 283 283 283 283 283 283 283 283 
02:39:29 283 283 283 283 283 283 283 283 
02:40:29 283 283 283 283 283 283 283 283 
02:41:29 283 283 283 283 283 283 283 283 
02:42:29 283 283 283 283 283 283 283 283 
02:43:29 283 283 283 283 283 283 283 283 
02:44:30 283 283 283 283 283 283 283 283 
02:45:30 283 283 283 283 283 283 283 283 
02:46:30 283 283 283 283 283 283 283 283 
02:47:30 283 283 283 283 283 283 283 283 
02:48:30 283 283 283 283 283 283 283 283 
02:49:30 283 283 283 283 283 283 283 283 
02:50:30 283 283 283 283 283 283 283 283 
02:51:30 283 283 283 283 283 283 283 283 
02:52:30 283 283 283 283 283 283 283 283 
02:53:30 283 283 283 283 283 283 283 283 
02:54:30 283 283 283 283 283 283 283 283 
02:55:30 283 283 283 283 283 283 283 283 
02:56:30 283 283 283 283 283 283 283 283 
02:57:30 283 283 283 283 283 283 283 283 
02:58:30 283 283 283 283 283 283 283 283 
02:59:31 283 283 283 283 283 283 283 283 
03:00:31 283 283 283 283 283 283 283 283 
03:01:31 283 283 283 283 283 283 283 283 
03:02:31 283 283 283 283 283 283 283 283 
03:03:31 283 283 283 283 283 283 283 283 
03:04:31 283 283 283 283 283 283 283 283 
03:05:31 283 283 283 283 283 283 283 283 
03:06:31 283 283 283 283 283 283 283 283 
03:07:31 283 283 283 283 283 283 283 283 
03:08:31 283 283 283 283 283 283 283 283 
03:09:31 283 283 283 283 283 283 283 283 
03:10:31 283 283 283 283 283 283 283 283 
03:11:31 283 283 283 283 283 283 283 283 
03:12:31 283 283 283 283 283 283 283 283 
03:13:31 283 283 283 283 283 283 283 283 
03:14:32 283 283 283 283 283 283 283 283 
03:15:32 283 283 283 283 283 283 283 283 
03:16:32 283 283 283 283 283 283 283 283 
03:17:32 283 283 283 283 283 283 283 283 
03:18:32 283 283 283 283 283 283 283 283 
03:19:32 283 283 283 283 283 283 283 283 
03:20:32 283 283 283 283 283 283 283 283 
03:21:32 283 283 283 283 283 283 283 283 
03:22:32 283 283 283 283 283 283 283 283 
03:23:32 283 283 283 283 283 283 283 283 
03:24:32 283 283 283 283 283 283 283 283 
03:25:32 283 283 283 283 283 283 283 283 
03:26:32 283 283 283 283 283 283 283 283 
03:27:32 283 283 283 283 283 283 283 283 
03:28:32 283 283 283 283 283 283 283 283 
03:29:33 283 283 283 283 283 283 283 283 
03:30:33 283 283 283 283 283 283 283 283 
03:31:33 283 283 283 283 283 283 283 283 
03:32:33 283 283 283 283 283 283 283 283 
03:33:33 283 283 283 283 283 283 283 283 
03:34:33 283 283 283 283 283 283 283 283 
03:35:33 283 283 283 283 283 283 283 283 
03:36:33 283 283 283 283 283 283 283 283 
03:37:33 283 283 283 283 283 283 283 283 
03:38:33 283 283 283 283 283 283 283 283 
03:39:33 283 283 283 283 283 283 283 283 
03:40:33 283 283 283 283 283 283 283 283 
03:41:33 283 283 283 283 283 283 283 283 
03:42:33 283 283 283 283 283 283 283 283 
03:43:33 283 283 283 283 283 283 283 283 
03:44:34 283 283 283 283 283 283 283 283 
03:45:34 283 283 283 283 283 283 283 283 
03:46:34 283 283 283 283 283 283 283 283 
03:47:34 283 283 283 283 283 283 283 283 
03:48:34 283 283 283 283 283 283 283 283 
03:49:34 283 283 283 283 283 283 283 283 
03:50:34 283 283 283 283 283 283 283 283 
03:51:34 283 283 283 283 283 283 283 283 
03:52:34 283 283 283 283 283 283 283 283 
03:53:34 283 283 283 283 283 283 283 283 
03:54:34 283 283 283 283 283 283 283 283 
03:55:34 283 283 283 283 283 283 283 283 
03:56:34 283 283 283 283 283 283 283 283 
03:57:34 283 283 283 283 283 283 283 283 
03:58:34 283 283 283 283 283 283 283 283 
03:59:35 283 283 283 283 283 283 283 283 
04:00:35 283 283 283 283 283 283 283 283 
04:01:35 283 283 283 283 283 283 283 283 
04:02:35 283 283 283 283 283 283 283 283 
04:03:35 283 283 283 283 283 283 283 283 
04:04:35 283 283 283 283 283 283 283 283 
04:05:35 283 283 283 283 283 283 283 283 
04:06:35 283 283 283 283 283 283 283 283 
04:07:35 283 283 283 283 283 283 283 283 
04:08:35 283 283 283 283 283 283 283 283 
04:09:35 283 283 283 283 283 283 283 283 
04:10:35 283 283 283 283 283 283 283 283 
04:11:35 283 283 283 283 283 283 283 283 
04:12:35 283 283 283 283 283 283 283 283 
04:13:35 283 283 283 283 283 283 283 283 
04:14:36 283 283 283 283 283 283 283 283 
04:15:36 283 283 283 283 283 283 283 283 
04:16:36 283 283 283 283 283 283 283 283 
04:17:36 283 283 283 283 283 283 283 283 
04:18:36 283 283 283 283 283 283 283 283 
04:19:36 283 283 283 283 283 283 283 283 
04:20:36 283 283 283 283 283 283 283 283 
04:21:36 283 283 283 283 283 283 283 283 
04:22:36 283 283 283 283 283 283 283 283 
04:23:36 283 283 283 283 283 283 283 283 
04:24:36 283 283 283 283 283 283 283 283 
04:25:36 283 283 283 283 283 283 283 283 
04:26:36 283 283 283 283 283 283 283 283 
04:27:36 283 283 283 283 283 283 283 283 
04:28:36 283 283 283 283 283 283 283 283 
04:29:37 283 283 283 283 283 283 283 283 
04:30:37 283 283 283 283 283 283 283 283 
04:31:37 283 283 283 283 283 283 283 283 
04:32:37 283 283 283 283 283 283 283 283 
04:33:37 283 283 283 283 283 283 283 283 
04:34:37 283 283 283 283 283 283 283 283 
04:35:37 283 283 283 283 283 283 283 283 
04:36:37 283 283 283 283 283 283 283 283 
04:37:37 283 283 283 283 283 283 283 283 
04:38:37 283 283 283 283 283 283 283 283 
04:39:37 283 283 283 283 283 283 283 283 
04:40:37 283 283 283 283 283 283 283 283 
04:41:37 283 283 283 283 283 283 283 283 
04:42:37 283 283 283 283 283 283 283 283 
04:43:38 283 283 283 283 283 283 283 283 
04:44:38 283 283 283 283 283 283 283 283 
04:45:38 283 283 283 283 283 283 283 283 
04:46:38 283 283 283 283 283 283 283 283 
04:47:38 283 283 283 283 283 283 283 283 
04:48:38 283 283 283 283 283 283 283 283 
04:49:38 283 283 283 283 283 283 283 283 
04:50:38 283 283 283 283 283 283 283 283 
04:51:38 283 283 283 283 283 283 283 283 
04:52:38 283 283 283 283 283 283 283 283 
04:53:38 283 283 283 283 283 283 283 283 
04:54:38 283 283 283 283 283 283 283 283 
04:55:38 283 283 283 283 283 283 283 283 
04:56:38 283 283 283 283 283 283 283 283 
04:57:38 283 283 283 283 283 283 283 283 
04:58:39 283 283 283 283 283 283 283 283 
04:59:39 283 283 283 283 283 283 283 283 
05:00:39 283 283 283 283 283 283 283 283 
05:01:39 283 283 283 283 283 283 283 283 
05:02:39 283 283 283 283 283 283 283 283 
05:03:39 283 283 283 283 283 283 283 283 
05:04:39 283 283 283 283 283 283 283 283 
05:05:39 283 283 283 283 283 283 283 283 
05:06:39 283 283 283 283 283 283 283 283 
05:07:39 283 283 283 283 283 283 283 283 
05:08:39 283 283 283 283 283 283 283 283 
05:09:39 283 283 283 283 283 283 283 283 
05:10:39 283 283 283 283 283 283 283 283 
05:11:39 283 283 283 283 283 283 283 283 
05:12:40 283 283 283 283 283 283 283 283 
05:13:40 283 283 283 283 283 283 283 283 
05:14:40 283 283 283 283 283 283 283 283 
05:15:40 283 283 283 283 283 283 283 283 
05:16:40 283 283 283 283 283 283 283 283 
05:17:40 283 283 283 283 283 283 283 283 
05:18:40 283 283 283 283 283 283 283 283 
05:19:40 283 283 283 283 283 283 283 283 
05:20:40 283 283 283 283 283 283 283 283 
05:21:40 283 283 283 283 283 283 283 283 
05:22:40 283 283 283 283 283 283 283 283 
05:23:40 283 283 283 283 283 283 283 283 
05:24:40 283 283 283 283 283 283 283 283 
05:25:40 283 283 283 283 283 283 283 283 
05:26:40 283 283 283 283 283 283 283 283 
05:27:41 283 283 283 283 283 283 283 283 
05:28:41 283 283 283 283 283 283 283 283 
05:29:41 283 283 283 283 283 283 283 283 
05:30:41 283 283 283 283 283 283 283 283 
05:31:41 283 283 283 283 283 283 283 283 
05:32:41 283 283 283 283 283 283 283 283 
05:33:41 283 283 283 283 283 283 283 283 
05:34:41 283 283 283 283 283 283 283 283 
05:35:41 283 283 283 283 283 283 283 283 
05:36:41 283 283 283 283 283 283 283 283 
05:37:41 283 283 283 283 283 283 283 283 
05:38:41 283 283 283 283 283 283 283 283 
05:39:41 283 283 283 283 283 283 283 283 
05:40:41 283 283 283 283 283 283 283 283 
05:41:42 283 283 283 283 283 283 283 283 
05:42:42 283 283 283 283 283 283 283 283 
05:43:42 283 283 283 283 283 283 283 283 
05:44:42 283 283 283 283 283 283 283 283 
05:45:42 283 283 283 283 283 283 283 283 
05:46:42 283 283 283 283 283 283 283 283 
05:47:42 283 283 283 283 283 283 283 283 
05:48:42 283 283 283 283 283 283 283 283 
05:49:42 283 283 283 283 283 283 283 283 
05:50:42 283 283 283 283 283 283 283 283 
05:51:42 283 283 283 283 283 283 283 283 
05:52:42 283 283 283 283 283 283 283 283 
05:53:42 283 283 283 283 283 283 283 283 
05:54:42 283 283 283 283 283 283 283 283 
05:55:43 283 283 283 283 283 283 283 283 
05:56:43 283 283 283 283 283 283 283 283 
05:57:43 283 283 283 283 283 283 283 283 
05:58:43 283 283 283 283 283 283 283 283 
05:59:43 283 283 283 283 283 283 283 283 
06:00:43 283 283 283 283 283 283 283 283 
06:01:43 283 283 283 283 283 283 283 283 
06:02:43 283 283 283 283 283 283 283 283 
06:03:43 283 283 283 283 283 283 283 283 
06:04:43 283 283 283 283 283 283 283 283 
06:05:43 283 283 283 283 283 283 283 283 
06:06:43 283 283 283 283 283 283 283 283 
06:07:43 283 283 283 283 283 283 283 283 
06:08:43 283 283 283 283 283 283 283 283 
06:09:43 283 283 283 283 283 283 283 283 
06:10:44 283 283 283 283 283 283 283 283 
06:11:44 283 283 283 283 283 283 283 283 
06:12:44 283 283 283 283 283 283 283 283 
06:13:44 283 283 283 283 283 283 283 283 
06:14:44 283 283 283 283 283 283 283 283 
06:15:44 283 283 283 283 283 283 283 283 
06:16:44 283 283 283 283 283 283 283 283 
06:17:44 283 283 283 283 283 283 283 283 
06:18:44 283 283 283 283 283 283 283 283 
06:19:44 283 283 283 283 283 283 283 283 
06:20:44 283 283 283 283 283 283 283 283 
06:21:44 283 283 283 283 283 283 283 283 
06:22:44 283 283 283 283 283 283 283 283 
06:23:44 284 284 284 284 284 284 284 284 
06:24:44 283 283 283 283 283 283 283 283 
06:25:45 283 283 283 283 283 283 283 283 
06:26:45 94456 94456 94456 94456 94456 94456 94456 94456 
06:27:45 94456 94456 94456 94456 94456 94456 94456 94456 
06:28:45 94456 94456 94456 94456 94456 94456 94456 94485 
06:29:45 97969 98395 98401 98389 98339 98251 98269 98259 
06:30:45 94457 94457 94457 94457 94456 94457 94456 94457 
06:31:45 94457 94457 94457 94457 94456 94457 94457 94457 
06:32:45 94458 94457 94758 94473 94457 94458 94457 94567 
06:33:45 97970 98396 98402 98390 98340 98252 98270 98260 
06:34:45 93096 93096 93096 93096 93096 93096 93096 93096 
06:35:45 93096 93096 93096 93096 93096 93096 93096 93096 
06:36:45 93100 93235 93100 93100 93235 93768 93768 93235 
06:37:45 94456 94457 94457 94457 94457 94457 94456 94457 
06:38:46 94456 94457 94457 94457 94457 94457 94456 94457 
06:39:46 94456 94457 94457 94457 94457 94457 94456 94457 
06:40:46 95021 95021 95021 95021 95021 95021 95021 95021 
06:41:46 93096 93096 93096 93096 93096 93096 93096 93096 
06:42:46 93096 93096 93096 93096 93096 93096 93096 93096 
06:43:46 96146 96572 96570 96572 96514 96456 96456 96458 
06:44:46 94456 94456 94456 94456 94456 94456 94456 94456 
06:45:46 94456 94456 94456 94456 94456 94456 94456 94456 
06:46:46 95146 95293 95146 95293 95145 95293 95293 95145 
06:47:46 283 283 283 283 283 283 283 283 
06:48:46 94457 94457 94457 94457 94457 94457 94457 94457 
06:49:46 94457 94457 94457 94457 94457 94457 94457 94457 
06:50:46 94493 94457 94457 94457 94457 94457 94457 94457 
06:51:47 283 283 283 283 283 283 283 283 
06:52:47 283 283 283 283 283 283 283 283 
06:53:47 283 283 283 283 283 283 283 283 
06:54:47 283 283 283 283 283 283 283 283 
06:55:47 283 283 283 283 283 283 283 283 
06:56:47 283 283 283 283 283 283 283 283 
sleep: write error: Disk quota exceeded
07:03:47 283 283 283 283 283 283 283 283 
07:04:47 283 283 283 283 283 283 283 283 
07:05:48 95168 95168 95168 95168 95168 95168 95168 95168 
07:06:48 95168 95168 95168 95168 95168 95168 95168 95168 
07:07:48 96379 96377 96377 96375 96395 96389 96385 96393 
07:08:48 72148 88950 68518 68534 68534 62954 88148 66582 
07:09:48 95168 95168 95168 95168 95168 95168 95168 95168 
07:10:48 95168 95168 95168 95168 95168 95168 95168 95168 
07:11:48 97003 97319 97291 97283 97291 97301 97259 97263 
07:12:48 98981 98981 98981 98981 98981 98981 99753 98981 
07:13:48 99753 99753 99753 99753 99753 99753 99753 99753 
07:14:48 99753 99753 99753 99753 99753 99753 99753 99753 
07:15:48 103305 103731 103737 103725 103675 103587 103605 103595 
07:16:48 99753 99753 99753 99753 99753 99753 99753 99753 
07:17:48 99753 99753 99753 99753 99753 99753 99753 99753 
07:18:49 99756 100056 100589 99756 99784 99865 100056 99756 
07:19:49 102755 103107 103113 103101 103051 102963 102981 102971 
07:20:49 283 283 283 283 283 283 283 283 
07:21:49 283 283 283 283 283 283 283 283 
07:22:49 283 283 283 283 283 283 283 283 
07:23:49 283 283 283 283 283 283 283 283 
07:24:49 283 283 283 283 283 283 283 283 
07:25:49 283 283 283 283 283 283 283 283 
07:26:49 283 283 283 283 283 283 283 283 
07:27:49 283 283 283 283 283 283 283 283 
07:28:49 283 283 283 283 283 283 283 283 
07:29:49 283 283 283 283 283 283 283 283 
07:30:49 94302 94302 94302 94303 94302 94302 94302 94302 
07:31:49 94302 94302 94302 94302 94302 94302 94302 94302 
07:32:50 94989 94989 94355 94989 94989 94989 94989 94989 
07:33:50 283 283 283 283 283 283 283 283 
07:34:50 283 283 283 283 283 283 283 283 
07:35:50 283 283 283 283 283 283 283 283 
07:36:50 283 283 283 283 283 283 283 283 
07:37:50 283 283 283 283 283 283 283 283 
07:38:50 283 283 283 283 283 283 283 283 
07:39:50 283 283 283 283 283 283 283 283 
07:40:50 283 283 283 283 283 283 283 283 
07:41:50 283 283 283 283 283 283 283 283 
07:42:50 283 283 283 283 283 283 283 283 
07:43:50 283 283 283 283 283 283 283 283 
07:44:50 283 283 283 283 283 283 283 283 
07:45:50 283 283 283 283 283 283 283 283 
07:46:50 283 283 283 283 283 283 283 283 
07:47:51 283 283 283 283 283 283 283 283 
07:48:51 283 283 283 283 283 283 283 283 
07:49:51 283 283 283 283 283 283 283 283 
07:50:51 283 283 283 283 283 283 283 283 
07:51:51 283 283 283 283 283 283 283 283 
07:52:51 283 283 283 283 283 283 283 283 
07:53:51 283 283 283 283 283 283 283 283 
07:54:51 283 283 283 283 283 283 283 283 
07:55:51 283 283 283 283 283 283 283 283 
07:56:51 284 284 284 284 284 284 284 284 
07:57:51 99753 99753 99753 99753 99753 99753 99753 99753 
07:58:51 99753 99753 99753 99753 99753 99753 99753 99753 
07:59:51 103305 103731 103737 103725 103675 103587 103605 103595 
08:00:51 103195 103621 103627 103615 103585 103563 103581 103485 
08:01:52 99753 99753 99753 99753 99753 99753 99753 99753 
08:02:52 99753 99753 99753 99753 99753 99753 99753 99753 
08:03:52 100748 100748 100601 100744 100748 100748 100748 100748 
08:04:52 103305 103731 103737 103725 103675 103587 103605 103595 
08:05:52 283 283 283 283 283 283 283 283 
08:06:52 283 283 283 283 283 283 283 283 
08:07:52 283 283 283 283 283 283 283 283 
08:08:52 283 283 283 283 283 283 283 283 
08:09:52 283 283 283 283 283 283 283 283 
08:10:52 283 283 283 283 283 283 283 283 
08:11:52 283 283 283 283 283 283 283 283 
08:12:52 283 283 283 283 283 283 283 283 
08:13:52 283 283 283 283 283 283 283 283 
08:14:52 283 283 283 283 283 283 283 283 
08:15:53 283 283 283 283 283 283 283 283 
08:16:53 283 283 283 283 283 283 283 283 
08:17:53 283 283 283 283 283 283 283 283 
08:18:53 283 283 283 283 283 283 283 283 
08:19:53 283 283 283 283 283 283 283 283 
08:20:53 283 283 283 283 283 283 283 283 
08:21:53 283 283 283 283 283 283 283 283 
08:22:53 283 283 283 283 283 283 283 283 
08:23:53 283 283 283 283 283 283 283 283 
08:24:53 283 283 283 283 283 283 283 283 
08:25:53 283 283 283 283 283 283 283 283 
08:26:53 283 283 283 283 283 283 283 283 
08:27:53 283 283 283 283 283 283 283 283 
08:28:53 283 283 283 283 283 283 283 283 
08:29:53 283 283 283 283 283 283 283 283 
08:30:54 283 283 283 283 283 283 283 283 
08:31:54 283 283 283 283 283 283 283 283 
08:32:54 283 283 283 283 283 283 283 283 
08:33:54 283 283 283 283 283 283 283 283 
08:34:54 283 283 283 283 283 283 283 283 
08:35:54 283 283 283 283 283 283 283 283 
08:36:54 283 283 283 283 283 283 283 283 
08:37:54 283 283 283 283 283 283 283 283 
08:38:54 283 283 283 283 283 283 283 283 
08:39:54 283 283 283 283 283 283 283 283 
08:40:54 283 283 283 283 283 283 283 283 
08:41:54 283 283 283 283 283 283 283 283 
08:42:54 283 283 283 283 283 283 283 283 
08:43:54 283 283 283 283 283 283 283 283 
08:44:54 283 283 283 283 283 283 283 283 
08:45:55 283 283 283 283 283 283 283 283 
08:46:55 283 283 283 283 283 283 283 283 
08:47:55 283 283 283 283 283 283 283 283 
08:48:55 283 283 283 283 283 283 283 283 
08:49:55 283 283 283 283 283 283 283 283 
08:50:55 283 283 283 283 283 283 283 283 
08:51:55 283 283 283 283 283 283 283 283 
08:52:55 283 283 283 283 283 283 283 283 
08:53:55 283 283 283 283 283 283 283 283 
08:54:55 283 283 283 283 283 283 283 283 
08:55:55 283 283 283 283 283 283 283 283 
08:56:55 283 283 283 283 283 283 283 283 
08:57:55 283 283 283 283 283 283 283 283 
08:58:55 283 283 283 283 283 283 283 283 
08:59:55 283 283 283 283 283 283 283 283 
09:00:56 283 283 283 283 283 283 283 283 
09:01:56 283 283 283 283 283 283 283 283 
09:02:56 283 283 283 283 283 283 283 283 
09:03:56 283 283 283 283 283 283 283 283 
09:04:56 283 283 283 283 283 283 283 283 
09:05:56 283 283 283 283 283 283 283 283 
09:06:56 283 283 283 283 283 283 283 283 
09:07:56 283 283 283 283 283 283 283 283 
09:08:56 283 283 283 283 283 283 283 283 
09:09:56 283 283 283 283 283 283 283 283 
09:10:56 283 283 283 283 283 283 283 283 
09:11:56 283 283 283 283 283 283 283 283 
09:12:56 283 283 283 283 283 283 283 283 
09:13:56 283 283 283 283 283 283 283 283 
09:14:56 283 283 283 283 283 283 283 283 
09:15:57 283 283 283 283 283 283 283 283 
09:16:57 283 283 283 283 283 283 283 283 
09:17:57 283 283 283 283 283 283 283 283 
09:18:57 283 283 283 283 283 283 283 283 
09:19:57 283 283 283 283 283 283 283 283 
09:20:57 283 283 283 283 283 283 283 283 
09:21:57 283 283 283 283 283 283 283 283 
09:22:57 283 283 283 283 283 283 283 283 
09:23:57 283 283 283 283 283 283 283 283 
09:24:57 283 283 283 283 283 283 283 283 
09:25:57 283 283 283 283 283 283 283 283 
09:26:57 283 283 283 283 283 283 283 283 
09:27:57 283 283 283 283 283 283 283 283 
09:28:57 283 283 283 283 283 283 283 283 
09:29:58 283 283 283 283 283 283 283 283 
09:30:58 283 283 283 283 283 283 283 283 
09:31:58 283 283 283 283 283 283 283 283 
09:32:58 283 283 283 283 283 283 283 283 
09:33:58 283 283 283 283 283 283 283 283 
09:34:58 283 283 283 283 283 283 283 283 
09:35:58 283 283 283 283 283 283 283 283 
09:36:58 283 283 283 283 283 283 283 283 
09:37:58 283 283 283 283 283 283 283 283 
09:38:58 283 283 283 283 283 283 283 283 
09:39:58 283 283 283 283 283 283 283 283 
09:40:58 283 283 283 283 283 283 283 283 
09:41:58 283 283 283 283 283 283 283 283 
09:42:58 283 283 283 283 283 283 283 283 
09:43:58 283 283 283 283 283 283 283 283 
09:44:59 283 283 283 283 283 283 283 283 
09:45:59 283 283 283 283 283 283 283 283 
09:46:59 283 283 283 283 283 283 283 283 
09:47:59 283 283 283 283 283 283 283 283 
09:48:59 283 283 283 283 283 283 283 283 
09:49:59 283 283 283 283 283 283 283 283 sleep: write error: Disk quota exceeded
09:55:59 283 283 283 283 283 283 283 283 
09:56:59 283 283 283 283 283 283 283 283 
09:57:59 283 283 283 283 283 283 283 283 
09:59:00 283 283 283 283 283 283 283 283 
10:00:00 283 283 283 283 283 283 283 283 
10:01:00 283 283 283 283 283 283 283 283 
10:02:00 283 283 283 283 283 283 283 283 
10:03:00 283 283 283 283 283 283 283 283 
10:04:00 283 283 283 283 283 283 283 283 
10:05:00 283 283 283 283 283 283 283 283 
10:06:00 283 283 283 283 283 283 283 283 
10:07:00 283 283 283 283 283 283 283 283 
10:08:00 283 283 283 283 283 283 283 283 
10:09:00 283 283 283 283 283 283 283 283 
10:10:00 283 283 283 283 283 283 283 283 
10:11:00 283 283 283 283 283 283 283 283 
10:12:00 283 283 283 283 283 283 283 283 
10:13:01 283 283 283 283 283 283 283 283 
10:14:01 283 283 283 283 283 283 283 283 
10:15:01 283 283 283 283 283 283 283 283 
10:16:01 283 283 283 283 283 283 283 283 
10:17:01 283 283 283 283 283 283 283 283 
10:18:01 283 283 283 283 283 283 283 283 
10:19:01 283 283 283 283 283 283 283 283 
10:20:01 283 283 283 283 283 283 283 283 
10:21:01 283 283 283 283 283 283 283 283 
10:22:01 283 283 283 283 283 283 283 283 
10:23:01 283 283 283 283 283 283 283 283 
10:24:01 283 283 283 283 283 283 283 283 
10:25:01 283 283 283 283 283 283 283 283 
10:26:01 283 283 283 283 283 283 283 283 
10:27:01 283 283 283 283 283 283 283 283 
10:28:02 284 284 284 284 284 284 284 284 
10:29:02 283 283 283 283 283 283 283 283 
10:30:02 93096 93096 93096 93096 93096 93096 93096 93096 
10:31:02 93096 93096 93096 93096 93096 93096 93096 93096 
10:32:02 93096 93096 93096 93096 93096 93096 93096 93096 
10:33:02 284 284 284 284 284 284 284 284 
10:34:02 94456 94456 94456 94456 94456 94456 94456 94456 
10:35:02 94456 94457 94456 94456 94456 94456 94457 94457 
10:36:02 97725 98151 98157 98145 98085 98007 98025 98015 
10:37:02 93096 93096 93096 93096 93096 93096 93096 93096 
10:38:02 93096 93096 93097 93096 93096 93096 93097 93096 
10:39:02 93924 93776 93776 93776 93924 93924 93776 93776 
10:40:03 94457 94457 94457 94457 94457 94457 94457 94456 
10:41:03 94457 94457 94457 94457 94457 94457 94457 94456 
10:42:03 94457 94457 94457 94457 94457 94457 94457 94602 
10:43:03 284 284 284 284 284 284 284 284 
10:44:03 94457 94457 94457 94457 94457 94457 94457 94457 
10:45:03 94457 94457 94457 94457 94457 94457 94457 94457 
10:46:03 97785 98211 98217 98205 98155 98067 98085 98075 
10:47:03 284 284 284 284 284 284 284 284 
10:48:03 94302 94302 94302 94302 94302 94302 94302 94302 
10:49:03 94302 94302 94302 94302 94302 94302 94302 94302 
10:50:03 97828 98254 98260 98248 98198 98110 98128 98118 
10:51:03 95732 95830 95836 95824 95762 95840 95880 95892 
10:52:03 283 283 283 283 283 283 283 283 
10:53:04 283 283 283 283 283 283 283 283 
10:54:04 283 283 283 283 283 283 283 283 
10:55:04 283 283 283 283 283 283 283 283 
10:56:04 283 283 283 283 283 283 283 283 
10:57:04 283 283 283 283 283 283 283 283 
10:58:04 283 283 283 283 283 283 283 283 
10:59:04 283 283 283 283 283 283 283 283 
11:00:04 283 283 283 283 283 283 283 283 
11:01:04 283 283 283 283 283 283 283 283 
11:02:04 283 283 283 283 283 283 283 283 
11:03:04 283 283 283 283 283 283 283 283 
11:04:04 283 283 283 283 283 283 283 283 
11:05:04 283 283 283 283 283 283 283 283 
11:06:04 283 283 283 283 283 283 283 283 
11:07:05 283 283 283 283 283 283 283 283 
11:08:05 283 283 283 283 283 283 283 283 
11:09:05 283 283 283 283 283 283 283 283 
11:10:05 283 283 283 283 283 283 283 283 
11:11:05 283 283 283 283 283 283 283 283 
11:12:05 283 283 283 283 283 283 283 283 
11:13:05 283 283 283 283 283 283 283 283 
11:14:05 283 283 283 283 283 283 283 283 
11:15:05 283 283 283 283 283 283 283 283 
11:16:05 283 283 283 283 283 283 283 283 
11:17:05 98333 98333 98333 98333 98333 98333 98333 98333 
11:18:05 98333 98333 98333 98333 98333 98333 98333 98333 
11:19:05 98469 98469 98334 98393 98469 98454 99001 98428 
11:20:05 284 284 284 284 284 284 284 284 
11:21:06 99751 99751 99751 99751 99751 99751 99751 99751 
11:22:06 99751 99751 99751 99751 99751 99751 99751 99751 
11:23:06 100576 100576 100576 100576 100576 100429 100576 100576 
11:24:06 283 283 283 283 283 283 283 283 
11:25:06 283 283 283 283 283 283 283 283 
11:26:06 283 283 283 283 283 283 283 283 
11:27:06 283 283 283 283 283 283 283 283 
11:28:06 283 283 283 283 283 283 283 283 
11:29:06 283 283 283 283 283 283 283 283 
11:30:06 283 283 283 283 283 283 283 283 
11:31:06 283 283 283 283 283 283 283 283 
11:32:06 283 283 283 283 283 283 283 283 
11:33:06 283 283 283 283 283 283 283 283 
11:34:06 283 283 283 283 283 283 283 283 
11:35:07 283 283 283 283 283 283 283 283 
11:36:07 283 283 283 283 283 283 283 283 sleep: write error: Disk quota exceeded
12:19:10 283 283 283 283 283 283 283 283 
12:20:10 99753 99753 99753 99753 99753 99753 99753 99753 
12:21:10 99753 99753 99753 99753 99753 99753 99753 99753 
12:22:10 99753 99753 99753 99753 99753 99753 99753 99788 
12:23:10 103269 103695 103701 103689 103639 103551 103569 103559 
12:24:10 92324 92324 92324 92324 92324 92324 92324 92324 
12:25:10 93096 93096 93096 93096 93096 93096 93096 93096 
12:26:10 93096 93096 93096 93096 93096 93096 93096 93096 
12:27:10 93656 93662 93646 93638 93670 93670 93670 93670 
12:28:11 94457 94456 94456 94456 94456 94456 94456 94456 
12:29:11 94457 94457 94456 94456 94456 94456 94456 94456 
12:30:11 95294 95294 95294 95294 95294 95146 95294 95294 
12:31:11 93096 93096 93096 93096 93096 93096 93096 93096 
12:32:11 93096 93096 93096 93096 93096 93096 93096 93096 
12:33:11 93097 93097 93097 93097 93097 93097 93097 93097 
12:34:11 93684 93684 93684 93684 93684 93684 93684 93684 
12:35:11 94456 94456 94456 94456 94456 94456 94456 94456 
12:36:11 94456 94456 94457 94456 94456 94456 94456 94456 
12:37:11 96424 96688 96636 96638 96652 96640 96608 96628 
12:38:11 283 283 283 283 283 283 283 283 
12:39:11 99753 99753 99753 99753 99753 99753 99753 99753 
12:40:11 99753 99753 99753 99753 99753 99753 99753 99753 
12:41:12 99753 99753 99753 99753 99753 99753 99753 99753 
12:42:12 103269 103695 103701 103689 103639 103551 103569 103559 
12:43:12 91552 91552 91552 91552 91552 91552 91552 91552 
12:44:12 93096 93096 93096 93096 93096 93096 93096 93096 
12:45:12 93096 93096 93096 93096 93096 93096 93096 93096 
12:46:12 93736 93734 93740 93728 93740 93748 93748 93750 
12:47:12 94457 94457 94457 94457 94457 94457 94457 94457 
12:48:12 94457 94457 94457 94457 94457 94457 94457 94457 
12:49:12 95552 95532 95520 95530 95530 95532 95538 95548 
12:50:12 93096 93096 93096 93096 93096 93096 93096 93096 
12:51:12 93096 93096 93096 93096 93096 93096 93096 93096 
12:52:12 93097 93097 93097 93097 93097 93097 93097 93097 
12:53:13 94457 94456 94456 94456 94456 94456 94456 94456 
12:54:13 94456 94456 94456 94456 94456 94456 94456 94456 
12:55:13 94456 94456 94456 94456 94456 94456 94456 94456 
12:56:13 95696 95730 95714 95730 95722 95788 95810 95772 
12:57:13 98209 98209 98209 98209 98209 98209 98209 98209 
12:58:13 99753 99753 99753 99753 99753 99753 99753 99753 
12:59:13 99753 99753 99753 99753 99753 99753 99753 99753 
13:00:13 103267 103693 103699 103687 103637 103549 103567 103557 
13:01:13 103269 103695 103701 103689 103639 103551 103569 103559 
13:02:13 283 283 283 283 283 283 283 283 
13:03:13 283 283 283 283 283 283 283 283 
13:04:13 283 283 283 283 283 283 283 283 
13:05:13 283 283 283 283 283 283 283 283 
13:06:14 283 283 283 283 283 283 283 283 
13:07:14 283 283 283 283 283 283 283 283 
13:08:14 283 283 283 283 283 283 283 283 
13:09:14 283 283 283 283 283 283 283 283 
13:10:14 283 283 283 283 283 283 283 283 
13:11:14 283 283 283 283 283 283 283 283 
13:12:14 283 283 283 283 283 283 283 283 
13:13:14 283 283 283 283 283 283 283 283 
13:14:14 283 283 283 283 283 283 283 283 
13:15:14 283 283 283 283 283 283 283 283 
13:16:14 283 283 283 283 283 283 283 283 
13:17:14 283 283 283 283 283 283 283 283 
13:18:14 283 283 283 283 283 283 283 283 
13:19:14 283 283 283 283 283 283 283 283 
13:20:14 283 283 283 283 283 283 283 283 
13:21:15 283 283 283 283 283 283 283 283 
13:22:15 283 283 283 283 283 283 283 283 
13:23:15 283 283 283 283 283 283 283 283 
13:24:15 283 283 283 283 283 283 283 283 
13:25:15 283 283 283 283 283 283 283 283 
13:26:15 283 283 283 283 283 283 283 283 
13:27:15 283 283 283 283 283 283 283 283 
13:28:15 283 283 283 283 283 283 283 283 
13:29:15 283 283 283 283 283 283 283 283 
13:30:15 283 283 283 283 283 283 283 283 
13:31:15 283 283 283 283 283 283 283 283 
13:32:15 283 283 283 283 283 283 283 283 
13:33:15 283 283 283 283 283 283 283 283 
13:34:15 283 283 283 283 283 283 283 283 
13:35:16 283 283 283 283 283 283 283 283 
13:36:16 283 283 283 283 283 283 283 283 
13:37:16 283 283 283 283 283 283 283 283 
13:38:16 283 283 283 283 283 283 283 283 
13:39:16 283 283 283 283 283 283 283 283 
13:40:16 283 283 283 283 283 283 283 283 
13:41:16 283 283 283 283 283 283 283 283 
13:42:16 283 283 283 283 283 283 283 283 
13:43:16 283 283 283 283 283 283 283 283 
13:44:16 283 283 283 283 283 283 283 283 
13:45:16 283 283 283 283 283 283 283 283 
13:46:16 283 283 283 283 283 283 283 283 
13:47:16 283 283 283 283 283 283 283 283 
13:48:16 99751 99751 99751 99751 99751 99751 99751 99751 
13:49:16 99751 99751 99751 99751 99751 99751 99751 99751 
13:50:17 99751 99751 99751 99751 99751 99751 99751 99751 
13:51:17 103267 103694 103699 103687 103637 103549 103567 103557 
13:52:17 103267 103694 103699 103687 103637 103549 103567 103557 
13:53:17 99751 99751 99751 99751 99751 99751 99751 99751 
13:54:17 99751 99751 99751 99751 99751 99751 99751 99751 
13:55:17 99752 99752 99752 100429 99752 99897 99752 99752 
13:56:17 103270 103695 103701 103689 103639 103552 103569 103559 
13:57:17 103270 103695 103701 103689 103639 103552 103569 103559 
13:58:17 103270 103696 103702 103690 103640 103552 103570 103560 
13:59:17 93096 93096 93096 93096 93096 93096 93096 93096 
14:00:17 93096 93096 93096 93096 93096 93096 93096 93096 
14:01:17 93096 93096 93096 93096 93096 93096 93096 93096 
14:02:17 284 19676 34058 31670 8110 31670 27284 28492 
14:03:18 94457 94457 94457 94457 94457 94457 94457 94457 
14:04:18 94457 94457 94457 94457 94457 94457 94457 94457 
14:05:18 95296 95296 95296 95296 95296 95296 95296 95296 
14:06:18 93096 93096 93096 93096 93096 93096 93096 93096 
14:07:18 93096 93096 93096 93096 93096 93096 93096 93096 
14:08:18 93233 93098 93098 93098 93117 93117 93766 93098 
14:09:18 93684 93684 93684 93684 93684 93684 93684 93684 
14:10:18 94457 94457 94457 94457 94457 94457 94457 94457 
14:11:18 94457 94457 94457 94457 94457 94457 94457 94457 
14:12:18 97944 98370 98376 98364 98314 98226 98244 98234 
14:13:18 284 284 284 284 284 284 284 284 
14:14:18 98333 98333 98333 98333 98333 98333 98333 98333 
14:15:19 98333 98333 98333 98333 98333 98333 98333 98333 
14:16:19 98334 98367 98334 99001 99001 98469 99001 99001 
14:17:19 27411 67727 74143 68161 69333 60965 50931 76541 
14:18:19 99751 99751 99751 98979 98979 98979 98979 98979 
14:19:19 99751 99751 99751 99751 99751 99751 99751 99751 
14:20:19 99751 99751 99751 99751 99751 99751 99751 99751 
14:21:19 103267 103693 103699 103687 103637 103549 103567 103557 
14:22:19 103267 103693 103699 103687 103637 103549 103567 103557 
14:23:19 93096 93096 93096 93096 93096 93096 93096 93096 
14:24:19 93096 93096 93096 93096 93096 93096 93096 93096 
14:25:19 93232 93097 93097 93097 93097 93097 93097 93097 
14:26:19 284 284 284 284 284 284 284 284 
14:27:19 94456 94456 94456 94456 94456 94456 94456 94456 
14:28:20 94456 94456 94456 94456 94456 94456 94456 94456 
14:29:20 97633 98053 98051 98051 97997 97925 97935 97927 
14:30:20 93097 93096 93097 93096 93096 93096 93097 93096 
14:31:20 93097 93096 93097 93096 93096 93096 93096 93096 
14:32:20 93098 93098 93118 93234 93766 93234 93118 93098 
14:33:20 94456 94456 94456 94456 94456 94456 94456 94456 
14:34:20 94456 94456 94456 94456 94456 94456 94456 94456 
14:35:20 94456 94456 94456 94456 94456 94456 94456 94456 
14:36:20 97276 97684 97718 97686 97638 97524 97542 97532 
14:37:20 283 283 283 283 283 283 283 283 
14:38:20 283 283 283 283 283 283 283 283 
14:39:20 283 283 283 283 283 283 283 283 
14:40:20 283 283 283 283 283 283 283 283 
14:41:21 283 283 283 283 283 283 283 283 
14:42:21 283 283 283 283 283 283 283 283 
14:43:21 283 283 283 283 283 283 283 283 
14:44:21 283 283 283 283 283 283 283 283 
14:45:21 283 283 283 283 283 283 283 283 
14:46:21 283 283 283 283 283 283 283 283 
14:47:21 283 283 283 283 283 283 283 283 
14:48:21 283 283 283 283 283 283 283 283 
14:49:21 283 283 283 283 283 283 283 283 
14:50:21 283 283 283 283 283 283 283 283 
14:51:21 283 283 283 283 283 283 283 283 
14:52:21 283 283 283 283 283 283 283 283 
14:53:21 283 283 283 283 283 283 283 283 
14:54:21 283 283 283 283 283 283 283 283 
14:55:21 283 283 283 283 283 283 283 283 
14:56:22 283 283 283 283 283 283 283 283 
14:57:22 283 283 283 283 283 283 283 283 
14:58:22 283 283 283 283 283 283 283 283 
14:59:22 283 283 283 283 283 283 283 283 
15:00:22 283 283 283 283 283 283 283 283 
15:01:22 283 283 283 283 283 283 283 283 
15:02:22 283 283 283 283 283 283 283 283 
15:03:22 283 283 283 283 283 283 283 283 
15:04:22 283 283 283 283 283 283 283 283 
15:05:22 283 283 283 283 283 283 283 283 
15:06:22 283 283 283 283 283 283 283 283 
15:07:22 283 283 283 283 283 283 283 283 
15:08:22 283 283 283 283 283 283 283 283 
15:09:22 283 283 283 283 283 283 283 283 
15:10:23 283 283 283 283 283 283 283 283 
15:11:23 283 283 283 283 283 283 283 283 
15:12:23 283 283 283 283 283 283 283 283 
15:13:23 283 283 283 283 283 283 283 283 
15:14:23 283 283 283 283 283 283 283 283 
15:15:23 283 283 283 283 283 283 283 283 
15:16:23 283 283 283 283 283 283 283 283 
15:17:23 283 283 283 283 283 283 283 283 
15:18:23 283 283 283 283 283 283 283 283 
15:19:23 283 283 283 283 283 283 283 283 
15:20:23 283 283 283 283 283 283 283 283 
15:21:23 283 283 283 283 283 283 283 283 
15:22:23 283 283 283 283 283 283 283 283 
15:23:23 283 283 283 283 283 283 283 283 
15:24:24 283 283 283 283 283 283 283 283 
15:25:24 283 283 283 283 283 283 283 283 
15:26:24 283 283 283 283 283 283 283 283 
15:27:24 283 283 283 283 283 283 283 283 
15:28:24 283 283 283 283 283 283 283 283 
15:29:24 283 283 283 283 283 283 283 283 
15:30:24 283 283 283 283 283 283 283 283 
15:31:24 283 283 283 283 283 283 283 283 
15:32:24 283 283 283 283 283 283 283 283 
15:33:24 283 283 283 283 283 283 283 283 
15:34:24 283 283 283 283 283 283 283 283 
15:35:24 283 283 283 283 283 283 283 283 
15:36:24 283 283 283 283 283 283 283 283 
15:37:24 283 283 283 283 283 283 283 283 
15:38:25 283 283 283 283 283 283 283 283 
15:39:25 283 283 283 283 283 283 283 283 
15:40:25 283 283 283 283 283 283 283 283 
15:41:25 283 283 283 283 283 283 283 283 
15:42:25 283 283 283 283 283 283 283 283 
15:43:25 283 283 283 283 283 283 283 283 
15:44:25 283 283 283 283 283 283 283 283 
15:45:25 283 283 283 283 283 283 283 283 
15:46:25 283 283 283 283 283 283 283 283 
15:47:25 283 283 283 283 283 283 283 283 
15:48:25 283 283 283 283 283 283 283 283 
15:49:25 283 283 283 283 283 283 283 283 
15:50:25 283 283 283 283 283 283 283 283 
15:51:25 283 283 283 283 283 283 283 283 
15:52:26 283 283 283 283 283 283 283 283 
15:53:26 283 283 283 283 283 283 283 283 
15:54:26 283 283 283 283 283 283 283 283 
15:55:26 283 283 283 283 283 283 283 283 
15:56:26 283 283 283 283 283 283 283 283 
15:57:26 283 283 283 283 283 283 283 283 
15:58:26 283 283 283 283 283 283 283 283 
15:59:26 283 283 283 283 283 283 283 283 
16:00:26 283 283 283 283 283 283 283 283 
16:01:26 283 283 283 283 283 283 283 283 
16:02:26 283 283 283 283 283 283 283 283 
16:03:26 283 283 283 283 283 283 283 283 
16:04:26 283 283 283 283 283 283 283 283 
16:05:26 283 283 283 283 283 283 283 283 
16:06:26 283 283 283 283 283 283 283 283 
16:07:27 283 283 283 283 283 283 283 283 
16:08:27 283 283 283 283 283 283 283 283 
16:09:27 283 283 283 283 283 283 283 283 
16:10:27 283 283 283 283 283 283 283 283 
16:11:27 283 283 283 283 283 283 283 283 
16:12:27 283 283 283 283 283 283 283 283 
16:13:27 283 283 283 283 283 283 283 283 
16:14:27 283 283 283 283 283 283 283 283 
16:15:27 283 283 283 283 283 283 283 283 
16:16:27 283 283 283 283 283 283 283 283 
16:17:27 283 283 283 283 283 283 283 283 
16:18:27 283 283 283 283 283 283 283 283 
16:19:27 283 283 283 283 283 283 283 283 
16:20:27 283 283 283 283 283 283 283 283 
16:21:28 283 283 283 283 283 283 283 283 
16:22:28 283 283 283 283 283 283 283 283 
16:23:28 283 283 283 283 283 283 283 283 
16:24:28 283 283 283 283 283 283 283 283 
16:25:28 283 283 283 283 283 283 283 283 
16:26:28 283 283 283 283 283 283 283 283 
16:27:28 283 283 283 283 283 283 283 283 
16:28:28 283 283 283 283 283 283 283 283 
16:29:28 283 283 283 283 283 283 283 283 
16:30:28 283 283 283 283 283 283 283 283 
16:31:28 283 283 283 283 283 283 283 283 
16:32:28 283 283 283 283 283 283 283 283 
16:33:28 283 283 283 283 283 283 283 283 
16:34:28 283 283 283 283 283 283 283 283 
16:35:28 283 283 283 283 283 283 283 283 
16:36:29 283 283 283 283 283 283 283 283 
16:37:29 283 283 283 283 283 283 283 283 
16:38:29 283 283 283 283 283 283 283 283 
16:39:29 283 283 283 283 283 283 283 283 
16:40:29 283 283 283 283 283 283 283 283 
16:41:29 283 283 283 283 283 283 283 283 
16:42:29 283 283 283 283 283 283 283 283 
16:43:29 283 283 283 283 283 283 283 283 
16:44:29 283 283 283 283 283 283 283 283 
16:45:29 283 283 283 283 283 283 283 283 
16:46:29 283 283 283 283 283 283 283 283 
16:47:29 283 283 283 283 283 283 283 283 
16:48:29 283 283 283 283 283 283 283 283 
16:49:29 283 283 283 283 283 283 283 283 
16:50:29 283 283 283 283 283 283 283 283 
16:51:30 283 283 283 283 283 283 283 283 
16:52:30 283 283 283 283 283 283 283 283 
16:53:30 283 283 283 283 283 283 283 283 
16:54:30 283 283 283 283 283 283 283 283 
16:55:30 283 283 283 283 283 283 283 283 
16:56:30 283 283 283 283 283 283 283 283 
16:57:30 283 283 283 283 283 283 283 283 
16:58:30 283 283 283 283 283 283 283 283 
16:59:30 283 283 283 283 283 283 283 283 
17:00:30 283 283 283 283 283 283 283 283 
17:01:30 283 283 283 283 283 283 283 283 
17:02:30 283 283 283 283 283 283 283 283 
17:03:30 283 283 283 283 283 283 283 283 
17:04:30 283 283 283 283 283 283 283 283 
17:05:30 283 283 283 283 283 283 283 283 
17:06:31 283 283 283 283 283 283 283 283 
17:07:31 283 283 283 283 283 283 283 283 
17:08:31 283 283 283 283 283 283 283 283 
17:09:31 283 283 283 283 283 283 283 283 
17:10:31 283 283 283 283 283 283 283 283 
17:11:31 283 283 283 283 283 283 283 283 
17:12:31 283 283 283 283 283 283 283 283 
17:13:31 283 283 283 283 283 283 283 283 
17:14:31 283 283 283 283 283 283 283 283 
17:15:31 283 283 283 283 283 283 283 283 
17:16:31 283 283 283 283 283 283 283 283 
17:17:31 283 283 283 283 283 283 283 283 
17:18:31 283 283 283 283 283 283 283 283 
17:19:31 283 283 283 283 283 283 283 283 
17:20:32 283 283 283 283 283 283 283 283 
17:21:32 283 283 283 283 283 283 283 283 
17:22:32 283 283 283 283 283 283 283 283 
17:23:32 283 283 283 283 283 283 283 283 
17:24:32 283 283 283 283 283 283 283 283 
17:25:32 283 283 283 283 283 283 283 283 
17:26:32 283 283 283 283 283 283 283 283 
17:27:32 283 283 283 283 283 283 283 283 
17:28:32 283 283 283 283 283 283 283 283 
17:29:32 283 283 283 283 283 283 283 283 
17:30:32 283 283 283 283 283 283 283 283 
17:31:32 283 283 283 283 283 283 283 283 
17:32:32 283 283 283 283 283 283 283 283 
17:33:32 283 283 283 283 283 283 283 283 
17:34:33 283 283 283 283 283 283 283 283 
17:35:33 283 283 283 283 283 283 283 283 
17:36:33 283 283 283 283 283 283 283 283 
17:37:33 283 283 283 283 283 283 283 283 
17:38:33 283 283 283 283 283 283 283 283 
17:39:33 283 283 283 283 283 283 283 283 
17:40:33 283 283 283 283 283 283 283 283 
17:41:33 283 283 283 283 283 283 283 283 
17:42:33 283 283 283 283 283 283 283 283 
17:43:33 283 283 283 283 283 283 283 283 
17:44:33 283 283 283 283 283 283 283 283 
17:45:33 283 283 283 283 283 283 283 283 
17:46:33 283 283 283 283 283 283 283 283 
17:47:33 283 283 283 283 283 283 283 283 
17:48:33 283 283 283 283 283 283 283 283 
17:49:34 283 283 283 283 283 283 283 283 
17:50:34 283 283 283 283 283 283 283 283 
17:51:34 283 283 283 283 283 283 283 283 
17:52:34 283 283 283 283 283 283 283 283 
17:53:34 283 283 283 283 283 283 283 283 
17:54:34 283 283 283 283 283 283 283 283 
17:55:34 283 283 283 283 283 283 283 283 
17:56:34 283 283 283 283 283 283 283 283 
17:57:34 283 283 283 283 283 283 283 283 
17:58:34 283 283 283 283 283 283 283 283 
17:59:34 283 283 283 283 283 283 283 283 
18:00:34 283 283 283 283 283 283 283 283 
18:01:34 283 283 283 283 283 283 283 283 
18:02:35 283 283 283 283 283 283 283 283 
18:03:35 283 283 283 283 283 283 283 283 
18:04:35 283 283 283 283 283 283 283 283 
18:05:35 283 283 283 283 283 283 283 283 
18:06:35 283 283 283 283 283 283 283 283 
18:07:35 283 283 283 283 283 283 283 283 
18:08:35 283 283 283 283 283 283 283 283 
18:09:35 283 283 283 283 283 283 283 283 
18:10:35 283 283 283 283 283 283 283 283 
18:11:35 283 283 283 283 283 283 283 283 
18:12:35 283 283 283 283 283 283 283 283 
18:13:35 283 283 283 283 283 283 283 283 
18:14:35 283 283 283 283 283 283 283 283 
18:15:35 283 283 283 283 283 283 283 283 
18:16:35 283 283 283 283 283 283 283 283 
18:17:36 283 283 283 283 283 283 283 283 
18:18:36 283 283 283 283 283 283 283 283 
18:19:36 283 283 283 283 283 283 283 283 
18:20:36 283 283 283 283 283 283 283 283 
18:21:36 283 283 283 283 283 283 283 283 
18:22:36 283 283 283 283 283 283 283 283 
18:23:36 283 283 283 283 283 283 283 283 
18:24:36 283 283 283 283 283 283 283 283 
18:25:36 283 283 283 283 283 283 283 283 
18:26:36 283 283 283 283 283 283 283 283 
18:27:36 283 283 283 283 283 283 283 283 
18:28:36 283 283 283 283 283 283 283 283 
18:29:36 283 283 283 283 283 283 283 283 
18:30:36 283 283 283 283 283 283 283 283 
18:31:37 283 283 283 283 283 283 283 283 
18:32:37 283 283 283 283 283 283 283 283 
18:33:37 283 283 283 283 283 283 283 283 
18:34:37 283 283 283 283 283 283 283 283 
18:35:37 283 283 283 283 283 283 283 283 
18:36:37 283 283 283 283 283 283 283 283 
18:37:37 283 283 283 283 283 283 283 283 
18:38:37 283 283 283 283 283 283 283 283 
18:39:37 283 283 283 283 283 283 283 283 
18:40:37 283 283 283 283 283 283 283 283 
18:41:37 283 283 283 283 283 283 283 283 
18:42:37 283 283 283 283 283 283 283 283 
18:43:37 283 283 283 283 283 283 283 283 
18:44:37 283 283 283 283 283 283 283 283 
18:45:38 283 283 283 283 283 283 283 283 
18:46:38 283 283 283 283 283 283 283 283 
18:47:38 283 283 283 283 283 283 283 283 
18:48:38 283 283 283 283 283 283 283 283 
18:49:38 283 283 283 283 283 283 283 283 
18:50:38 283 283 283 283 283 283 283 283 
18:51:38 283 283 283 283 283 283 283 283 
18:52:38 283 283 283 283 283 283 283 283 
18:53:38 283 283 283 283 283 283 283 283 
18:54:38 283 283 283 283 283 283 283 283 
18:55:38 283 283 283 283 283 283 283 283 
18:56:38 283 283 283 283 283 283 283 283 
18:57:38 283 283 283 283 283 283 283 283 
18:58:38 283 283 283 283 283 283 283 283 
18:59:38 283 283 283 283 283 283 283 283 
19:00:39 283 283 283 283 283 283 283 283 
19:01:39 283 283 283 283 283 283 283 283 
19:02:39 283 283 283 283 283 283 283 283 
19:03:39 283 283 283 283 283 283 283 283 
19:04:39 283 283 283 283 283 283 283 283 
19:05:39 283 283 283 283 283 283 283 283 
19:06:39 283 283 283 283 283 283 283 283 
19:07:39 283 283 283 283 283 283 283 283 
19:08:39 283 283 283 283 283 283 283 283 
19:09:39 283 283 283 283 283 283 283 283 
19:10:39 283 283 283 283 283 283 283 283 
19:11:39 283 283 283 283 283 283 283 283 
19:12:39 283 283 283 283 283 283 283 283 
19:13:39 283 283 283 283 283 283 283 283 
19:14:40 283 283 283 283 283 283 283 283 
19:15:40 283 283 283 283 283 283 283 283 
19:16:40 283 283 283 283 283 283 283 283 
19:17:40 283 283 283 283 283 283 283 283 
19:18:40 283 283 283 283 283 283 283 283 
19:19:40 283 283 283 283 283 283 283 283 
19:20:40 283 283 283 283 283 283 283 283 
19:21:40 283 283 283 283 283 283 283 283 
19:22:40 283 283 283 283 283 283 283 283 
19:23:40 283 283 283 283 283 283 283 283 
19:24:40 283 283 283 283 283 283 283 283 
19:25:40 283 283 283 283 283 283 283 283 
19:26:40 283 283 283 283 283 283 283 283 
19:27:40 283 283 283 283 283 283 283 283 
19:28:40 283 283 283 283 283 283 283 283 
19:29:41 283 283 283 283 283 283 283 283 
19:30:41 283 283 283 283 283 283 283 283 
19:31:41 283 283 283 283 283 283 283 283 
19:32:41 283 283 283 283 283 283 283 283 
19:33:41 283 283 283 283 283 283 283 283 
19:34:41 283 283 283 283 283 283 283 283 
19:35:41 283 283 283 283 283 283 283 283 
19:36:41 283 283 283 283 283 283 283 283 
19:37:41 283 283 283 283 283 283 283 283 
19:38:41 283 283 283 283 283 283 283 283 
19:39:41 283 283 283 283 283 283 283 283 
19:40:41 283 283 283 283 283 283 283 283 
19:41:41 283 283 283 283 283 283 283 283 
19:42:41 283 283 283 283 283 283 283 283 
19:43:41 283 283 283 283 283 283 283 283 
19:44:42 283 283 283 283 283 283 283 283 
19:45:42 283 283 283 283 283 283 283 283 
19:46:42 283 283 283 283 283 283 283 283 
19:47:42 283 283 283 283 283 283 283 283 
19:48:42 283 283 283 283 283 283 283 283 
19:49:42 283 283 283 283 283 283 283 283 
19:50:42 283 283 283 283 283 283 283 283 
19:51:42 283 283 283 283 283 283 283 283 
19:52:42 283 283 283 283 283 283 283 283 
19:53:42 283 283 283 283 283 283 283 283 
19:54:42 283 283 283 283 283 283 283 283 
19:55:42 283 283 283 283 283 283 283 283 
19:56:42 283 283 283 283 283 283 283 283 
19:57:42 283 283 283 283 283 283 283 283 
19:58:43 283 283 283 283 283 283 283 283 
19:59:43 283 283 283 283 283 283 283 283 
20:00:43 283 283 283 283 283 283 283 283 
20:01:43 283 283 283 283 283 283 283 283 
20:02:43 283 283 283 283 283 283 283 283 
20:03:43 283 283 283 283 283 283 283 283 
20:04:43 283 283 283 283 283 283 283 283 
20:05:43 283 283 283 283 283 283 283 283 
20:06:43 283 283 283 283 283 283 283 283 
20:07:43 283 283 283 283 283 283 283 283 
20:08:43 283 283 283 283 283 283 283 283 
20:09:43 283 283 283 283 283 283 283 283 
20:10:43 283 283 283 283 283 283 283 283 
20:11:43 283 283 283 283 283 283 283 283 
20:12:44 283 283 283 283 283 283 283 283 
20:13:44 283 283 283 283 283 283 283 283 
20:14:44 283 283 283 283 283 283 283 283 
20:15:44 283 283 283 283 283 283 283 283 
20:16:44 283 283 283 283 283 283 283 283 
20:17:44 283 283 283 283 283 283 283 283 
20:18:44 283 283 283 283 283 283 283 283 
20:19:44 283 283 283 283 283 283 283 283 
20:20:44 283 283 283 283 283 283 283 283 
20:21:44 283 283 283 283 283 283 283 283 
20:22:44 283 283 283 283 283 283 283 283 
20:23:44 283 283 283 283 283 283 283 283 
20:24:44 283 283 283 283 283 283 283 283 
20:25:44 283 283 283 283 283 283 283 283 
20:26:44 283 283 283 283 283 283 283 283 
20:27:45 283 283 283 283 283 283 283 283 
20:28:45 283 283 283 283 283 283 283 283 
20:29:45 283 283 283 283 283 283 283 283 
20:30:45 283 283 283 283 283 283 283 283 
20:31:45 283 283 283 283 283 283 283 283 
20:32:45 283 283 283 283 283 283 283 283 
20:33:45 283 283 283 283 283 283 283 283 
20:34:45 283 283 283 283 283 283 283 283 
20:35:45 283 283 283 283 283 283 283 283 
20:36:45 283 283 283 283 283 283 283 283 
20:37:45 283 283 283 283 283 283 283 283 
20:38:45 283 283 283 283 283 283 283 283 
20:39:45 283 283 283 283 283 283 283 283 
20:40:45 283 283 283 283 283 283 283 283 
20:41:46 283 283 283 283 283 283 283 283 
20:42:46 283 283 283 283 283 283 283 283 
20:43:46 283 283 283 283 283 283 283 283 
20:44:46 283 283 283 283 283 283 283 283 
20:45:46 283 283 283 283 283 283 283 283 
20:46:46 283 283 283 283 283 283 283 283 
20:47:46 283 283 283 283 283 283 283 283 
20:48:46 283 283 283 283 283 283 283 283 
20:49:46 283 283 283 283 283 283 283 283 
20:50:46 283 283 283 283 283 283 283 283 
20:51:46 283 283 283 283 283 283 283 283 
20:52:46 283 283 283 283 283 283 283 283 
20:53:46 283 283 283 283 283 283 283 283 
20:54:46 283 283 283 283 283 283 283 283 
20:55:46 283 283 283 283 283 283 283 283 
20:56:47 283 283 283 283 283 283 283 283 
20:57:47 283 283 283 283 283 283 283 283 
20:58:47 283 283 283 283 283 283 283 283 
20:59:47 283 283 283 283 283 283 283 283 
21:00:47 283 283 283 283 283 283 283 283 
21:01:47 283 283 283 283 283 283 283 283 
21:02:47 283 283 283 283 283 283 283 283 
21:03:47 283 283 283 283 283 283 283 283 
21:04:47 283 283 283 283 283 283 283 283 
21:05:47 283 283 283 283 283 283 283 283 
21:06:47 283 283 283 283 283 283 283 283 
21:07:47 283 283 283 283 283 283 283 283 
21:08:47 283 283 283 283 283 283 283 283 
21:09:47 283 283 283 283 283 283 283 283 
21:10:48 283 283 283 283 283 283 283 283 
21:11:48 283 283 283 283 283 283 283 283 
21:12:48 283 283 283 283 283 283 283 283 
21:13:48 283 283 283 283 283 283 283 283 
21:14:48 283 283 283 283 283 283 283 283 
21:15:48 283 283 283 283 283 283 283 283 
21:16:48 283 283 283 283 283 283 283 283 
21:17:48 283 283 283 283 283 283 283 283 
21:18:48 283 283 283 283 283 283 283 283 
21:19:48 283 283 283 283 283 283 283 283 
21:20:48 283 283 283 283 283 283 283 283 
21:21:48 283 283 283 283 283 283 283 283 
21:22:48 283 283 283 283 283 283 283 283 
21:23:48 283 283 283 283 283 283 283 283 
21:24:48 283 283 283 283 283 283 283 283 
21:25:49 283 283 283 283 283 283 283 283 
21:26:49 283 283 283 283 283 283 283 283 
21:27:49 283 283 283 283 283 283 283 283 
21:28:49 283 283 283 283 283 283 283 283 
21:29:49 283 283 283 283 283 283 283 283 
21:30:49 283 283 283 283 283 283 283 283 
21:31:49 283 283 283 283 283 283 283 283 
21:32:49 283 283 283 283 283 283 283 283 
21:33:49 283 283 283 283 283 283 283 283 
21:34:49 283 283 283 283 283 283 283 283 
21:35:49 283 283 283 283 283 283 283 283 
21:36:49 283 283 283 283 283 283 283 283 
21:37:49 283 283 283 283 283 283 283 283 
21:38:49 283 283 283 283 283 283 283 283 
21:39:50 283 283 283 283 283 283 283 283 
21:40:50 283 283 283 283 283 283 283 283 
21:41:50 283 283 283 283 283 283 283 283 
21:42:50 283 283 283 283 283 283 283 283 
21:43:50 283 283 283 283 283 283 283 283 
21:44:50 283 283 283 283 283 283 283 283 
21:45:50 283 283 283 283 283 283 283 283 
21:46:50 283 283 283 283 283 283 283 283 
21:47:50 283 283 283 283 283 283 283 283 
21:48:50 283 283 283 283 283 283 283 283 
21:49:50 283 283 283 283 283 283 283 283 
21:50:50 283 283 283 283 283 283 283 283 
21:51:50 283 283 283 283 283 283 283 283 
21:52:50 283 283 283 283 283 283 283 283 
21:53:51 283 283 283 283 283 283 283 283 
21:54:51 283 283 283 283 283 283 283 283 
21:55:51 283 283 283 283 283 283 283 283 
21:56:51 283 283 283 283 283 283 283 283 
21:57:51 283 283 283 283 283 283 283 283 
21:58:51 283 283 283 283 283 283 283 283 
21:59:51 283 283 283 283 283 283 283 283 
22:00:51 283 283 283 283 283 283 283 283 
22:01:51 283 283 283 283 283 283 283 283 
22:02:51 283 283 283 283 283 283 283 283 
22:03:51 283 283 283 283 283 283 283 283 
22:04:51 283 283 283 283 283 283 283 283 
22:05:51 283 283 283 283 283 283 283 283 
22:06:51 283 283 283 283 283 283 283 283 
22:07:52 283 283 283 283 283 283 283 283 
22:08:52 283 283 283 283 283 283 283 283 
22:09:52 283 283 283 283 283 283 283 283 
22:10:52 283 283 283 283 283 283 283 283 
22:11:52 283 283 283 283 283 283 283 283 
22:12:52 283 283 283 283 283 283 283 283 
22:13:52 283 283 283 283 283 283 283 283 
22:14:52 283 283 283 283 283 283 283 283 
22:15:52 283 283 283 283 283 283 283 283 
22:16:52 283 283 283 283 283 283 283 283 
22:17:52 283 283 283 283 283 283 283 283 
22:18:52 283 283 283 283 283 283 283 283 
22:19:52 283 283 283 283 283 283 283 283 
22:20:52 283 283 283 283 283 283 283 283 
22:21:52 283 283 283 283 283 283 283 283 
22:22:53 283 283 283 283 283 283 283 283 
22:23:53 283 283 283 283 283 283 283 283 
22:24:53 283 283 283 283 283 283 283 283 
22:25:53 283 283 283 283 283 283 283 283 
22:26:53 283 283 283 283 283 283 283 283 
22:27:53 283 283 283 283 283 283 283 283 
22:28:53 283 283 283 283 283 283 283 283 
22:29:53 283 283 283 283 283 283 283 283 
22:30:53 283 283 283 283 283 283 283 283 
22:31:53 283 283 283 283 283 283 283 283 
22:32:53 283 283 283 283 283 283 283 283 
22:33:53 283 283 283 283 283 283 283 283 
22:34:53 283 283 283 283 283 283 283 283 
22:35:53 283 283 283 283 283 283 283 283 
22:36:53 283 283 283 283 283 283 283 283 
22:37:54 283 283 283 283 283 283 283 283 
22:38:54 283 283 283 283 283 283 283 283 
22:39:54 283 283 283 283 283 283 283 283 
22:40:54 283 283 283 283 283 283 283 283 
22:41:54 283 283 283 283 283 283 283 283 
22:42:54 283 283 283 283 283 283 283 283 
22:43:54 283 283 283 283 283 283 283 283 
22:44:54 283 283 283 283 283 283 283 283 
22:45:54 283 283 283 283 283 283 283 283 
22:46:54 283 283 283 283 283 283 283 283 
22:47:54 283 283 283 283 283 283 283 283 
22:48:54 283 283 283 283 283 283 283 283 
22:49:54 283 283 283 283 283 283 283 283 
22:50:54 283 283 283 283 283 283 283 283 
22:51:55 283 283 283 283 283 283 283 283 
22:52:55 283 283 283 283 283 283 283 283 
22:53:55 283 283 283 283 283 283 283 283 
22:54:55 283 283 283 283 283 283 283 283 
22:55:55 283 283 283 283 283 283 283 283 
22:56:55 283 283 283 283 283 283 283 283 
22:57:55 283 283 283 283 283 283 283 283 
22:58:55 283 283 283 283 283 283 283 283 
22:59:55 283 283 283 283 283 283 283 283 
23:00:55 283 283 283 283 283 283 283 283 
23:01:55 283 283 283 283 283 283 283 283 
23:02:55 283 283 283 283 283 283 283 283 
23:03:55 283 283 283 283 283 283 283 283 
23:04:55 283 283 283 283 283 283 283 283 
23:05:56 283 283 283 283 283 283 283 283 
23:06:56 283 283 283 283 283 283 283 283 
23:07:56 283 283 283 283 283 283 283 283 
23:08:56 283 283 283 283 283 283 283 283 
23:09:56 283 283 283 283 283 283 283 283 
23:10:56 283 283 283 283 283 283 283 283 
23:11:56 283 283 283 283 283 283 283 283 
23:12:56 283 283 283 283 283 283 283 283 
23:13:56 283 283 283 283 283 283 283 283 
23:14:56 283 283 283 283 283 283 283 283 
23:15:56 283 283 283 283 283 283 283 283 
23:16:56 283 283 283 283 283 283 283 283 
23:17:56 283 283 283 283 283 283 283 283 
23:18:56 283 283 283 283 283 283 283 283 
23:19:57 283 283 283 283 283 283 283 283 
23:20:57 283 283 283 283 283 283 283 283 
23:21:57 283 283 283 283 283 283 283 283 
23:22:57 283 283 283 283 283 283 283 283 
23:23:57 283 283 283 283 283 283 283 283 
23:24:57 283 283 283 283 283 283 283 283 
23:25:57 283 283 283 283 283 283 283 283 
23:26:57 283 283 283 283 283 283 283 283 
23:27:57 283 283 283 283 283 283 283 283 
23:28:57 283 283 283 283 283 283 283 283 
23:29:57 283 283 283 283 283 283 283 283 
23:30:57 283 283 283 283 283 283 283 283 
23:31:57 283 283 283 283 283 283 283 283 
23:32:57 283 283 283 283 283 283 283 283 
23:33:58 283 283 283 283 283 283 283 283 
23:34:58 283 283 283 283 283 283 283 283 
23:35:58 283 283 283 283 283 283 283 283 
23:36:58 283 283 283 283 283 283 283 283 
23:37:58 283 283 283 283 283 283 283 283 
23:38:58 283 283 283 283 283 283 283 283 
23:39:58 283 283 283 283 283 283 283 283 
23:40:58 283 283 283 283 283 283 283 283 
23:41:58 283 283 283 283 283 283 283 283 
23:42:58 283 283 283 283 283 283 283 283 
23:43:58 283 283 283 283 283 283 283 283 
23:44:58 283 283 283 283 283 283 283 283 
23:45:58 283 283 283 283 283 283 283 283 
23:46:58 283 283 283 283 283 283 283 283 
23:47:58 283 283 283 283 283 283 283 283 
23:48:59 283 283 283 283 283 283 283 283 
23:49:59 283 283 283 283 283 283 283 283 
23:50:59 283 283 283 283 283 283 283 283 
23:51:59 283 283 283 283 283 283 283 283 
23:52:59 283 283 283 283 283 283 283 283 
23:53:59 283 283 283 283 283 283 283 283 
23:54:59 283 283 283 283 283 283 283 283 
23:55:59 283 283 283 283 283 283 283 283 
23:56:59 283 283 283 283 283 283 283 283 
23:57:59 283 283 283 283 283 283 283 283 
23:58:59 283 283 283 283 283 283 283 283 
23:59:59 283 283 283 283 283 283 283 283 
00:00:59 283 283 283 283 283 283 283 283 
00:01:59 283 283 283 283 283 283 283 283 
00:02:59 283 283 283 283 283 283 283 283 
00:04:00 283 283 283 283 283 283 283 283 
00:05:00 283 283 283 283 283 283 283 283 
00:06:00 283 283 283 283 283 283 283 283 
00:07:00 283 283 283 283 283 283 283 283 
00:08:00 283 283 283 283 283 283 283 283 
00:09:00 283 283 283 283 283 283 283 283 
00:10:00 283 283 283 283 283 283 283 283 
00:11:00 283 283 283 283 283 283 283 283 
00:12:00 283 283 283 283 283 283 283 283 
00:13:00 283 283 283 283 283 283 283 283 
00:14:00 283 283 283 283 283 283 283 283 
00:15:00 283 283 283 283 283 283 283 283 
00:16:00 283 283 283 283 283 283 283 283 
00:17:00 283 283 283 283 283 283 283 283 
00:18:01 283 283 283 283 283 283 283 283 
00:19:01 283 283 283 283 283 283 283 283 
00:20:01 283 283 283 283 283 283 283 283 
00:21:01 283 283 283 283 283 283 283 283 
00:22:01 283 283 283 283 283 283 283 283 
00:23:01 283 283 283 283 283 283 283 283 
00:24:01 283 283 283 283 283 283 283 283 
00:25:01 283 283 283 283 283 283 283 283 
00:26:01 283 283 283 283 283 283 283 283 
00:27:01 283 283 283 283 283 283 283 283 
00:28:01 283 283 283 283 283 283 283 283 
00:29:01 283 283 283 283 283 283 283 283 
00:30:01 283 283 283 283 283 283 283 283 
00:31:01 283 283 283 283 283 283 283 283 
00:32:02 283 283 283 283 283 283 283 283 
00:33:02 283 283 283 283 283 283 283 283 
00:34:02 283 283 283 283 283 283 283 283 
00:35:02 283 283 283 283 283 283 283 283 
00:36:02 283 283 283 283 283 283 283 283 
00:37:02 283 283 283 283 283 283 283 283 
00:38:02 283 283 283 283 283 283 283 283 
00:39:02 283 283 283 283 283 283 283 283 
00:40:02 283 283 283 283 283 283 283 283 
00:41:02 283 283 283 283 283 283 283 283 
00:42:02 283 283 283 283 283 283 283 283 
00:43:02 283 283 283 283 283 283 283 283 
00:44:02 283 283 283 283 283 283 283 283 
00:45:02 283 283 283 283 283 283 283 283 
00:46:03 283 283 283 283 283 283 283 283 
00:47:03 283 283 283 283 283 283 283 283 
00:48:03 283 283 283 283 283 283 283 283 
00:49:03 283 283 283 283 283 283 283 283 
00:50:03 283 283 283 283 283 283 283 283 
00:51:03 283 283 283 283 283 283 283 283 
00:52:03 283 283 283 283 283 283 283 283 
00:53:03 283 283 283 283 283 283 283 283 
00:54:03 283 283 283 283 283 283 283 283 
00:55:03 283 283 283 283 283 283 283 283 
00:56:03 283 283 283 283 283 283 283 283 
00:57:03 283 283 283 283 283 283 283 283 
00:58:03 283 283 283 283 283 283 283 283 
00:59:03 283 283 283 283 283 283 283 283 
01:00:03 283 283 283 283 283 283 283 283 
01:01:04 283 283 283 283 283 283 283 283 
01:02:04 283 283 283 283 283 283 283 283 
01:03:04 283 283 283 283 283 283 283 283 
01:04:04 283 283 283 283 283 283 283 283 
01:05:04 283 283 283 283 283 283 283 283 
01:06:04 283 283 283 283 283 283 283 283 
01:07:04 283 283 283 283 283 283 283 283 
01:08:04 283 283 283 283 283 283 283 283 
01:09:04 283 283 283 283 283 283 283 283 
01:10:04 283 283 283 283 283 283 283 283 
01:11:04 283 283 283 283 283 283 283 283 
01:12:04 283 283 283 283 283 283 283 283 
01:13:04 283 283 283 283 283 283 283 283 
01:14:04 283 283 283 283 283 283 283 283 
01:15:05 283 283 283 283 283 283 283 283 
01:16:05 283 283 283 283 283 283 283 283 
01:17:05 283 283 283 283 283 283 283 283 
01:18:05 283 283 283 283 283 283 283 283 
01:19:05 283 283 283 283 283 283 283 283 
01:20:05 283 283 283 283 283 283 283 283 
01:21:05 283 283 283 283 283 283 283 283 
01:22:05 283 283 283 283 283 283 283 283 
01:23:05 283 283 283 283 283 283 283 283 
01:24:05 283 283 283 283 283 283 283 283 
01:25:05 283 283 283 283 283 283 283 283 
01:26:05 283 283 283 283 283 283 283 283 
01:27:05 283 283 283 283 283 283 283 283 
01:28:05 283 283 283 283 283 283 283 283 
01:29:06 283 283 283 283 283 283 283 283 
01:30:06 283 283 283 283 283 283 283 283 
01:31:06 283 283 283 283 283 283 283 283 
01:32:06 283 283 283 283 283 283 283 283 
01:33:06 283 283 283 283 283 283 283 283 
01:34:06 283 283 283 283 283 283 283 283 
01:35:06 283 283 283 283 283 283 283 283 
01:36:06 283 283 283 283 283 283 283 283 
01:37:06 283 283 283 283 283 283 283 283 
01:38:06 283 283 283 283 283 283 283 283 
01:39:06 283 283 283 283 283 283 283 283 
01:40:06 283 283 283 283 283 283 283 283 
01:41:06 283 283 283 283 283 283 283 283 
01:42:06 283 283 283 283 283 283 283 283 
01:43:06 283 283 283 283 283 283 283 283 
01:44:07 283 283 283 283 283 283 283 283 
01:45:07 283 283 283 283 283 283 283 283 
01:46:07 283 283 283 283 283 283 283 283 
01:47:07 283 283 283 283 283 283 283 283 
01:48:07 283 283 283 283 283 283 283 283 
01:49:07 283 283 283 283 283 283 283 283 
01:50:07 283 283 283 283 283 283 283 283 
01:51:07 283 283 283 283 283 283 283 283 
01:52:07 283 283 283 283 283 283 283 283 
01:53:07 283 283 283 283 283 283 283 283 
01:54:07 283 283 283 283 283 283 283 283 
01:55:07 283 283 283 283 283 283 283 283 
01:56:07 283 283 283 283 283 283 283 283 
01:57:07 283 283 283 283 283 283 283 283 
01:58:08 283 283 283 283 283 283 283 283 
01:59:08 283 283 283 283 283 283 283 283 
02:00:08 283 283 283 283 283 283 283 283 
02:01:08 283 283 283 283 283 283 283 283 
02:02:08 283 283 283 283 283 283 283 283 
02:03:08 283 283 283 283 283 283 283 283 
02:04:08 283 283 283 283 283 283 283 283 
02:05:08 283 283 283 283 283 283 283 283 
02:06:08 283 283 283 283 283 283 283 283 
02:07:08 283 283 283 283 283 283 283 283 
02:08:08 283 283 283 283 283 283 283 283 
02:09:08 283 283 283 283 283 283 283 283 
02:10:08 283 283 283 283 283 283 283 283 
02:11:08 283 283 283 283 283 283 283 283 
02:12:08 283 283 283 283 283 283 283 283 
02:13:09 283 283 283 283 283 283 283 283 
02:14:09 283 283 283 283 283 283 283 283 
02:15:09 283 283 283 283 283 283 283 283 
02:16:09 283 283 283 283 283 283 283 283 
02:17:09 283 283 283 283 283 283 283 283 
02:18:09 283 283 283 283 283 283 283 283 
02:19:09 283 283 283 283 283 283 283 283 
02:20:09 283 283 283 283 283 283 283 283 
02:21:09 283 283 283 283 283 283 283 283 
02:22:09 283 283 283 283 283 283 283 283 
02:23:09 283 283 283 283 283 283 283 283 
02:24:09 283 283 283 283 283 283 283 283 
02:25:09 283 283 283 283 283 283 283 283 
02:26:09 283 283 283 283 283 283 283 283 
02:27:10 283 283 283 283 283 283 283 283 
02:28:10 283 283 283 283 283 283 283 283 
02:29:10 283 283 283 283 283 283 283 283 
02:30:10 283 283 283 283 283 283 283 283 
02:31:10 283 283 283 283 283 283 283 283 
02:32:10 283 283 283 283 283 283 283 283 
02:33:10 283 283 283 283 283 283 283 283 
02:34:10 283 283 283 283 283 283 283 283 
02:35:10 283 283 283 283 283 283 283 283 
02:36:10 283 283 283 283 283 283 283 283 
02:37:10 283 283 283 283 283 283 283 283 
02:38:10 283 283 283 283 283 283 283 283 
02:39:10 283 283 283 283 283 283 283 283 
02:40:10 283 283 283 283 283 283 283 283 
02:41:11 283 283 283 283 283 283 283 283 
02:42:11 283 283 283 283 283 283 283 283 
02:43:11 283 283 283 283 283 283 283 283 
02:44:11 283 283 283 283 283 283 283 283 
02:45:11 283 283 283 283 283 283 283 283 
02:46:11 283 283 283 283 283 283 283 283 
02:47:11 283 283 283 283 283 283 283 283 
02:48:11 283 283 283 283 283 283 283 283 
sleep: write error: Disk quota exceeded
02:50:11 283 283 283 283 283 283 283 283 
02:51:11 283 283 283 283 283 283 283 283 
02:52:11 283 283 283 283 283 283 283 283 
02:53:11 283 283 283 283 283 283 283 283 
02:54:11 283 283 283 283 283 283 283 283 
02:55:12 283 283 283 283 283 283 283 283 
02:56:12 283 283 283 283 283 283 283 283 
02:57:12 283 283 283 283 283 283 283 283 
02:58:12 283 283 283 283 283 283 283 283 
02:59:12 283 283 283 283 283 283 283 283 
03:00:12 283 283 283 283 283 283 283 283 
03:01:12 283 283 283 283 283 283 283 283 
03:02:12 283 283 283 283 283 283 283 283 
03:03:12 283 283 283 283 283 283 283 283 
03:04:12 283 283 283 283 283 283 283 283 
03:05:12 283 283 283 283 283 283 283 283 
03:06:12 283 283 283 283 283 283 283 283 
03:07:12 283 283 283 283 283 283 283 283 
03:08:12 283 283 283 283 283 283 283 283 
03:09:12 283 283 283 283 283 283 283 283 
03:10:13 283 283 283 283 283 283 283 283 
03:11:13 283 283 283 283 283 283 283 283 
03:12:13 283 283 283 283 283 283 283 283 
03:13:13 283 283 283 283 283 283 283 283 
03:14:13 283 283 283 283 283 283 283 283 
03:15:13 283 283 283 283 283 283 283 283 
03:16:13 283 283 283 283 283 283 283 283 
03:17:13 283 283 283 283 283 283 283 283 
03:18:13 283 283 283 283 283 283 283 283 
03:19:13 283 283 283 283 283 283 283 283 
03:20:13 283 283 283 283 283 283 283 283 
03:21:13 283 283 283 283 283 283 283 283 
03:22:13 283 283 283 283 283 283 283 283 
03:23:13 283 283 283 283 283 283 283 283 
03:24:14 283 283 283 283 283 283 283 283 
03:25:14 283 283 283 283 283 283 283 283 
03:26:14 283 283 283 283 283 283 283 283 
03:27:14 283 283 283 283 283 283 283 283 
03:28:14 283 283 283 283 283 283 283 283 
03:29:14 283 283 283 283 283 283 283 283 
03:30:14 283 283 283 283 283 283 283 283 
03:31:14 283 283 283 283 283 283 283 283 
03:32:14 283 283 283 283 283 283 283 283 
03:33:14 283 283 283 283 283 283 283 283 
03:34:14 283 283 283 283 283 283 283 283 
03:35:14 283 283 283 283 283 283 283 283 
03:36:14 283 283 283 283 283 283 283 283 
03:37:14 283 283 283 283 283 283 283 283 
03:38:14 283 283 283 283 283 283 283 283 
03:39:15 283 283 283 283 283 283 283 283 
03:40:15 283 283 283 283 283 283 283 283 
03:41:15 283 283 283 283 283 283 283 283 
03:42:15 283 283 283 283 283 283 283 283 
03:43:15 283 283 283 283 283 283 283 283 
03:44:15 283 283 283 283 283 283 283 283 
03:45:15 283 283 283 283 283 283 283 283 
03:46:15 283 283 283 283 283 283 283 283 
03:47:15 283 283 283 283 283 283 283 283 
03:48:15 283 283 283 283 283 283 283 283 
03:49:15 283 283 283 283 283 283 283 283 
03:50:15 283 283 283 283 283 283 283 283 
03:51:15 283 283 283 283 283 283 283 283 
03:52:15 283 283 283 283 283 283 283 283 
03:53:16 283 283 283 283 283 283 283 283 
03:54:16 283 283 283 283 283 283 283 283 
03:55:16 283 283 283 283 283 283 283 283 
03:56:16 283 283 283 283 283 283 283 283 
03:57:16 283 283 283 283 283 283 283 283 
03:58:16 283 283 283 283 283 283 283 283 
03:59:16 283 283 283 283 283 283 283 283 
04:00:16 283 283 283 283 283 283 283 283 
04:01:16 283 283 283 283 283 283 283 283 
04:02:16 283 283 283 283 283 283 283 283 
04:03:16 283 283 283 283 283 283 283 283 
04:04:16 283 283 283 283 283 283 283 283 
04:05:16 283 283 283 283 283 283 283 283 
04:06:16 283 283 283 283 283 283 283 283 
04:07:16 283 283 283 283 283 283 283 283 
04:08:17 283 283 283 283 283 283 283 283 
04:09:17 283 283 283 283 283 283 283 283 
04:10:17 283 283 283 283 283 283 283 283 
04:11:17 283 283 283 283 283 283 283 283 
04:12:17 283 283 283 283 283 283 283 283 
04:13:17 283 283 283 283 283 283 283 283 
04:14:17 283 283 283 283 283 283 283 283 
04:15:17 283 283 283 283 283 283 283 283 
04:16:17 283 283 283 283 283 283 283 283 
04:17:17 283 283 283 283 283 283 283 283 
04:18:17 283 283 283 283 283 283 283 283 
04:19:17 283 283 283 283 283 283 283 283 
04:20:17 283 283 283 283 283 283 283 283 
04:21:17 283 283 283 283 283 283 283 283 
04:22:18 283 283 283 283 283 283 283 283 
04:23:18 283 283 283 283 283 283 283 283 
04:24:18 283 283 283 283 283 283 283 283 
04:25:18 283 283 283 283 283 283 283 283 
04:26:18 283 283 283 283 283 283 283 283 
04:27:18 283 283 283 283 283 283 283 283 
04:28:18 283 283 283 283 283 283 283 283 
04:29:18 283 283 283 283 283 283 283 283 
04:30:18 283 283 283 283 283 283 283 283 
04:31:18 283 283 283 283 283 283 283 283 
04:32:18 283 283 283 283 283 283 283 283 
04:33:18 283 283 283 283 283 283 283 283 
04:34:18 283 283 283 283 283 283 283 283 
04:35:18 283 283 283 283 283 283 283 283 
04:36:18 283 283 283 283 283 283 283 283 
04:37:19 283 283 283 283 283 283 283 283 
04:38:19 283 283 283 283 283 283 283 283 
04:39:19 283 283 283 283 283 283 283 283 
04:40:19 283 283 283 283 283 283 283 283 
04:41:19 283 283 283 283 283 283 283 283 
04:42:19 283 283 283 283 283 283 283 283 
04:43:19 283 283 283 283 283 283 283 283 
04:44:19 283 283 283 283 283 283 283 283 
04:45:19 283 283 283 283 283 283 283 283 
04:46:19 283 283 283 283 283 283 283 283 
04:47:19 283 283 283 283 283 283 283 283 
04:48:19 283 283 283 283 283 283 283 283 
04:49:19 283 283 283 283 283 283 283 283 
04:50:19 283 283 283 283 283 283 283 283 
04:51:20 283 283 283 283 283 283 283 283 
04:52:20 283 283 283 283 283 283 283 283 
04:53:20 283 283 283 283 283 283 283 283 
04:54:20 283 283 283 283 283 283 283 283 
04:55:20 283 283 283 283 283 283 283 283 
04:56:20 283 283 283 283 283 283 283 283 
04:57:20 283 283 283 283 283 283 283 283 
04:58:20 283 283 283 283 283 283 283 283 
04:59:20 283 283 283 283 283 283 283 283 
05:00:20 283 283 283 283 283 283 283 283 
05:01:20 283 283 283 283 283 283 283 283 
05:02:20 283 283 283 283 283 283 283 283 
05:03:20 283 283 283 283 283 283 283 283 
05:04:20 283 283 283 283 283 283 283 283 
05:05:21 283 283 283 283 283 283 283 283 
05:06:21 283 283 283 283 283 283 283 283 
05:07:21 283 283 283 283 283 283 283 283 
05:08:21 283 283 283 283 283 283 283 283 
05:09:21 283 283 283 283 283 283 283 283 
05:10:21 283 283 283 283 283 283 283 283 
05:11:21 283 283 283 283 283 283 283 283 
05:12:21 283 283 283 283 283 283 283 283 
05:13:21 283 283 283 283 283 283 283 283 
05:14:21 283 283 283 283 283 283 283 283 
05:15:21 283 283 283 283 283 283 283 283 
05:16:21 283 283 283 283 283 283 283 283 
05:17:21 283 283 283 283 283 283 283 283 
05:18:21 283 283 283 283 283 283 283 283 
05:19:22 283 283 283 283 283 283 283 283 
05:20:22 283 283 283 283 283 283 283 283 
05:21:22 283 283 283 283 283 283 283 283 
05:22:22 283 283 283 283 283 283 283 283 
05:23:22 283 283 283 283 283 283 283 283 
05:24:22 283 283 283 283 283 283 283 283 
05:25:22 283 283 283 283 283 283 283 283 
05:26:22 283 283 283 283 283 283 283 283 
05:27:22 283 283 283 283 283 283 283 283 
05:28:22 283 283 283 283 283 283 283 283 
05:29:22 283 283 283 283 283 283 283 283 
05:30:22 283 283 283 283 283 283 283 283 
05:31:22 283 283 283 283 283 283 283 283 
05:32:22 283 283 283 283 283 283 283 283 
05:33:23 283 283 283 283 283 283 283 283 
05:34:23 283 283 283 283 283 283 283 283 
05:35:23 283 283 283 283 283 283 283 283 
05:36:23 283 283 283 283 283 283 283 283 
05:37:23 283 283 283 283 283 283 283 283 
05:38:23 283 283 283 283 283 283 283 283 
05:39:23 283 283 283 283 283 283 283 283 
05:40:23 283 283 283 283 283 283 283 283 
05:41:23 283 283 283 283 283 283 283 283 
05:42:23 283 283 283 283 283 283 283 283 
05:43:23 283 283 283 283 283 283 283 283 
05:44:23 283 283 283 283 283 283 283 283 
05:45:23 283 283 283 283 283 283 283 283 
05:46:23 283 283 283 283 283 283 283 283 
05:47:24 283 283 283 283 283 283 283 283 
05:48:24 283 283 283 283 283 283 283 283 
05:49:24 283 283 283 283 283 283 283 283 
05:50:24 283 283 283 283 283 283 283 283 
05:51:24 283 283 283 283 283 283 283 283 
05:52:24 283 283 283 283 283 283 283 283 
05:53:24 283 283 283 283 283 283 283 283 
05:54:24 283 283 283 283 283 283 283 283 
05:55:24 283 283 283 283 283 283 283 283 
05:56:24 283 283 283 283 283 283 283 283 
05:57:24 283 283 283 283 283 283 283 283 
05:58:24 283 283 283 283 283 283 283 283 
05:59:24 283 283 283 283 283 283 283 283 
06:00:25 283 283 283 283 283 283 283 283 
06:01:25 283 283 283 283 283 283 283 283 
06:02:25 283 283 283 283 283 283 283 283 
06:03:25 283 283 283 283 283 283 283 283 
06:04:25 283 283 283 283 283 283 283 283 
06:05:25 283 283 283 283 283 283 283 283 
06:06:25 283 283 283 283 283 283 283 283 
06:07:25 283 283 283 283 283 283 283 283 
06:08:25 283 283 283 283 283 283 283 283 
06:09:25 283 283 283 283 283 283 283 283 
06:10:25 283 283 283 283 283 283 283 283 
06:11:25 283 283 283 283 283 283 283 283 
06:12:25 283 283 283 283 283 283 283 283 
06:13:25 283 283 283 283 283 283 283 283 
06:14:26 283 283 283 283 283 283 283 283 
06:15:26 283 283 283 283 283 283 283 283 
06:16:26 283 283 283 283 283 283 283 283 
06:17:26 283 283 283 283 283 283 283 283 
06:18:26 283 283 283 283 283 283 283 283 
06:19:26 283 283 283 283 283 283 283 283 
06:20:26 283 283 283 283 283 283 283 283 
06:21:26 283 283 283 283 283 283 283 283 
06:22:26 283 283 283 283 283 283 283 283 
06:23:26 283 283 283 283 283 283 283 283 
06:24:26 283 283 283 283 283 283 283 283 
06:25:26 283 283 283 283 283 283 283 283 
06:26:26 283 283 283 283 283 283 283 283 
06:27:26 283 283 283 283 283 283 283 283 
06:28:27 283 283 283 283 283 283 283 283 
06:29:27 283 283 283 283 283 283 283 283 
06:30:27 283 283 283 283 283 283 283 283 
06:31:27 283 283 283 283 283 283 283 283 
06:32:27 283 283 283 283 283 283 283 283 
06:33:27 283 283 283 283 283 283 283 283 
06:34:27 283 283 283 283 283 283 283 283 
06:35:27 283 283 283 283 283 283 283 283 
06:36:27 283 283 283 283 283 283 283 283 
06:37:27 283 283 283 283 283 283 283 283 
06:38:27 283 283 283 283 283 283 283 283 
06:39:27 283 283 283 283 283 283 283 283 
06:40:27 283 283 283 283 283 283 283 283 
06:41:27 283 283 283 283 283 283 283 283 
06:42:28 283 283 283 283 283 283 283 283 
06:43:28 283 283 283 283 283 283 283 283 
06:44:28 283 283 283 283 283 283 283 283 
06:45:28 283 283 283 283 283 283 283 283 
06:46:28 283 283 283 283 283 283 283 283 
06:47:28 283 283 283 283 283 283 283 283 
06:48:28 283 283 283 283 283 283 283 283 
06:49:28 283 283 283 283 283 283 283 283 
06:50:28 283 283 283 283 283 283 283 283 
06:51:28 283 283 283 283 283 283 283 283 
06:52:28 283 283 283 283 283 283 283 283 
06:53:28 283 283 283 283 283 283 283 283 
06:54:28 283 283 283 283 283 283 283 283 
06:55:28 283 283 283 283 283 283 283 283 
06:56:29 283 283 283 283 283 283 283 283 
06:57:29 283 283 283 283 283 283 283 283 
06:58:29 283 283 283 283 283 283 283 283 
06:59:29 283 283 283 283 283 283 283 283 
07:00:29 283 283 283 283 283 283 283 283 
07:01:29 283 283 283 283 283 283 283 283 
07:02:29 283 283 283 283 283 283 283 283 
07:03:29 283 283 283 283 283 283 283 283 
07:04:29 283 283 283 283 283 283 283 283 
07:05:29 283 283 283 283 283 283 283 283 
07:06:29 283 283 283 283 283 283 283 283 
07:07:29 283 283 283 283 283 283 283 283 
07:08:29 283 283 283 283 283 283 283 283 
07:09:29 283 283 283 283 283 283 283 283 
07:10:30 283 283 283 283 283 283 283 283 
07:11:30 283 283 283 283 283 283 283 283 
07:12:30 283 283 283 283 283 283 283 283 
07:13:30 283 283 283 283 283 283 283 283 
07:14:30 283 283 283 283 283 283 283 283 
07:15:30 283 283 283 283 283 283 283 283 
07:16:30 283 283 283 283 283 283 283 283 
07:17:30 283 283 283 283 283 283 283 283 
07:18:30 283 283 283 283 283 283 283 283 
07:19:30 283 283 283 283 283 283 283 283 
07:20:30 283 283 283 283 283 283 283 283 
07:21:30 283 283 283 283 283 283 283 283 
07:22:30 283 283 283 283 283 283 283 283 
07:23:31 283 283 283 283 283 283 283 283 
07:24:31 283 283 283 283 283 283 283 283 
07:25:31 283 283 283 283 283 283 283 283 
07:26:31 283 283 283 283 283 283 283 283 
07:27:31 283 283 283 283 283 283 283 283 
07:28:31 283 283 283 283 283 283 283 283 
07:29:31 283 283 283 283 283 283 283 283 
07:30:31 283 283 283 283 283 283 283 283 
07:31:31 283 283 283 283 283 283 283 283 
07:32:31 283 283 283 283 283 283 283 283 
07:33:31 283 283 283 283 283 283 283 283 
07:34:31 283 283 283 283 283 283 283 283 
07:35:31 283 283 283 283 283 283 283 283 
07:36:31 283 283 283 283 283 283 283 283 
07:37:32 283 283 283 283 283 283 283 283 
07:38:32 283 283 283 283 283 283 283 283 
07:39:32 283 283 283 283 283 283 283 283 
07:40:32 283 283 283 283 283 283 283 283 
07:41:32 283 283 283 283 283 283 283 283 
07:42:32 283 283 283 283 283 283 283 283 
07:43:32 283 283 283 283 283 283 283 283 
07:44:32 283 283 283 283 283 283 283 283 
07:45:32 283 283 283 283 283 283 283 283 
07:46:32 283 283 283 283 283 283 283 283 
07:47:32 283 283 283 283 283 283 283 283 
07:48:32 283 283 283 283 283 283 283 283 
07:49:32 283 283 283 283 283 283 283 283 
07:50:33 283 283 283 283 283 283 283 283 
07:51:33 283 283 283 283 283 283 283 283 
07:52:33 283 283 283 283 283 283 283 283 
07:53:33 283 283 283 283 283 283 283 283 
07:54:33 283 283 283 283 283 283 283 283 
07:55:33 283 283 283 283 283 283 283 283 
07:56:33 283 283 283 283 283 283 283 283 
07:57:33 283 283 283 283 283 283 283 283 
07:58:33 283 283 283 283 283 283 283 283 
07:59:33 283 283 283 283 283 283 283 283 
08:00:33 283 283 283 283 283 283 283 283 
08:01:33 283 283 283 283 283 283 283 283 
08:02:33 283 283 283 283 283 283 283 283 
08:03:33 283 283 283 283 283 283 283 283 
08:04:34 283 283 283 283 283 283 283 283 
08:05:34 283 283 283 283 283 283 283 283 
08:06:34 283 283 283 283 283 283 283 283 
08:07:34 283 283 283 283 283 283 283 283 
08:08:34 283 283 283 283 283 283 283 283 
08:09:34 283 283 283 283 283 283 283 283 
08:10:34 283 283 283 283 283 283 283 283 
08:11:34 283 283 283 283 283 283 283 283 
08:12:34 283 283 283 283 283 283 283 283 
08:13:34 283 283 283 283 283 283 283 283 
08:14:34 283 283 283 283 283 283 283 283 
08:15:34 283 283 283 283 283 283 283 283 
08:16:34 283 283 283 283 283 283 283 283 
08:17:34 283 283 283 283 283 283 283 283 
08:18:35 283 283 283 283 283 283 283 283 
08:19:35 283 283 283 283 283 283 283 283 
08:20:35 283 283 283 283 283 283 283 283 
08:21:35 283 283 283 283 283 283 283 283 
08:22:35 283 283 283 283 283 283 283 283 
08:23:35 283 283 283 283 283 283 283 283 
08:24:35 283 283 283 283 283 283 283 283 
08:25:35 283 283 283 283 283 283 283 283 
08:26:35 283 283 283 283 283 283 283 283 
08:27:35 283 283 283 283 283 283 283 283 
08:28:35 283 283 283 283 283 283 283 283 
08:29:35 283 283 283 283 283 283 283 283 
08:30:35 283 283 283 283 283 283 283 283 
08:31:35 283 283 283 283 283 283 283 283 
08:32:36 283 283 283 283 283 283 283 283 
08:33:36 283 283 283 283 283 283 283 283 
08:34:36 283 283 283 283 283 283 283 283 
08:35:36 283 283 283 283 283 283 283 283 
08:36:36 283 283 283 283 283 283 283 283 
08:37:36 283 283 283 283 283 283 283 283 
08:38:36 283 283 283 283 283 283 283 283 
08:39:36 283 283 283 283 283 283 283 283 
08:40:36 283 283 283 283 283 283 283 283 
08:41:36 283 283 283 283 283 283 283 283 
08:42:36 283 283 283 283 283 283 283 283 
08:43:36 283 283 283 283 283 283 283 283 
08:44:36 283 283 283 283 283 283 283 283 
08:45:36 283 283 283 283 283 283 283 283 
08:46:37 283 283 283 283 283 283 283 283 
08:47:37 283 283 283 283 283 283 283 283 
08:48:37 283 283 283 283 283 283 283 283 
08:49:37 283 283 283 283 283 283 283 283 
08:50:37 283 283 283 283 283 283 283 283 
08:51:37 283 283 283 283 283 283 283 283 
08:52:37 283 283 283 283 283 283 283 283 
08:53:37 283 283 283 283 283 283 283 283 
08:54:37 283 283 283 283 283 283 283 283 
08:55:37 283 283 283 283 283 283 283 283 
08:56:37 283 283 283 283 283 283 283 283 
08:57:37 283 283 283 283 283 283 283 283 
08:58:37 283 283 283 283 283 283 283 283 
08:59:37 283 283 283 283 283 283 283 283 
09:00:38 283 283 283 283 283 283 283 283 
09:01:38 283 283 283 283 283 283 283 283 
09:02:38 283 283 283 283 283 283 283 283 
09:03:38 283 283 283 283 283 283 283 283 
09:04:38 283 283 283 283 283 283 283 283 
09:05:38 283 283 283 283 283 283 283 283 
09:06:38 283 283 283 283 283 283 283 283 
09:07:38 283 283 283 283 283 283 283 283 
09:08:38 283 283 283 283 283 283 283 283 
09:09:38 283 283 283 283 283 283 283 283 
09:10:38 283 283 283 283 283 283 283 283 
09:11:38 283 283 283 283 283 283 283 283 
09:12:38 283 283 283 283 283 283 283 283 
09:13:38 283 283 283 283 283 283 283 283 
09:14:38 283 283 283 283 283 283 283 283 
09:15:39 283 283 283 283 283 283 283 283 
09:16:39 283 283 283 283 283 283 283 283 
09:17:39 283 283 283 283 283 283 283 283 
09:18:39 283 283 283 283 283 283 283 283 
09:19:39 283 283 283 283 283 283 283 283 
09:20:39 283 283 283 283 283 283 283 283 
09:21:39 283 283 283 283 283 283 283 283 
09:22:39 283 283 283 283 283 283 283 283 
09:23:39 283 283 283 283 283 283 283 283 
09:24:39 283 283 283 283 283 283 283 283 
09:25:39 283 283 283 283 283 283 283 283 
09:26:39 283 283 283 283 283 283 283 283 
09:27:39 283 283 283 283 283 283 283 283 
09:28:40 283 283 283 283 283 283 283 283 
09:29:40 283 283 283 283 283 283 283 283 
09:30:40 283 283 283 283 283 283 283 283 
09:31:40 283 283 283 283 283 283 283 283 
09:32:40 283 283 283 283 283 283 283 283 
09:33:40 283 283 283 283 283 283 283 283 
09:34:40 283 283 283 283 283 283 283 283 
09:35:40 283 283 283 283 283 283 283 283 
09:36:40 283 283 283 283 283 283 283 283 
09:37:40 283 283 283 283 283 283 283 283 
09:38:40 283 283 283 283 283 283 283 283 
09:39:40 283 283 283 283 283 283 283 283 
09:40:40 283 283 283 283 283 283 283 283 
09:41:40 283 283 283 283 283 283 283 283 
09:42:40 283 283 283 283 283 283 283 283 
09:43:41 283 283 283 283 283 283 283 283 
09:44:41 283 283 283 283 283 283 283 283 
09:45:41 283 283 283 283 283 283 283 283 
09:46:41 283 283 283 283 283 283 283 283 
09:47:41 283 283 283 283 283 283 283 283 
09:48:41 283 283 283 283 283 283 283 283 
09:49:41 283 283 283 283 283 283 283 283 
09:50:41 283 283 283 283 283 283 283 283 
09:51:41 283 283 283 283 283 283 283 283 
09:52:41 283 283 283 283 283 283 283 283 
09:53:41 283 283 283 283 283 283 283 283 
09:54:41 283 283 283 283 283 283 283 283 
09:55:41 283 283 283 283 283 283 283 283 
09:56:41 283 283 283 283 283 283 283 283 
09:57:42 283 283 283 283 283 283 283 283 
09:58:42 283 283 283 283 283 283 283 283 
09:59:42 283 283 283 283 283 283 283 283 
10:00:42 283 283 283 283 283 283 283 283 
10:01:42 283 283 283 283 283 283 283 283 
10:02:42 283 283 283 283 283 283 283 283 
10:03:42 283 283 283 283 283 283 283 283 
10:04:42 283 283 283 283 283 283 283 283 
10:05:42 283 283 283 283 283 283 283 283 
10:06:42 283 283 283 283 283 283 283 283 
10:07:42 283 283 283 283 283 283 283 283 
10:08:42 283 283 283 283 283 283 283 283 
10:09:42 283 283 283 283 283 283 283 283 
10:10:43 283 283 283 283 283 283 283 283 
10:11:43 283 283 283 283 283 283 283 283 
10:12:43 283 283 283 283 283 283 283 283 
10:13:43 283 283 283 283 283 283 283 283 
10:14:43 283 283 283 283 283 283 283 283 
10:15:43 283 283 283 283 283 283 283 283 
10:16:43 283 283 283 283 283 283 283 283 
10:17:43 283 283 283 283 283 283 283 283 
10:18:43 283 283 283 283 283 283 283 283 
10:19:43 283 283 283 283 283 283 283 283 
10:20:43 283 283 283 283 283 283 283 283 
10:21:43 283 283 283 283 283 283 283 283 
10:22:43 283 283 283 283 283 283 283 283 
10:23:43 283 283 283 283 283 283 283 283 
10:24:44 283 283 283 283 283 283 283 283 
10:25:44 283 283 283 283 283 283 283 283 
10:26:44 283 283 283 283 283 283 283 283 
10:27:44 283 283 283 283 283 283 283 283 
10:28:44 283 283 283 283 283 283 283 283 
10:29:44 283 283 283 283 283 283 283 283 
10:30:44 283 283 283 283 283 283 283 283 
10:31:44 283 283 283 283 283 283 283 283 
10:32:44 283 283 283 283 283 283 283 283 
10:33:44 283 283 283 283 283 283 283 283 
10:34:44 283 283 283 283 283 283 283 283 
10:35:44 283 283 283 283 283 283 283 283 
10:36:44 283 283 283 283 283 283 283 283 
10:37:45 283 283 283 283 283 283 283 283 
10:38:45 283 283 283 283 283 283 283 283 
10:39:45 283 283 283 283 283 283 283 283 
10:40:45 283 283 283 283 283 283 283 283 
10:41:45 283 283 283 283 283 283 283 283 
10:42:45 283 283 283 283 283 283 283 283 
10:43:45 283 283 283 283 283 283 283 283 
10:44:45 283 283 283 283 283 283 283 283 
10:45:45 283 283 283 283 283 283 283 283 
10:46:45 283 283 283 283 283 283 283 283 
10:47:45 283 283 283 283 283 283 283 283 
10:48:45 283 283 283 283 283 283 283 283 
10:49:45 283 283 283 283 283 283 283 283 
10:50:45 283 283 283 283 283 283 283 283 sleep: write error: Disk quota exceeded
10:53:46 283 283 283 283 283 283 283 283 
10:54:46 283 283 283 283 283 283 283 283 
10:55:46 283 283 283 283 283 283 283 283 
10:56:46 283 283 283 283 283 283 283 283 
10:57:46 283 283 283 283 283 283 283 283 
10:58:46 283 283 283 283 283 283 283 283 
10:59:46 283 283 283 283 283 283 283 283 
11:00:46 283 283 283 283 283 283 283 283 
11:01:46 283 283 283 283 283 283 283 283 
11:02:46 283 283 283 283 283 283 283 283 
11:03:46 283 283 283 283 283 283 283 283 
11:04:47 283 283 283 283 283 283 283 283 
11:05:47 283 283 283 283 283 283 283 283 
11:06:47 283 283 283 283 283 283 283 283 
11:07:47 283 283 283 283 283 283 283 283 
11:08:47 283 283 283 283 283 283 283 283 
11:09:47 283 283 283 283 283 283 283 283 
11:10:47 283 283 283 283 283 283 283 283 
11:11:47 283 283 283 283 283 283 283 283 
11:12:47 283 283 283 283 283 283 283 283 
11:13:47 283 283 283 283 283 283 283 283 
11:14:47 283 283 283 283 283 283 283 283 
11:15:47 283 283 283 283 283 283 283 283 
11:16:47 283 283 283 283 283 283 283 283 
11:17:47 283 283 283 283 283 283 283 283 
11:18:48 283 283 283 283 283 283 283 283 
11:19:48 283 283 283 283 283 283 283 283 
11:20:48 283 283 283 283 283 283 283 283 
11:21:48 283 283 283 283 283 283 283 283 
11:22:48 283 283 283 283 283 283 283 283 
11:23:48 283 283 283 283 283 283 283 283 
11:24:48 283 283 283 283 283 283 283 283 
11:25:48 283 283 283 283 283 283 283 283 
11:26:48 283 283 283 283 283 283 283 283 
11:27:48 283 283 283 283 283 283 283 283 
11:28:48 283 283 283 283 283 283 283 283 
11:29:48 283 283 283 283 283 283 283 283 
11:30:48 283 283 283 283 283 283 283 283 
11:31:48 283 283 283 283 283 283 283 283 
11:32:49 283 283 283 283 283 283 283 283 
11:33:49 283 283 283 283 283 283 283 283 
11:34:49 283 283 283 283 283 283 283 283 
11:35:49 283 283 283 283 283 283 283 283 
11:36:49 283 283 283 283 283 283 283 283 
11:37:49 283 283 283 283 283 283 283 283 
11:38:49 283 283 283 283 283 283 283 283 
11:39:49 283 283 283 283 283 283 283 283 
11:40:49 283 283 283 283 283 283 283 283 
11:41:49 283 283 283 283 283 283 283 283 
11:42:49 283 283 283 283 283 283 283 283 
11:43:49 283 283 283 283 283 283 283 283 
11:44:49 283 283 283 283 283 283 283 283 
11:45:49 283 283 283 283 283 283 283 283 
11:46:50 283 283 283 283 283 283 283 283 
11:47:50 283 283 283 283 283 283 283 283 
11:48:50 283 283 283 283 283 283 283 283 
11:49:50 283 283 283 283 283 283 283 283 
11:50:50 283 283 283 283 283 283 283 283 
11:51:50 283 283 283 283 283 283 283 283 
11:52:50 283 283 283 283 283 283 283 283 
11:53:50 283 283 283 283 283 283 283 283 
11:54:50 283 283 283 283 283 283 283 283 
11:55:50 283 283 283 283 283 283 283 283 
11:56:50 283 283 283 283 283 283 283 283 
11:57:50 283 283 283 283 283 283 283 283 
11:58:50 283 283 283 283 283 283 283 283 
11:59:50 283 283 283 283 283 283 283 283 
12:00:51 283 283 283 283 283 283 283 283 
12:01:51 283 283 283 283 283 283 283 283 
12:02:51 283 283 283 283 283 283 283 283 
12:03:51 283 283 283 283 283 283 283 283 
12:04:51 283 283 283 283 283 283 283 283 
12:05:51 283 283 283 283 283 283 283 283 
12:06:51 283 283 283 283 283 283 283 283 
12:07:51 283 283 283 283 283 283 283 283 
12:08:51 283 283 283 283 283 283 283 283 
12:09:51 283 283 283 283 283 283 283 283 
12:10:51 283 283 283 283 283 283 283 283 
12:11:51 283 283 283 283 283 283 283 283 
12:12:51 283 283 283 283 283 283 283 283 
12:13:51 283 283 283 283 283 283 283 283 
12:14:52 283 283 283 283 283 283 283 283 
12:15:52 283 283 283 283 283 283 283 283 
12:16:52 283 283 283 283 283 283 283 283 
12:17:52 283 283 283 283 283 283 283 283 
12:18:52 283 283 283 283 283 283 283 283 
12:19:52 283 283 283 283 283 283 283 283 
12:20:52 283 283 283 283 283 283 283 283 
12:21:52 283 283 283 283 283 283 283 283 
12:22:52 283 283 283 283 283 283 283 283 
12:23:52 283 283 283 283 283 283 283 283 
12:24:52 283 283 283 283 283 283 283 283 
12:25:52 283 283 283 283 283 283 283 283 
12:26:52 283 283 283 283 283 283 283 283 
12:27:52 283 283 283 283 283 283 283 283 
12:28:53 283 283 283 283 283 283 283 283 
12:29:53 283 283 283 283 283 283 283 283 
12:30:53 283 283 283 283 283 283 283 283 
12:31:53 283 283 283 283 283 283 283 283 
12:32:53 283 283 283 283 283 283 283 283 
12:33:53 283 283 283 283 283 283 283 283 
12:34:53 283 283 283 283 283 283 283 283 
12:35:53 283 283 283 283 283 283 283 283 
12:36:53 283 283 283 283 283 283 283 283 
12:37:53 283 283 283 283 283 283 283 283 
12:38:53 283 283 283 283 283 283 283 283 
12:39:53 283 283 283 283 283 283 283 283 
12:40:53 283 283 283 283 283 283 283 283 
12:41:53 283 283 283 283 283 283 283 283 
12:42:54 283 283 283 283 283 283 283 283 
12:43:54 283 283 283 283 283 283 283 283 
12:44:54 283 283 283 283 283 283 283 283 
12:45:54 283 283 283 283 283 283 283 283 
12:46:54 283 283 283 283 283 283 283 283 
12:47:54 283 283 283 283 283 283 283 283 
12:48:54 283 283 283 283 283 283 283 283 
12:49:54 283 283 283 283 283 283 283 283 
12:50:54 283 283 283 283 283 283 283 283 
12:51:54 283 283 283 283 283 283 283 283 
12:52:54 283 283 283 283 283 283 283 283 
12:53:54 283 283 283 283 283 283 283 283 
12:54:54 283 283 283 283 283 283 283 283 
12:55:54 283 283 283 283 283 283 283 283 
12:56:55 283 283 283 283 283 283 283 283 
12:57:55 283 283 283 283 283 283 283 283 
12:58:55 283 283 283 283 283 283 283 283 
12:59:55 283 283 283 283 283 283 283 283 
13:00:55 283 283 283 283 283 283 283 283 
13:01:55 283 283 283 283 283 283 283 283 
13:02:55 283 283 283 283 283 283 283 283 
13:03:55 283 283 283 283 283 283 283 283 
13:04:55 283 283 283 283 283 283 283 283 
13:05:55 283 283 283 283 283 283 283 283 
13:06:55 283 283 283 283 283 283 283 283 
13:07:55 283 283 283 283 283 283 283 283 
13:08:55 283 283 283 283 283 283 283 283 
13:09:55 283 283 283 283 283 283 283 283 
13:10:56 283 283 283 283 283 283 283 283 
13:11:56 283 283 283 283 283 283 283 283 
13:12:56 283 283 283 283 283 283 283 283 
13:13:56 283 283 283 283 283 283 283 283 
13:14:56 283 283 283 283 283 283 283 283 
13:15:56 283 283 283 283 283 283 283 283 
13:16:56 283 283 283 283 283 283 283 283 
13:17:56 283 283 283 283 283 283 283 283 
13:18:56 283 283 283 283 283 283 283 283 
13:19:56 283 283 283 283 283 283 283 283 
13:20:56 283 283 283 283 283 283 283 283 
13:21:56 283 283 283 283 283 283 283 283 
13:22:56 283 283 283 283 283 283 283 283 
13:23:56 283 283 283 283 283 283 283 283 
13:24:57 283 283 283 283 283 283 283 283 
13:25:57 283 283 283 283 283 283 283 283 
13:26:57 283 283 283 283 283 283 283 283 
13:27:57 283 283 283 283 283 283 283 283 
13:28:57 283 283 283 283 283 283 283 283 
13:29:57 283 283 283 283 283 283 283 283 
13:30:57 283 283 283 283 283 283 283 283 
13:31:57 283 283 283 283 283 283 283 283 
13:32:57 283 283 283 283 283 283 283 283 
13:33:57 283 283 283 283 283 283 283 283 
13:34:57 283 283 283 283 283 283 283 283 
13:35:57 283 283 283 283 283 283 283 283 
13:36:57 283 283 283 283 283 283 283 283 
13:37:57 283 283 283 283 283 283 283 283 
13:38:58 283 283 283 283 283 283 283 283 
13:39:58 283 283 283 283 283 283 283 283 
13:40:58 283 283 283 283 283 283 283 283 
13:41:58 283 283 283 283 283 283 283 283 
13:42:58 283 283 283 283 283 283 283 283 
13:43:58 283 283 283 283 283 283 283 283 
13:44:58 283 283 283 283 283 283 283 283 
13:45:58 283 283 283 283 283 283 283 283 
13:46:58 283 283 283 283 283 283 283 283 
13:47:58 283 283 283 283 283 283 283 283 
13:48:58 283 283 283 283 283 283 283 283 
13:49:58 283 283 283 283 283 283 283 283 
13:50:58 283 283 283 283 283 283 283 283 
13:51:58 283 283 283 283 283 283 283 283 
13:52:58 283 283 283 283 283 283 283 283 
13:53:59 283 283 283 283 283 283 283 283 
13:54:59 283 283 283 283 283 283 283 283 
13:55:59 283 283 283 283 283 283 283 283 
13:56:59 283 283 283 283 283 283 283 283 
13:57:59 283 283 283 283 283 283 283 283 
13:58:59 283 283 283 283 283 283 283 283 
13:59:59 283 283 283 283 283 283 283 283 
14:00:59 283 283 283 283 283 283 283 283 
14:01:59 283 283 283 283 283 283 283 283 
14:02:59 283 283 283 283 283 283 283 283 
14:03:59 283 283 283 283 283 283 283 283 
14:04:59 283 283 283 283 283 283 283 283 
14:05:59 283 283 283 283 283 283 283 283 
14:06:59 283 283 283 283 283 283 283 283 
14:08:00 283 283 283 283 283 283 283 283 
14:09:00 283 283 283 283 283 283 283 283 
14:10:00 283 283 283 283 283 283 283 283 
14:11:00 283 283 283 283 283 283 283 283 
14:12:00 283 283 283 283 283 283 283 283 
14:13:00 283 283 283 283 283 283 283 283 
14:14:00 283 283 283 283 283 283 283 283 
14:15:00 283 283 283 283 283 283 283 283 
14:16:00 283 283 283 283 283 283 283 283 
14:17:00 283 283 283 283 283 283 283 283 
14:18:00 283 283 283 283 283 283 283 283 
14:19:00 283 283 283 283 283 283 283 283 
14:20:00 283 283 283 283 283 283 283 283 
14:21:00 283 283 283 283 283 283 283 283 
14:22:00 283 283 283 283 283 283 283 283 
14:23:01 283 283 283 283 283 283 283 283 
14:24:01 283 283 283 283 283 283 283 283 
14:25:01 283 283 283 283 283 283 283 283 
14:26:01 283 283 283 283 283 283 283 283 
14:27:01 283 283 283 283 283 283 283 283 
14:28:01 283 283 283 283 283 283 283 283 
14:29:01 283 283 283 283 283 283 283 283 
14:30:01 283 283 283 283 283 283 283 283 
14:31:01 283 283 283 283 283 283 283 283 
14:32:01 283 283 283 283 283 283 283 283 
14:33:01 283 283 283 283 283 283 283 283 
14:34:01 283 283 283 283 283 283 283 283 
14:35:01 283 283 283 283 283 283 283 283 
14:36:01 283 283 283 283 283 283 283 283 
14:37:02 283 283 283 283 283 283 283 283 
14:38:02 283 283 283 283 283 283 283 283 
14:39:02 283 283 283 283 283 283 283 283 
14:40:02 283 283 283 283 283 283 283 283 
14:41:02 283 283 283 283 283 283 283 283 
14:42:02 283 283 283 283 283 283 283 283 
14:43:02 283 283 283 283 283 283 283 283 
14:44:02 283 283 283 283 283 283 283 283 
14:45:02 283 283 283 283 283 283 283 283 
14:46:02 283 283 283 283 283 283 283 283 
14:47:02 283 283 283 283 283 283 283 283 
14:48:02 283 283 283 283 283 283 283 283 
14:49:02 283 283 283 283 283 283 283 283 
14:50:02 283 283 283 283 283 283 283 283 
14:51:03 283 283 283 283 283 283 283 283 
14:52:03 283 283 283 283 283 283 283 283 
14:53:03 283 283 283 283 283 283 283 283 
14:54:03 283 283 283 283 283 283 283 283 
14:55:03 283 283 283 283 283 283 283 283 
14:56:03 283 283 283 283 283 283 283 283 
14:57:03 283 283 283 283 283 283 283 283 
14:58:03 283 283 283 283 283 283 283 283 
14:59:03 283 283 283 283 283 283 283 283 
15:00:03 283 283 283 283 283 283 283 283 
15:01:03 283 283 283 283 283 283 283 283 
15:02:03 283 283 283 283 283 283 283 283 
15:03:03 283 283 283 283 283 283 283 283 
15:04:03 283 283 283 283 283 283 283 283 
15:05:04 283 283 283 283 283 283 283 283 
15:06:04 283 283 283 283 283 283 283 283 
15:07:04 283 283 283 283 283 283 283 283 
15:08:04 283 283 283 283 283 283 283 283 
15:09:04 283 283 283 283 283 283 283 283 
15:10:04 283 283 283 283 283 283 283 283 
15:11:04 283 283 283 283 283 283 283 283 
15:12:04 283 283 283 283 283 283 283 283 
15:13:04 283 283 283 283 283 283 283 283 
15:14:04 283 283 283 283 283 283 283 283 
15:15:04 283 283 283 283 283 283 283 283 
15:16:04 283 283 283 283 283 283 283 283 
15:17:04 283 283 283 283 283 283 283 283 
15:18:04 283 283 283 283 283 283 283 283 
15:19:05 283 283 283 283 283 283 283 283 
15:20:05 283 283 283 283 283 283 283 283 
15:21:05 283 283 283 283 283 283 283 283 
15:22:05 283 283 283 283 283 283 283 283 
15:23:05 283 283 283 283 283 283 283 283 
15:24:05 283 283 283 283 283 283 283 283 
15:25:05 283 283 283 283 283 283 283 283 
15:26:05 283 283 283 283 283 283 283 283 
15:27:05 283 283 283 283 283 283 283 283 
15:28:05 283 283 283 283 283 283 283 283 
15:29:05 283 283 283 283 283 283 283 283 
15:30:05 283 283 283 283 283 283 283 283 
15:31:05 283 283 283 283 283 283 283 283 
15:32:05 283 283 283 283 283 283 283 283 
15:33:06 283 283 283 283 283 283 283 283 
15:34:06 283 283 283 283 283 283 283 283 
15:35:06 283 283 283 283 283 283 283 283 
15:36:06 283 283 283 283 283 283 283 283 
15:37:06 283 283 283 283 283 283 283 283 
15:38:06 283 283 283 283 283 283 283 283 
15:39:06 283 283 283 283 283 283 283 283 
15:40:06 283 283 283 283 283 283 283 283 
15:41:06 283 283 283 283 283 283 283 283 
15:42:06 283 283 283 283 283 283 283 283 
15:43:06 283 283 283 283 283 283 283 283 
15:44:06 283 283 283 283 283 283 283 283 
15:45:06 283 283 283 283 283 283 283 283 
15:46:06 283 283 283 283 283 283 283 283 
15:47:07 283 283 283 283 283 283 283 283 
15:48:07 283 283 283 283 283 283 283 283 
15:49:07 283 283 283 283 283 283 283 283 
15:50:07 283 283 283 283 283 283 283 283 
15:51:07 283 283 283 283 283 283 283 283 
15:52:07 283 283 283 283 283 283 283 283 
15:53:07 283 283 283 283 283 283 283 283 
15:54:07 283 283 283 283 283 283 283 283 
15:55:07 283 283 283 283 283 283 283 283 
15:56:07 283 283 283 283 283 283 283 283 
15:57:07 283 283 283 283 283 283 283 283 
15:58:07 283 283 283 283 283 283 283 283 
15:59:07 283 283 283 283 283 283 283 283 
16:00:07 283 283 283 283 283 283 283 283 
16:01:08 283 283 283 283 283 283 283 283 
16:02:08 283 283 283 283 283 283 283 283 
16:03:08 283 283 283 283 283 283 283 283 
16:04:08 283 283 283 283 283 283 283 283 
16:05:08 283 283 283 283 283 283 283 283 
16:06:08 283 283 283 283 283 283 283 283 
16:07:08 283 283 283 283 283 283 283 283 
16:08:08 283 283 283 283 283 283 283 283 
16:09:08 283 283 283 283 283 283 283 283 
16:10:08 283 283 283 283 283 283 283 283 
16:11:08 283 283 283 283 283 283 283 283 
16:12:08 283 283 283 283 283 283 283 283 
16:13:08 283 283 283 283 283 283 283 283 
16:14:08 283 283 283 283 283 283 283 283 
16:15:08 283 283 283 283 283 283 283 283 
16:16:09 283 283 283 283 283 283 283 283 
16:17:09 283 283 283 283 283 283 283 283 
16:18:09 283 283 283 283 283 283 283 283 
16:19:09 283 283 283 283 283 283 283 283 
16:20:09 283 283 283 283 283 283 283 283 
16:21:09 283 283 283 283 283 283 283 283 
16:22:09 283 283 283 283 283 283 283 283 
16:23:09 283 283 283 283 283 283 283 283 
16:24:09 283 283 283 283 283 283 283 283 
16:25:09 283 283 283 283 283 283 283 283 
16:26:09 283 283 283 283 283 283 283 283 
16:27:09 283 283 283 283 283 283 283 283 
16:28:09 283 283 283 283 283 283 283 283 
16:29:10 283 283 283 283 283 283 283 283 
16:30:10 283 283 283 283 283 283 283 283 
16:31:10 283 283 283 283 283 283 283 283 
16:32:10 283 283 283 283 283 283 283 283 
16:33:10 283 283 283 283 283 283 283 283 
16:34:10 283 283 283 283 283 283 283 283 
16:35:10 283 283 283 283 283 283 283 283 
16:36:10 283 283 283 283 283 283 283 283 
16:37:10 283 283 283 283 283 283 283 283 
16:38:10 283 283 283 283 283 283 283 283 
16:39:10 283 283 283 283 283 283 283 283 
16:40:10 283 283 283 283 283 283 283 283 
16:41:10 283 283 283 283 283 283 283 283 
16:42:10 283 283 283 283 283 283 283 283 
16:43:11 283 283 283 283 283 283 283 283 
16:44:11 283 283 283 283 283 283 283 283 
16:45:11 283 283 283 283 283 283 283 283 
16:46:11 283 283 283 283 283 283 283 283 
16:47:11 283 283 283 283 283 283 283 283 
16:48:11 283 283 283 283 283 283 283 283 
16:49:11 283 283 283 283 283 283 283 283 
16:50:11 283 283 283 283 283 283 283 283 
16:51:11 283 283 283 283 283 283 283 283 
16:52:11 283 283 283 283 283 283 283 283 
16:53:11 283 283 283 283 283 283 283 283 
16:54:11 283 283 283 283 283 283 283 283 
16:55:11 283 283 283 283 283 283 283 283 
16:56:11 283 283 283 283 283 283 283 283 
16:57:12 283 283 283 283 283 283 283 283 
16:58:12 283 283 283 283 283 283 283 283 
16:59:12 283 283 283 283 283 283 283 283 
17:00:12 283 283 283 283 283 283 283 283 
17:01:12 283 283 283 283 283 283 283 283 
17:02:12 283 283 283 283 283 283 283 283 
17:03:12 283 283 283 283 283 283 283 283 
17:04:12 283 283 283 283 283 283 283 283 
17:05:12 283 283 283 283 283 283 283 283 
17:06:12 283 283 283 283 283 283 283 283 
17:07:12 283 283 283 283 283 283 283 283 
17:08:12 283 283 283 283 283 283 283 283 
17:09:12 283 283 283 283 283 283 283 283 
17:10:12 283 283 283 283 283 283 283 283 
17:11:13 283 283 283 283 283 283 283 283 
17:12:13 283 283 283 283 283 283 283 283 
17:13:13 283 283 283 283 283 283 283 283 
17:14:13 283 283 283 283 283 283 283 283 
17:15:13 283 283 283 283 283 283 283 283 
17:16:13 283 283 283 283 283 283 283 283 
17:17:13 283 283 283 283 283 283 283 283 
17:18:13 283 283 283 283 283 283 283 283 
17:19:13 283 283 283 283 283 283 283 283 
17:20:13 283 283 283 283 283 283 283 283 
17:21:13 283 283 283 283 283 283 283 283 
17:22:13 283 283 283 283 283 283 283 283 
17:23:13 283 283 283 283 283 283 283 283 
17:24:13 283 283 283 283 283 283 283 283 
17:25:14 283 283 283 283 283 283 283 283 
17:26:14 283 283 283 283 283 283 283 283 
17:27:14 283 283 283 283 283 283 283 283 
17:28:14 283 283 283 283 283 283 283 283 
17:29:14 283 283 283 283 283 283 283 283 
17:30:14 283 283 283 283 283 283 283 283 
17:31:14 283 283 283 283 283 283 283 283 
17:32:14 283 283 283 283 283 283 283 283 
17:33:14 283 283 283 283 283 283 283 283 
17:34:14 283 283 283 283 283 283 283 283 
17:35:14 283 283 283 283 283 283 283 283 
17:36:14 283 283 283 283 283 283 283 283 
17:37:14 283 283 283 283 283 283 283 283 
17:38:14 283 283 283 283 283 283 283 283 
17:39:14 283 283 283 283 283 283 283 283 
17:40:15 283 283 283 283 283 283 283 283 
17:41:15 283 283 283 283 283 283 283 283 
17:42:15 283 283 283 283 283 283 283 283 
17:43:15 283 283 283 283 283 283 283 283 
17:44:15 283 283 283 283 283 283 283 283 
17:45:15 283 283 283 283 283 283 283 283 
17:46:15 283 283 283 283 283 283 283 283 
17:47:15 283 283 283 283 283 283 283 283 
17:48:15 283 283 283 283 283 283 283 283 
17:49:15 283 283 283 283 283 283 283 283 
17:50:15 283 283 283 283 283 283 283 283 
17:51:15 283 283 283 283 283 283 283 283 
17:52:15 283 283 283 283 283 283 283 283 
17:53:15 283 283 283 283 283 283 283 283 
17:54:15 283 283 283 283 283 283 283 283 
17:55:16 283 283 283 283 283 283 283 283 
17:56:16 283 283 283 283 283 283 283 283 
17:57:16 283 283 283 283 283 283 283 283 
17:58:16 283 283 283 283 283 283 283 283 
17:59:16 283 283 283 283 283 283 283 283 
18:00:16 283 283 283 283 283 283 283 283 
18:01:16 283 283 283 283 283 283 283 283 
18:02:16 283 283 283 283 283 283 283 283 
18:03:16 283 283 283 283 283 283 283 283 
18:04:16 283 283 283 283 283 283 283 283 
18:05:16 283 283 283 283 283 283 283 283 
18:06:16 283 283 283 283 283 283 283 283 
18:07:16 283 283 283 283 283 283 283 283 
18:08:16 283 283 283 283 283 283 283 283 
18:09:17 283 283 283 283 283 283 283 283 
18:10:17 283 283 283 283 283 283 283 283 
18:11:17 283 283 283 283 283 283 283 283 
18:12:17 283 283 283 283 283 283 283 283 
18:13:17 283 283 283 283 283 283 283 283 
18:14:17 283 283 283 283 283 283 283 283 
18:15:17 283 283 283 283 283 283 283 283 
18:16:17 283 283 283 283 283 283 283 283 
18:17:17 283 283 283 283 283 283 283 283 
18:18:17 283 283 283 283 283 283 283 283 
18:19:17 283 283 283 283 283 283 283 283 
18:20:17 283 283 283 283 283 283 283 283 
18:21:17 283 283 283 283 283 283 283 283 
18:22:17 283 283 283 283 283 283 283 283 
18:23:17 283 283 283 283 283 283 283 283 
18:24:18 283 283 283 283 283 283 283 283 
18:25:18 283 283 283 283 283 283 283 283 
18:26:18 283 283 283 283 283 283 283 283 
18:27:18 283 283 283 283 283 283 283 283 
18:28:18 283 283 283 283 283 283 283 283 
18:29:18 283 283 283 283 283 283 283 283 
18:30:18 283 283 283 283 283 283 283 283 
18:31:18 283 283 283 283 283 283 283 283 
18:32:18 283 283 283 283 283 283 283 283 
18:33:18 283 283 283 283 283 283 283 283 
18:34:18 283 283 283 283 283 283 283 283 
18:35:18 283 283 283 283 283 283 283 283 
18:36:18 283 283 283 283 283 283 283 283 
18:37:18 283 283 283 283 283 283 283 283 
18:38:19 283 283 283 283 283 283 283 283 
18:39:19 283 283 283 283 283 283 283 283 
18:40:19 283 283 283 283 283 283 283 283 
18:41:19 283 283 283 283 283 283 283 283 
18:42:19 283 283 283 283 283 283 283 283 
18:43:19 283 283 283 283 283 283 283 283 
18:44:19 283 283 283 283 283 283 283 283 
18:45:19 283 283 283 283 283 283 283 283 
18:46:19 283 283 283 283 283 283 283 283 
18:47:19 283 283 283 283 283 283 283 283 
18:48:19 283 283 283 283 283 283 283 283 
18:49:19 283 283 283 283 283 283 283 283 
18:50:19 283 283 283 283 283 283 283 283 
18:51:19 283 283 283 283 283 283 283 283 
18:52:20 283 283 283 283 283 283 283 283 
18:53:20 283 283 283 283 283 283 283 283 
18:54:20 283 283 283 283 283 283 283 283 
18:55:20 283 283 283 283 283 283 283 283 
18:56:20 283 283 283 283 283 283 283 283 
18:57:20 283 283 283 283 283 283 283 283 
18:58:20 283 283 283 283 283 283 283 283 
18:59:20 283 283 283 283 283 283 283 283 
19:00:20 283 283 283 283 283 283 283 283 
19:01:20 283 283 283 283 283 283 283 283 
19:02:20 283 283 283 283 283 283 283 283 
19:03:20 283 283 283 283 283 283 283 283 
19:04:20 283 283 283 283 283 283 283 283 
19:05:20 283 283 283 283 283 283 283 283 
19:06:21 283 283 283 283 283 283 283 283 
19:07:21 283 283 283 283 283 283 283 283 
19:08:21 283 283 283 283 283 283 283 283 
19:09:21 283 283 283 283 283 283 283 283 
19:10:21 283 283 283 283 283 283 283 283 
19:11:21 283 283 283 283 283 283 283 283 
19:12:21 283 283 283 283 283 283 283 283 
19:13:21 283 283 283 283 283 283 283 283 
19:14:21 283 283 283 283 283 283 283 283 
19:15:21 283 283 283 283 283 283 283 283 
19:16:21 283 283 283 283 283 283 283 283 
19:17:21 283 283 283 283 283 283 283 283 
19:18:21 283 283 283 283 283 283 283 283 
19:19:21 283 283 283 283 283 283 283 283 
19:20:22 283 283 283 283 283 283 283 283 
19:21:22 283 283 283 283 283 283 283 283 
19:22:22 283 283 283 283 283 283 283 283 
19:23:22 283 283 283 283 283 283 283 283 
19:24:22 283 283 283 283 283 283 283 283 
19:25:22 283 283 283 283 283 283 283 283 
19:26:22 283 283 283 283 283 283 283 283 
19:27:22 283 283 283 283 283 283 283 283 
19:28:22 283 283 283 283 283 283 283 283 
19:29:22 283 283 283 283 283 283 283 283 
19:30:22 283 283 283 283 283 283 283 283 
19:31:22 283 283 283 283 283 283 283 283 
19:32:22 283 283 283 283 283 283 283 283 
19:33:22 283 283 283 283 283 283 283 283 
19:34:22 283 283 283 283 283 283 283 283 
19:35:23 283 283 283 283 283 283 283 283 
19:36:23 283 283 283 283 283 283 283 283 
19:37:23 283 283 283 283 283 283 283 283 
19:38:23 283 283 283 283 283 283 283 283 
19:39:23 283 283 283 283 283 283 283 283 
19:40:23 283 283 283 283 283 283 283 283 
19:41:23 283 283 283 283 283 283 283 283 
19:42:23 283 283 283 283 283 283 283 283 
19:43:23 283 283 283 283 283 283 283 283 
19:44:23 283 283 283 283 283 283 283 283 
19:45:23 283 283 283 283 283 283 283 283 
19:46:23 283 283 283 283 283 283 283 283 
19:47:23 283 283 283 283 283 283 283 283 
19:48:23 283 283 283 283 283 283 283 283 
19:49:24 283 283 283 283 283 283 283 283 
19:50:24 283 283 283 283 283 283 283 283 
19:51:24 283 283 283 283 283 283 283 283 
19:52:24 283 283 283 283 283 283 283 283 
19:53:24 283 283 283 283 283 283 283 283 
19:54:24 283 283 283 283 283 283 283 283 
19:55:24 283 283 283 283 283 283 283 283 
19:56:24 283 283 283 283 283 283 283 283 
19:57:24 283 283 283 283 283 283 283 283 
19:58:24 283 283 283 283 283 283 283 283 
19:59:24 283 283 283 283 283 283 283 283 
20:00:24 283 283 283 283 283 283 283 283 
20:01:24 283 283 283 283 283 283 283 283 
20:02:24 283 283 283 283 283 283 283 283 
20:03:25 283 283 283 283 283 283 283 283 
20:04:25 283 283 283 283 283 283 283 283 
20:05:25 283 283 283 283 283 283 283 283 
20:06:25 283 283 283 283 283 283 283 283 
20:07:25 283 283 283 283 283 283 283 283 
20:08:25 283 283 283 283 283 283 283 283 
20:09:25 283 283 283 283 283 283 283 283 
20:10:25 283 283 283 283 283 283 283 283 
20:11:25 283 283 283 283 283 283 283 283 
20:12:25 283 283 283 283 283 283 283 283 
20:13:25 283 283 283 283 283 283 283 283 
20:14:25 283 283 283 283 283 283 283 283 
20:15:25 283 283 283 283 283 283 283 283 
20:16:25 283 283 283 283 283 283 283 283 
20:17:26 283 283 283 283 283 283 283 283 
20:18:26 283 283 283 283 283 283 283 283 
20:19:26 283 283 283 283 283 283 283 283 
20:20:26 283 283 283 283 283 283 283 283 
20:21:26 283 283 283 283 283 283 283 283 
20:22:26 283 283 283 283 283 283 283 283 
20:23:26 283 283 283 283 283 283 283 283 
20:24:26 283 283 283 283 283 283 283 283 
20:25:26 283 283 283 283 283 283 283 283 
20:26:26 283 283 283 283 283 283 283 283 
20:27:26 283 283 283 283 283 283 283 283 
20:28:26 283 283 283 283 283 283 283 283 
20:29:26 283 283 283 283 283 283 283 283 
20:30:27 283 283 283 283 283 283 283 283 
20:31:27 283 283 283 283 283 283 283 283 
20:32:27 283 283 283 283 283 283 283 283 
20:33:27 283 283 283 283 283 283 283 283 
20:34:27 283 283 283 283 283 283 283 283 
20:35:27 283 283 283 283 283 283 283 283 
20:36:27 283 283 283 283 283 283 283 283 
20:37:27 283 283 283 283 283 283 283 283 
20:38:27 283 283 283 283 283 283 283 283 
20:39:27 283 283 283 283 283 283 283 283 
20:40:27 283 283 283 283 283 283 283 283 
20:41:27 283 283 283 283 283 283 283 283 
20:42:27 283 283 283 283 283 283 283 283 
20:43:27 283 283 283 283 283 283 283 283 
20:44:28 283 283 283 283 283 283 283 283 
20:45:28 283 283 283 283 283 283 283 283 
20:46:28 283 283 283 283 283 283 283 283 
20:47:28 283 283 283 283 283 283 283 283 
20:48:28 283 283 283 283 283 283 283 283 
20:49:28 283 283 283 283 283 283 283 283 
20:50:28 283 283 283 283 283 283 283 283 
20:51:28 283 283 283 283 283 283 283 283 
20:52:28 283 283 283 283 283 283 283 283 
20:53:28 283 283 283 283 283 283 283 283 
20:54:28 283 283 283 283 283 283 283 283 
20:55:28 283 283 283 283 283 283 283 283 
20:56:28 283 283 283 283 283 283 283 283 
20:57:29 283 283 283 283 283 283 283 283 
20:58:29 283 283 283 283 283 283 283 283 
20:59:29 283 283 283 283 283 283 283 283 
21:00:29 283 283 283 283 283 283 283 283 
21:01:29 283 283 283 283 283 283 283 283 
21:02:29 283 283 283 283 283 283 283 283 
21:03:29 283 283 283 283 283 283 283 283 
21:04:29 283 283 283 283 283 283 283 283 
21:05:29 283 283 283 283 283 283 283 283 
21:06:29 283 283 283 283 283 283 283 283 
21:07:29 283 283 283 283 283 283 283 283 
21:08:29 283 283 283 283 283 283 283 283 
21:09:29 283 283 283 283 283 283 283 283 
21:10:29 283 283 283 283 283 283 283 283 
21:11:30 283 283 283 283 283 283 283 283 
21:12:30 283 283 283 283 283 283 283 283 
21:13:30 283 283 283 283 283 283 283 283 
21:14:30 283 283 283 283 283 283 283 283 
21:15:30 283 283 283 283 283 283 283 283 
21:16:30 283 283 283 283 283 283 283 283 
21:17:30 283 283 283 283 283 283 283 283 
21:18:30 283 283 283 283 283 283 283 283 
21:19:30 283 283 283 283 283 283 283 283 
21:20:30 283 283 283 283 283 283 283 283 
21:21:30 283 283 283 283 283 283 283 283 
21:22:30 283 283 283 283 283 283 283 283 
21:23:30 283 283 283 283 283 283 283 283 
21:24:31 283 283 283 283 283 283 283 283 
21:25:31 283 283 283 283 283 283 283 283 
21:26:31 283 283 283 283 283 283 283 283 
21:27:31 283 283 283 283 283 283 283 283 
21:28:31 283 283 283 283 283 283 283 283 
21:29:31 283 283 283 283 283 283 283 283 
21:30:31 283 283 283 283 283 283 283 283 
21:31:31 283 283 283 283 283 283 283 283 
21:32:31 283 283 283 283 283 283 283 283 
21:33:31 283 283 283 283 283 283 283 283 
21:34:31 283 283 283 283 283 283 283 283 
21:35:31 283 283 283 283 283 283 283 283 
21:36:31 283 283 283 283 283 283 283 283 
21:37:31 283 283 283 283 283 283 283 283 
21:38:32 283 283 283 283 283 283 283 283 
21:39:32 283 283 283 283 283 283 283 283 
21:40:32 283 283 283 283 283 283 283 283 
21:41:32 283 283 283 283 283 283 283 283 
21:42:32 283 283 283 283 283 283 283 283 
21:43:32 283 283 283 283 283 283 283 283 
21:44:32 283 283 283 283 283 283 283 283 
21:45:32 283 283 283 283 283 283 283 283 
21:46:32 283 283 283 283 283 283 283 283 
21:47:32 283 283 283 283 283 283 283 283 
21:48:32 283 283 283 283 283 283 283 283 
21:49:32 283 283 283 283 283 283 283 283 
21:50:32 283 283 283 283 283 283 283 283 
21:51:33 283 283 283 283 283 283 283 283 
21:52:33 283 283 283 283 283 283 283 283 
21:53:33 283 283 283 283 283 283 283 283 
21:54:33 283 283 283 283 283 283 283 283 
21:55:33 283 283 283 283 283 283 283 283 
21:56:33 283 283 283 283 283 283 283 283 
21:57:33 283 283 283 283 283 283 283 283 
21:58:33 283 283 283 283 283 283 283 283 
21:59:33 283 283 283 283 283 283 283 283 
22:00:33 283 283 283 283 283 283 283 283 
22:01:33 283 283 283 283 283 283 283 283 
22:02:33 283 283 283 283 283 283 283 283 
22:03:33 283 283 283 283 283 283 283 283 
22:04:33 283 283 283 283 283 283 283 283 
22:05:34 283 283 283 283 283 283 283 283 
22:06:34 283 283 283 283 283 283 283 283 
22:07:34 283 283 283 283 283 283 283 283 
22:08:34 283 283 283 283 283 283 283 283 
22:09:34 283 283 283 283 283 283 283 283 
22:10:34 283 283 283 283 283 283 283 283 
22:11:34 283 283 283 283 283 283 283 283 
22:12:34 283 283 283 283 283 283 283 283 
22:13:34 283 283 283 283 283 283 283 283 
22:14:34 283 283 283 283 283 283 283 283 
22:15:34 283 283 283 283 283 283 283 283 
22:16:34 283 283 283 283 283 283 283 283 
22:17:34 283 283 283 283 283 283 283 283 
22:18:35 283 283 283 283 283 283 283 283 
22:19:35 283 283 283 283 283 283 283 283 
22:20:35 283 283 283 283 283 283 283 283 
22:21:35 283 283 283 283 283 283 283 283 
22:22:35 283 283 283 283 283 283 283 283 
22:23:35 283 283 283 283 283 283 283 283 
22:24:35 283 283 283 283 283 283 283 283 
22:25:35 283 283 283 283 283 283 283 283 
22:26:35 283 283 283 283 283 283 283 283 
22:27:35 283 283 283 283 283 283 283 283 
22:28:35 283 283 283 283 283 283 283 283 
22:29:35 283 283 283 283 283 283 283 283 
22:30:35 283 283 283 283 283 283 283 283 
22:31:35 283 283 283 283 283 283 283 283 
22:32:36 283 283 283 283 283 283 283 283 
22:33:36 283 283 283 283 283 283 283 283 
22:34:36 283 283 283 283 283 283 283 283 
22:35:36 283 283 283 283 283 283 283 283 
22:36:36 283 283 283 283 283 283 283 283 
22:37:36 283 283 283 283 283 283 283 283 
22:38:36 283 283 283 283 283 283 283 283 
22:39:36 283 283 283 283 283 283 283 283 
22:40:36 283 283 283 283 283 283 283 283 
22:41:36 283 283 283 283 283 283 283 283 
22:42:36 283 283 283 283 283 283 283 283 
22:43:36 283 283 283 283 283 283 283 283 
22:44:36 283 283 283 283 283 283 283 283 
22:45:36 283 283 283 283 283 283 283 283 
22:46:37 283 283 283 283 283 283 283 283 
22:47:37 283 283 283 283 283 283 283 283 
22:48:37 283 283 283 283 283 283 283 283 
22:49:37 283 283 283 283 283 283 283 283 
22:50:37 283 283 283 283 283 283 283 283 
22:51:37 283 283 283 283 283 283 283 283 
22:52:37 283 283 283 283 283 283 283 283 
22:53:37 283 283 283 283 283 283 283 283 
22:54:37 283 283 283 283 283 283 283 283 
22:55:37 283 283 283 283 283 283 283 283 
22:56:37 283 283 283 283 283 283 283 283 
22:57:37 283 283 283 283 283 283 283 283 
22:58:37 283 283 283 283 283 283 283 283 
22:59:37 283 283 283 283 283 283 283 283 
23:00:38 283 283 283 283 283 283 283 283 
23:01:38 283 283 283 283 283 283 283 283 
23:02:38 283 283 283 283 283 283 283 283 
23:03:38 283 283 283 283 283 283 283 283 
23:04:38 283 283 283 283 283 283 283 283 
23:05:38 283 283 283 283 283 283 283 283 
23:06:38 283 283 283 283 283 283 283 283 
23:07:38 283 283 283 283 283 283 283 283 
23:08:38 283 283 283 283 283 283 283 283 
23:09:38 283 283 283 283 283 283 283 283 
23:10:38 283 283 283 283 283 283 283 283 
23:11:38 283 283 283 283 283 283 283 283 
23:12:38 283 283 283 283 283 283 283 283 
23:13:38 283 283 283 283 283 283 283 283 
23:14:39 283 283 283 283 283 283 283 283 
23:15:39 283 283 283 283 283 283 283 283 
23:16:39 283 283 283 283 283 283 283 283 
23:17:39 283 283 283 283 283 283 283 283 
23:18:39 283 283 283 283 283 283 283 283 
23:19:39 283 283 283 283 283 283 283 283 
23:20:39 283 283 283 283 283 283 283 283 
23:21:39 283 283 283 283 283 283 283 283 
23:22:39 283 283 283 283 283 283 283 283 
23:23:39 283 283 283 283 283 283 283 283 
23:24:39 283 283 283 283 283 283 283 283 
23:25:39 283 283 283 283 283 283 283 283 
23:26:39 283 283 283 283 283 283 283 283 
23:27:39 283 283 283 283 283 283 283 283 
23:28:39 283 283 283 283 283 283 283 283 
23:29:40 283 283 283 283 283 283 283 283 
23:30:40 283 283 283 283 283 283 283 283 
23:31:40 283 283 283 283 283 283 283 283 
23:32:40 283 283 283 283 283 283 283 283 
23:33:40 283 283 283 283 283 283 283 283 
23:34:40 283 283 283 283 283 283 283 283 
23:35:40 283 283 283 283 283 283 283 283 
23:36:40 283 283 283 283 283 283 283 283 
23:37:40 283 283 283 283 283 283 283 283 
23:38:40 283 283 283 283 283 283 283 283 
23:39:40 283 283 283 283 283 283 283 283 
23:40:40 283 283 283 283 283 283 283 283 
23:41:40 283 283 283 283 283 283 283 283 
23:42:40 283 283 283 283 283 283 283 283 
23:43:40 283 283 283 283 283 283 283 283 
23:44:41 283 283 283 283 283 283 283 283 
23:45:41 283 283 283 283 283 283 283 283 
23:46:41 283 283 283 283 283 283 283 283 
23:47:41 283 283 283 283 283 283 283 283 
23:48:41 283 283 283 283 283 283 283 283 
23:49:41 283 283 283 283 283 283 283 283 
23:50:41 283 283 283 283 283 283 283 283 
23:51:41 283 283 283 283 283 283 283 283 
23:52:41 283 283 283 283 283 283 283 283 
23:53:41 283 283 283 283 283 283 283 283 
23:54:41 283 283 283 283 283 283 283 283 
23:55:41 283 283 283 283 283 283 283 283 
23:56:41 283 283 283 283 283 283 283 283 
23:57:41 283 283 283 283 283 283 283 283 
23:58:42 283 283 283 283 283 283 283 283 
23:59:42 283 283 283 283 283 283 283 283 
00:00:42 283 283 283 283 283 283 283 283 
00:01:42 283 283 283 283 283 283 283 283 
00:02:42 283 283 283 283 283 283 283 283 
00:03:42 283 283 283 283 283 283 283 283 
00:04:42 283 283 283 283 283 283 283 283 
00:05:42 283 283 283 283 283 283 283 283 
00:06:42 283 283 283 283 283 283 283 283 
00:07:42 283 283 283 283 283 283 283 283 
00:08:42 283 283 283 283 283 283 283 283 
00:09:42 283 283 283 283 283 283 283 283 
00:10:42 283 283 283 283 283 283 283 283 
00:11:42 283 283 283 283 283 283 283 283 
00:12:42 283 283 283 283 283 283 283 283 
00:13:43 283 283 283 283 283 283 283 283 
00:14:43 283 283 283 283 283 283 283 283 
00:15:43 283 283 283 283 283 283 283 283 
00:16:43 283 283 283 283 283 283 283 283 
00:17:43 283 283 283 283 283 283 283 283 
00:18:43 283 283 283 283 283 283 283 283 
00:19:43 283 283 283 283 283 283 283 283 
00:20:43 283 283 283 283 283 283 283 283 
00:21:43 283 283 283 283 283 283 283 283 
00:22:43 283 283 283 283 283 283 283 283 
00:23:43 283 283 283 283 283 283 283 283 
00:24:43 283 283 283 283 283 283 283 283 
00:25:43 283 283 283 283 283 283 283 283 
00:26:43 283 283 283 283 283 283 283 283 
00:27:43 283 283 283 283 283 283 283 283 
00:28:44 283 283 283 283 283 283 283 283 
00:29:44 283 283 283 283 283 283 283 283 
00:30:44 283 283 283 283 283 283 283 283 
00:31:44 283 283 283 283 283 283 283 283 
00:32:44 283 283 283 283 283 283 283 283 
00:33:44 283 283 283 283 283 283 283 283 
00:34:44 283 283 283 283 283 283 283 283 
00:35:44 283 283 283 283 283 283 283 283 
00:36:44 283 283 283 283 283 283 283 283 
00:37:44 283 283 283 283 283 283 283 283 
00:38:44 283 283 283 283 283 283 283 283 
00:39:44 283 283 283 283 283 283 283 283 
00:40:44 283 283 283 283 283 283 283 283 
00:41:44 283 283 283 283 283 283 283 283 
00:42:45 283 283 283 283 283 283 283 283 
00:43:45 283 283 283 283 283 283 283 283 
00:44:45 283 283 283 283 283 283 283 283 
00:45:45 283 283 283 283 283 283 283 283 
00:46:45 283 283 283 283 283 283 283 283 
00:47:45 283 283 283 283 283 283 283 283 
00:48:45 283 283 283 283 283 283 283 283 
00:49:45 283 283 283 283 283 283 283 283 
00:50:45 283 283 283 283 283 283 283 283 
00:51:45 283 283 283 283 283 283 283 283 
00:52:45 283 283 283 283 283 283 283 283 
00:53:45 283 283 283 283 283 283 283 283 
00:54:45 283 283 283 283 283 283 283 283 
00:55:45 283 283 283 283 283 283 283 283 
00:56:46 283 283 283 283 283 283 283 283 
00:57:46 283 283 283 283 283 283 283 283 
00:58:46 283 283 283 283 283 283 283 283 
00:59:46 283 283 283 283 283 283 283 283 
01:00:46 283 283 283 283 283 283 283 283 
01:01:46 283 283 283 283 283 283 283 283 
01:02:46 283 283 283 283 283 283 283 283 
01:03:46 283 283 283 283 283 283 283 283 
01:04:46 283 283 283 283 283 283 283 283 
01:05:46 283 283 283 283 283 283 283 283 
01:06:46 283 283 283 283 283 283 283 283 
01:07:46 283 283 283 283 283 283 283 283 
01:08:46 283 283 283 283 283 283 283 283 
01:09:47 283 283 283 283 283 283 283 283 
01:10:47 283 283 283 283 283 283 283 283 
01:11:47 283 283 283 283 283 283 283 283 
01:12:47 283 283 283 283 283 283 283 283 
01:13:47 283 283 283 283 283 283 283 283 
01:14:47 283 283 283 283 283 283 283 283 
01:15:47 283 283 283 283 283 283 283 283 
01:16:47 283 283 283 283 283 283 283 283 
01:17:47 283 283 283 283 283 283 283 283 
01:18:47 283 283 283 283 283 283 283 283 
01:19:47 283 283 283 283 283 283 283 283 
01:20:47 283 283 283 283 283 283 283 283 
01:21:47 283 283 283 283 283 283 283 283 
01:22:47 283 283 283 283 283 283 283 283 
01:23:48 283 283 283 283 283 283 283 283 
01:24:48 283 283 283 283 283 283 283 283 
01:25:48 283 283 283 283 283 283 283 283 
01:26:48 283 283 283 283 283 283 283 283 
01:27:48 283 283 283 283 283 283 283 283 
01:28:48 283 283 283 283 283 283 283 283 
01:29:48 283 283 283 283 283 283 283 283 
01:30:48 283 283 283 283 283 283 283 283 
01:31:48 283 283 283 283 283 283 283 283 
01:32:48 283 283 283 283 283 283 283 283 
01:33:48 283 283 283 283 283 283 283 283 
01:34:48 283 283 283 283 283 283 283 283 
01:35:48 283 283 283 283 283 283 283 283 
01:36:49 283 283 283 283 283 283 283 283 
01:37:49 283 283 283 283 283 283 283 283 
01:38:49 283 283 283 283 283 283 283 283 
01:39:49 283 283 283 283 283 283 283 283 
01:40:49 283 283 283 283 283 283 283 283 
01:41:49 283 283 283 283 283 283 283 283 
01:42:49 283 283 283 283 283 283 283 283 
01:43:49 283 283 283 283 283 283 283 283 
01:44:49 283 283 283 283 283 283 283 283 
01:45:49 283 283 283 283 283 283 283 283 
01:46:49 283 283 283 283 283 283 283 283 
01:47:49 283 283 283 283 283 283 283 283 
01:48:49 283 283 283 283 283 283 283 283 
01:49:50 283 283 283 283 283 283 283 283 
01:50:50 283 283 283 283 283 283 283 283 
01:51:50 283 283 283 283 283 283 283 283 
01:52:50 283 283 283 283 283 283 283 283 
01:53:50 283 283 283 283 283 283 283 283 
01:54:50 283 283 283 283 283 283 283 283 
01:55:50 283 283 283 283 283 283 283 283 
01:56:50 283 283 283 283 283 283 283 283 
01:57:50 283 283 283 283 283 283 283 283 
01:58:50 283 283 283 283 283 283 283 283 
01:59:50 283 283 283 283 283 283 283 283 
02:00:50 283 283 283 283 283 283 283 283 
02:01:50 283 283 283 283 283 283 283 283 
02:02:50 283 283 283 283 283 283 283 283 
02:03:51 283 283 283 283 283 283 283 283 
02:04:51 283 283 283 283 283 283 283 283 
02:05:51 283 283 283 283 283 283 283 283 
02:06:51 283 283 283 283 283 283 283 283 
02:07:51 283 283 283 283 283 283 283 283 
02:08:51 283 283 283 283 283 283 283 283 
02:09:51 283 283 283 283 283 283 283 283 
02:10:51 283 283 283 283 283 283 283 283 
02:11:51 283 283 283 283 283 283 283 283 
02:12:51 283 283 283 283 283 283 283 283 
02:13:51 283 283 283 283 283 283 283 283 
02:14:51 283 283 283 283 283 283 283 283 
02:15:51 283 283 283 283 283 283 283 283 
02:16:52 283 283 283 283 283 283 283 283 
02:17:52 283 283 283 283 283 283 283 283 
02:18:52 283 283 283 283 283 283 283 283 
02:19:52 283 283 283 283 283 283 283 283 
02:20:52 283 283 283 283 283 283 283 283 
02:21:52 283 283 283 283 283 283 283 283 
02:22:52 283 283 283 283 283 283 283 283 
02:23:52 283 283 283 283 283 283 283 283 
02:24:52 283 283 283 283 283 283 283 283 
02:25:52 283 283 283 283 283 283 283 283 
02:26:52 283 283 283 283 283 283 283 283 
02:27:52 283 283 283 283 283 283 283 283 
02:28:52 283 283 283 283 283 283 283 283 
02:29:52 283 283 283 283 283 283 283 283 
02:30:53 283 283 283 283 283 283 283 283 
02:31:53 283 283 283 283 283 283 283 283 
02:32:53 283 283 283 283 283 283 283 283 
02:33:53 283 283 283 283 283 283 283 283 
02:34:53 283 283 283 283 283 283 283 283 
02:35:53 283 283 283 283 283 283 283 283 
02:36:53 283 283 283 283 283 283 283 283 
02:37:53 283 283 283 283 283 283 283 283 
02:38:53 283 283 283 283 283 283 283 283 
02:39:53 283 283 283 283 283 283 283 283 
02:40:53 283 283 283 283 283 283 283 283 
02:41:53 283 283 283 283 283 283 283 283 
02:42:53 283 283 283 283 283 283 283 283 
02:43:54 283 283 283 283 283 283 283 283 
02:44:54 283 283 283 283 283 283 283 283 
02:45:54 283 283 283 283 283 283 283 283 
02:46:54 283 283 283 283 283 283 283 283 
02:47:54 283 283 283 283 283 283 283 283 
02:48:54 283 283 283 283 283 283 283 283 
02:49:54 283 283 283 283 283 283 283 283 
02:50:54 283 283 283 283 283 283 283 283 
02:51:54 283 283 283 283 283 283 283 283 
02:52:54 283 283 283 283 283 283 283 283 
02:53:54 283 283 283 283 283 283 283 283 
02:54:54 283 283 283 283 283 283 283 283 
02:55:54 283 283 283 283 283 283 283 283 
02:56:54 283 283 283 283 283 283 283 283 
02:57:55 283 283 283 283 283 283 283 283 
02:58:55 283 283 283 283 283 283 283 283 
02:59:55 283 283 283 283 283 283 283 283 
03:00:55 283 283 283 283 283 283 283 283 
03:01:55 283 283 283 283 283 283 283 283 
03:02:55 283 283 283 283 283 283 283 283 
03:03:55 283 283 283 283 283 283 283 283 
03:04:55 283 283 283 283 283 283 283 283 
03:05:55 2096 284 284 284 284 284 284 284 
03:06:55 284 284 284 284 284 284 284 284 
03:07:55 283 283 283 283 283 283 283 283 
03:08:55 283 283 283 283 283 283 283 283 
03:09:55 284 284 284 284 284 284 284 284 
03:10:56 93096 93097 93096 93096 93096 93097 93096 93097 
03:11:56 93096 93097 93096 93096 93096 93096 93096 93096 
03:12:56 95845 96289 96293 96289 96229 96165 96169 96157 
03:13:56 94456 94456 94456 94456 94456 94456 94456 94456 
03:14:56 94456 94456 94456 94456 94456 94456 94456 94456 
03:15:56 94457 94457 94601 94457 94457 94457 94457 94457 
03:16:56 93096 93096 93096 93096 93096 93096 93096 93096 
03:17:56 93096 93096 93096 93096 93096 93096 93096 93096 
03:18:56 93096 93096 93096 93096 93096 93096 93096 93096 
03:19:56 284 284 284 284 284 284 284 284 
03:20:56 94457 94457 94457 94457 94457 94457 94457 94457 
03:21:56 94457 94457 94457 94457 94457 94457 94457 94457 
03:22:56 97879 98303 98321 98309 98259 98159 98177 98163 
03:23:57 283 283 283 283 283 283 283 283 
03:24:57 283 283 283 283 283 283 283 283 
03:25:57 283 283 283 283 283 283 283 283 
03:26:57 283 283 283 283 283 283 283 283 
03:27:57 283 283 283 283 283 283 283 283 
03:28:57 283 283 283 283 283 283 283 283 
03:29:57 283 283 283 283 283 283 283 283 
03:30:57 283 283 283 283 283 283 283 283 
03:31:57 283 283 283 283 283 283 283 283 
03:32:57 283 283 283 283 283 283 283 283 
03:33:57 283 283 283 283 283 283 283 283 
03:34:57 283 283 283 283 283 283 283 283 
03:35:57 283 283 283 283 283 283 283 283 
03:36:57 283 283 283 283 283 283 283 283 
03:37:58 283 283 283 283 283 283 283 283 
03:38:58 283 283 283 283 283 283 283 283 
03:39:58 283 283 283 283 283 283 283 283 
03:40:58 283 283 283 283 283 283 283 283 
03:41:58 283 283 283 283 283 283 283 283 
03:42:58 283 283 283 283 283 283 283 283 
03:43:58 283 283 283 283 283 283 283 283 
03:44:58 283 283 283 283 283 283 283 283 
03:45:58 283 283 283 283 283 283 283 283 
03:46:58 283 283 283 283 283 283 283 283 
03:47:58 484 284 284 284 284 284 284 284 
03:48:58 284 284 284 284 284 284 284 284 
03:49:58 93097 93097 93097 93097 93097 93097 93097 93097 
03:50:59 93097 93097 93097 93097 93097 93097 93097 93097 
03:51:59 93924 93924 93924 93924 93777 93924 93924 93924 
03:52:59 94456 94456 94456 94456 94456 94456 94456 94456 
03:53:59 94456 94456 94456 94456 94456 94456 94456 94456 
03:54:59 94458 94458 94458 95135 94458 94511 94458 94458 
03:55:59 91552 91552 91552 91552 91552 91552 91552 91552 
03:56:59 93096 93096 93096 93096 93096 93096 93096 93096 
03:57:59 93096 93096 93096 93096 93096 93096 93096 93096 
03:58:59 93604 93608 93620 93608 93604 93612 93614 93612 
03:59:59 94457 94457 94457 94457 94457 94456 94457 94457 
04:00:59 94457 94457 94457 94457 94457 94457 94457 94457 
04:01:59 95294 95294 95294 95294 95294 95294 95146 95294 
04:02:59 283 283 283 283 283 283 283 283 
04:04:00 283 283 283 283 283 283 283 283 
04:05:00 283 283 283 283 283 283 283 283 
04:06:00 283 283 283 283 283 283 283 283 
04:07:00 283 283 283 283 283 283 283 283 
04:08:00 283 283 283 283 283 283 283 283 
04:09:00 283 283 283 283 283 283 283 283 
04:10:00 283 283 283 283 283 283 283 283 
04:11:00 283 283 283 283 283 283 283 283 
04:12:00 283 283 283 283 283 283 283 283 
04:13:00 283 283 283 283 283 283 283 283 
04:14:00 283 283 283 283 283 283 283 283 
04:15:00 283 283 283 283 283 283 283 283 
04:16:00 283 283 283 283 283 283 283 283 
04:17:00 283 283 283 283 283 283 283 283 
04:18:01 283 283 283 283 283 283 283 283 
04:19:01 283 283 283 283 283 283 283 283 
04:20:01 283 283 283 283 283 283 283 283 
04:21:01 283 283 283 283 283 283 283 283 
04:22:01 283 283 283 283 283 283 283 283 
04:23:01 283 283 283 283 283 283 283 283 
04:24:01 283 283 283 283 283 283 283 283 
04:25:01 283 283 283 283 283 283 283 283 
04:26:01 283 283 283 283 283 283 283 283 
04:27:01 283 283 283 283 283 283 283 283 
04:28:01 283 283 283 283 283 283 283 283 
04:29:01 283 283 283 283 283 283 283 283 
04:30:01 283 283 283 283 283 283 283 283 
04:31:02 283 283 283 283 283 283 283 283 
04:32:02 283 283 283 283 283 283 283 283 
04:33:02 283 283 283 283 283 283 283 283 
04:34:02 283 283 283 283 283 283 283 283 
04:35:02 283 283 283 283 283 283 283 283 
04:36:02 283 283 283 283 283 283 283 283 
04:37:02 283 283 283 283 283 283 283 283 
04:38:02 283 283 283 283 283 283 283 283 
04:39:02 283 283 283 283 283 283 283 283 
04:40:02 283 283 283 283 283 283 283 283 
04:41:02 283 283 283 283 283 283 283 283 
04:42:02 283 283 283 283 283 283 283 283 
04:43:02 283 283 283 283 283 283 283 283 
04:44:02 283 283 283 283 283 283 283 283 
04:45:02 283 283 283 283 283 283 283 283 
04:46:03 283 283 283 283 283 283 283 283 
04:47:03 283 283 283 283 283 283 283 283 
04:48:03 283 283 283 283 283 283 283 283 
04:49:03 283 283 283 283 283 283 283 283 
04:50:03 283 283 283 283 283 283 283 283 
04:51:03 283 283 283 283 283 283 283 283 
04:52:03 283 283 283 283 283 283 283 283 
04:53:03 283 283 283 283 283 283 283 283 
04:54:03 283 283 283 283 283 283 283 283 
04:55:03 283 283 283 283 283 283 283 283 
04:56:03 283 283 283 283 283 283 283 283 
04:57:03 283 283 283 283 283 283 283 283 
04:58:03 283 283 283 283 283 283 283 283 
04:59:03 283 283 283 283 283 283 283 283 
05:00:04 283 283 283 283 283 283 283 283 
05:01:04 283 283 283 283 283 283 283 283 
05:02:04 283 283 283 283 283 283 283 283 
05:03:04 283 283 283 283 283 283 283 283 
05:04:04 283 283 283 283 283 283 283 283 
05:05:04 283 283 283 283 283 283 283 283 
05:06:04 283 283 283 283 283 283 283 283 
05:07:04 283 283 283 283 283 283 283 283 
05:08:04 283 283 283 283 283 283 283 283 
05:09:04 283 283 283 283 283 283 283 283 
05:10:04 283 283 283 283 283 283 283 283 
05:11:04 283 283 283 283 283 283 283 283 
05:12:04 283 283 283 283 283 283 283 283 
05:13:04 283 283 283 283 283 283 283 283 
05:14:04 283 283 283 283 283 283 283 283 
05:15:05 283 283 283 283 283 283 283 283 
05:16:05 283 283 283 283 283 283 283 283 
05:17:05 283 283 283 283 283 283 283 283 
05:18:05 283 283 283 283 283 283 283 283 
05:19:05 283 283 283 283 283 283 283 283 
05:20:05 283 283 283 283 283 283 283 283 
05:21:05 283 283 283 283 283 283 283 283 
05:22:05 283 283 283 283 283 283 283 283 
05:23:05 283 283 283 283 283 283 283 283 
05:24:05 283 283 283 283 283 283 283 283 
05:25:05 283 283 283 283 283 283 283 283 
05:26:05 283 283 283 283 283 283 283 283 
05:27:05 283 283 283 283 283 283 283 283 
05:28:05 283 283 283 283 283 283 283 283 
05:29:06 283 283 283 283 283 283 283 283 
05:30:06 283 283 283 283 283 283 283 283 
05:31:06 283 283 283 283 283 283 283 283 
05:32:06 283 283 283 283 283 283 283 283 
05:33:06 283 283 283 283 283 283 283 283 
05:34:06 283 283 283 283 283 283 283 283 
05:35:06 283 283 283 283 283 283 283 283 
05:36:06 283 283 283 283 283 283 283 283 
05:37:06 283 283 283 283 283 283 283 283 
05:38:06 283 283 283 283 283 283 283 283 
05:39:06 283 283 283 283 283 283 283 283 
05:40:06 283 283 283 283 283 283 283 283 
05:41:06 283 283 283 283 283 283 283 283 
05:42:06 283 283 283 283 283 283 283 283 
05:43:07 283 283 283 283 283 283 283 283 
05:44:07 283 283 283 283 283 283 283 283 
05:45:07 283 283 283 283 283 283 283 283 
05:46:07 283 283 283 283 283 283 283 283 
05:47:07 283 283 283 283 283 283 283 283 
05:48:07 283 283 283 283 283 283 283 283 
05:49:07 283 283 283 283 283 283 283 283 
05:50:07 283 283 283 283 283 283 283 283 
05:51:07 283 283 283 283 283 283 283 283 
05:52:07 283 283 283 283 283 283 283 283 
05:53:07 283 283 283 283 283 283 283 283 
05:54:07 283 283 283 283 283 283 283 283 
05:55:07 283 283 283 283 283 283 283 283 
05:56:07 283 283 283 283 283 283 283 283 
05:57:08 283 283 283 283 283 283 283 283 
05:58:08 283 283 283 283 283 283 283 283 
05:59:08 283 283 283 283 283 283 283 283 
06:00:08 283 283 283 283 283 283 283 283 
06:01:08 283 283 283 283 283 283 283 283 
06:02:08 283 283 283 283 283 283 283 283 
06:03:08 283 283 283 283 283 283 283 283 
06:04:08 283 283 283 283 283 283 283 283 
06:05:08 283 283 283 283 283 283 283 283 
06:06:08 283 283 283 283 283 283 283 283 
06:07:08 283 283 283 283 283 283 283 283 
06:08:08 283 283 283 283 283 283 283 283 
06:09:08 283 283 283 283 283 283 283 283 
06:10:08 283 283 283 283 283 283 283 283 
06:11:09 283 283 283 283 283 283 283 283 
06:12:09 283 283 283 283 283 283 283 283 
06:13:09 283 283 283 283 283 283 283 283 
06:14:09 283 283 283 283 283 283 283 283 
06:15:09 283 283 283 283 283 283 283 283 
06:16:09 283 283 283 283 283 283 283 283 
06:17:09 283 283 283 283 283 283 283 283 
06:18:09 283 283 283 283 283 283 283 283 
06:19:09 283 283 283 283 283 283 283 283 
06:20:09 283 283 283 283 283 283 283 283 
06:21:09 283 283 283 283 283 283 283 283 
06:22:09 283 283 283 283 283 283 283 283 
06:23:09 283 283 283 283 283 283 283 283 
06:24:09 283 283 283 283 283 283 283 283 
06:25:10 283 283 283 283 283 283 283 283 
06:26:10 283 283 283 283 283 283 283 283 
06:27:10 283 283 283 283 283 283 283 283 
06:28:10 283 283 283 283 283 283 283 283 
06:29:10 283 283 283 283 283 283 283 283 
06:30:10 283 283 283 283 283 283 283 283 
06:31:10 283 283 283 283 283 283 283 283 
06:32:10 283 283 283 283 283 283 283 283 
06:33:10 283 283 283 283 283 283 283 283 
06:34:10 283 283 283 283 283 283 283 283 
06:35:10 283 283 283 283 283 283 283 283 
06:36:10 283 283 283 283 283 283 283 283 
06:37:10 283 283 283 283 283 283 283 283 
06:38:10 283 283 283 283 283 283 283 283 
06:39:11 283 283 283 283 283 283 283 283 
06:40:11 283 283 283 283 283 283 283 283 
06:41:11 283 283 283 283 283 283 283 283 
06:42:11 283 283 283 283 283 283 283 283 
06:43:11 283 283 283 283 283 283 283 283 
06:44:11 283 283 283 283 283 283 283 283 
06:45:11 283 283 283 283 283 283 283 283 
06:46:11 283 283 283 283 283 283 283 283 
06:47:11 283 283 283 283 283 283 283 283 
06:48:11 283 283 283 283 283 283 283 283 
06:49:11 283 283 283 283 283 283 283 283 
06:50:11 283 283 283 283 283 283 283 283 
06:51:11 283 283 283 283 283 283 283 283 
06:52:11 283 283 283 283 283 283 283 283 
06:53:12 283 283 283 283 283 283 283 283 
06:54:12 283 283 283 283 283 283 283 283 
06:55:12 283 283 283 283 283 283 283 283 
06:56:12 283 283 283 283 283 283 283 283 
06:57:12 283 283 283 283 283 283 283 283 
06:58:12 283 283 283 283 283 283 283 283 
06:59:12 283 283 283 283 283 283 283 283 
07:00:12 283 283 283 283 283 283 283 283 
07:01:12 283 283 283 283 283 283 283 283 
07:02:12 283 283 283 283 283 283 283 283 
07:03:12 283 283 283 283 283 283 283 283 
07:04:12 283 283 283 283 283 283 283 283 
07:05:12 283 283 283 283 283 283 283 283 
07:06:12 283 283 283 283 283 283 283 283 
07:07:13 283 283 283 283 283 283 283 283 
07:08:13 283 283 283 283 283 283 283 283 
07:09:13 283 283 283 283 283 283 283 283 
07:10:13 283 283 283 283 283 283 283 283 
07:11:13 283 283 283 283 283 283 283 283 
07:12:13 283 283 283 283 283 283 283 283 
07:13:13 283 283 283 283 283 283 283 283 
07:14:13 283 283 283 283 283 283 283 283 
07:15:13 283 283 283 283 283 283 283 283 
07:16:13 283 283 283 283 283 283 283 283 
07:17:13 283 283 283 283 283 283 283 283 
07:18:13 283 283 283 283 283 283 283 283 
07:19:13 283 283 283 283 283 283 283 283 
07:20:13 283 283 283 283 283 283 283 283 
07:21:14 283 283 283 283 283 283 283 283 
07:22:14 283 283 283 283 283 283 283 283 
07:23:14 283 283 283 283 283 283 283 283 
07:24:14 283 283 283 283 283 283 283 283 
07:25:14 283 283 283 283 283 283 283 283 
07:26:14 283 283 283 283 283 283 283 283 
07:27:14 283 283 283 283 283 283 283 283 
07:28:14 283 283 283 283 283 283 283 283 
07:29:14 283 283 283 283 283 283 283 283 
07:30:14 283 283 283 283 283 283 283 283 
07:31:14 283 283 283 283 283 283 283 283 
07:32:14 283 283 283 283 283 283 283 283 
07:33:14 283 283 283 283 283 283 283 283 
07:34:14 283 283 283 283 283 283 283 283 
07:35:15 283 283 283 283 283 283 283 283 
07:36:15 283 283 283 283 283 283 283 283 
07:37:15 283 283 283 283 283 283 283 283 
07:38:15 283 283 283 283 283 283 283 283 
07:39:15 283 283 283 283 283 283 283 283 
07:40:15 283 283 283 283 283 283 283 283 
07:41:15 283 283 283 283 283 283 283 283 
07:42:15 283 283 283 283 283 283 283 283 
07:43:15 283 283 283 283 283 283 283 283 
07:44:15 283 283 283 283 283 283 283 283 
07:45:15 283 283 283 283 283 283 283 283 
07:46:15 283 283 283 283 283 283 283 283 
07:47:15 283 283 283 283 283 283 283 283 
07:48:15 283 283 283 283 283 283 283 283 
07:49:16 283 283 283 283 283 283 283 283 
07:50:16 283 283 283 283 283 283 283 283 
07:51:16 283 283 283 283 283 283 283 283 
07:52:16 283 283 283 283 283 283 283 283 
07:53:16 283 283 283 283 283 283 283 283 
07:54:16 283 283 283 283 283 283 283 283 
07:55:16 283 283 283 283 283 283 283 283 
07:56:16 283 283 283 283 283 283 283 283 
07:57:16 283 283 283 283 283 283 283 283 
07:58:16 283 283 283 283 283 283 283 283 
07:59:16 283 283 283 283 283 283 283 283 
08:00:16 283 283 283 283 283 283 283 283 
08:01:16 283 283 283 283 283 283 283 283 
08:02:16 283 283 283 283 283 283 283 283 
08:03:16 283 283 283 283 283 283 283 283 
08:04:17 283 283 283 283 283 283 283 283 
08:05:17 283 283 283 283 283 283 283 283 
08:06:17 283 283 283 283 283 283 283 283 
08:07:17 283 283 283 283 283 283 283 283 
08:08:17 283 283 283 283 283 283 283 283 
08:09:17 283 283 283 283 283 283 283 283 
08:10:17 283 283 283 283 283 283 283 283 
08:11:17 283 283 283 283 283 283 283 283 
08:12:17 283 283 283 283 283 283 283 283 
08:13:17 283 283 283 283 283 283 283 283 
08:14:17 283 283 283 283 283 283 283 283 
08:15:17 283 283 283 283 283 283 283 283 
08:16:17 283 283 283 283 283 283 283 283 
08:17:17 283 283 283 283 283 283 283 283 
08:18:18 283 283 283 283 283 283 283 283 
08:19:18 283 283 283 283 283 283 283 283 
08:20:18 283 283 283 283 283 283 283 283 
08:21:18 283 283 283 283 283 283 283 283 
08:22:18 283 283 283 283 283 283 283 283 
08:23:18 283 283 283 283 283 283 283 283 
08:24:18 283 283 283 283 283 283 283 283 
08:25:18 283 283 283 283 283 283 283 283 
08:26:18 283 283 283 283 283 283 283 283 
08:27:18 283 283 283 283 283 283 283 283 
08:28:18 283 283 283 283 283 283 283 283 
08:29:18 283 283 283 283 283 283 283 283 
08:30:18 283 283 283 283 283 283 283 283 
08:31:18 283 283 283 283 283 283 283 283 
08:32:18 283 283 283 283 283 283 283 283 
08:33:19 283 283 283 283 283 283 283 283 
08:34:19 283 283 283 283 283 283 283 283 
08:35:19 283 283 283 283 283 283 283 283 
08:36:19 283 283 283 283 283 283 283 283 
08:37:19 283 283 283 283 283 283 283 283 
08:38:19 283 283 283 283 283 283 283 283 
08:39:19 283 283 283 283 283 283 283 283 
08:40:19 283 283 283 283 283 283 283 283 
08:41:19 283 283 283 283 283 283 283 283 
08:42:19 283 283 283 283 283 283 283 283 
08:43:19 283 283 283 283 283 283 283 283 
08:44:19 283 283 283 283 283 283 283 283 
08:45:19 283 283 283 283 283 283 283 283 
08:46:19 283 283 283 283 283 283 283 283 
08:47:20 283 283 283 283 283 283 283 283 
08:48:20 283 283 283 283 283 283 283 283 
08:49:20 283 283 283 283 283 283 283 283 
08:50:20 283 283 283 283 283 283 283 283 
08:51:20 283 283 283 283 283 283 283 283 
08:52:20 283 283 283 283 283 283 283 283 
08:53:20 283 283 283 283 283 283 283 283 
08:54:20 283 283 283 283 283 283 283 283 
08:55:20 283 283 283 283 283 283 283 283 
08:56:20 283 283 283 283 283 283 283 283 
08:57:20 283 283 283 283 283 283 283 283 
08:58:20 283 283 283 283 283 283 283 283 
08:59:20 283 283 283 283 283 283 283 283 
09:00:20 283 283 283 283 283 283 283 283 
09:01:21 283 283 283 283 283 283 283 283 
09:02:21 283 283 283 283 283 283 283 283 
09:03:21 283 283 283 283 283 283 283 283 
09:04:21 283 283 283 283 283 283 283 283 
09:05:21 283 283 283 283 283 283 283 283 
09:06:21 283 283 283 283 283 283 283 283 
09:07:21 283 283 283 283 283 283 283 283 
09:08:21 283 283 283 283 283 283 283 283 
09:09:21 283 283 283 283 283 283 283 283 
09:10:21 283 283 283 283 283 283 283 283 
09:11:21 283 283 283 283 283 283 283 283 
09:12:21 283 283 283 283 283 283 283 283 
09:13:21 283 283 283 283 283 283 283 283 
09:14:21 283 283 283 283 283 283 283 283 
09:15:21 283 283 283 283 283 283 283 283 
09:16:22 283 283 283 283 283 283 283 283 
09:17:22 283 283 283 283 283 283 283 283 
09:18:22 283 283 283 283 283 283 283 283 
09:19:22 283 283 283 283 283 283 283 283 
09:20:22 283 283 283 283 283 283 283 283 
09:21:22 283 283 283 283 283 283 283 283 
09:22:22 283 283 283 283 283 283 283 283 
09:23:22 283 283 283 283 283 283 283 283 
09:24:22 283 283 283 283 283 283 283 283 
09:25:22 283 283 283 283 283 283 283 283 
09:26:22 283 283 283 283 283 283 283 283 
09:27:22 283 283 283 283 283 283 283 283 
09:28:22 283 283 283 283 283 283 283 283 
09:29:22 283 283 283 283 283 283 283 283 
09:30:22 283 283 283 283 283 283 283 283 
09:31:23 283 283 283 283 283 283 283 283 
09:32:23 283 283 283 283 283 283 283 283 
09:33:23 283 283 283 283 283 283 283 283 
09:34:23 283 283 283 283 283 283 283 283 
09:35:23 283 283 283 283 283 283 283 283 
09:36:23 283 283 283 283 283 283 283 283 
09:37:23 283 283 283 283 283 283 283 283 
09:38:23 283 283 283 283 283 283 283 283 
09:39:23 283 283 283 283 283 283 283 283 
09:40:23 283 283 283 283 283 283 283 283 
09:41:23 283 283 283 283 283 283 283 283 
09:42:23 283 283 283 283 283 283 283 283 
09:43:23 283 283 283 283 283 283 283 283 
09:44:23 283 283 283 283 283 283 283 283 
09:45:24 283 283 283 283 283 283 283 283 
09:46:24 283 283 283 283 283 283 283 283 
09:47:24 283 283 283 283 283 283 283 283 
09:48:24 283 283 283 283 283 283 283 283 
09:49:24 283 283 283 283 283 283 283 283 
09:50:24 283 283 283 283 283 283 283 283 
09:51:24 283 283 283 283 283 283 283 283 
09:52:24 283 283 283 283 283 283 283 283 
09:53:24 283 283 283 283 283 283 283 283 
09:54:24 283 283 283 283 283 283 283 283 
09:55:24 283 283 283 283 283 283 283 283 
09:56:24 283 283 283 283 283 283 283 283 
09:57:24 283 283 283 283 283 283 283 283 
09:58:24 283 283 283 283 283 283 283 283 
09:59:24 283 283 283 283 283 283 283 283 
10:00:25 283 283 283 283 283 283 283 283 
10:01:25 283 283 283 283 283 283 283 283 
10:02:25 283 283 283 283 283 283 283 283 
10:03:25 283 283 283 283 283 283 283 283 
10:04:25 283 283 283 283 283 283 283 283 
10:05:25 283 283 283 283 283 283 283 283 
10:06:25 283 283 283 283 283 283 283 283 
10:07:25 283 283 283 283 283 283 283 283 
10:08:25 283 283 283 283 283 283 283 283 
10:09:25 283 283 283 283 283 283 283 283 
10:10:25 283 283 283 283 283 283 283 283 
10:11:25 283 283 283 283 283 283 283 283 
10:12:25 283 283 283 283 283 283 283 283 
10:13:25 283 283 283 283 283 283 283 283 
10:14:26 283 283 283 283 283 283 283 283 
10:15:26 283 283 283 283 283 283 283 283 
10:16:26 283 283 283 283 283 283 283 283 
10:17:26 283 283 283 283 283 283 283 283 
10:18:26 283 283 283 283 283 283 283 283 
10:19:26 283 283 283 283 283 283 283 283 
10:20:26 283 283 283 283 283 283 283 283 
10:21:26 283 283 283 283 283 283 283 283 
10:22:26 283 283 283 283 283 283 283 283 
10:23:26 283 283 283 283 283 283 283 283 
10:24:26 283 283 283 283 283 283 283 283 
10:25:26 283 283 283 283 283 283 283 283 
10:26:26 283 283 283 283 283 283 283 283 
10:27:26 283 283 283 283 283 283 283 283 
10:28:27 283 283 283 283 283 283 283 283 
10:29:27 283 283 283 283 283 283 283 283 
10:30:27 283 283 283 283 283 283 283 283 
10:31:27 283 283 283 283 283 283 283 283 
10:32:27 283 283 283 283 283 283 283 283 
10:33:27 283 283 283 283 283 283 283 283 
