request_index,success,input_tokens,output_tokens,start_time_monotonic_s,e2e_ms,ttft_ms,tpot_ms,decode_tokens_s,e2e_tokens_s,pass_70,pass_80,itl_p50_ms,itl_p90_ms,itl_p99_ms,raw_chunk_gap_p90_ms,raw_chunk_gap_p99_ms,itl_samples
0,True,10000,500,3897778.705463889,5952.802253887057,47.733018174767494,11.833806083591762,84.5036662706985,83.99405501392395,True,True,10.686197085306048,14.20092231904467,14.44914709155758,42.91765606030822,43.92325079999864,499
1,True,10000,500,3897778.706198601,5996.429573744535,70.0782691128552,11.876455520303967,84.20020588553561,83.38295211358074,True,True,10.702521773055196,14.199929622312387,14.969766954891384,42.93187167495489,44.06947223469615,499
2,True,10000,500,3897778.706679747,5996.256525162607,69.6999509818852,11.876866882125695,84.1972895650593,83.38535849855772,True,True,10.694792028516531,14.208136281619469,14.971231925301254,42.93750207871199,44.04844810254872,499
3,True,10000,500,3897778.707082233,5995.66685128957,69.21897595748305,11.876649048761697,84.19883385408814,83.3935594490975,True,True,10.69224439561367,14.205596409738064,14.971529715694487,42.91734220460057,44.04995967634022,499
4,True,10000,500,3897778.707458309,5995.572172105312,68.93630931153893,11.877025777141831,84.19616314419137,83.39487635997011,True,True,10.699781938455999,14.205003312478462,14.972802251577377,42.954273987561464,44.057498862966895,499
5,True,10000,500,3897778.707821295,5995.281384792179,68.58758302405477,11.87714188731087,84.19534004795932,83.39892123634361,True,True,10.704729589633644,14.205506381889185,14.97432729229331,42.96762906014919,44.08209945075214,499
6,True,10000,500,3897778.708185962,5994.1060659475625,68.04066803306341,11.875882560950899,84.20426817692699,83.41527402067398,True,True,10.684514534659684,14.218142877022425,14.963052235543728,42.91624594479799,44.21618644148111,499
7,True,10000,500,3897778.708539138,5994.757310021669,67.87660997360945,11.877516432962043,84.19268503176616,83.40621215209673,True,True,10.704874293878675,14.20635636895895,14.975279686041176,42.967106215655804,44.19186731800437,499
8,True,10000,500,3897778.709232651,5993.438153993338,67.05306796357036,11.87652321849653,84.19972593011036,83.42456986343598,True,True,10.691734147258103,14.195719578613838,14.970259740948677,42.92105585336685,44.0617832634598,499
9,True,10000,500,3897778.709589798,5992.983938194811,66.67649187147617,11.876367627902475,84.2008290186798,83.43089271662699,True,True,10.684649460017681,14.209909675021967,14.957022154703736,42.916306015104055,44.36285279691219,499
10,True,10000,500,3897778.709936155,5993.131096009165,66.46576290950179,11.877084835871068,84.19574447930259,83.42884412005449,True,True,10.704734595492482,14.203826741625866,14.973529730923474,42.967470828443766,44.07012070529163,499
11,True,10000,500,3897778.710286901,5992.423833347857,66.00672798231244,11.876587385502093,84.1992710145604,83.4386909045883,True,True,10.691904230043292,14.198676372567812,14.970904681831598,42.909171897917986,44.05630976893008,499
12,True,10000,500,3897778.710631048,5992.156475316733,65.71455113589764,11.876637122606885,84.1989184039752,83.44241377200869,True,True,10.692644165828824,14.205729588866234,14.962844783440232,42.92516792193055,44.055494014173746,499
13,True,10000,500,3897778.711122853,5991.851328872144,65.26479497551918,11.876926921636523,84.19686393609719,83.44666323590438,True,True,10.69866947364062,14.204912974188725,14.971922268159688,42.93981213122606,44.04174900613725,499
14,True,10000,500,3897778.711474829,5991.350234020501,64.8801401257515,11.876693574939377,84.1985181894452,83.45364241283463,True,True,10.693394462577999,14.2059032805264,14.96294722892344,42.929414100944996,44.04971983283758,499
15,True,10000,500,3897778.711817386,5991.044906899333,64.54595271497965,11.876751411191089,84.19810816767045,83.45789553742055,True,True,10.693787015043199,14.203456540902456,14.963414752855897,42.93122095987201,44.04353770427406,499
16,True,10000,500,3897778.712164783,5990.734628867358,64.20578621327877,11.876811307924006,84.19768354262031,83.46221807099688,True,True,10.713686817325652,14.224229690929254,15.034828917123377,42.9764443077147,43.93809361383319,499
17,True,10000,500,3897778.712503449,5992.083876859397,64.0353080816567,11.879856851257996,84.17609845981492,83.44342473758273,True,True,10.713599273003638,14.228019708146652,14.978379476815462,42.976503632962704,44.81981691904367,499
18,True,10000,500,3897778.712870096,5991.584991104901,63.645641319453716,11.879637975521938,84.17764935770819,83.45037260462789,True,True,10.71423152461648,14.224229535708824,14.976717298850417,42.97174997627735,44.77969080209733,499
19,True,10000,500,3897778.713219192,5991.198624949902,63.28900530934334,11.879578396073265,84.17807153244975,83.45575423218104,True,True,10.71264676284045,14.22183308750391,14.97624977491796,42.97124715521932,44.76724871434272,499
20,True,10000,500,3897778.713557879,5990.778008941561,62.9343381151557,11.879446234121053,84.17900803555334,83.46161370922489,True,True,10.7125339563936,14.221936309089264,14.975287253037095,42.96770794317126,44.73856447264553,499
21,True,10000,500,3897778.713893165,5990.485973190516,62.60732188820839,11.879516335275166,84.17851129431835,83.46568245676092,True,True,10.7124816859141,14.221886328111092,14.975784695707262,42.972007021307945,44.75433521904052,499
22,True,10000,500,3897778.714233682,5990.4973320662975,62.335525173693895,11.880083781347903,84.1744905511551,83.46552419338703,True,True,10.713896714150906,14.22563303882877,14.980437001213431,42.97692747786641,44.874115288257606,499
23,True,10000,500,3897778.714568859,5990.090826060623,61.98428804054856,11.879973022084318,84.17527532605052,83.47118842083142,True,True,10.713869240134954,14.227022727330526,14.979589497670531,42.9765397682786,44.844746626913555,499
24,True,10000,500,3897778.714938525,5989.552741870284,61.58449174836278,11.879695892027899,84.17723897049162,83.47868723230762,True,True,10.712054325267673,14.228705937663713,14.977179700508714,42.971012368798256,44.79203746654094,499
25,True,10000,500,3897778.715280502,5994.870728813112,61.30335386842489,11.890916583055485,84.09780633942017,83.40463416447881,True,True,10.713619296438992,14.223383118708929,14.984037261456251,42.97517389059067,48.20147166028622,499
26,True,10000,500,3897778.715618018,5989.005216863006,60.92772912234068,11.879914805091515,84.17568782323407,83.48631899537668,True,True,10.713486699387431,14.227496304859718,14.97900951653719,42.97677781432867,44.83258897438646,499
27,True,10000,500,3897778.715959175,5988.736200146377,60.6019520200789,11.880028553359315,84.17488186231927,83.49006923827751,True,True,10.713841766119003,14.226569328457117,14.979972038418055,42.97705153003335,44.86208059825004,499
28,True,10000,500,3897778.716310802,5987.970977090299,60.17264490947127,11.87935537511188,84.1796518769927,83.50073871649963,True,True,10.71737427264452,14.206029629955689,14.974987250752747,42.96138109639287,44.71428546123207,499
29,True,10000,500,3897778.716683308,5993.4091828763485,59.89325884729624,11.890813475008121,84.09853557132827,83.42497312356716,True,True,10.71378926280886,14.224736330409845,14.980829553678632,42.97663690522313,48.183918856084375,499
30,True,10000,500,3897778.717026734,5987.523922231048,59.50443306937814,11.879798575474288,84.17651138163983,83.5069732487502,True,True,10.713604278862476,14.228546215842167,14.977672253735363,42.98077570274472,44.80661183595658,499
31,True,10000,500,3897778.717363881,6030.887794215232,71.37050619348884,11.942920416877241,83.73161380082892,82.90653334316633,True,True,10.714029311202466,14.229389683653912,21.859759697690606,42.97903776168823,44.80304546654225,499
32,True,10000,500,3897784.65956769,6022.524865809828,51.05931591242552,11.966864829453712,83.56407582533461,83.02165804885668,True,True,10.686244582757354,14.180990091214577,16.383621376007795,42.91588901542127,46.9733249070122,499
33,True,10000,500,3897784.703598135,6023.528246674687,70.01155894249678,11.93089516579597,83.81600760912268,83.00782855563548,True,True,10.686059482395649,14.177396738280853,14.95861898486813,42.951922956854105,44.377274070866385,499
34,True,10000,500,3897784.704816374,6022.269927896559,68.78529023379087,11.930830937199937,83.81645882534744,83.02517256556092,True,True,10.686327004805207,14.178059995174408,14.953689028819403,42.93770068325102,44.36269850004462,499
35,True,10000,500,3897784.70521342,6022.066969890147,68.42381367459893,11.931148609650398,83.81422717265959,83.02797071171078,True,True,10.685691959224641,14.182586688548326,14.981012015293041,42.963706189766526,44.43319419864563,499
36,True,10000,500,3897784.705573816,6021.591125056148,68.04281799122691,11.930958531192227,83.81556246177588,83.03453183984455,True,True,10.68625703919679,14.18301664913694,14.96429198111097,42.94865992851555,44.39403190743176,499
37,True,10000,500,3897784.705925292,6021.317328326404,67.705272231251,11.931086284759825,83.81466499637591,83.03830752247907,True,True,10.685934452340007,14.184923376888037,14.975408557802439,42.94831291772425,44.415670107118764,499
38,True,10000,500,3897784.706279259,6020.564304664731,67.24388571456075,11.930501841583506,83.81877085124128,83.04869356060198,True,True,10.686429450288415,14.192179776728153,15.025248285382986,42.81687890179455,44.46827931795267,499
39,True,10000,500,3897784.706623126,6020.288938190788,66.90843915566802,11.930622242555351,83.81792497235381,83.05249218657262,True,True,10.681174462661147,14.182016719132662,14.979398964593807,42.85455881617963,44.379004733636954,499
40,True,10000,500,3897784.706963382,6020.35222761333,66.68022181838751,11.931206424438761,83.81382103587563,83.05161909076818,True,True,10.685659479349852,14.185316705455383,14.986721953998009,42.96365804038942,44.44954800419507,499
41,True,10000,500,3897784.707453767,6018.603325355798,66.02694932371378,11.92901077361139,83.82924778743073,83.07575245797443,True,True,10.696284472942352,14.167316723614931,14.792200643569231,42.85166189074516,44.07480319496243,499
42,True,10000,500,3897784.707807574,6019.396447110921,65.81585016101599,11.931023240380572,83.81510787905417,83.06480631292872,True,True,10.686054243706167,14.181950129568577,14.969662297517061,42.94750792905688,44.39948828425256,499
43,True,10000,500,3897784.708158751,6018.798371776938,65.38128387182951,11.930695566944106,83.81740983909265,83.07306028800966,True,True,10.68307482637465,14.187386259436607,14.986398629844189,42.87398988381028,44.39604177139697,499
44,True,10000,500,3897784.708499107,6018.891871906817,65.15844678506255,11.931329509262033,83.81295640387114,83.07176979432883,True,True,10.686286957934499,14.19015989328424,15.004551969468594,42.96349021606147,44.487714883871355,499
45,True,10000,500,3897784.708858574,6018.1397292762995,64.72721137106419,11.930686408627727,83.81747417959504,83.08215204237649,True,True,10.686001973226666,14.191273289422194,14.9866819071273,42.89965094067156,44.403478521853664,499
46,True,10000,500,3897784.70920203,6017.843341920525,64.39234362915158,11.930763523630006,83.816932421752,83.08624395669808,True,True,10.686361929401755,14.18584662800034,14.994665049016476,42.907057888805866,44.42428467795251,499
47,True,10000,500,3897784.709540917,6016.686332877725,63.97238792851567,11.929286462824068,83.82731046960423,83.102221445015,True,True,10.68733201827854,14.166977101316055,14.834376983344555,42.84924389794469,44.146666601300225,499
48,True,10000,500,3897784.71023498,6017.117108684033,63.415694050490856,11.931265359987059,83.81340703003899,83.0962720134513,True,True,10.708776768296957,14.235792681574821,14.834776675949493,42.95595269650221,44.279368505813174,499
49,True,10000,500,3897784.71123475,6016.675493679941,62.50583287328482,11.932203729071455,83.80681579913139,83.10237115583381,True,True,10.69077430292964,14.22127972667416,15.11521078646183,42.94661218300462,44.757573078386464,499
50,True,10000,500,3897784.711603976,6016.484226100147,62.162697315216064,11.932508073717296,83.80467826396142,83.10501302919518,True,True,10.69460459984839,14.239756080011526,15.13361744582653,42.95374727807939,44.82650863006709,499
51,True,10000,500,3897784.711950193,6016.350106801838,61.85521883890033,11.932855486899674,83.80223837436367,83.10686564512271,True,True,10.708661749958992,14.237562660127878,15.143933550765118,42.95632429420948,44.845371483825126,499
52,True,10000,500,3897784.71229346,6015.653962735087,61.45415315404534,11.932264147456996,83.8063914477723,83.11648294554982,True,True,10.692494572140276,14.22055639947454,15.120467636734247,42.94635062105954,44.77372518740592,499
53,True,10000,500,3897784.712632616,6015.237787738442,61.10094673931599,11.93213795791408,83.80727775081938,83.12223350824269,True,True,10.699082049541175,14.22626261288921,15.087530948221684,42.947925347834826,44.71901242621241,499
54,True,10000,500,3897784.712969333,6015.2611578814685,60.82259910181165,11.932742602764844,83.80303114627627,83.12191056657237,True,True,10.708564193919301,14.236555900424719,15.134473952154318,42.95585579238832,44.82727260328827,499
55,True,10000,500,3897784.71331195,6014.672472607344,60.44198293238878,11.932325630611134,83.80595962237274,83.13004611259429,True,True,10.703431675210595,14.231292686114708,15.119070652872324,42.94964736327529,44.78310670237986,499
56,True,10000,500,3897784.713646826,6014.617584180087,60.15200633555651,11.932796749187435,83.80265088048995,83.1308047439495,True,True,10.704281739890575,14.23812642072638,15.165929992993673,42.95346857979894,44.88855812232939,499
57,True,10000,500,3897784.714616857,6013.5069051757455,59.1561459004879,11.932566651854223,83.80426685859811,83.14615878625776,True,True,10.701859137043357,14.238936050484577,15.125350716213385,42.95428404584527,44.813486440107205,499
58,True,10000,500,3897784.714964813,6013.230507727712,58.82084975019097,11.932684685325695,83.80343789941564,83.14998058987442,True,True,10.705672088079154,14.23706595475475,15.129340657343468,42.954763025045395,44.82276919297872,499
59,True,10000,500,3897784.71530784,6012.72321306169,58.45199292525649,11.932407254782433,83.80538634391701,83.15699597044964,True,True,10.69505454506725,14.236462923387686,15.127500674376885,42.950959131121635,44.805202283896485,499
60,True,10000,500,3897784.715644727,6012.139968108386,58.07317607104778,11.931997579233142,83.80826373451787,83.16506313097634,True,True,10.691424598917365,14.214386232197285,15.08838776499033,42.94328507967293,44.69575696159152,499
61,True,10000,500,3897784.716236311,6011.9253299199045,57.54338204860687,11.932629154050696,83.80382789827472,83.16803229601346,True,True,10.702822008170187,14.237609691917896,15.124343956510225,42.95426709577441,44.81315777171401,499
62,True,10000,500,3897784.716583857,6011.24612800777,57.142116129398346,11.932072168092928,83.80773983868951,83.17742933039885,True,True,10.690669412724674,14.221842711170515,15.095861007769903,42.94235687702894,44.716153033077696,499
63,True,10000,500,3897784.748430693,6023.539775982499,37.78343694284558,11.995503685450208,83.3645694438773,83.00766967516954,True,True,10.694874450564384,14.221462700515985,14.592465222813052,42.954961908981204,44.82125226873902,499
64,True,10000,500,3897790.683102776,5996.406674385071,45.412632171064615,11.925839763955924,83.85153748437499,83.38327054031485,True,True,10.720239020884037,14.196100023885569,14.403518134107193,42.99961989745498,47.36541476100686,499
65,True,10000,500,3897790.728570167,5995.800300035626,68.31753579899669,11.878722974422102,84.18413344205881,83.39170335560193,True,True,10.717736789956689,14.189673277239004,14.999015411982933,42.999522015452385,44.471412254497416,499
66,True,10000,500,3897790.729069162,5994.561752770096,67.69067188724875,11.877497156077851,84.19282167441216,83.40893306653305,True,True,10.717229219153523,14.194463069240252,14.82565033559998,43.00821525976062,44.14215527474881,499
67,True,10000,500,3897790.729636027,5994.533032178879,67.18484591692686,11.878453279082068,84.18604480778637,83.40933268963256,True,True,10.717366705648601,14.196762970338265,14.96237221484383,43.0040217936039,44.382455106824644,499
68,True,10000,500,3897790.730009023,5994.107706937939,66.80356105789542,11.878365021803694,84.18667031737277,83.4152511843039,True,True,10.7172915013507,14.196519739925861,14.95276236285766,42.99920005723834,44.3648582417518,499
69,True,10000,500,3897790.73036191,5994.307014159858,66.56955182552338,11.879233391451573,84.18051628816478,83.4124776757165,True,True,10.714844218455255,14.190366336454948,14.981072085599104,43.00049291923642,44.43842536769808,499
70,True,10000,500,3897790.730713076,5993.807130027562,66.19527703151107,11.878981669330765,84.18230011936181,83.41943428495017,True,True,10.718161473050714,14.195406654228767,14.947805708895126,43.00581533461809,44.376458777114756,499
71,True,10000,500,3897790.731061813,5992.926817853004,65.73109095916152,11.878147749286256,84.1882102417937,83.43168792091599,True,True,10.717211524024606,14.188046256701151,14.936959370970726,43.00853339955211,44.3612510804087,499
72,True,10000,500,3897790.731400289,5992.81973997131,65.4648938216269,11.878466625550466,84.18595021759877,83.43317865295806,True,True,10.717379278503358,14.196899564315876,14.972022424141565,43.00603801384568,44.420882361009724,499
73,True,10000,500,3897790.731738506,5992.682110983878,65.15568727627397,11.878810468351913,84.18351337991687,83.43509479395863,True,True,10.71802421938628,14.189523334304491,14.931875901917616,43.009158689528704,44.346711486577995,499
74,True,10000,500,3897790.732081073,5992.538392078131,64.84221899881959,11.879150647453532,84.18110264595092,83.43709581585289,True,True,10.717554250732064,14.190209563821554,14.972529063622156,43.00024872645736,44.42244032397867,499
75,True,10000,500,3897790.732637217,5991.633321158588,64.23588609322906,11.878551974078876,84.18534533352035,83.4496994724831,True,True,10.717491735704243,14.189473042885462,14.981161958227554,42.99939088523388,44.4381216634065,499
76,True,10000,500,3897790.732982024,5991.488812025636,63.91884898766875,11.878897721518975,84.18289503313682,83.45171220155498,True,True,10.71802934166044,14.195109562327465,14.939668898781141,43.00957955420017,44.36130555346609,499
77,True,10000,500,3897790.73332463,5991.393593605608,63.61501198261976,11.879315794835646,84.17993235222646,83.45303846063985,True,True,10.714906849898398,14.191149733960629,14.989325466255346,43.00614194944501,44.45392140187324,499
78,True,10000,500,3897790.733658527,5990.402212832123,63.14487708732486,11.878271213917431,84.18733517621054,83.4668495095276,True,True,10.714491829276085,14.18937665099899,14.941962280621132,42.99941398203373,44.37086438760162,499
79,True,10000,500,3897790.733993974,5990.327164065093,62.886509113013744,11.878638587078315,84.18473149673974,83.46789520936537,True,True,10.717671480961144,14.189742971211672,14.990445381651321,42.999581061303616,44.45554065518082,499
80,True,10000,500,3897790.73433826,5990.230685099959,62.57770303636789,11.879064092311806,84.18171601980036,83.46923954760123,True,True,10.712791816331446,14.188636715213457,14.80079023167491,43.006815295666456,44.12093444727361,499
81,True,10000,500,3897790.734999064,5990.515851881355,62.058077193796635,11.88067690318148,84.17028828822153,83.46526615783384,True,True,10.712666669860482,14.18579975143075,15.083528473041952,43.005947675555944,44.76404782384635,499
82,True,10000,500,3897790.7353763,5990.381323266774,61.71672139316797,11.881091386520254,84.1673519264867,83.46714057383774,True,True,10.713354218751192,14.18891673286756,15.084335929714143,43.00719704478979,44.82879763469101,499
83,True,10000,500,3897790.735724877,5990.124865900725,61.382203828543425,11.881247819783932,84.1662437454474,83.4707140824878,True,True,10.7137217419222,14.189243006209532,15.086653525941074,43.00686698406935,44.85929699614645,499
84,True,10000,500,3897790.736070673,5989.150836132467,60.94931811094284,11.880163362768585,84.17392669312228,83.48428912217517,True,True,10.713616735301912,14.195906308790049,15.079218661412597,43.00575898960233,44.64530639350415,499
85,True,10000,500,3897790.73640939,5989.488432183862,60.704790987074375,11.881329942278132,84.16566199728476,83.4795835506259,True,True,10.71398169733584,14.18950300042828,15.086511033587158,43.00596723333001,44.874146031215794,499
86,True,10000,500,3897790.736745187,5988.615470007062,60.29022391885519,11.880411314806025,84.17216992763076,83.49175239321391,True,True,10.715029202401638,14.186096688111624,15.078868716955185,43.00639135763049,44.70076196826995,499
87,True,10000,500,3897790.737099033,5988.183255307376,59.92905795574188,11.880268932568406,84.17317871135171,83.49777865546213,True,True,10.713691706769168,14.186322999497255,15.07901621516794,43.00576280802488,44.68021758832038,499
88,True,10000,500,3897790.737506319,5988.295344170183,59.59369195625186,11.881165635699261,84.16682593796239,83.4962157447307,True,True,10.713509283959866,14.189093373715878,15.086580999195576,43.00702689215541,44.84351160936058,499
89,True,10000,500,3897790.737860176,5987.552501261234,59.18199522420764,11.880502016106265,84.17152731797958,83.50657466380105,True,True,10.715341777540743,14.185823344935974,15.078846248798072,43.00615293905139,44.70845472067595,499
90,True,10000,500,3897790.738204642,5987.504791934043,58.880948927253485,11.881009705424429,84.16793057103868,83.50724005658681,True,True,10.712744202464819,14.188799851884445,15.084601007401943,43.007001001387835,44.813733594492085,499
91,True,10000,500,3897790.738536459,5986.927307210863,58.513522148132324,11.880588747620703,84.17091284304135,83.5152949657135,True,True,10.711509268730879,14.185696685065826,15.078571275807917,43.00592886283994,44.7473839391023,499
92,True,10000,500,3897790.738870646,5986.791358329356,58.20769490674138,11.88092918521566,84.16850099943157,83.51719144251713,True,True,10.712743969634175,14.185783298065266,15.083063510246575,43.00598371773958,44.813068248331554,499
93,True,10000,500,3897790.739209112,5986.356933135539,57.85563914105296,11.880764116221414,84.16967041998998,83.52325221912713,True,True,10.712751769460738,14.18584662800034,15.083318459801376,43.00601985305548,44.780740719288595,499
94,True,10000,500,3897790.739546429,5986.0667563043535,57.52530228346586,11.880844597236248,84.16910025341318,83.52730104010523,True,True,10.71280927862972,14.185743406414986,15.083226026035845,43.00578152760863,44.79711757972837,499
95,True,10000,500,3897790.772181237,6002.7274210006,37.44756989181042,11.954468639496572,83.6507276196353,83.29546969778191,True,True,10.71841933298856,14.18616995215416,16.524403356015682,43.01871582865715,47.97607073560359,499
96,True,10000,500,3897796.68052475,6042.19141183421,46.61752004176378,12.015178139864622,83.22806273526189,82.75143336583183,True,True,10.736936470493674,14.28165165707469,14.581031300282683,43.1712940800935,45.323543315753305,499
97,True,10000,500,3897796.726203939,6040.380930062383,58.14856616780162,11.988441611011186,83.41367731077878,82.77623643097557,True,True,10.737168951891363,14.274402366330227,14.534199920793375,43.236620957031846,43.71955883689225,499
98,True,10000,500,3897796.727184119,6038.435928989202,56.994227692484856,11.986857116827087,83.42470342757362,82.8028989426898,True,True,10.727308923378587,14.263908999661604,14.43700430293878,43.082240829244256,43.58295437414199,499
99,True,10000,500,3897796.727773424,6038.456318434328,56.46873218938708,11.98795107463916,83.41709052479598,82.80261935051006,True,True,10.736956493929029,14.268025755882263,14.443507262816032,43.154117837548256,43.72250693384558,499
100,True,10000,500,3897796.728333048,6038.136532064527,55.99717702716589,11.988255220515756,83.41497420647825,82.8070046685484,True,True,10.73962647933513,14.274749283989271,14.507283301403126,43.20071362890303,43.69949562475085,499
101,True,10000,500,3897796.728877473,6037.395128980279,55.41317304596305,11.987939791451534,83.41716903792667,82.81717351907865,True,True,10.736969066783786,14.27303891008099,14.454740565270185,43.15401907078922,43.724937974475324,499
102,True,10000,500,3897796.729426647,6037.235940806568,54.94195781648159,11.988565096172518,83.41281812944078,82.81935721948952,True,True,10.737129021435976,14.274022386719784,14.534110048164925,43.24008980765939,43.77007067203522,499
103,True,10000,500,3897796.729966242,6036.167241167277,54.25842432305217,11.987793220128706,83.41818895582047,82.83402033494846,True,True,10.736783966422081,14.272769447416067,14.430627226829529,43.16503209993243,43.69055233895779,499
104,True,10000,500,3897796.730507607,6035.844943951815,53.7997679784894,11.988066484916484,83.41628746038495,82.83844343964174,True,True,10.736911557614803,14.272908990581831,14.476107122997442,43.16492439247668,43.72644093353301,499
105,True,10000,500,3897796.731049641,6035.57399706915,53.31077380105853,11.98850345344307,83.41324702315553,82.84216219415053,True,True,10.737138916738331,14.274228985110918,14.53421994422873,43.24048184789717,43.745920774526894,499
106,True,10000,500,3897796.731814034,6034.616076387465,52.50895116478205,11.988190631708784,83.41542362155957,82.85531236302239,True,True,10.73812402319163,14.274849090725183,14.506966962168613,43.183867214247584,43.6870956979692,499
107,True,10000,500,3897796.732364108,6034.18126096949,51.98082700371742,11.988377623177902,83.41412253036104,82.86128281132656,True,True,10.736991418525577,14.27450900276502,14.52479666719834,43.21584599092603,43.70752541348338,499
108,True,10000,500,3897796.732902493,6033.48877793178,51.412892062217,11.988128027794716,83.41585923018839,82.8707930689804,True,True,10.729906731285155,14.280042300621668,14.485513636221489,43.16497724503279,43.727411488071084,499
109,True,10000,500,3897796.733438368,6033.069661818445,50.89904693886638,11.988317865490137,83.41453832139572,82.87655008599612,True,True,10.739088989794254,14.274639077484608,14.514793331424395,43.21594028733671,43.69593012612313,499
110,True,10000,500,3897796.733975082,6031.80927503854,50.23907404392958,11.987114631251725,83.4229112477902,82.89386769391929,True,True,10.728093911893666,14.263962395489216,14.43714772661527,43.11921610496938,43.65346559789032,499
111,True,10000,500,3897796.734514477,6031.799083575606,49.78462774306536,11.988004921508098,83.41671583783429,82.8940077532562,True,True,10.73701144196093,14.273009107758602,14.466417332490286,43.15665285103023,43.725495343096554,499
112,True,10000,500,3897796.735115921,6031.067972071469,49.11834467202425,11.987875004808506,83.4176198533006,82.90405651459884,True,True,10.737314005382359,14.27569892257452,14.529149668912092,43.25361670926213,43.92727883066982,499
113,True,10000,500,3897796.736004782,6030.954173300415,48.38685318827629,11.98911286595619,83.40900708671785,82.90562084081913,True,True,10.737008997239172,14.274035735676685,14.533063396811485,43.2617065962404,43.87217726558447,499
114,True,10000,500,3897796.736580287,6030.66431498155,47.80359799042344,11.989700835653561,83.40491674540516,82.90960562302989,True,True,10.737414006143808,14.275488909333944,14.530733382950226,43.29689610749483,43.907528119161725,499
115,True,10000,500,3897796.737132681,6077.827699948102,69.69920173287392,12.040337671774004,83.05414908290206,82.26623469504892,True,True,10.73956151958555,14.278937006990114,14.701209589062795,43.31884095445275,46.35491427499795,499
116,True,10000,500,3897796.737683296,6077.131527010351,69.08909790217876,12.040165188593532,83.05533888749035,82.27565880016016,True,True,10.73959143832326,14.278655002514522,14.688695508520965,43.300002021715045,46.285030986182335,499
117,True,10000,500,3897796.73824154,6076.669902075082,68.54119431227446,12.040338091709033,83.05414618619382,82.28190901553798,True,True,10.739563964307308,14.278642957409224,14.692929241961405,43.325718864798546,46.398215303197446,499
118,True,10000,500,3897796.738796255,6076.525053009391,68.11029696837068,12.040911334751543,83.05019214898441,82.28387040918652,True,True,10.73962647933513,14.279684579620758,14.729943874602432,43.30622488632798,46.41323532909149,499
119,True,10000,500,3897796.739352699,6075.925199314952,67.54399323835969,12.040844100353892,83.05065588969872,82.29199399235098,True,True,10.739456512965262,14.278644975274801,14.696732666343367,43.322617933154106,46.5613414300605,499
120,True,10000,500,3897796.739960633,6075.147086754441,66.89973967149854,12.040575845857601,83.05250619255362,82.30253405553637,True,True,10.739568970166147,14.280099608004093,14.734162174475605,43.30646959133446,46.27585330046708,499
121,True,10000,500,3897796.740508048,6074.725990183651,66.3789939135313,12.040775543627495,83.05112875634026,82.30823922066055,True,True,10.739654069766402,14.279558913161358,14.725808311098481,43.30629403702915,46.37328518088901,499
122,True,10000,500,3897796.741048023,6073.964777868241,65.79344999045134,12.0404235027611,83.05355702568774,82.31855440154253,True,True,10.73962647933513,14.278847041229408,14.70552826300255,43.315369822084904,46.319907023571375,499
123,True,10000,500,3897796.741579787,6072.460222989321,65.14879735186696,12.038700251778463,83.06544552866255,82.33895021775251,True,True,10.739648714661598,14.278424934794504,14.672774817639256,43.25678022578359,45.85896280594165,499
124,True,10000,500,3897796.742119622,6073.031177278608,64.7499612532556,12.040643719489685,83.05203802196571,82.33120914489615,True,True,10.739744058810174,14.279325089106958,14.714073222130454,43.30902984365821,46.377117070369366,499
125,True,10000,500,3897796.742652207,6071.568060666323,64.10927698016167,12.038995558489301,83.06340800124723,82.351049185987,True,True,10.739606223069131,14.278412982821465,14.676876091398213,43.26122594065964,45.98384670447553,499
126,True,10000,500,3897796.743191651,6071.870728861541,63.659561797976494,12.040503340808746,83.0530063150027,82.34694418366655,True,True,10.739738936536014,14.27887293199698,14.709899056857989,43.31253096461296,46.33549028076226,499
127,True,10000,500,3897796.775152706,6040.038803126663,31.72510676085949,12.040708810352312,83.05158905098877,82.7809251392842,True,True,10.739753721281886,14.27949977417787,14.717933381907558,43.30615187063813,46.38980956748122,499
128,True,10000,500,3897802.723787081,6024.910603184253,43.54625986889005,11.98670209081235,83.42578237315891,82.98878322538806,True,True,10.680977022275329,14.159502275288105,14.557037351963306,42.87980902008712,44.55274207983165,499
129,True,10000,500,3897802.76747062,6025.293268729001,66.03876780718565,11.942393789422477,83.7353061398555,82.98351261920766,True,True,10.687011992558837,14.197633291284243,15.30959375668317,42.85036404617131,44.307466591708355,499
130,True,10000,500,3897802.767971945,6024.95637210086,65.59721194207668,11.94260352737231,83.73383556675992,82.9881527964747,True,True,10.683167027309537,14.169683369497458,15.298254089429975,42.85663664340973,44.38590452540665,499
131,True,10000,500,3897802.768539429,6024.531326722354,65.05003804340959,11.9428482739057,83.73211959704211,82.99400781305673,True,True,10.682849446311593,14.16869011397163,15.304113971069455,42.87019078619778,44.4488514913246,499
132,True,10000,500,3897802.768923506,6024.102339986712,64.65964065864682,11.942770940537203,83.73266179004673,82.99991795974418,True,True,10.68005699198693,14.169099895904461,15.303971478715539,42.86842383444309,44.42488166037946,499
133,True,10000,500,3897802.769291592,6024.11326020956,64.36819396913052,11.943376886253366,83.72841362403825,82.99976750148394,True,True,10.680934530682862,14.174423646181822,15.30240650754422,42.868631798774004,44.494563285261385,499
134,True,10000,500,3897802.769640059,6023.559354711324,63.96850757300854,11.943067829936503,83.730580303111,83.0073998704645,True,True,10.684079490602016,14.176399912685156,15.303899068385363,42.85097704268992,44.496774184517555,499
135,True,10000,500,3897802.769984995,6023.339807987213,63.659891951829195,11.943246324720208,83.72932892878492,83.01042543490209,True,True,10.680687264539301,14.176483266055584,15.302946325391531,42.86501565948129,44.465634063817554,499
136,True,10000,500,3897802.770333162,6022.823443170637,63.26918490231037,11.942994505547748,83.73109436963075,83.01754230683234,True,True,10.684906970709562,14.175860056032738,15.304038999602199,42.863524006679654,44.479462308809154,499
137,True,10000,500,3897802.770673268,6022.6926151663065,62.97929910942912,11.943313258631017,83.72885968450461,83.01934565627725,True,True,10.680881910957396,14.175093422333399,15.30275377444923,42.86600612103939,44.4797647697851,499
138,True,10000,500,3897802.771017155,6021.311417687684,62.46495293453336,11.941576081669641,83.74103997335857,83.03838903452879,True,True,10.686374502256513,14.1762833421429,15.31107909977436,42.846221290528774,44.05792320612818,499
139,True,10000,500,3897802.77156809,6021.545414812863,62.02742690220475,11.942921819460237,83.73160396734434,83.03516216451868,True,True,10.682904510758817,14.175303435573975,15.304216532967985,42.86290514282882,44.46409755852073,499
140,True,10000,500,3897802.771910506,6021.333998069167,61.70461094006896,11.94314506438697,83.73003883054895,83.03807763534337,True,True,10.682697058655322,14.176799915730953,15.303653664886951,42.86441411823034,44.43790573161095,499
141,True,10000,500,3897802.772254713,6020.574895199388,61.26410514116287,11.942506593303056,83.7345152114687,83.04854747321286,True,True,10.68429951556027,14.179683290421963,15.30914125032723,42.85252117551863,44.33634607587009,499
142,True,10000,500,3897802.772590699,6020.383628085256,60.9855679795146,11.942681483177838,83.73328899448377,83.05118591903117,True,True,10.683114523999393,14.169446658343077,15.303881489671767,42.863448057323694,44.403120810165994,499
143,True,10000,500,3897802.772924346,6020.361888222396,60.69784099236131,11.943214523507084,83.72955187497992,83.05148582149978,True,True,10.680374689400196,14.177030107627312,15.303256222978234,42.86416685208678,44.45144044235348,499
144,True,10000,500,3897802.773278103,6019.601404666901,60.28327392414212,11.942521304093704,83.7344120673426,83.06197809249596,True,True,10.680787032470107,14.170226951440176,15.334411291405559,42.90126492269337,44.13482523057609,499
145,True,10000,500,3897802.773714848,6020.361018367112,59.95748797431588,11.944696453692977,83.71916388807244,83.05149782124093,True,True,10.692249285057187,14.174913366635641,15.308151487261057,42.921419348567724,44.65875474736094,499
146,True,10000,500,3897802.774176794,6019.6159249171615,59.489571955055,11.944140987900013,83.72305727243574,83.0617777340804,True,True,10.682462016120553,14.165173439929882,15.306536457501352,42.90753290988505,44.58149543497711,499
147,True,10000,500,3897802.815567875,6025.105481036007,45.95518624410033,11.982265119823461,83.45667451019756,82.98609901083853,True,True,10.682979482226074,14.165536966174841,19.254399929195642,42.9070349317044,46.06075576040891,499
148,True,10000,500,3897802.81605017,6025.700075086206,45.5868998542428,11.984194739943815,83.44323683817977,82.97791024603009,True,True,10.690189548768103,14.172750059515238,19.30188445840031,42.92113403789699,46.56096560414876,499
149,True,10000,500,3897802.816561535,6024.689995218068,44.99563621357083,11.983355428866728,83.44908118064312,82.99182205173399,True,True,10.680289473384619,14.166666970898708,19.26068216562271,42.900859797373414,46.37170983944085,499
150,True,10000,500,3897802.816938712,6024.384887423366,44.65212905779481,11.983432381494131,83.44854530529065,82.9960252114387,True,True,10.68129448685795,14.173230001082024,19.26136715337634,42.90238101966679,46.397463139146524,499
151,True,10000,500,3897802.817307018,6023.871682584286,44.24371290951967,11.983222384117767,83.45000768118703,83.00309607283937,True,True,10.68142696749419,14.172259873400131,19.27591976709664,42.90335439145565,46.297387578524614,499
152,True,10000,500,3897802.817648175,6023.448325693607,43.895896058529615,11.9830710012727,83.45106191007228,83.00892992925682,True,True,10.679824510589242,14.16510995477438,19.259197521023452,42.907540127635,46.28621819429096,499
153,True,10000,500,3897802.817990231,6023.712444119155,43.641009368002415,11.984111091685676,83.44381926614307,83.00529028209857,True,True,10.687709553167224,14.172606635838747,19.29940201807767,42.91914296336472,46.5428118826821,499
154,True,10000,500,3897802.818336258,6023.0486509390175,43.26074291020632,11.983542901861346,83.44777568615996,83.01443819851065,True,True,10.68173733074218,14.172410126775503,19.268822274170816,42.90481605567038,46.41244423110034,499
155,True,10000,500,3897802.818677234,6022.92204182595,42.9424662142992,11.98392700523377,83.4451010560451,83.01618326250436,True,True,10.683404514566064,14.173663221299648,19.294686964713037,42.91481184773147,46.501682349480646,499
156,True,10000,500,3897802.819017501,6022.4274271167815,42.585460003465414,11.983651236700032,83.44702129994334,83.02300128162332,True,True,10.682294494472444,14.171990100294352,19.28574696648866,42.90577373467386,46.437651789747136,499
157,True,10000,500,3897802.819488196,6022.009500768036,42.120425030589104,11.983745642760413,83.4463639174549,83.02876306260077,True,True,10.682419524528086,14.171910316993793,19.289194489829242,42.906477535143495,46.45946756005283,499
158,True,10000,500,3897802.819825513,6021.721004042774,41.78867721930146,11.983832318283513,83.44576037452714,83.03274091647842,True,True,10.68298949394375,14.173583593219519,19.2920247791335,42.91401864029467,46.479960116557734,499
159,True,10000,500,3897802.82016285,6021.48897619918,41.46254016086459,11.98402091390444,83.44444716712333,83.03594044202745,True,True,10.685181943699718,14.173453363279501,19.29705950897187,42.91543895378709,46.52229669038202,499
160,True,10000,500,3897808.749616815,5901.080055162311,44.491480104625225,11.736650451017406,85.20318502910801,84.7302519752458,True,True,10.683782049454749,14.143573741118113,15.030314990629753,42.95155620202422,45.20694365724921,499
161,True,10000,500,3897808.794272224,5901.032395195216,65.00673806294799,11.69544219866186,85.50339380193897,84.73093630313127,True,True,10.685282060876489,14.153923684110245,14.77703390022119,42.98219159245491,45.063069388270364,499
162,True,10000,500,3897808.795219904,5899.960806127638,64.01768838986754,11.695276789053649,85.50460310062635,84.7463256841817,True,True,10.684331995435059,14.153543394058943,14.752084389328957,42.963381577283144,44.97026197612284,499
163,True,10000,500,3897808.7956891,5899.40687129274,63.53186210617423,11.695140298971074,85.50560099633682,84.7542830844679,True,True,10.68416703492403,14.143597024182478,14.73607091854016,42.97021580860019,44.90792419761418,499
164,True,10000,500,3897808.796094676,5898.77751795575,63.08022700250149,11.69478415020691,85.50820495325752,84.76332570231898,True,True,10.684582055546343,14.152913664778074,14.810267214973768,42.94324005022645,44.84188236296176,499
165,True,10000,500,3897808.796462742,5897.79317798093,62.581661622971296,11.693810654023965,85.51532341220947,84.7774726768516,True,True,10.681679821573198,14.155053378393253,14.768287539482117,42.904582526534796,44.50061708688735,499
166,True,10000,500,3897808.796828629,5898.225263226777,62.38272413611412,11.695075228638604,85.50607674170622,84.77126214851653,True,True,10.683739557862282,14.144693656514088,14.80884694804748,42.951553873717785,44.943707101047025,499
167,True,10000,500,3897808.797184815,5897.597508970648,61.97035778313875,11.694643589554127,85.50923269634472,84.78028540256705,True,True,10.6939667603001,14.152800353864828,14.814780404170355,42.94293588027358,44.79027077555656,499
168,True,10000,500,3897808.797538372,5897.380240727216,61.64581095799804,11.69485857669182,85.50766077608053,84.7834088341477,True,True,10.684599517844617,14.153429927925268,14.809697090337673,42.938527930527925,44.86924028024077,499
169,True,10000,500,3897808.797885768,5897.337642032653,61.36016407981515,11.695345647200076,85.50409967912363,84.78402125669432,True,True,10.68430207669735,14.15347664927443,14.760590934505066,42.97167556360364,45.001823436468825,499
170,True,10000,500,3897808.799861869,5895.101964008063,59.331664349883795,11.694930460236833,85.50713519845496,84.81617503016885,True,True,10.684601962566376,14.151867013424635,14.808597353597483,42.95053193345666,44.8937102779746,499
171,True,10000,500,3897808.800223625,5894.789597019553,58.97910799831152,11.695011000042568,85.50654633812317,84.82066946932312,True,True,10.684062028303742,14.151873687903086,14.80986038222909,42.95159997418523,44.922510962933295,499
172,True,10000,500,3897808.800574622,5894.56511894241,58.65436000749469,11.695211941753337,85.50507720427687,84.82389962802021,True,True,10.684239561669528,14.1532636868457,14.744214403132597,42.97112775966525,44.939868114888654,499
173,True,10000,500,3897808.800925258,5894.33979196474,58.33005392923951,11.695410296664328,85.503627032667,84.82714224952015,True,True,10.68446203134954,14.153890311717987,14.768997672945261,42.98101086169481,45.03445399925111,499
174,True,10000,500,3897808.801280315,5893.547908868641,57.88489803671837,11.694715452568982,85.50870724950641,84.83853999856308,True,True,10.685089509934187,14.152873773127794,14.811597143610319,42.942237947136164,44.81733463704585,499
175,True,10000,500,3897808.801627251,5893.105234019458,57.46350297704339,11.69467280770023,85.50901905879408,84.84491285063467,True,True,10.68543700966984,14.166373604287704,14.912982626507679,42.923472449183464,44.72612474113703,499
176,True,10000,500,3897808.801976128,5892.694808077067,57.10361618548632,11.694571526836835,85.50975960984879,84.85082229520087,True,True,10.68459206726402,14.148233613620201,14.512836622695128,43.00315948203206,45.18790410831569,499
177,True,10000,500,3897808.802559312,5893.241271842271,56.727780029177666,11.696419823272732,85.49624715165137,84.8429543159865,True,True,10.688834474422038,14.16265033185482,14.843736619999012,43.001047521829605,45.384040270000675,499
178,True,10000,500,3897808.802932248,5893.031325191259,56.36176420375705,11.696732587149302,85.49396103136162,84.84597695291777,True,True,10.69013203959912,14.157000308235487,14.859466658284267,42.99992714077234,45.4771110601723,499
179,True,10000,500,3897808.842080982,5901.171114295721,46.090174932032824,11.73362913700138,85.22512415588054,84.72894452911875,True,True,10.688301990740001,14.169130008667707,15.830476923535269,43.00188757479191,46.88834663480518,499
180,True,10000,500,3897808.843008623,5900.129834190011,45.14617379754782,11.733434189163253,85.22654014828655,84.74389785502773,True,True,10.68498706445098,14.169733660916487,15.804120649894077,43.00156347453594,46.80063087493179,499
181,True,10000,500,3897808.843464948,5899.731758050621,44.697529170662165,11.733535528817551,85.22580406766579,84.74961583087452,True,True,10.688491980545223,14.167893212288618,15.830577351152897,43.001779075711966,46.86026897281406,499
182,True,10000,500,3897808.843860124,5899.80576839298,44.405822176486254,11.73426842929157,85.22048102323605,84.74855268603065,True,True,10.689576738514006,14.177733256171146,15.913236265381176,43.000371009111404,47.09243543446062,499
183,True,10000,500,3897808.84423181,5899.384842254221,44.026426039636135,11.73418520283484,85.22108546219398,84.75459956752785,True,True,10.688486974686384,14.168283281226953,15.958309018363554,43.00162307918072,47.11455348879096,499
184,True,10000,500,3897808.844594667,5898.82191689685,43.634128756821156,11.733843262805669,85.22356891964235,84.76268771019814,True,True,10.689929593354464,14.178190069893995,15.824206949522097,43.00001701340079,46.928637512028196,499
185,True,10000,500,3897808.844948653,5898.620859719813,43.30278281122446,11.73410436254226,85.22167257964837,84.76557688499244,True,True,10.688694543205202,14.17746658747395,15.887136726329725,43.000731244683266,47.03502334654329,499
186,True,10000,500,3897808.84531472,5897.994774859399,42.89757600054145,11.733661721160034,85.22488748730828,84.7745749337188,True,True,10.688581969588995,14.169403351843357,15.842916599164408,43.00122149288654,46.92098269239066,499
187,True,10000,500,3897808.845664596,5896.8807170167565,42.446170933544636,11.732333759685796,85.23453393698723,84.79059082154048,True,True,10.68468950688839,14.169483600805203,15.621635597199202,43.00414137542248,46.43993474543093,499
188,True,10000,500,3897808.846198081,5897.271233145148,42.03825490549207,11.733933824127567,85.22291117270309,84.78497600547682,True,True,10.688694543205202,14.176993320385614,15.865906762580078,43.00223533064127,46.989038214087465,499
189,True,10000,500,3897808.846552038,5896.509789861739,41.592189110815525,11.73330180511207,85.22750173905106,84.79592467728676,True,True,10.688359499908984,14.168543430666128,15.791537395368021,43.001822754740715,46.805249117314794,499
190,True,10000,500,3897808.846899844,5896.459151059389,41.32094234228134,11.733743905244705,85.22429056535177,84.79665290484839,True,True,10.688664158806205,14.169640062997738,15.835670288652182,43.00296185538173,46.92386711016295,499
191,True,10000,500,3897808.847256001,5896.262431982905,40.988444816321135,11.73401600634586,85.2223142919859,84.79948200539145,True,True,10.688624461181462,14.17706332479914,15.87620625893275,43.00192957744002,47.0063937269151,499
192,True,10000,500,3897814.65170487,5997.987317852676,44.39418064430356,11.931048371159063,83.81493133640302,83.36129663225158,True,True,10.659159743227065,14.128960203379393,14.947812228153149,42.75429230183363,44.15569391567257,499
193,True,10000,500,3897814.696174931,5997.509783133864,67.33099510893226,11.884125827705274,84.1458609996131,83.3679340392399,True,True,10.644369758665562,14.12081408003966,14.693534933030605,42.71385269239545,43.690152531489716,499
194,True,10000,500,3897814.697112132,5996.7334303073585,66.42602430656552,11.884383579159906,84.14403602333819,83.37872707047657,True,True,10.643307236023247,14.110150747001171,14.800540326784054,42.702900897711515,43.88727489393202,499
195,True,10000,500,3897814.697594387,5996.0462572053075,65.90402917936444,11.884052561174235,84.1463797683837,83.38828263693959,True,True,10.643137502484024,14.116340316832066,14.726324627796808,42.71130105480552,43.749412354081855,499
196,True,10000,500,3897814.698009073,5996.034917421639,65.56812208145857,11.884702996673708,84.14177453823459,83.38844034200613,True,True,10.646837530657649,14.128233771771193,14.708227943629026,42.76931784115732,43.73260145075618,499
197,True,10000,500,3897814.698399239,5994.693000800908,64.9746679700911,11.883203071805244,84.15239510403185,83.40710690826012,True,True,10.643854970112443,14.11014081289371,14.581289297590653,42.664439184591174,43.4846182540059,499
198,True,10000,500,3897814.698772065,5994.951348286122,64.74208133295178,11.884186907721785,84.14542852319556,83.40351254776128,True,True,10.644104680977762,14.121386998643478,14.700021439542374,42.72378971800208,43.702002861537025,499
199,True,10000,500,3897814.699142751,5994.455884210765,64.34704503044486,11.88398564965996,84.14685354560432,83.41040615829478,True,True,10.64330991357565,14.107643937071165,14.724997958789269,42.699459148570895,43.74840399716048,499
200,True,10000,500,3897814.699506868,5994.2562147043645,64.01597801595926,11.884248971319451,84.14498908709541,83.4131845704997,True,True,10.644077556207776,14.123917246858278,14.706401309619347,42.739580757915974,43.713678568601594,499
201,True,10000,500,3897814.699865304,5994.096117094159,63.69592109695077,11.88456953105653,84.14271946382401,83.4154124712955,True,True,10.644044959917665,14.127660387506088,14.692511719961962,42.7401602268219,43.68839700706302,499
202,True,10000,500,3897814.700493528,5993.309854995459,63.0368678830564,11.884314603431669,84.14452438942031,83.42635573617923,True,True,10.643832152709365,14.126187345633904,14.713131667425236,42.77044269256294,43.72571798972784,499
203,True,10000,500,3897814.700851935,5993.154446128756,62.71735019981861,11.884643478815505,84.14219591715224,83.42851907028229,True,True,10.649442207068205,14.127706953634819,14.699264895170927,42.756008775904775,43.707092888653264,499
204,True,10000,500,3897814.701207621,5992.676640860736,62.338174786418676,11.884445823796227,84.1435953200022,83.43517095362321,True,True,10.643447283655405,14.128933660686016,14.679715037345886,42.736625857651234,43.66535736713557,499
205,True,10000,500,3897814.701560318,5992.3610729165375,61.99257681146264,11.884506004218586,84.1431692360654,83.43956479188684,True,True,10.643029818311334,14.127837338795265,14.685618225485086,42.725118109956384,43.67556688841431,499
206,True,10000,500,3897814.701910194,5991.647090762854,61.523253098130226,11.884015706742932,84.14664072116675,83.44950769394201,True,True,10.64463471993804,14.102224415789047,14.716217915217081,42.703822162002325,43.73047667089848,499
207,True,10000,500,3897814.702269231,5991.1826848983765,61.14306580275297,11.883846932055357,84.14783577383608,83.45597627331925,True,True,10.644395020790398,14.113180649777254,14.686438255012035,42.69390478730202,43.676689253188655,499
208,True,10000,500,3897814.702677947,5990.835397969931,60.744970105588436,11.883948753235156,84.14711479867086,83.46081419119463,True,True,10.671249474398792,14.128936920315027,14.472916877518097,42.829442862421274,43.35360606200993,499
209,True,10000,500,3897814.703203241,5991.1904563196,60.39091432467103,11.885369823637133,84.13705377608372,83.45586801911668,True,True,10.6791069265455,14.128757330278555,14.752727622787157,42.83850388601422,43.88740563765167,499
210,True,10000,500,3897814.703574758,5991.031907033175,60.02799700945616,11.885779378805049,84.13415461700554,83.45807663167754,True,True,10.6838095234707,14.134913682937622,14.764247617373863,42.87061998620629,43.929816349409506,499
211,True,10000,500,3897814.743966719,5998.75188106671,45.77747778967023,11.92980842340088,83.8236428037229,83.35067192528874,True,True,10.69295674096793,14.141053737451633,16.009535330037277,42.88253029808402,46.58234839793289,499
212,True,10000,500,3897814.744810931,5997.290845029056,44.82093686237931,11.928797411155665,83.83074718536272,83.37097748301343,True,True,10.685257031582296,14.135826999942461,15.885953325778246,42.83870910294354,46.343474965542505,499
213,True,10000,500,3897814.745276406,5997.0221081748605,44.40376115962863,11.92909488379806,83.82865672048487,83.37471347961572,True,True,10.695439530536532,14.136117417365313,15.932805991421144,42.877554474398494,46.43044047057624,499
214,True,10000,500,3897814.745696092,5996.972167864442,44.03494484722614,11.929733913862156,83.82416634104608,83.37540778983688,True,True,10.693234507925808,14.138040288041035,15.998478668431442,42.88258524611592,46.56195035204286,499
215,True,10000,500,3897814.746089488,5996.429764200002,43.61804900690913,11.929482395176539,83.82593367205362,83.38294946521502,True,True,10.693282005377114,14.136803646882376,15.976998955011368,42.88309598341584,46.51158255524928,499
216,True,10000,500,3897814.746468084,5995.229116175324,43.140843976289034,11.928032609617304,83.83612224481367,83.39964833887393,True,True,10.675984784029424,14.149980309108892,15.77492446328203,42.842420004308224,46.12652935553338,499
217,True,10000,500,3897814.746834051,5995.781910140067,42.88937617093325,11.92964435665157,83.82479561869198,83.39195912953403,True,True,10.692431940697134,14.137500276168188,15.988139125208061,42.88282673805952,46.54269755352283,499
218,True,10000,500,3897814.747205197,5995.0325870886445,42.43993107229471,11.929043398830359,83.82901851946065,83.40238234514985,True,True,10.692757088690996,14.135907248904308,15.918889238188665,42.876611137762666,46.404746528714846,499
219,True,10000,500,3897814.747561163,5994.796710088849,42.12569398805499,11.929200433067724,83.82791500660863,83.40566397498232,True,True,10.694939526729286,14.13600736608108,15.94614889472723,42.87727936170995,46.455477993003974,499
220,True,10000,500,3897814.748106868,5994.306624867022,41.58624913543463,11.929299350163502,83.82721991013614,83.41248309283678,True,True,10.694571654312313,14.135933791597685,15.958549299587805,42.87879993207753,46.4780532335862,499
221,True,10000,500,3897814.748463694,5993.712331168354,41.174814105033875,11.928932899926492,83.8297950360809,83.42075367880311,True,True,10.689879534766078,14.13587729136149,15.904772871484358,42.852313769981265,46.37849242892111,499
222,True,10000,500,3897814.748813311,5993.752900045365,40.902165696024895,11.929560589878436,83.82538421812819,83.4201890431979,True,True,10.693901684135199,14.136473958690962,15.998735403021175,42.882888577878475,46.55136406887317,499
223,True,10000,500,3897814.749165378,5993.29574406147,40.5349787324667,11.929380291240488,83.82665114082083,83.42655215962453,True,True,10.694144177250564,14.135423737267653,15.96867898479104,42.8808509837836,46.49668063502753,499
224,True,10000,500,3897820.650671028,5991.320423781872,45.00544583424926,11.916462881658562,83.91751897613578,83.45405764233645,True,True,10.688644484616816,14.20165334517757,14.912659302353859,42.893048375844955,44.66093402355909,499
225,True,10000,500,3897820.694847492,5992.555781733245,68.08179803192616,11.87269335411086,84.22688687177751,83.43685369172876,True,True,10.701631777919829,14.191433321684599,14.342035011698803,42.96600893139839,44.75528904236853,499
226,True,10000,500,3897820.695720954,5990.276804193854,67.01659830287099,11.870260933649266,84.24414640837813,83.46859691858394,True,True,10.688684531487525,14.202946641792854,14.34678832689921,42.903459910303354,44.216467784717686,499
227,True,10000,500,3897820.696181169,5990.904158446938,66.69038208201528,11.872171896522891,84.23058634224112,83.45985627144773,True,True,10.69039199501276,14.18218668550253,14.347028297682604,42.897330690175295,44.64735955931246,499
228,True,10000,500,3897820.696573785,5990.463903173804,66.28941604867578,11.8720931605714,84.23114496111909,83.46598996032598,True,True,10.687352041713893,14.182023393611113,14.34710156172514,42.919658683240414,44.62805723771453,499
229,True,10000,500,3897820.696954621,5990.31524406746,65.95121882855892,11.872472996470744,84.2284501550152,83.46806130030929,True,True,10.689251939766109,14.18690662831068,14.34651498372356,42.94353201985359,44.706315295770764,499
230,True,10000,500,3897820.697340058,5989.792129024863,65.54200174286962,11.872244744052091,84.23006950736867,83.47535093532534,True,True,10.688839247450233,14.182126615196466,14.34720509375135,42.929853685200214,44.664504965767264,499
231,True,10000,500,3897820.697705244,5989.150805864483,65.07832696661353,11.871888735266271,84.23259536028421,83.48428954408826,True,True,10.688254493288696,14.181443334867557,14.348298466453949,42.94513398781419,44.55182229168713,499
232,True,10000,500,3897820.69806882,5989.379044156522,64.86959988251328,11.872764417382783,84.22638273997175,83.48110819398215,True,True,10.702139232307673,14.193729652712742,14.341598376631737,42.963067814707756,44.771323930472136,499
233,True,10000,500,3897820.698426677,5988.8885780237615,64.48688311502337,11.87254848679106,84.2279145974903,83.48794496440475,True,True,10.691914474591613,14.19161974141995,14.32815861577789,42.95785007998347,44.722642162814736,499
234,True,10000,500,3897820.699031661,5988.146825227886,63.85889928787947,11.872320492865745,84.22953209534016,83.49828663076775,True,True,10.688756825402379,14.184363341579834,14.347088367988666,42.94259808957577,44.67495774850249,499
235,True,10000,500,3897820.699385467,5987.973878160119,63.53615317493677,11.87262069135307,84.22740235677776,83.50069826183532,True,True,10.696821729652584,14.191510000576576,14.328088300923506,42.95811615884304,44.73901113495231,499
236,True,10000,500,3897820.699734734,5987.758588977158,63.2105958648026,11.872841669563838,84.22583471011082,83.50370051999893,True,True,10.702334460802376,14.19977331534028,14.34600834424297,42.96903619542718,44.78771892376244,499
237,True,10000,500,3897820.700083841,5986.897217109799,62.76979995891452,11.871998831965701,84.23181421711995,83.51571471296732,True,True,10.69126429501921,14.182173336545626,14.347348362207413,42.910066805779934,44.60502744652331,499
238,True,10000,500,3897820.700431067,5986.793449148536,62.4665729701519,11.872398549455678,84.22897831759933,83.51716227509267,True,True,10.688799433410168,14.182843267917633,14.346708233157793,42.933570221066475,44.69124332070351,499
239,True,10000,500,3897820.700778574,5986.147224903107,62.01450666412711,11.872009455388737,84.23173884401662,83.52617822694683,True,True,10.689291637390852,14.18191334232688,14.347711733231941,42.89967967197299,44.583291383460164,499
240,True,10000,500,3897820.70118117,5985.034245997667,61.5922617726028,11.870625218887906,84.24156112761891,83.54171078208311,True,True,10.718109202571213,14.21409302080671,14.393107810368141,43.01065765321255,44.107784181833274,499
241,True,10000,500,3897820.701682865,5986.243523657322,61.27951480448246,11.873675368442564,84.21992087283814,83.52483456846119,True,True,10.71486680302769,14.23281291499734,14.411781138430038,43.01724787801504,44.864694848656654,499
242,True,10000,500,3897820.702061461,5985.7327891513705,60.908579267561436,11.873395210187994,84.22190808084513,83.53196135086539,True,True,10.715626762248576,14.209706336259842,14.374558037767807,43.011441454291344,44.91547895595431,499
243,True,10000,500,3897820.743014057,5992.671999614686,46.38933204114437,11.916398131409903,83.91797495957647,83.43523557307138,True,True,10.71776682510972,14.21349635347724,15.928606347491343,43.006377667188644,46.784327123314156,499
244,True,10000,500,3897820.743840269,5991.947827395052,45.65913928672671,11.916410196609869,83.9178899937913,83.44531935241679,True,True,10.71571430657059,14.214292944719395,15.974232306083042,43.01347881555557,46.89769525080921,499
245,True,10000,500,3897820.744291614,5991.668241098523,45.25688337162137,11.916656027508822,83.91615883613368,83.44921312070662,True,True,10.714369011111557,14.233039692044258,15.957402686278026,43.0045853368938,46.85835485346617,499
246,True,10000,500,3897820.74469264,5991.522272117436,44.93325622752309,11.91701205589161,83.91365178703613,83.45124615940004,True,True,10.71768649853766,14.212976365039745,16.103124246001244,43.008968979120255,47.10941685363652,499
247,True,10000,500,3897820.745077216,5991.183036006987,44.564920011907816,11.917070372735632,83.91324115093266,83.45597138244682,True,True,10.713971685618162,14.235956283907095,16.051658273984987,43.00531288608909,47.03457446768881,499
248,True,10000,500,3897820.745447983,5990.717779844999,44.161714147776365,11.916946023441328,83.91411675717433,83.46245281027689,True,True,10.714294272474945,14.232642948627472,16.031871705005567,43.00439292564988,46.99619870632888,499
249,True,10000,500,3897820.745804049,5990.0448569096625,43.71199896559119,11.916498713314773,83.91726664499704,83.471829000285,True,True,10.71443920955062,14.232922655840715,15.958825747172039,43.01768131554127,46.85332223773004,499
250,True,10000,500,3897820.746171875,5988.809949252754,43.21193415671587,11.91502608235679,83.92763835244581,83.48904110112674,True,True,10.715829324908555,14.210139711697897,15.707255030671757,43.01058296114206,46.39988239854575,499
251,True,10000,500,3897820.746517542,5989.549022167921,43.06164523586631,11.91680837060532,83.9150860616889,83.47873907525423,True,True,10.713601834140718,14.232849391798178,16.011035225043695,43.00325568765402,46.95582781918348,499
252,True,10000,500,3897820.747061727,5988.954066764563,42.502129916101694,11.91673734839371,83.91558618473644,83.48703203030526,True,True,10.713646654039621,14.232832783212265,16.000381981333096,43.002025689929724,46.934823496267214,499
253,True,10000,500,3897820.747417693,5988.699010107666,42.17652417719364,11.916878729319585,83.91459061672408,83.4905877146447,True,True,10.713309166021645,14.232919706652561,16.02149164925019,43.0037091486156,46.97609003633262,499
254,True,10000,500,3897820.74776401,5988.143505062908,41.768547147512436,11.91658308199478,83.91667251587732,83.49833292693397,True,True,10.713946423493326,14.232882764190435,15.971945598721504,43.00213782116771,46.87913457863034,499
255,True,10000,500,3897820.748118336,5988.190355245024,41.539750061929226,11.917135481328847,83.91278269570304,83.49767965576656,True,True,10.713926749303937,14.23758640885353,16.06155124803384,43.006607703864574,47.05391447991134,499
256,True,10000,500,3897826.64320971,5942.713184282184,44.98216602951288,11.819100236979299,84.60880946514233,84.13665349397047,True,True,10.659807245247066,14.209278983374437,14.622755668436358,42.96103115193546,44.87669998779892,499
257,True,10000,500,3897826.688338175,5941.099340096116,68.09339812025428,11.769550985923571,84.96500853736934,84.15950843062505,True,True,10.659747058525681,14.212592970579863,15.083506004884839,42.96355079859495,43.423321191221476,499
258,True,10000,500,3897826.688944889,5940.096709877253,67.3605646006763,11.769010311175503,84.96891187616937,84.17371373240354,True,True,10.657559731043875,14.21327299127976,15.046341461129487,42.94012896716595,43.45062937121838,499
259,True,10000,500,3897826.689620632,5939.856211654842,66.81812088936567,11.769615412355664,84.96454344210828,84.17712183317316,True,True,10.657499777153134,14.219323017944893,15.085950959473848,42.96811674721539,43.424876662902534,499
260,True,10000,500,3897826.690027228,5939.248918090016,66.372225061059,11.76929196999791,84.96687842813178,84.18572901988985,True,True,10.657797218300402,14.210902930547794,15.067846281453967,42.96399764716625,43.42948680743575,499
261,True,10000,500,3897826.690408274,5938.908922020346,65.99894911050797,11.769358663145967,84.96639694831923,84.1905485612172,True,True,10.658297222107649,14.210946392267942,15.070466324687004,42.96070681884885,43.43898922204971,499
262,True,10000,500,3897826.690771231,5938.419425860047,65.61207212507725,11.769153013496934,84.96788161843033,84.19748827821911,True,True,10.657819802872837,14.212109769384066,15.062803751789033,42.94903217814863,43.42263209633529,499
263,True,10000,500,3897826.691143267,5938.213729299605,65.27241598814726,11.769421469562038,84.96594353309465,84.20040483436314,True,True,10.660107247531414,14.212432938317457,15.078758471645415,42.96288937330246,43.421978037804365,499
264,True,10000,500,3897826.691494104,5938.021529931575,64.95145801454782,11.769679502839733,84.96408077711247,84.2031301974349,True,True,10.654914774931967,14.209799778958162,15.101605909876525,42.974947299808264,43.41839595232159,499
265,True,10000,500,3897826.69184261,5937.787992879748,64.63788216933608,11.76983990122327,84.96292289379973,84.20644196114294,True,True,10.65076480153948,14.208533335477114,15.10585576761514,42.97665357589722,43.426360725425184,499
266,True,10000,500,3897826.692191017,5936.9540410116315,64.18253621086478,11.769081171945423,84.96840028461631,84.21827026890747,True,True,10.65242721233517,14.236176231255135,15.060116304084659,42.958402214571834,43.406147761270404,499
267,True,10000,500,3897826.692789041,5936.76475295797,63.66319116204977,11.769742608809459,84.9636252241843,84.22095548773041,True,True,10.651227319613099,14.209549563626448,15.104481019079685,42.97022791579366,43.424336733296514,499
268,True,10000,500,3897826.693145047,5936.250958126038,63.27877612784505,11.769483330657701,84.965496947105,84.22824498609818,True,True,10.659889783710241,14.212426263839006,15.08112100418657,42.963708471506834,43.42240775935352,499
269,True,10000,500,3897826.693494154,5935.603613965213,62.8223498351872,11.76910072971949,84.9682590849772,84.23743102110227,True,True,10.65800478681922,14.221936309089264,15.049686189740896,42.91797527112067,43.48083559423685,499
270,True,10000,500,3897826.693844371,5935.745432041585,62.61587096378207,11.769798719594796,84.96322017258996,84.23541840271041,True,True,10.647595045156777,14.208069692055384,15.106661012396216,42.969388980418444,43.4253796748817,499
271,True,10000,500,3897826.694200137,5935.035379603505,62.19120603054762,11.76922680074741,84.96734891169694,84.24549611251061,True,True,10.65718731842935,14.207760027299324,15.06558631081134,42.959171161055565,43.43266474083066,499
272,True,10000,500,3897826.694547114,5934.141907840967,61.72886025160551,11.768362820820364,84.9735868298366,84.25818050278413,True,True,10.674539487808943,14.235226127008596,15.165137709118426,42.982110008597374,43.41349960770458,499
273,True,10000,500,3897826.695016269,5934.934720862657,61.48013286292553,11.770450076151766,84.95851845343711,84.24692494803445,True,True,10.678929393179715,14.226123069723448,15.114278299733996,43.0112570989877,43.46826804801822,499
274,True,10000,500,3897826.695384635,5934.785512741655,61.10384687781334,11.770905142011706,84.95523393786308,84.24904302380057,True,True,10.681159445084631,14.228679394970337,15.107883256860077,43.04481162689626,43.52727994322777,499
275,True,10000,500,3897826.736602168,5941.797482781112,46.64250975474715,11.813937821696122,84.64578154148694,84.1496199506905,True,True,10.679846978746355,14.227613030622402,16.09492131198446,43.04483295418322,46.520694913342574,499
276,True,10000,500,3897826.73740942,5941.100900061429,45.86783703416586,11.814094314683892,84.64466029842735,84.1594863327149,True,True,10.678986902348697,14.228216061989466,16.11963069687287,43.04466103203595,46.57431104220448,499
277,True,10000,500,3897826.737857226,5940.813133027405,45.46726122498512,11.814320384373586,84.64304060372929,84.16356293388458,True,True,10.682896943762898,14.228892978280783,16.139367284874123,43.05389588698745,46.62277978379277,499
278,True,10000,500,3897826.738245792,5939.8324228823185,44.83108688145876,11.81362993186545,84.6479876013937,84.17745895891348,True,True,10.678544524125755,14.226292725652456,16.016252028445404,43.03587698377669,46.373197766952195,499
279,True,10000,500,3897826.738624338,5939.602154772729,44.56934006884694,11.81369301543864,84.64753559222821,84.18072237350582,True,True,10.675107012502849,14.231776197751364,16.054981388151646,43.04868085309863,46.444261698052266,499
280,True,10000,500,3897826.738983025,5939.3028183840215,44.22822315245867,11.813776743951028,84.64693566450093,84.18496501851055,True,True,10.673027019947767,14.2351562778155,16.068621383359034,43.047997914254665,46.468942393548765,499
281,True,10000,500,3897826.739343281,5939.377266913652,43.99631591513753,11.814390683363758,84.64253695352514,84.18390978214805,True,True,10.682367021217942,14.228953048586845,16.150337023039658,43.05353118106723,46.64226190187035,499
282,True,10000,500,3897826.739691498,5938.92532074824,43.61753864213824,11.814244052316836,84.64358748403329,84.19031609190289,True,True,10.68328449036926,14.228812884539366,16.12759055569768,43.05423190817237,46.60000746604053,499
283,True,10000,500,3897826.740043184,5938.4102569893,43.2180343195796,11.814012470280002,84.6452466946058,84.19761827864917,True,True,10.679409489966929,14.227966001878182,16.106831065068643,43.04437809623778,46.5469931066036,499
284,True,10000,500,3897826.740561219,5937.092559877783,42.49605117365718,11.812818654717688,84.65380103000479,84.21630536450533,True,True,10.678679565899074,14.225916005671024,15.88332001119852,43.02747193723917,46.120146815665045,499
285,True,10000,500,3897826.740906396,5937.655393965542,42.386561166495085,11.81416599759328,84.64414671367533,84.20832244797359,True,True,10.683626984246075,14.22850259890159,16.115660934398573,43.052232917398214,46.57369756605474,499
286,True,10000,500,3897826.741255112,5936.904111877084,41.91893618553877,11.813597546476041,84.64821965247131,84.21897854131147,True,True,10.67709201015532,14.226649266978106,16.038465003172558,43.035845877602696,46.41458449419586,499
287,True,10000,500,3897826.741599499,5936.737743206322,41.62874910980463,11.81384567955214,84.64644173665131,84.22133865895839,True,True,10.677687008865178,14.236292957017818,16.08022799094518,43.04420524276793,46.489690910093465,499
288,True,10000,500,3897832.587058973,5861.067560035735,43.29957300797105,11.658853681418364,85.7717257052277,85.30869075956386,True,True,10.666541988030076,14.186090013633171,15.17801033332944,42.930216062814,45.39313614368439,499
289,True,10000,500,3897832.630426115,5912.401623092592,68.27817624434829,11.711670234164817,85.38491777909182,84.568003304631,True,True,10.65359974745661,14.200930017977953,14.588669408112764,43.03253358229995,49.969968963414324,499
290,True,10000,500,3897832.631275017,5911.594291217625,67.43851397186518,11.711735024540602,85.38444542201599,84.5795525485924,True,True,10.651114745996892,14.201346629609665,14.591942696521679,43.043474946171045,49.96284512802948,499
291,True,10000,500,3897832.631702362,5910.783709958196,66.9140899553895,11.711161563131876,85.38862644915757,84.59115145046245,True,True,10.663827182725072,14.182939970244965,14.551599665234486,43.0060975253582,50.01055605709542,499
292,True,10000,500,3897832.632083869,5911.036255769432,66.6809007525444,11.712134979993762,85.38152964495058,84.58753733949406,True,True,10.6516097439453,14.202949590981007,14.582882635295391,43.0773071013391,49.9530041590332,499
293,True,10000,500,3897832.632449885,5909.29054422304,66.13092729821801,11.70973871127219,85.39900203216031,84.6125260313699,True,True,10.664964676834643,14.18890974794825,14.554732789595922,42.92234415188432,49.56342600285998,499
294,True,10000,500,3897832.632805242,5910.4317817837,65.98212802782655,11.712323955422592,85.38015203524304,84.59618830912312,True,True,10.652497177943587,14.202639615784088,14.582365906486908,43.0516111664474,49.93517877534022,499
295,True,10000,500,3897832.633159818,5909.4687616452575,65.46809384599328,11.71142418396646,85.38671166646421,84.6099742916307,True,True,10.659254738129675,14.199319761246443,14.561996019134918,43.01086105406284,50.06606006994833,499
296,True,10000,500,3897832.633507535,5909.233384300023,65.12955715879798,11.711630916114679,85.38520443160866,84.61334448702391,True,True,10.657242266461253,14.199733113249144,14.571259574343761,43.02288079634309,49.99284947291006,499
297,True,10000,500,3897832.633868761,5909.041997045279,64.85339999198914,11.711800795697973,85.38396591985445,84.61608501852194,True,True,10.653647244907916,14.202213380485773,14.591779404630264,43.053004425019026,49.969773292541404,499
298,True,10000,500,3897832.635700223,5907.460852060467,63.07189678773284,11.71220231517582,85.3810387739181,84.63873270114091,True,True,10.651567252352834,14.202173023174206,14.582919577757517,43.053654953837395,49.94714619591822,499
299,True,10000,500,3897832.63605945,5906.892846804112,62.67250096425414,11.711864420520758,85.3835020705897,84.64687153932746,True,True,10.652212426066399,14.202759601175785,14.59161564707756,43.04154263809323,49.966658875346084,499
300,True,10000,500,3897832.636408216,5906.630610115826,62.341015320271254,11.712003195983076,85.38249036193697,84.65062960661345,True,True,10.650774813257158,14.200283059229454,14.581382740288973,43.05811915546656,49.96409418061366,499
301,True,10000,500,3897832.636756593,5906.442452222109,62.02274700626731,11.7122639383083,85.38058954846592,84.65332626950274,True,True,10.651987511664629,14.202773105353117,14.582416042685509,43.054157216101885,49.94461691007008,499
302,True,10000,500,3897832.637109869,5905.6749898009,61.58593203872442,11.711601318160673,85.38542021997823,84.6643272553095,True,True,10.654377518221736,14.200349648793539,14.579432706038157,43.04064903408289,49.976865965872896,499
303,True,10000,500,3897832.637459366,5905.534761026502,61.2809550948441,11.71193147481294,85.38301322463737,84.66633763630406,True,True,10.650814860127866,14.197739927719036,14.590666008492311,43.05156450718641,49.96423477306952,499
304,True,10000,500,3897832.637802252,5905.276284087449,60.95534795895219,11.712066004265525,85.38203248135733,84.67004352485867,True,True,10.668524773791432,14.209366248299679,14.576906027893225,43.11497872695327,49.963698610663315,499
305,True,10000,500,3897832.638362297,5905.909216962755,60.450663324445486,11.714345798874367,85.36541580461882,84.66096948526007,True,True,10.6735770823434,14.215506458034119,14.576176026215157,43.10404863208532,50.33944722264994,499
306,True,10000,500,3897832.638734973,5905.101224780083,60.06939709186554,11.713490636649732,85.37164804410668,84.67255360531452,True,True,10.655094753019512,14.19396341467897,14.579559365908304,43.11783444136381,50.1947733759879,499
307,True,10000,500,3897832.679043935,5864.707763772458,45.50744080916047,11.661724094114824,85.75061388261256,85.25573995154642,True,True,10.653832228854299,14.185832968602577,14.597416079292694,43.10916434042156,50.23899083025758,499
308,True,10000,500,3897832.679977906,5864.253679290414,44.632329139858484,11.662567835973057,85.7444101560131,85.26234152621122,True,True,10.671914787963033,14.205300093938908,14.57692931095759,43.107494013383985,50.40873154066507,499
309,True,10000,500,3897832.680436871,5863.755203783512,44.20536383986473,11.662424528945186,85.74546377711441,85.26958964408703,True,True,10.653927456587553,14.186283263067404,14.59720932568113,43.117793975397944,50.40446580387656,499
310,True,10000,500,3897832.680830507,5863.163009751588,43.818237725645304,11.662013571194274,85.74848536191446,85.27820208450662,True,True,10.672724689356983,14.210093145569166,14.576489571481943,43.104103999212384,50.31920017208908,499
311,True,10000,500,3897832.681206814,5862.94648097828,43.428841046988964,11.662359999862309,85.74593821591911,85.28135155628624,True,True,10.66655945032835,14.204286659757296,14.577729472269615,43.12194441445172,50.380507460795386,499
312,True,10000,500,3897832.68156059,5862.316268030554,43.005296029150486,11.661945835674155,85.74898341072529,85.2905195044987,True,True,10.656669735908508,14.197306397060553,14.579182645926872,43.11563423834741,50.28862054459755,499
313,True,10000,500,3897832.681916297,5861.784723121673,42.6110690459609,11.661670649450324,85.75100687199868,85.29825362363815,True,True,10.653374949470162,14.185723382979631,14.597568971415361,43.09460963122547,50.21662588696931,499
314,True,10000,500,3897832.682281083,5861.794102936983,42.34238201752305,11.662227897634189,85.74690949084102,85.29811713268484,True,True,10.664417291991413,14.203363098204136,14.57794631520907,43.11776394024491,50.35155876539652,499
315,True,10000,500,3897832.682644899,5861.309668049216,41.97228606790304,11.661998761485599,85.7485942549193,85.30516698777527,True,True,10.663454770110548,14.198109662781158,14.578636114796003,43.11714437790215,50.30529375653718,499
316,True,10000,500,3897832.683184044,5860.930112190545,41.44551092758775,11.662293790106125,85.74642501703777,85.3106913798573,True,True,10.668564471416175,14.203123437861601,14.57737929498156,43.122388888150454,50.36661664489661,499
317,True,10000,500,3897832.683535601,5860.379966907203,41.0678437910974,11.661948142517247,85.7489664487694,85.31869995178374,True,True,10.659637278877199,14.198283044000467,14.57907942434152,43.11516880989075,50.303186103701634,499
318,True,10000,500,3897832.683884617,5860.152158886194,40.770228020846844,11.662088037806308,85.74793782710155,85.32201663770999,True,True,10.663987253792584,14.19820636510849,14.578349267443022,43.114843778312206,50.33726617693905,499
319,True,10000,500,3897832.684234584,5859.560094773769,40.32406164333224,11.661795657576025,85.75008766770452,85.33063778046369,True,True,10.654459707438946,14.18681675568223,14.59734266002973,43.11956977471709,50.25653149932627,499
320,True,10000,500,3897838.449764787,5932.990329805762,41.62195883691311,11.806349440819336,84.70018654052325,84.27453479708763,True,True,10.662847314961255,14.157143638779718,16.355831413529643,42.81451874412596,47.22012380138038,499
321,True,10000,500,3897838.544569671,5882.270880974829,49.207673873752356,11.689505425052259,85.5468185896778,85.00118578645572,True,True,10.66483452450484,14.154350074628988,14.432907570153475,42.817908991128206,46.8025480769574,499
322,True,10000,500,3897838.545428213,5881.15563057363,48.26816264539957,11.689153242341144,85.54939603133448,85.01730466045012,True,True,10.662417276762426,14.154617053767046,14.427407799909512,42.81479511409998,46.84588227421039,499
323,True,10000,500,3897838.545869948,5881.217582151294,47.96316707506776,11.689888607367187,85.54401445449028,85.01640910505215,True,True,10.66646445542574,14.157363679260015,14.433397601048151,42.830839194357395,46.853211447596486,499
324,True,10000,500,3897838.546262924,5880.493778735399,47.49874072149396,11.689368813655122,85.54781835883509,85.0268733908133,True,True,10.662706918083131,14.153133612126112,14.444230745236078,42.810835875570774,46.89418394118541,499
325,True,10000,500,3897838.546633651,5879.888534080237,47.053405083715916,11.689048354702447,85.550163679296,85.03562560786071,True,True,10.668434551917017,14.15301657592257,14.426897745579481,42.81964488327503,46.83109708130353,499
326,True,10000,500,3897838.546992287,5879.157482180744,46.67100915685296,11.68834964533846,85.55527772039395,85.04619947934036,True,True,10.665179463103414,14.15734039619565,14.435491058975458,42.793828062713146,46.74489341676229,499
327,True,10000,500,3897838.547357534,5879.523808136582,46.426271088421345,11.689574222541404,85.54631511485388,85.040900643698,True,True,10.66527224611491,14.153456936279932,14.432830736041069,42.82200103625655,46.810575928538974,499
328,True,10000,500,3897838.54771454,5879.084712360054,46.05504497885704,11.689438211184765,85.54731048094112,85.04725215964508,True,True,10.669592185877264,14.154210376242796,14.445020661999783,42.813941184431314,46.79589515551918,499
329,True,10000,500,3897838.548067597,5878.648455720395,45.68619793280959,11.689303121818808,85.54829912259167,85.05356354715514,True,True,10.667381924577057,14.153186852733294,14.427081060906252,42.81123727560043,46.88582813367241,499
330,True,10000,500,3897838.548649021,5878.479808103293,45.19103420898318,11.689957462714048,85.54351058928754,85.05600364753593,True,True,10.666179819963872,14.15036665275693,14.433334271113077,42.837315052747726,46.86118721961969,499
331,True,10000,500,3897838.549009707,5877.998253330588,44.80961803346872,11.689756784162563,85.5449791183691,85.06297185724583,True,True,10.665352223441005,14.153380412608385,14.432944046954313,42.8209176287055,46.842397619038756,499
332,True,10000,500,3897838.549360364,5877.60283658281,44.43708062171936,11.68971093378976,85.54531465012059,85.06869448339519,True,True,10.664429748430848,14.153327016780773,14.432754057149092,42.820747289806604,46.83449340984219,499
333,True,10000,500,3897838.54970646,5877.340060193092,44.11968495696783,11.689820391254758,85.544513647798,85.07249791218874,True,True,10.665667243301868,14.153346884995699,14.433100664367279,42.82562891021371,46.85275195166462,499
334,True,10000,500,3897838.550058757,5876.571427099407,43.67999918758869,11.689161178179997,85.54933795135675,85.0836250699318,True,True,10.66546980291605,14.153030080099901,14.426967594772577,42.81121892854571,46.85524515807622,499
335,True,10000,500,3897838.550408624,5876.26447994262,43.337571900337934,11.689232280645856,85.54881757767139,85.08806942006163,True,True,10.667189490050077,14.153133456905683,14.427094254642725,42.81036499887705,46.87595138326281,499
336,True,10000,500,3897838.55080784,5876.114781014621,42.98257501795888,11.689643699392109,85.54580667433025,85.09023710964094,True,True,10.668192175216973,14.15821040670077,14.43956388781468,42.855124827474356,46.708914563059736,499
337,True,10000,500,3897838.551613382,5961.608997080475,65.89125888422132,11.815065607607723,84.63770183011933,83.86997541181591,True,True,10.66888973582536,14.176486898213625,16.23219654895361,42.83327213488519,47.56932124961166,499
338,True,10000,500,3897838.552007968,5961.529408115894,65.66083105280995,11.815367889905978,84.63553647401136,83.87109511181998,True,True,10.669062263332307,14.175978675484657,16.234659495918656,42.87994303740561,47.592243752442286,499
339,True,10000,500,3897838.552376394,5960.323739796877,64.96740877628326,11.81434134473065,84.64289043468453,83.88806075440452,True,True,10.668057249858975,14.173060096800327,16.24551454481354,42.83840083517134,47.55844378378241,499
340,True,10000,500,3897838.552731391,5960.294279735535,64.63161110877991,11.814955247749008,84.63849240482908,83.88847538953824,True,True,10.668454808183014,14.173957953850428,16.24589605567352,42.83890291117132,47.58452306501566,499
341,True,10000,500,3897838.553099147,5960.205460898578,64.43791417405009,11.815165424297652,84.63698679525214,83.88972549356016,True,True,10.668536997400224,14.176599401980639,16.23384066003681,42.850125627592206,47.57576155941932,499
342,True,10000,500,3897838.553460183,5959.883274976164,64.09346777945757,11.815210034462337,84.63666723513357,83.89426049656983,True,True,10.668659582734108,14.17670597632726,16.23399579354247,42.87985796108842,47.57798483129589,499
343,True,10000,500,3897838.55380321,5959.580528084189,63.76668997108936,11.815258192611422,84.63632226211884,83.89852232783467,True,True,10.669132228940725,14.175471663475037,16.234375214359368,42.879016138613224,47.57997741922735,499
344,True,10000,500,3897838.554238046,5959.260069765151,63.41451406478882,11.815321754910544,84.6358669483031,83.90303395832574,True,True,10.668907198123634,14.176052901893854,16.234379690140443,42.87903495132923,47.584636658430085,499
345,True,10000,500,3897838.554601052,5958.480628207326,62.85100895911455,11.81488901652948,84.63896686638036,83.91400949312651,True,True,10.668269824236631,14.174764603376389,16.231216605131785,42.83672566525638,47.560243420302854,499
346,True,10000,500,3897838.554963549,5958.1749606877565,62.50614207237959,11.814967572375506,84.6384041153099,83.91831446693278,True,True,10.668524540960789,14.175823299835125,16.23153519894303,42.834342969581485,47.56377090234308,499
347,True,10000,500,3897838.555315375,5957.947663962841,62.20599636435509,11.815113562321615,84.63735830597507,83.92151596501813,True,True,10.668754461221397,14.176508691161871,16.233132331787253,42.84938769415021,47.57245140615849,499
348,True,10000,500,3897838.555668052,5957.754105329514,61.917728278785944,11.815303360823101,84.63599870958674,83.9242424511486,True,True,10.668869712390006,14.175364561378956,16.234458322481522,42.87892212159932,47.582015036605284,499
349,True,10000,500,3897838.556017858,5957.162712235004,61.469392850995064,11.815016672112241,84.63805238297849,83.93257397067309,True,True,10.668949456885457,14.17617459471027,16.231748335994737,42.832704074680805,47.56599366664885,499
350,True,10000,500,3897838.556365595,5957.208710722625,61.319803819060326,11.81540863106927,84.63524463897464,83.93192588670419,True,True,10.669172275811434,14.17636601254344,16.232910375886867,42.87973600439727,47.58999343030153,499
351,True,10000,500,3897838.556756741,5956.702276133001,60.87924912571907,11.815276607229022,84.63619035276442,83.93906171932976,True,True,10.668904753401875,14.176595366249481,16.23206875286992,42.84815308637917,47.57953628432004,499
352,True,10000,500,3897844.383926216,6101.941232103854,43.75512804836035,12.14065351514127,82.36788890753249,81.94113659590388,True,True,10.731786489486694,14.272086011866728,21.357143996283412,43.04340481758118,43.925170693546534,499
353,True,10000,500,3897844.427809812,6102.816863916814,59.60924178361893,12.110636517300993,82.57204306077733,81.92937968633353,True,True,10.73568151332438,14.271865909298262,16.64716051891446,43.04420482367277,44.53223478049039,499
354,True,10000,500,3897844.428690654,6102.181318681687,58.765009976923466,12.111054726863253,82.56919174693537,81.93791267218847,True,True,10.737578966654837,14.273008952538172,16.650998033583164,43.09075511991978,44.40558152273297,499
355,True,10000,500,3897844.429161629,6101.423506624997,58.25112480670214,12.110565895427444,82.57252457356823,81.9480895658356,True,True,10.735499090515077,14.27153560022513,16.645603231154382,43.04397525265813,44.5230521261692,499
356,True,10000,500,3897844.429565935,6101.1034501716495,57.85906920209527,12.110710182303716,82.57154080536164,81.95238846276781,True,True,10.736311553046107,14.272302233924469,16.6504179360345,43.05840516462922,44.341471791267395,499
357,True,10000,500,3897844.429949601,6100.4375969059765,57.40122403949499,12.110293332397758,82.57438301058944,81.96133343837339,True,True,10.731366812251508,14.275005552917719,16.638112952932715,43.0693537928164,44.47784507647157,499
358,True,10000,500,3897844.430332518,6100.579944904894,57.12926480919123,12.111123607406217,82.56872214469664,81.95942099203076,True,True,10.739271529018879,14.276232415189346,16.6514782467857,43.08975487947464,44.41445944830775,499
359,True,10000,500,3897844.430700094,6099.745832849294,56.65891990065575,12.110394615127532,82.57369241716235,81.97062856411536,True,True,10.741241509094834,14.270739008982977,16.638968139886856,43.058964889496565,44.49720438569784,499
360,True,10000,500,3897844.43107397,6099.419606849551,56.29157368093729,12.110477020377983,82.57313054781625,81.97501274359088,True,True,10.735339019447565,14.270728919655085,16.63990074303001,43.04303461685777,44.519472401589155,499
361,True,10000,500,3897844.431427917,6099.524554796517,56.04866612702608,12.111174125590162,82.56837773367174,81.97360228787213,True,True,10.73936908505857,14.276325547446808,16.650030738674104,43.0839448235929,44.42400522530079,499
362,True,10000,500,3897844.432045711,6098.78549259156,55.40389288216829,12.110985169758301,82.56966596714584,81.98353600194172,True,True,10.737088974565268,14.272809028625488,16.65042305830866,43.08250406756997,44.39681926742196,499
363,True,10000,500,3897844.432401887,6098.347236867994,55.03588682040572,12.110844388872923,82.5706257871474,81.98942772186113,True,True,10.736566502600908,14.27277239660422,16.64938300382346,43.058095034211874,44.37162363901734,499
364,True,10000,500,3897844.432757934,6098.23462786153,54.72579877823591,12.111240138443474,82.56792769105469,81.990941725267,True,True,10.739683755673468,14.283972326666117,16.65005076210946,43.08836441487074,44.43299286067486,499
365,True,10000,500,3897844.43311407,6097.675323951989,54.32979390025139,12.110912885875226,82.57015878351208,81.99846227233085,True,True,10.736891534179449,14.272865684082111,16.649760538712144,43.06238470599055,44.387437868863344,499
366,True,10000,500,3897844.433466827,6097.073178738356,53.938357159495354,12.110490624406534,82.57303779127481,82.00656041715135,True,True,10.735361487604678,14.27116896957159,16.644715680740774,43.04366512224078,44.511834532022476,499
367,True,10000,500,3897844.433821943,6096.182879060507,53.504271898418665,12.109576367058292,82.57927194879437,82.01853683186353,True,True,10.731149232015014,14.272302233924469,16.63460081908852,43.035305105149746,44.351363740861416,499
368,True,10000,500,3897844.434238039,6096.472626086324,53.19309514015913,12.110780623138607,82.57106053836205,82.0146387372494,True,True,10.74241625610739,14.280938853820166,16.6665930300951,43.08653483167291,44.127834029495716,499
369,True,10000,500,3897844.513963112,6103.5761358216405,52.558100782334805,12.126288647373359,82.46546235864237,81.91918784555178,True,True,10.742096463218331,14.261172991245985,14.479653698702572,43.068265076726675,45.558312069624655,499
370,True,10000,500,3897844.514684545,6102.892871946096,51.84331815689802,12.126351811200799,82.46503281195633,81.92835930291523,True,True,10.742338956333697,14.261004359771807,14.479731086175809,43.06807508692145,45.5590802244842,499
371,True,10000,500,3897844.51510114,6102.526347152889,51.432973239570856,12.126439627080797,82.46443562600166,81.93328001496842,True,True,10.741943726316094,14.260463416576385,14.479558574190905,43.06860500946641,45.56046035140752,499
372,True,10000,500,3897844.515479917,6101.946041919291,51.02377571165562,12.126096725867004,82.46676755157591,81.94107200638753,True,True,10.742278769612312,14.270931792755922,14.479733894113371,43.0686348117888,45.536892861127846,499
373,True,10000,500,3897844.515835613,6101.94108216092,50.73761893436313,12.126660246947008,82.46293535367734,81.94113860944258,True,True,10.740708908997476,14.26164194320639,14.481135377815535,43.06744411587715,45.56470997631549,499
374,True,10000,500,3897844.51618997,6101.058119907975,50.25971308350563,12.12584851067028,82.46845564003529,81.95299736097937,True,True,10.74319623876363,14.271388358126083,14.479523758248655,43.07996388524771,45.53934875875711,499
375,True,10000,500,3897844.516539966,6100.763493683189,49.917036667466164,12.125944803638722,82.46780075231108,81.95695514466453,True,True,10.742886457592249,14.27140257631739,14.479837316709181,43.08103397488594,45.54137839004397,499
376,True,10000,500,3897844.516885633,6100.580544676632,49.624289851635695,12.12616483932865,82.46630433034454,81.95941293428216,True,True,10.742253973148763,14.271014432112377,14.479464785351029,43.06874517351389,45.53734613582491,499
377,True,10000,500,3897844.51723383,6100.47060623765,49.32610224932432,12.126542092160975,82.4637388300854,81.96088994982726,True,True,10.7419389532879,14.260925197352966,14.481619254996298,43.066355399787426,45.56095823645591,499
378,True,10000,500,3897844.517702445,6099.643904250115,48.7883179448545,12.125963098808137,82.46767632818296,81.97199834101947,True,True,10.743171442300081,14.271029426405827,14.479735995797983,43.08221396058798,45.544412266463034,499
379,True,10000,500,3897844.518052351,6099.688794929534,48.514220863580704,12.126602352837581,82.4633290433576,81.9713950678325,True,True,10.742051410488784,14.260869349042574,14.48142557560148,43.06645505130291,45.56321455165743,499
380,True,10000,500,3897844.518398628,6099.269458092749,48.15507400780916,12.126481731633147,82.46414929990777,81.97703076334501,True,True,10.742116486653686,14.261349601050217,14.481508062841913,43.06659521535039,45.56081620976328,499
381,True,10000,500,3897844.518746145,6098.755212966353,47.76930809020996,12.126224258268822,82.46590024245215,81.98394304086304,True,True,10.742156533524394,14.27063699811697,14.479520262684593,43.06874377653003,45.53772220388054,499
382,True,10000,500,3897844.519090481,6097.86937199533,47.34016302973032,12.125309036003205,82.47212479539607,81.99585289515495,True,True,10.742606245912611,14.271455071866512,14.480047932981124,43.0784453637898,45.51139036193489,499
383,True,10000,500,3897844.519435778,6097.9502513073385,47.06189502030611,12.126028770114294,82.46722970545736,81.99476535460504,True,True,10.74294897262007,14.271403259287277,14.47980740185198,43.08248404413462,45.54586643353104,499
384,True,10000,500,3897850.487130245,5982.724898960441,44.4291508756578,11.90039228073103,84.03084338817871,83.57395809506134,True,True,10.663292021490633,14.18178342282772,14.60851232210795,42.78833605349064,43.53207351639867,499
385,True,10000,500,3897850.531681215,5981.967177242041,59.44205308333039,11.86878782396535,84.25460247766911,83.58454421184618,True,True,10.666219750419259,14.177521970123053,14.649206874115979,42.78275156393647,43.944463254883885,499
386,True,10000,500,3897850.532519897,5981.1681639403105,58.60948096960783,11.868855076093592,84.25412506840811,83.59571011803938,True,True,10.665359790436924,14.177470685293278,14.648377851117367,42.780339159071445,43.95539252087474,499
387,True,10000,500,3897850.532941983,5980.618238914758,58.1683749333024,11.868637001966844,84.25567315221471,83.60339684392393,True,True,10.66621474456042,14.175568210581938,14.650894616109595,42.77279395610094,43.91984053887427,499
388,True,10000,500,3897850.533328739,5980.187714099884,57.74225993081927,11.868628164667465,84.25573588841284,83.6094156076601,True,True,10.668752249330282,14.176764680693548,14.65641110281767,42.772441916167736,43.912005349993706,499
389,True,10000,500,3897850.533698705,5980.14923511073,57.45475320145488,11.86912721825506,84.2521932414686,83.60995358851473,True,True,10.665802168659866,14.185612679769596,14.650636750739032,42.79391169548035,43.81051857024431,499
390,True,10000,500,3897850.534062322,5979.947255924344,57.1236158721149,11.869386052208876,84.25035596629714,83.6127776051284,True,True,10.666024754755199,14.177055998394886,14.648331318361029,42.78191905468702,43.83087889291346,499
391,True,10000,500,3897850.534410978,5979.31856289506,56.724009569734335,11.868926960571795,84.25361478101338,83.62156903677509,True,True,10.664084693416953,14.177755359560251,14.647542488916432,42.77976909652352,43.881762716919184,499
392,True,10000,500,3897850.534765025,5979.122553952038,56.394222658127546,11.869195052693208,84.25171172606963,83.62431033789623,True,True,10.665219742804766,14.176036262263855,14.650012739002669,42.79467174783349,43.815347887575626,499
393,True,10000,500,3897850.535132021,5978.637578897178,56.00940668955445,11.86899433308141,84.25313652840725,83.6310937737474,True,True,10.666014743037522,14.181438647210598,14.645789333929583,42.78817689046264,43.789542354643345,499
394,True,10000,500,3897850.535684926,5977.786917239428,55.37971295416355,11.868551511593715,84.25628005432311,83.64299479428459,True,True,10.671339463442564,14.179769344627857,14.657749393178737,42.79843708500266,43.89848820865154,499
395,True,10000,500,3897850.536036372,5977.7731276117265,55.11122569441795,11.869061927689998,84.2526567046587,83.64318774335332,True,True,10.665979702025652,14.181226678192616,14.645287353390172,42.7901292219758,43.79392171278596,499
396,True,10000,500,3897850.536386409,5977.022685110569,54.67147007584572,11.86843930868682,84.25707660383569,83.65368952765661,True,True,10.665812296792865,14.180574038376411,14.662026983375316,42.772447876632214,43.90189243480563,499
397,True,10000,500,3897850.536729635,5977.19661379233,54.43598283454776,11.86925978147852,84.25125226094198,83.65125531361211,True,True,10.665982263162732,14.176776694754759,14.649589190569982,42.78873968869448,43.82077340967953,499
398,True,10000,500,3897850.537077672,5976.527470164001,54.03946619480848,11.868713434808,84.25513055755877,83.66062107069669,True,True,10.666279471479356,14.176898015042145,14.650201005861128,42.77695771306753,43.93232720904052,499
399,True,10000,500,3897850.537422049,5976.5437403693795,53.757439367473125,11.86931122445272,84.25088710622371,83.66039331774347,True,True,10.665944777429104,14.176847444226343,14.648919984077379,42.78023159131408,43.825550861656666,499
400,True,10000,500,3897850.538842034,5974.200543947518,52.18979483470321,11.867757012250129,84.26192067867422,83.69320653397745,True,True,10.667309747077525,14.182447952528795,14.646674944863928,42.77749685570598,43.52113883011044,499
401,True,10000,500,3897850.618163021,5983.426572289318,51.977816969156265,11.886670852345013,84.12784474491603,83.56415742036842,True,True,10.667137219570577,14.187511646499235,15.650716043698207,42.77893723919988,45.60897227376701,499
402,True,10000,500,3897850.618822715,5982.517181430012,51.24458437785506,11.886317829763842,84.1303433344141,83.57685984622347,True,True,10.666784713976085,14.182881390055021,15.628805537708018,42.791755963116884,45.57913983240725,499
403,True,10000,500,3897850.619231071,5982.064675074071,50.829607993364334,11.886242619400214,84.13087567031847,83.58318192101608,True,True,10.667209746316075,14.182521371791761,15.626785132723466,42.77973407879472,45.58630238287152,499
404,True,10000,500,3897850.619594637,5981.955067254603,50.53932126611471,11.886604701379737,84.12831293059868,83.58471342204066,True,True,10.66709728911519,14.188001335908968,15.6385380215942,42.77875302359462,45.587800694629564,499
405,True,10000,500,3897850.619957394,5981.671128887683,50.189984031021595,11.886735761235794,84.12738535512258,83.58868102683157,True,True,10.667054797522724,14.187540610631306,15.652456940151666,42.77860149741173,45.61001609079541,499
406,True,10000,500,3897850.62031134,5981.469200924039,49.87237835302949,11.886967580302624,84.12574470692226,83.59150289075437,True,True,10.667477268725634,14.190334361046553,15.656261627251817,42.77798570692539,45.60903026722373,499
407,True,10000,500,3897850.620655967,5980.724248103797,49.45060098543763,11.88631993410493,84.13032844007009,83.60191496180855,True,True,10.667009744793177,14.185202525307735,15.631396075089688,42.79633415862918,45.58222658000888,499
408,True,10000,500,3897850.621016153,5980.482100974768,49.11128478124738,11.886514661710462,84.12895019776138,83.60529996712208,True,True,10.667207185178995,14.188122004270554,15.636647399514828,42.78181595727801,45.586389536038055,499
409,True,10000,500,3897850.62135914,5980.061284732074,48.75489789992571,11.886385544753804,84.1298640562237,83.61118326271495,True,True,10.667177266441286,14.18562342102329,15.63412026657404,42.78645319864154,45.58534709736706,499
410,True,10000,500,3897850.621827125,5979.878186713904,48.33331285044551,11.88686347467627,84.12648148356345,83.61374335532456,True,True,10.66731452010572,14.188043307512999,15.654671033844267,42.77757499366999,45.610391013324275,499
411,True,10000,500,3897850.622178432,5979.56460993737,47.99880599603057,11.886905418720119,84.12618463550217,83.61812817760271,True,True,10.667267255485058,14.18788693845272,15.655353406133667,42.77723226696253,45.609779655933394,499
412,True,10000,500,3897850.622522778,5978.418251965195,47.50508116558194,11.88559753667257,84.1354418164116,83.63416190154354,True,True,10.666767018847167,14.181328006088734,15.60362291211875,42.78155090287328,45.550453476607814,499
413,True,10000,500,3897850.622860195,5978.597879875451,47.260462772101164,11.886447729666033,84.12942392403862,83.6316491000422,True,True,10.667074471712112,14.185839301596085,15.635271019612665,42.78419008478522,45.585664026439204,499
414,True,10000,500,3897850.623203422,5978.036755230278,46.8488372862339,11.886148132152393,84.13154445677566,83.63949913197543,True,True,10.666879708878696,14.182868630935747,15.623601550857142,42.780754901468754,45.58267658576371,499
415,True,10000,500,3897850.623543208,5978.123235050589,46.610429883003235,11.886799208752677,84.12693631298694,83.63828919892931,True,True,10.667199501767755,14.187538033972183,15.653792157148235,42.77820736169815,45.61068394221367,499
416,True,10000,500,3897856.471018223,5939.285556785762,43.54155994951725,11.815118230132756,84.63732486820523,84.18520968885545,True,True,10.665217181667686,14.159453411897024,14.673138658205668,42.93867414817214,44.99686365015804,499
417,True,10000,500,3897856.514679792,5940.106608904898,60.4813820682466,11.782816085844992,84.86935489057886,84.17357345917713,True,True,10.669219424016774,14.154296678801378,14.77259723469615,42.953633051365614,45.122300642542534,499
418,True,10000,500,3897856.515492413,5939.205458853394,59.635691810399294,11.782704943973936,84.87015543162124,84.18634503621442,True,True,10.6626998167485,14.155406970530748,14.809806986401478,42.95423189178109,45.131681365892284,499
419,True,10000,500,3897856.515924859,5938.014591112733,59.11705736070871,11.78135778307019,84.87986006477114,84.2032285923205,True,True,10.665377252735198,14.134843523303667,14.659035330017408,42.920139990746975,44.674767581745975,499
420,True,10000,500,3897856.516320085,5938.242468051612,58.78939991816878,11.782471078423736,84.87183998535055,84.19999733760521,True,True,10.660342290066183,14.155650356163582,14.824200111130873,42.941933032125235,45.11845719534903,499
421,True,10000,500,3897856.516690222,5938.050999771804,58.444222901016474,11.782779111965505,84.86962120714732,84.20271230732352,True,True,10.66936447750777,14.15427029132843,14.750414372732243,42.95207327231765,45.1107439212501,499
422,True,10000,500,3897856.517064458,5937.766852788627,58.10378585010767,11.782891917712464,84.86880869175795,84.20674175934995,True,True,10.671674739569426,14.155793624619642,14.773771011581024,42.95417037792504,45.151637941598885,499
423,True,10000,500,3897856.517422054,5937.05186014995,57.67446104437113,11.782319437085327,84.87293230672897,84.21688268483,True,True,10.664832312613726,14.155573211610317,14.80647036805749,42.94289695098996,45.068247984163456,499
424,True,10000,500,3897856.517781701,5937.23257817328,57.412293273955584,11.783206983766181,84.86653942154356,84.2143192837219,True,True,10.673479526303709,14.15614364668727,14.805406952897707,42.95467394404113,45.21208604332059,499
425,True,10000,500,3897856.518148797,5936.772422865033,57.03236674889922,11.78304620464155,84.86769742157867,84.22084667997169,True,True,10.672907228581607,14.155826686571041,14.78927070274949,42.9528322070837,45.1716530509293,499
426,True,10000,500,3897856.518684932,5935.922390781343,56.43158312886953,11.782546708722391,84.87129520647004,84.23290721868504,True,True,10.660517262294888,14.156056878467401,14.833710311601559,42.95380203984678,45.14288623817264,499
427,True,10000,500,3897856.519038268,5935.837982222438,56.135945953428745,11.782970012563146,84.8682462005579,84.23410502400453,True,True,10.672914795577526,14.155920129269361,14.78139078244567,42.94070885516703,45.172323994338505,499
428,True,10000,500,3897856.519385625,5935.578973963857,55.80219905823469,11.783119789390025,84.86716742881954,84.23778071073217,True,True,10.673327022232115,14.156070382644733,14.796387404203415,42.95458192937076,45.191477942280464,499
429,True,10000,500,3897856.519729672,5934.634793084115,55.35114277154207,11.78213156375265,84.8742856578234,84.25118266463026,True,True,10.66569983959198,14.13495047017932,14.786027061442534,42.9470288567245,44.86028727144002,499
430,True,10000,500,3897856.520076488,5934.348336886615,55.01251667737961,11.782236112643757,84.8735325314759,84.25524954308952,True,True,10.668226983398199,14.151876947532097,14.79567727074027,42.925766203552485,45.02365965396165,499
431,True,10000,500,3897856.520417245,5934.101738967001,54.6858599409461,11.78239655115442,84.87237682575041,84.25875085974498,True,True,10.664724744856358,14.155636541545391,14.815710329761108,42.94296610169113,45.09458200540393,499
432,True,10000,500,3897856.520810561,5933.842562139034,54.3119041249156,11.78262656916657,84.87071996466861,84.26243109149155,True,True,10.689221904613078,14.155740073571602,14.693524998923143,42.9636818356812,45.3331471607089,499
433,True,10000,500,3897856.602173968,5941.046239808202,51.27437273040414,11.803150034224045,84.72314569419446,84.16026063721426,True,True,10.685434564948082,14.145490402976671,14.861229962358872,42.94341774657369,47.43348588701337,499
434,True,10000,500,3897856.602880681,5940.387787297368,50.57391989976168,11.803234203201617,84.72254153262085,84.16958924283955,True,True,10.68901945836842,14.146100419263044,14.856163412332535,42.947104992344975,47.450093347579234,499
435,True,10000,500,3897856.603289867,5939.669413957745,50.12691533192992,11.802690378007645,84.7264452402593,84.17976913412727,True,True,10.678642080165446,14.137074040869871,14.858726567278305,42.940180748701096,47.304615331813686,499
436,True,10000,500,3897856.603666893,5939.801472704858,49.8193777166307,11.803571332641738,84.72012171727958,84.17789757749442,True,True,10.689832037314773,14.146650365243355,14.85678336272637,42.9501629434526,47.516954462043934,499
437,True,10000,500,3897856.604037349,5938.749122899026,49.32630294933915,11.802450540981335,84.72816696225301,84.19281395000617,True,True,10.678219492547214,14.137497016539177,14.855886654307445,42.93853002600372,47.23468154668807,499
438,True,10000,500,3897856.604401376,5938.448206055909,48.96953608840704,11.802562464864735,84.72736348372807,84.19708022208734,True,True,10.678054532036185,14.137173537164927,14.856933305660883,42.939812783151865,47.25199689622968,499
439,True,10000,500,3897856.604745852,5938.2830783724785,48.677750397473574,11.802816288527064,84.72554139235825,84.1994215164691,True,True,10.678667342290282,14.143630241354307,14.859286602586508,42.94091388583183,47.33243033289909,499
440,True,10000,500,3897856.605093809,5938.284207135439,48.373932018876076,11.803427405043212,84.7211547700741,84.19940551164599,True,True,10.689397109672427,14.146333715567986,14.850250445306301,42.94909308664501,47.48896513599902,499
441,True,10000,500,3897856.605434315,5937.471006065607,47.94354736804962,11.802660237870857,84.72666160390932,84.21093753370914,True,True,10.678327060304582,14.136897400021553,14.85773998623093,42.940015997737646,47.280984213575714,499
442,True,10000,500,3897856.605902061,5937.522585038096,47.57241019979119,11.803507364405421,84.72058085172154,84.21020599735402,True,True,10.688736801967025,14.145880316694578,14.880583000679811,42.94598875567317,47.48338588047772,499
443,True,10000,500,3897856.606261547,5937.053649686277,47.20008373260498,11.803313759426196,84.72197048912591,84.2168573003245,True,True,10.689159506000578,14.14613410209616,14.856716617941856,42.94796232134104,47.468152353540056,499
444,True,10000,500,3897856.606603894,5936.474975198507,46.8261381611228,11.802903481036843,84.72491549275581,84.22506657383504,True,True,10.678831953555346,14.144530364622673,14.859183381001154,42.94130587950349,47.346442630514495,499
445,True,10000,500,3897856.60695572,5935.322786681354,46.382891945540905,11.80148275498159,84.7351151343999,84.24141667947387,True,True,10.677519487217069,14.137387120475372,14.854546636343002,42.93985920958221,47.15548542328178,499
446,True,10000,500,3897856.607312107,5935.814091935754,46.124313957989216,11.802985527009549,84.72432654531637,84.23444404690628,True,True,10.679144412279129,14.144817056755224,14.859923316786686,42.94205512851477,47.36008014529943,499
447,True,10000,500,3897856.607650083,5935.522356070578,45.79187789931893,11.803067090523564,84.72374106920726,84.23858423995709,True,True,10.681316955015063,14.145086985081434,14.86049328620235,42.94310607947409,47.4167561950162,499
448,True,10000,500,3897862.41136388,5918.654389679432,44.31103263050318,11.77223117645076,84.945664505842,84.47866137814496,True,True,10.601807967759669,14.09319369122386,15.347219376514243,42.56878485903144,44.87080878578126,499
449,True,10000,500,3897862.455734942,5919.3437728099525,61.406613793224096,11.73935302408162,85.18356999305172,84.46882275983215,True,True,10.60040551237762,14.090115732202927,15.208249894591647,42.578827030956745,45.529774986207485,499
450,True,10000,500,3897862.456566234,5919.044965878129,60.61696074903011,11.740336683625449,85.17643292076333,84.4730869392579,True,True,10.601507732644677,14.091856963932514,15.211381739936748,42.583803506568074,45.83966525271535,499
451,True,10000,500,3897862.45697495,5919.076106045395,60.33139396458864,11.740971366895405,85.17182852686098,84.4726425276623,True,True,10.601935558952391,14.090467399607101,15.237240892214057,42.58696837350726,45.95592682249844,499
452,True,10000,500,3897862.457343016,5918.5623112134635,59.9391283467412,11.740727821376197,85.17359530124806,84.4799756610971,True,True,10.601220303215086,14.095260637501877,15.230164638099549,42.585337441414595,45.895497715100646,499
453,True,10000,500,3897862.457715402,5918.616760987788,59.6390413120389,11.741438315983467,85.16844130064653,84.47919846672966,True,True,10.603807750158012,14.09322361772259,15.251019484518697,42.5840332172811,45.9566201781854,499
454,True,10000,500,3897862.458069979,5918.172214645892,59.26869483664632,11.741289618856204,85.16951991321517,84.48554416220499,True,True,10.601148009300232,14.092096127569675,15.199333780910798,42.56586595438421,46.27865619957446,499
455,True,10000,500,3897862.458419135,5917.435972951353,58.85394895449281,11.740645338671062,85.17419367964582,84.4960557723825,True,True,10.601100162602961,14.095383292684952,15.227144372183808,42.58440821431577,45.971247595734894,499
456,True,10000,500,3897862.458769742,5917.424482293427,58.56115184724331,11.741209079050469,85.17010414066075,84.49621984972322,True,True,10.60013275127858,14.093074357757965,15.2438603628737,42.590670892968774,46.01114365737885,499
457,True,10000,500,3897862.459133958,5916.964847128838,58.181645814329386,11.741048499628276,85.17126899115188,84.50278359227048,True,True,10.602098074741662,14.09037203217546,15.239423126913586,42.587152775377035,45.97348946146667,499
458,True,10000,500,3897862.459708313,5916.2465441040695,57.582511100918055,11.740809685377057,85.17300141961077,84.51304323993783,True,True,10.601550224237144,14.097104780375957,15.232533303399858,42.5849181599915,45.914487265981734,499
459,True,10000,500,3897862.460070459,5915.935636963695,57.22855497151613,11.74089595589615,85.17237557989013,84.51748475353948,True,True,10.601842659525573,14.091955653081339,15.234996498717596,42.586026759818196,45.9341538278386,499
460,True,10000,500,3897862.460419826,5915.867356583476,56.9264879450202,11.74136446620933,85.16897698541909,84.51846024633645,True,True,10.604037786833942,14.092939005543789,15.248960118430336,42.58463568985462,45.940284030511975,499
461,True,10000,500,3897862.460765912,5914.971406571567,56.43667280673981,11.74055056866699,85.17488120776767,84.5312623902961,True,True,10.60391531791538,14.094452001154423,15.214158584518957,42.57214488461614,45.91063641477376,499
462,True,10000,500,3897862.461117479,5915.028155781329,56.20534485206008,11.741127877613765,85.17069317562337,84.53045139122486,True,True,10.600272798910737,14.090334282567103,15.241153559181818,42.598399659618735,45.99163256585598,499
463,True,10000,500,3897862.461462825,5914.335842709988,55.74786989018321,11.74065726015993,85.17410719358467,84.54034625313002,True,True,10.60127792879939,14.095240645110607,15.195799801343409,42.573050735518336,45.913624195382,499
464,True,10000,500,3897862.461876471,5913.8057278469205,55.31732412055135,11.740457722898535,85.17555478689766,84.54792446860415,True,True,10.60446526389569,14.091345729927223,15.25071921525521,42.6081741694361,45.445190304890275,499
465,True,10000,500,3897862.543986751,5918.156864587218,52.35526291653514,11.755113430201767,85.06936202170155,84.48576329429116,True,True,10.605165269225836,14.091121032834053,15.3796779923141,42.61242998763919,46.26904643140733,499
466,True,10000,500,3897862.54508164,5916.626010090113,51.14344507455826,11.754474078187483,85.07398913369317,84.50762295053103,True,True,10.605517774820328,14.095214350769917,15.342255278180042,42.59310616180301,46.20960217434913,499
467,True,10000,500,3897862.545493276,5916.345763020217,50.796648021787405,11.754607444886632,85.07302389200667,84.51162593052312,True,True,10.605492978356779,14.095760571459929,15.348234989990791,42.59538766928017,46.226118481718004,499
468,True,10000,500,3897862.545872712,5915.261804126203,50.30096275731921,11.753428539817403,85.08155697822754,84.52711250264933,True,True,10.607282747514546,14.095157229652008,15.305732221653065,42.59255910292268,46.15792362485081,499
469,True,10000,500,3897862.546246438,5915.680810343474,50.05869595333934,11.754753736252775,85.07196513321288,84.52112546805398,True,True,10.604777722619474,14.090274305393299,15.375401669492325,42.61658485047519,46.25013098586351,499
470,True,10000,500,3897862.546598475,5915.370542090386,49.71346911042929,11.754823793547008,85.071458114835,84.52555870207735,True,True,10.605042800307274,14.090957740942637,15.376781268666187,42.61200111359358,46.2121866364032,499
471,True,10000,500,3897862.546957171,5915.226493962109,49.39139215275645,11.755180564748201,85.06887618543529,84.52761707609481,True,True,10.605235234834254,14.091314282268286,15.381078080584606,42.61364592239261,46.272824248299,499
472,True,10000,500,3897862.547310578,5914.573629852384,48.98766567930579,11.754681290928014,85.0724894405922,84.53694742700819,True,True,10.604915209114552,14.090111013501883,15.350092047204575,42.613635025918484,46.21953547466546,499
473,True,10000,500,3897862.547668504,5914.350592996925,48.651089891791344,11.754908823857983,85.07084274191743,84.54013541098509,True,True,10.604577721096575,14.090850638846556,15.37890468413631,42.609816091135144,46.257988288998604,499
474,True,10000,500,3897862.548229139,5913.831877056509,48.097474966198206,11.75497876170403,85.07033660136001,84.54755062277235,True,True,10.604648035950959,14.090754091739655,15.379034914076328,42.610643012449145,46.26391598023474,499
475,True,10000,500,3897862.548591755,5913.160405121744,47.6409699767828,11.754547966222367,85.07345436622317,84.55715146284886,True,True,10.605862829834223,14.095517341047525,15.344645362347364,42.59325903840363,46.215443476103246,499
476,True,10000,500,3897862.548947041,5912.629189901054,47.26038407534361,11.75424610385914,85.07563914896092,84.56474842934762,True,True,10.605110204778612,14.095330610871315,15.334198717027903,42.59245581924915,46.19472517166287,499
477,True,10000,500,3897862.549293398,5912.809527944773,47.04085597768426,11.755047438811802,85.0698395906329,84.56216924237613,True,True,10.60504768975079,14.093910654385885,15.379348304122686,42.59601999074221,46.34905471466482,499
478,True,10000,500,3897862.549638175,5912.155983969569,46.64319893345237,11.754534639350936,85.07355081946639,84.57151694842251,True,True,10.604897746816278,14.095621028294167,15.346385072916746,42.594937747344375,46.22065057978034,499
479,True,10000,500,3897862.549979041,5911.675400100648,46.23805405572057,11.754383459007872,85.07464500264014,84.57839210716598,True,True,10.60499029699713,14.09525734682878,15.338201696674028,42.59329503402114,46.202721735462546,499
480,True,10000,500,3897868.33107798,6074.68495098874,46.01993504911661,12.081493017915076,82.77122691021277,82.30879527647241,True,True,10.681162006221712,14.210313092917204,21.130398963578045,42.84239700064063,44.786567520350204,499
481,True,10000,500,3897868.377252104,6072.918507736176,59.28753362968564,12.051364677568118,82.97815448746283,82.33273661799667,True,True,10.675327153876424,14.215180991838375,15.340983355417729,42.864297050982714,44.98657202348112,499
482,True,10000,500,3897868.378243894,6072.261695284396,58.40924335643649,12.051808520897714,82.97509857263415,82.34164222340591,True,True,10.67631971091032,14.213031747688849,15.344097151731331,42.85425692796707,45.064054615795605,499
483,True,10000,500,3897868.37865097,6071.691441349685,57.96969821676612,12.051546579424686,82.97690204403108,82.34937575959134,True,True,10.677851969376206,14.211714329818886,15.348525075241804,42.86825703456998,45.037023536860936,499
484,True,10000,500,3897868.379027516,6071.188235655427,57.56556196138263,12.05134804347504,82.97826901957494,82.356201223272,True,True,10.680324514396489,14.215132997681698,15.318016509214916,42.86676738411188,44.953352306038134,499
485,True,10000,500,3897868.379383063,6070.874878205359,57.220055256038904,12.05141247084032,82.97782541420824,82.36045216398982,True,True,10.678212041966617,14.212341047823429,15.345610038687665,42.867806274443865,45.01322396099567,499
486,True,10000,500,3897868.379735019,6070.810629986227,56.92508816719055,12.051874833304682,82.97464202304491,82.36132379591857,True,True,10.680939769372344,14.212962271024782,15.343222006534416,42.85507695749402,45.07104791700839,499
487,True,10000,500,3897868.380095236,6070.029066875577,56.4344828017056,12.051291751651046,82.97865661272355,82.37192845229072,True,True,10.67560724914074,14.215310290455818,15.339035624638079,42.862107045948505,44.972818158566945,499
488,True,10000,500,3897868.380443952,6069.578161928803,56.068576872348785,12.051121412938786,82.97982948925747,82.37804780836845,True,True,10.67603228148073,14.207237834731739,15.333341943720855,42.86245722323656,44.93864057585596,499
489,True,10000,500,3897868.380789779,6069.795868825167,55.87801802903414,12.051939580753775,82.97419625277081,82.37509313419085,True,True,10.680664563551545,14.213156389693419,15.342541551217316,42.85631701350212,45.078347437083714,499
490,True,10000,500,3897868.381374713,6069.091096054763,55.27045391499996,12.05174477382718,82.97553746505683,82.3846589360023,True,True,10.678934515453875,14.209682401269674,15.345549878353754,42.852825950831175,45.05819445475935,499
491,True,10000,500,3897868.38172585,6068.655990064144,54.902787785977125,12.051609623803943,82.97646797526804,82.39056569010022,True,True,10.678337304852903,14.211182358364265,15.347443856298804,42.82957687973976,45.04352286458015,499
492,True,10000,500,3897868.382072516,6068.742890376598,54.60323113948107,12.052384086647528,82.97113606824642,82.38938591266837,True,True,10.680394480004907,14.213076326996088,15.341659005110342,42.85803670063615,45.1604364439845,499
493,True,10000,500,3897868.382413973,6068.010277114809,54.22353511676192,12.051676837671437,82.97600520403722,82.39933308711169,True,True,10.677012032829225,14.209282336135706,15.34639971020309,42.827627155929804,45.051095075905316,499
494,True,10000,500,3897868.38275604,6066.908856853843,53.71761880815029,12.05048344297734,82.9842225610268,82.4142923187556,True,True,10.675719822756946,14.214742059508959,15.335451265176017,42.86067700013518,44.84636904671787,499
495,True,10000,500,3897868.383106536,6067.193204537034,53.50561160594225,12.051478142146475,82.97737324874666,82.4104298551266,True,True,10.68051450420171,14.212105671564737,15.34878005273628,42.86734666675329,45.0282534584403,499
496,True,10000,500,3897868.384423093,6065.653630066663,52.0983561873436,12.05121297370605,82.97919903845786,82.43134713818219,True,True,10.682396939955652,14.208329624185959,15.337483691982804,42.86284698173404,44.90648489445447,499
497,True,10000,500,3897868.46268174,6027.958333026618,53.02067706361413,11.97382295784169,83.51551576475391,82.94682417768998,True,True,10.673532029613853,14.2011862869064,14.618642317752043,42.83825680613518,44.24981866963207,499
498,True,10000,500,3897868.463678111,6026.886092033237,52.011036314070225,11.973697506451238,83.51639077747002,82.96158121537012,True,True,10.671442025341094,14.201746632655462,14.626055335005125,42.829099018126726,44.256735029630356,499
499,True,10000,500,3897868.464083117,6026.2843878008425,51.52950109913945,11.973456686776961,83.51807052547846,82.96986465029138,True,True,10.682254447601736,14.202999571959177,14.616119054456552,42.853802256286144,44.25191720481961,499
500,True,10000,500,3897868.464455163,6026.332288049161,51.27574410289526,11.974061210313158,83.51385402462353,82.96920516506393,True,True,10.674714460037649,14.201163314282894,14.623085657755533,42.82994098030031,44.254986699670546,499
501,True,10000,500,3897868.464809259,6025.717774871737,50.872787833213806,11.973637248574194,83.51681107752607,82.97766650889038,True,True,10.671252268366516,14.201662968844175,14.625048885742823,42.83079099841416,44.25497119780629,499
502,True,10000,500,3897868.465169026,6025.238919071853,50.45109195634723,11.973522699630273,83.5176100706669,82.98426115806568,True,True,10.68116701208055,14.202003056804338,14.62032226845622,42.854389222338796,44.24722742754965,499
503,True,10000,500,3897868.465517242,6025.084481108934,50.17846496775746,11.973759551385122,83.51595801707245,82.98638825193262,True,True,10.671639465726912,14.201503247022629,14.627025617907444,42.82950200140476,44.25880366005003,499
504,True,10000,500,3897868.465864909,6024.133330211043,49.70030905678868,11.97281166563979,83.52256996323203,82.99949097947398,True,True,10.680979466997087,14.201976358890533,14.611915685236454,42.85879475064576,44.24077735748141,499
505,True,10000,500,3897868.466219346,6024.058709852397,49.37777202576399,11.973308492638544,83.51910423211949,83.0005190989002,True,True,10.681582032702863,14.203449711203575,14.6147389896214,42.86258700303733,44.23378936946391,499
506,True,10000,500,3897868.46673999,6023.708804976195,48.92698721960187,11.973510656826841,83.5176940716078,83.00534042863248,True,True,10.68132952786982,14.202076320846876,14.621725616355738,42.83559094183147,44.249545675702386,499
507,True,10000,500,3897868.467094697,6023.61970487982,48.62259980291128,11.973942094342505,83.51468481482668,83.00656822590291,True,True,10.674352175556123,14.201026254643997,14.62091893578569,42.832729080691934,44.25210963468998,499
508,True,10000,500,3897868.467447263,6022.878532763571,48.15800487995148,11.973387831430099,83.51855081274522,83.0167829684882,True,True,10.681209503673017,14.202483308811983,14.617372304201126,42.85417892970145,44.2274096654728,499
509,True,10000,500,3897868.46778476,6022.966161835939,47.93903697282076,11.974002254234705,83.5142652195795,83.01557514438841,True,True,10.674614692106843,14.20078674952189,14.621788946290811,42.83100189641118,44.25287189893424,499
510,True,10000,500,3897868.468132987,6022.542534861714,47.576989978551865,11.973878847461245,83.51512594534263,83.02141447830898,True,True,10.673984419554472,14.201146395256123,14.619902397195498,42.83629097044468,44.25116428639739,499
511,True,10000,500,3897868.468478483,6022.0093708485365,47.196263913065195,11.973573360592127,83.51725670226713,83.02876485387253,True,True,10.672114789485931,14.202262895802656,14.623379024366537,42.832293175160885,44.251626734621816,499
