request_index,success,input_tokens,output_tokens,start_time_monotonic_s,e2e_ms,ttft_ms,tpot_ms,decode_tokens_s,e2e_tokens_s,pass_70,pass_80,itl_p50_ms,itl_p90_ms,itl_p99_ms,raw_chunk_gap_p90_ms,raw_chunk_gap_p99_ms,itl_samples
0,True,10000,500,3898016.289739437,5848.119236994535,48.83818328380585,11.621805718859177,86.04514859315358,85.49757276442948,True,True,10.662149521522224,14.107087316612402,14.276905606190363,42.86665981635451,43.163964841514826,499
1,True,10000,500,3898016.290485599,5891.951182857156,73.77125881612301,11.659679206495056,85.7656529214755,84.86153134716527,True,True,10.655089747160673,14.120237280925116,14.333304949104786,42.79134972020984,44.96716897934675,499
2,True,10000,500,3898016.290985403,5891.836395021528,73.37459409609437,11.660244090030929,85.76149798227316,84.86318466386626,True,True,10.656192200258374,14.122953948875269,14.322574871281782,42.84536875784397,45.05427122116089,499
3,True,10000,500,3898016.291398929,5891.511938069016,72.9781580157578,11.660388336780077,85.76043705557598,84.86785824351202,True,True,10.66017197445035,14.12273400152723,14.32202166567246,42.856170888990164,45.108714662492275,499
4,True,10000,500,3898016.291780715,5890.192712191492,72.44838308542967,11.658806270753631,85.77207449689955,84.8868660893051,True,True,10.654979734681547,14.122497290372849,14.324211670706669,42.79559915885329,44.65408321470022,499
5,True,10000,500,3898016.292154341,5890.49128908664,72.17289600521326,11.659956699561977,85.76361180119703,84.88256334855362,True,True,10.655502206645906,14.123667341967424,14.323782020558914,42.8228628821671,45.046463906764984,499
6,True,10000,500,3898016.292514067,5890.440129674971,71.86992978677154,11.660461322421241,85.75990026030587,84.88330056714956,True,True,10.66414953675121,14.118170520911614,14.321611728519201,42.86691239103675,45.13061663135886,499
7,True,10000,500,3898016.292867344,5890.186892356724,71.54649309813976,11.660602002522213,85.75886560433997,84.88694996228632,True,True,10.655447258614004,14.12373036146164,14.32362167785565,42.810274846851826,45.302876681089394,499
8,True,10000,500,3898016.293264359,5889.337912201881,71.05339923873544,11.659888803533358,85.76411120635771,84.8991868787271,True,True,10.654914658516645,14.123440564920505,14.323855439821878,42.828092724084854,45.0233306363225,499
9,True,10000,500,3898016.293614496,5888.891955837607,70.65205182880163,11.659799406831274,85.7647687673012,84.90561615829178,True,True,10.655304766260087,14.118267223238945,14.324791574229797,42.82673103734851,44.9924779869616,499
10,True,10000,500,3898016.293961612,5888.594118878245,70.31317614018917,11.659881648773661,85.76416383310168,84.9099105671165,True,True,10.65490476321429,14.117937069386244,14.324321566770474,42.82820289954543,44.998208582401276,499
11,True,10000,500,3898016.294316568,5888.690118212253,70.08964894339442,11.660521982502722,85.75945412225602,84.90852633824701,True,True,10.664192261174321,14.121590337405602,14.321208776285252,42.878547962754965,45.1527538895607,499
12,True,10000,500,3898016.294661435,5888.205883093178,69.70847211778164,11.660315452856507,85.76097310943875,84.9155090578017,True,True,10.65607974305749,14.122947274396816,14.322634941587845,42.84483687952161,45.07631979882717,499
13,True,10000,500,3898016.295500576,5887.189214117825,68.83497117087245,11.660028542979866,85.76308336758476,84.93017326519261,True,True,10.655292309820652,14.123510258893171,14.323454971114794,42.81786037608981,45.06521800532937,499
14,True,10000,500,3898016.295853482,5886.879596859217,68.49007494747639,11.660099242308098,85.76256335551152,84.93464012186716,True,True,10.65552479121834,14.123497065156698,14.323228659729162,42.82219652086496,45.01635117456317,499
15,True,10000,500,3898016.296205678,5886.5722408518195,68.14733892679214,11.66017014413833,85.76204186031615,84.93907482016176,True,True,10.655504767782986,14.123306920131048,14.322868548333645,42.8295386955142,45.03316942602396,499
16,True,10000,500,3898016.296546625,5886.549630202353,67.87520088255405,11.660670199037673,85.758364050338,84.9394010770979,True,True,10.67106961272657,14.123436994850636,14.331644866615534,42.94751510024071,45.13746712356805,499
17,True,10000,500,3898016.296888231,5894.579596351832,67.67939403653145,11.67715471405872,85.63729988059927,84.82369129589006,True,True,10.671384516172111,14.122940289477507,14.332901531209549,42.9409216158092,50.305387228727234,499
18,True,10000,500,3898016.297231407,5894.277449231595,67.34324805438519,11.67722284805052,85.63680020604791,84.82803945124475,True,True,10.671364492736757,14.123317009458939,14.332068307946125,42.94183095917106,50.324589610099686,499
19,True,10000,500,3898016.297605263,5893.299859948456,66.91422173753381,11.676123523468782,85.64486303951988,84.84211085169066,True,True,10.66965947393328,14.121430460363626,14.335808188964924,42.939029075205326,49.99883331358423,499
20,True,10000,500,3898016.29794521,5893.39339826256,66.60171505063772,11.676937240905657,85.63889480341513,84.8407642611141,True,True,10.671452269889414,14.11660403634111,14.334271661937237,42.938757967203856,50.24506693705906,499
21,True,10000,500,3898016.298293796,5892.999823205173,66.24664925038815,11.676860068045661,85.63946079447781,84.84643051084507,True,True,10.671609779819846,14.117030582080284,14.334411670764288,42.93336169794202,50.22222474217404,499
22,True,10000,500,3898016.298634923,5892.226109746844,65.87700173258781,11.676050316661836,85.6454000179316,84.85757177120317,True,True,10.6671794783324,14.121537252018848,14.334345081200203,42.938891518861055,49.97825978323807,499
23,True,10000,500,3898016.298972749,5891.841414850205,65.49086701124907,11.676053202082077,85.64537885299116,84.86311236072399,True,True,10.66702976822853,14.121653977781534,14.327541769792637,42.940201703459024,49.95612205937495,499
24,True,10000,500,3898016.299353125,5891.335059888661,65.09559089317918,11.675830599189343,85.64701170548247,84.87040626907569,True,True,10.667509748600423,14.119464127967754,14.317748757700125,42.92357545346022,49.892638828605314,499
25,True,10000,500,3898016.299698921,5891.850165091455,64.88276412710547,11.677289380690079,85.6363122809674,84.86298632684914,True,True,10.671029798686504,14.123520658661922,14.331271561483542,42.94789144769311,50.334533322602404,499
26,True,10000,500,3898016.300043398,5890.71580581367,64.41306788474321,11.675957390639132,85.6460816482357,84.87932816357217,True,True,10.667719529010355,14.121510709325472,14.321535049627224,42.935487907379866,49.93064137175669,499
27,True,10000,500,3898016.300386214,5890.99596394226,64.16759081184864,11.677010767796414,85.63835555910097,84.87529155687956,True,True,10.671486961655319,14.116490259766579,14.333628273258606,42.939117923378944,50.26555407792319,499
28,True,10000,500,3898016.30072651,5890.2218719013035,63.79997497424483,11.676196186226571,85.64433005841543,84.88644585447595,True,True,10.671314666979015,14.121054050823053,14.335358204940954,42.93910013511777,50.02014923840751,499
29,True,10000,500,3898016.301107476,5890.130472835153,63.426269218325615,11.676761931095847,85.64018054842293,84.88776306500561,True,True,10.67177695222199,14.116430655121803,14.33529503022631,42.93853174895048,50.19903019070615,499
30,True,10000,500,3898016.301454913,5890.130802989006,63.13381204381585,11.677348679248878,85.6358774125706,84.88775830687325,True,True,10.67151955794543,14.1164173061649,14.334751758724451,42.93974144384265,50.41728442534794,499
31,True,10000,500,3898016.301793169,5889.632717706263,62.7674157731235,11.677084773413105,85.63781281068059,84.89493725081157,True,True,10.671754484064877,14.122900708268086,14.333578447500864,42.93992621824145,50.285831280052555,499
32,True,10000,500,3898022.138770955,6072.610070928931,53.102907724678516,12.063140607623753,82.89715195460896,82.33691841892207,True,True,10.697367019020021,14.19733374690016,14.41283577354618,42.87315625697374,46.60447528585789,499
33,True,10000,500,3898022.183480291,6072.799259796739,69.1563286818564,12.03134855934846,83.1162022334555,82.3343533368721,True,True,10.699741658754647,14.199382935961088,15.074598020873964,42.87190595641732,44.47072744369506,499
34,True,10000,500,3898022.184604599,6071.50816405192,67.98221077769995,12.031114134818075,83.11782174071455,82.35186159517849,True,True,10.696301818825305,14.204379636794329,15.059613273479044,42.87728713825345,44.48520522564649,499
35,True,10000,500,3898022.185131724,6071.240046061575,67.61451484635472,12.031313689810062,83.11644312349294,82.35549841656334,True,True,10.701791732572019,14.199096399048964,15.054672956466675,42.869075667113066,44.48636481538414,499
36,True,10000,500,3898022.185565399,6070.984908845276,67.23585911095142,12.031561221912474,83.11473312197843,82.35895946167027,True,True,10.697629302740097,14.199026394635439,15.059913042932749,42.87368571385741,44.5420728996396,499
37,True,10000,500,3898022.185976315,6070.792051032186,66.8852822855115,12.031877292077503,83.11254974803133,82.36157585318502,True,True,10.696931858547032,14.20396969964107,15.069482964463532,42.86974621936679,44.438253156840794,499
38,True,10000,500,3898022.186384691,6070.076257921755,66.39018701389432,12.0314350118394,83.1156049977381,82.37128806206921,True,True,10.698706726543605,14.198969739178816,15.054680756293237,42.86158690229058,44.51255472376942,499
39,True,10000,500,3898022.186769637,6068.897400982678,65.74553437530994,12.030364462139014,83.12300123135245,82.38728832671316,True,True,10.693916934542358,14.204496362557014,15.066445455886424,42.8779567591846,44.23658158630132,499
40,True,10000,500,3898022.187156332,6069.4794757291675,65.67036593332887,12.031681582757193,83.11390167049609,82.37938722742474,True,True,10.697284247726202,14.20113630592823,15.069130575284362,42.88147622719407,44.39802058041095,499
41,True,10000,500,3898022.187533628,6069.14828857407,65.30511984601617,12.031749837130368,83.11343017737684,82.3838825855207,True,True,10.697079240344465,14.204879757016897,15.069140587002039,42.88486624136567,44.41460417583584,499
42,True,10000,500,3898022.188132362,6068.283237982541,64.62928606197238,12.031370645131402,83.11604965845339,82.39562663627906,True,True,10.700631770305336,14.199273039897284,15.054598217830062,42.85411676391959,44.499034807085984,499
43,True,10000,500,3898022.188492008,6067.6889340393245,64.11190191283822,12.031216497247469,83.11711456848793,82.40369693229226,True,True,10.699101723730564,14.199562991658846,15.059428289532661,42.87534626200795,44.427267462015145,499
44,True,10000,500,3898022.188843565,6067.480405792594,63.88791371136904,12.031247479120692,83.11690053217036,82.40652899721809,True,True,10.699621750973165,14.198990073055029,15.054650604724884,42.86985658109188,44.47129722684621,499
45,True,10000,500,3898022.189200211,6067.029731348157,63.4206491522491,12.031280725843503,83.11667085050838,82.41265036439748,True,True,10.699619306251407,14.199482897917429,15.074530499987304,42.87341609597206,44.44349566474556,499
46,True,10000,500,3898022.189551357,6066.953261848539,63.23678093031049,12.031495953743944,83.11518400077435,82.41368911545811,True,True,10.698099271394312,14.199063026656708,15.05949068814516,42.87454579025507,44.52763078734278,499
47,True,10000,500,3898022.189900973,6066.82260427624,62.949564307928085,12.031809699335295,83.11301666076432,82.41546401036544,True,True,10.697074350900948,14.203999657183886,15.069543267600238,42.87093598395586,44.42688580602407,499
48,True,10000,500,3898022.190312929,6066.280208993703,62.501628883183,12.031620401023087,83.11432431120971,82.4228329015718,True,True,10.698339203372598,14.199472963809967,15.122679993510246,42.85323712974787,44.14030918851494,499
49,True,10000,500,3898022.192646914,6064.931903965771,60.352501925081015,12.033225254590562,83.10323947592599,82.44115645767717,True,True,10.696029290556908,14.199083360532919,15.05814807023853,42.85103641450405,44.78962039574979,499
50,True,10000,500,3898022.19304585,6064.3198899924755,59.91942621767521,12.032866660871344,83.10571605117299,82.44947645738728,True,True,10.691347066313028,14.199416618794203,15.05774084944278,42.856665793806314,44.716167170554385,499
51,True,10000,500,3898022.193404746,6064.221051055938,59.61039010435343,12.033287897698568,83.10280685557731,82.45082027689888,True,True,10.69693430326879,14.1997163494428,15.05684049334377,42.85083618015051,44.80386180803178,499
52,True,10000,500,3898022.193756373,6063.664006069303,59.220822993665934,12.03295227069266,83.10512478600869,82.45839470978851,True,True,10.69211692083627,14.19930625706911,15.057625831104815,42.85556636750698,44.73798237740992,499
53,True,10000,500,3898022.194117999,6063.749325927347,58.949545957148075,12.033666893727855,83.10018956243641,82.45723448067068,True,True,10.699194273911417,14.199353444079557,15.067095519043505,42.85504715517163,44.86261354759334,499
54,True,10000,500,3898022.194462325,6063.067463226616,58.5265108384192,12.03314820117875,83.1037716216311,82.46650775907946,True,True,10.69518190342933,14.199229578177134,15.05802315659821,42.85840597003698,44.77266231551765,499
55,True,10000,500,3898022.195241267,6062.583198305219,57.817178312689066,12.033599238461985,83.10065676807515,82.47309499023021,True,True,10.698999278247356,14.199236407876015,15.067035448737442,42.85424714908004,44.84535334631799,499
56,True,10000,500,3898022.195644953,6062.025044113398,57.38274333998561,12.033351304155135,83.10236896804454,82.48068860842649,True,True,10.697444318793714,14.199399699767431,15.063785482198,42.85259684547782,44.817855861037955,499
57,True,10000,500,3898022.195999269,6061.715177260339,57.038865983486176,12.03341946147666,83.101898275994,82.48490491200886,True,True,10.698051773943007,14.19948631276687,15.063725761137903,42.85269696265459,44.82489945366977,499
58,True,10000,500,3898022.196360455,6061.418341007084,56.688529904931784,12.033526675555414,83.10115787015069,82.48894431479329,True,True,10.698269354179502,14.198856428265572,15.066870721057057,42.85423597320914,44.82909571379422,499
59,True,10000,500,3898022.196707631,6060.59789005667,56.24724505469203,12.032766823651258,83.1064055886489,82.50011122175353,True,True,10.690759285353124,14.199606298158566,15.057513257488608,42.84296743571758,44.68217892572282,499
60,True,10000,500,3898022.197056378,6109.993246383965,72.27750541642308,12.099630743421928,82.64715024825522,81.83315100976773,True,True,10.69432427175343,14.198932237923145,14.681030255742185,42.86299739032984,47.94510053470729,499
61,True,10000,500,3898022.197401304,6109.820648096502,71.96679897606373,12.09990751326741,82.64525980083,81.83546274075552,True,True,10.697659221477807,14.198700307557981,14.676016857847385,42.860327288508415,47.94555641710756,499
62,True,10000,500,3898022.197896169,6108.771958854049,71.40588387846947,12.098930009971102,82.6519369213533,81.84951138588508,True,True,10.693416697904468,14.19905573129654,14.678305854710256,42.861107271164656,47.72725058719514,499
63,True,10000,500,3898022.198254855,6108.899378217757,71.09298789873719,12.099812405448937,82.64590941506397,81.8478041695741,True,True,10.692779207602143,14.199093884478012,14.68415709057183,42.86169586703181,48.03283764049409,499
64,True,10000,500,3898028.212479445,6040.429191663861,53.98933868855238,11.996873452856331,83.35505112475037,82.77557506841214,True,True,10.72254148311913,14.21761636932691,14.49979996929566,43.00596104003489,45.22193002980198,499
65,True,10000,500,3898028.257973684,6039.829367771745,65.07767084985971,11.973450294432634,83.51811511381777,82.78379562640913,True,True,10.724196443334222,14.216309568534294,14.502066653221846,42.99552389420569,44.50568610802291,499
66,True,10000,500,3898028.259093072,6039.315834175795,64.10630140453577,11.974367801144808,83.51171574205321,82.79083487744711,True,True,10.722561506554484,14.217083031932512,14.499973195294539,42.966884234920144,44.61070552002636,499
67,True,10000,500,3898028.259606386,6038.705631159246,63.50536784157157,11.97434922508552,83.5118452955307,82.79920077906088,True,True,10.722619015723467,14.217909735937914,14.50153331582745,43.00484801642597,44.70052889548239,499
68,True,10000,500,3898028.260045082,6038.798138964921,63.287610188126564,11.974970999552696,83.50750912360066,82.79793238554954,True,True,10.728738969191909,14.216036380579075,14.501193227867285,43.005653005093336,44.675419768318505,499
69,True,10000,500,3898028.260459937,6038.425843697041,62.88278475403786,11.97503619026654,83.50705451836652,82.80303723890293,True,True,10.723824263550341,14.216175923744837,14.501003393282494,43.006131844595075,44.688105331733794,499
70,True,10000,500,3898028.260858653,6037.595151923597,62.35178979113698,11.97443559545583,83.51124293319423,82.81442982156537,True,True,10.722781531512737,14.217033050954342,14.499886271854242,42.98891522921622,44.62289537768808,499
71,True,10000,500,3898028.261240649,6037.343234755099,62.00667377561331,11.974622366692357,83.50994038705716,82.81788537740512,True,True,10.728796478360891,14.21019621193409,14.501799984524647,43.00470384769142,44.66329528950152,499
72,True,10000,500,3898028.261615145,6037.099837791175,61.6634669713676,11.97482238641244,83.50854549080222,82.8212243352493,True,True,10.728981578722596,14.21523621926705,14.501053063819805,43.00616476684809,44.624888566322596,499
73,True,10000,500,3898028.263444106,6035.227687098086,59.824706986546516,11.974755471165409,83.50901213874039,82.84691579555214,True,True,10.729038971476257,14.20786309366425,14.501469520231089,42.99412262625992,44.61324304807928,499
74,True,10000,500,3898028.263835261,6034.526934847236,59.288912918418646,11.974424893644924,83.51131756905676,82.85653629494612,True,True,10.722686536610126,14.217705931514502,14.501239949216446,43.00458198413253,44.71539841964838,499
75,True,10000,500,3898028.264201868,6034.339697100222,59.03448536992073,11.974559542545693,83.51037851930947,82.85910722597752,True,True,10.728568769991398,14.215766297032436,14.502026761571566,43.005629209801555,44.651452843099804,499
76,True,10000,500,3898028.264563794,6033.676414284855,58.53485036641359,11.97423159101892,83.5126657104272,82.8682159381699,True,True,10.732203954830766,14.211412674436966,14.511979650706053,43.01796215586364,44.76970011834052,499
77,True,10000,500,3898028.26492062,6033.879321999848,58.38191229850054,11.974944708820335,83.50769246253256,82.86542924002029,True,True,10.728616500273347,14.215939678251743,14.501492958515882,43.006149074062705,44.66255259700117,499
78,True,10000,500,3898028.265284166,6033.343887887895,57.975227013230324,11.974686695139608,83.50949176865636,82.87278320132951,True,True,10.728981462307274,14.210219650218884,14.501343326022228,43.004746828228235,44.60137194953856,499
79,True,10000,500,3898028.265642642,6032.851363066584,57.581780944019556,11.974488140526182,83.51087647877182,82.87954897430838,True,True,10.722861508838832,14.215199587245783,14.512646322449049,42.99006308428943,44.64902997482565,499
80,True,10000,500,3898028.266054678,6032.700864132494,57.2360442019999,11.974879398658304,83.50814790769772,82.88161658615579,True,True,10.73179126251489,14.211423074205717,14.498943307747444,42.99847111105919,44.414908848702886,499
81,True,10000,500,3898028.266974298,6032.638335134834,56.45440332591534,11.976320504627092,83.49809940487536,82.88247566374699,True,True,10.731809074059129,14.211329631507397,14.498713426291943,42.99965500831604,44.92704262491312,499
82,True,10000,500,3898028.267366344,6031.925132963806,56.02831672877073,11.975745122715502,83.50211112152076,82.89227551375846,True,True,10.724346502684057,14.21148624892036,14.498316682875156,43.00984195433557,44.88314515911039,499
83,True,10000,500,3898028.26773194,6031.734145246446,55.68671086803079,11.976046962682195,83.50000656443957,82.89490019948,True,True,10.729184024967253,14.21171302596728,14.499046374112368,43.01330326125026,44.9304470652714,499
84,True,10000,500,3898028.268084646,6031.57306695357,55.35552464425564,11.976387860339306,83.49762980803034,82.89711397835065,True,True,10.732284048572183,14.211372938007116,14.498236744354168,43.00178186967969,44.943727087229455,499
85,True,10000,500,3898028.268428223,6031.292088795453,55.02294795587659,11.976491264207567,83.49690889756313,82.90097588357027,True,True,10.732621536590159,14.211622687677542,14.498353004455566,43.00396195612848,44.962213211692834,499
86,True,10000,500,3898028.268769489,6030.6476559489965,54.63749170303345,11.975972273038002,83.50052732264095,82.9098346521322,True,True,10.72909391950816,14.21129967396458,14.498983354618153,43.011966021731496,44.91298304870721,499
87,True,10000,500,3898028.269118176,6116.931663360447,76.95656502619386,12.104158513695896,82.61623464931466,81.74032791553469,True,True,10.727868997491896,14.214788191020489,15.793208382868444,43.03019493818283,46.590196620672934,499
88,True,10000,500,3898028.269542951,6116.730784997344,76.58371981233358,12.104503136643308,82.61388251226555,81.74301233370647,True,True,10.729884030297399,14.211866911500692,15.835690281043375,43.03100472316146,46.668940596282475,499
89,True,10000,500,3898028.269899947,6116.894773673266,76.30497310310602,12.10539038190413,82.60782745964646,81.74082087401092,True,True,10.734111187048256,14.212957055618366,15.794579290474378,43.0135652422905,46.62813069298863,499
90,True,10000,500,3898028.270254253,6116.5877669118345,75.96288714557886,12.1054606808943,82.60734773838647,81.74492364922638,True,True,10.73064876254648,14.213970303535461,15.866003299597576,43.03171392530203,46.745483297854655,499
91,True,10000,500,3898028.27060877,6116.136300843209,75.58448985219002,12.105314250483005,82.6083469877785,81.7509576971113,True,True,10.733441566117108,14.21338024859627,15.818577873675697,43.01343485713005,46.656892448663704,499
92,True,10000,500,3898028.307498149,6079.194112680852,38.68197090923786,12.105234753049327,82.60888949287815,82.24774381805452,True,True,10.731229092925787,14.21364238485694,15.820245792468315,43.01303485408425,46.661041956394904,499
93,True,10000,500,3898028.308491859,6077.719017863274,37.62018168345094,12.104406485330305,82.6145421679229,82.26770578409918,True,True,10.728424065746367,14.211858777950207,15.82488208621112,43.02963521331549,46.64896260946988,499
94,True,10000,500,3898028.309105692,6077.525559812784,37.03856794163585,12.105184352447191,82.60923343954191,82.27032450611402,True,True,10.73088648263365,14.213773670295875,15.816382482492601,43.032113928347826,46.65417252108454,499
95,True,10000,500,3898028.309604477,6076.948105823249,36.53163369745016,12.10504303031222,82.61019787339058,82.27814213533829,True,True,10.731369024142623,14.213544099281231,15.790522980969323,43.01321506500244,46.60558467730879,499
96,True,10000,500,3898034.254186404,6099.077302031219,46.7143259011209,12.128983920100396,82.44713708811007,81.97961351194573,True,True,10.74046385474503,14.26246234526237,14.613248718281588,43.06799406185746,45.80874545499682,499
97,True,10000,500,3898034.299961209,6098.3269601128995,66.26453902572393,12.08830144506448,82.72460812997751,81.98970033426076,True,True,10.74723876081407,14.281205677737793,14.838616363704205,43.16453309729695,45.997885148972266,499
98,True,10000,500,3898034.300959639,6097.417719196528,65.28417905792594,12.088443968213632,82.72363280414616,82.00192655750773,True,True,10.751031222753227,14.281518757343292,14.853302699824175,43.13167370855808,46.023065317422144,499
99,True,10000,500,3898034.301440884,6096.803876105696,64.73814509809017,12.088308078171554,82.72456273725756,82.01018273846339,True,True,10.743148974142969,14.275892327229181,14.831292908638716,43.163903057575226,46.02942327037453,499
100,True,10000,500,3898034.301864699,6096.554088871926,64.38777921721339,12.088509638586599,82.723183411129,82.01354284917323,True,True,10.74786123353988,14.282375574111938,14.858602546155453,43.13127417117357,46.03375280275941,499
101,True,10000,500,3898034.302260315,6095.3300120308995,63.85087501257658,12.087132539114876,82.73260814870063,82.0300129792981,True,True,10.741153731942177,14.265065702299276,14.657401635001102,43.13588375225663,45.93012947589158,499
102,True,10000,500,3898034.302636191,6095.377671066672,63.495968002825975,12.087939284697086,82.72708659828938,82.02937159634632,True,True,10.74170891661197,14.27522860467434,14.784296664098898,43.15912304446101,45.95797145739197,499
103,True,10000,500,3898034.302999357,6095.460289623588,63.26284073293209,12.088572041865044,82.72275637989402,82.02825976098293,True,True,10.752276284620166,14.291192249705395,14.866355961809555,43.130784295499325,46.04396680369973,499
104,True,10000,500,3898034.303366873,6094.78645818308,62.79377592727542,12.088161687887384,82.72556454982092,82.03732869568908,True,True,10.742323705926538,14.26836553340157,14.816186701258024,43.15611440688372,46.006033010780804,499
105,True,10000,500,3898034.30372368,6094.228173140436,62.399229034781456,12.087833555321954,82.72781019223468,82.04484403844423,True,True,10.741786332800984,14.275345796098312,14.769900279740492,43.15173299983144,45.94457745552062,499
106,True,10000,500,3898034.304445552,6093.617039732635,61.696826945990324,12.08801645849027,82.7265584419046,82.05307237718013,True,True,10.741858975961804,14.268392386535803,14.792706972608963,43.15583407878876,46.00642323493957,499
107,True,10000,500,3898034.304826118,6093.722518067807,61.454209964722395,12.08871404429476,82.72178466095389,82.05165209237975,True,True,10.753093753010035,14.292219032843908,14.882532258828482,43.157802894711494,46.067831106483936,499
108,True,10000,500,3898034.305185224,6093.318493105471,61.08573405072093,12.088642803716933,82.72227215552492,82.05709262789152,True,True,10.757618816569448,14.291865595926842,14.87411263709267,43.141994159668684,46.05723079293966,499
109,True,10000,500,3898034.305540101,6092.657568864524,60.630167834460735,12.088231264589307,82.72508840307785,82.06599408362679,True,True,10.742821265012026,14.270298959066471,14.823549582312504,43.162303045392036,46.01640319451689,499
110,True,10000,500,3898034.305894977,6092.437562067062,60.34087110310793,12.088370122172252,82.72413815042108,82.06895760624889,True,True,10.747113730758429,14.281479020913443,14.845566358417273,43.133233208209276,46.01056529209017,499
111,True,10000,500,3898034.306250023,6091.247404925525,59.802526608109474,12.087063884403639,82.73307807120429,82.08499290238782,True,True,10.73873892892152,14.262495717654625,14.634715393185616,43.12395257875323,45.91560820117592,499
112,True,10000,500,3898034.306663549,6091.445161961019,59.48827974498272,12.088089944320714,82.7260555311987,82.08232803642855,True,True,10.759358759969473,14.293325288842121,14.632261668642363,43.23118319734931,46.23795114457607,499
113,True,10000,500,3898034.307253882,6092.079296242446,59.10905497148633,12.090120723989898,82.71216002134236,82.07378395556944,True,True,10.758381336927414,14.291249060382446,14.999921278407177,43.23137318715453,46.306012105196714,499
114,True,10000,500,3898034.307632228,6091.554182115942,58.704499155282974,12.08987912416966,82.71381291156463,82.08085901426254,True,True,10.758725926280022,14.292108671118816,14.978031627833843,43.22903184220195,46.25354278832674,499
115,True,10000,500,3898034.307996805,6091.233744286001,58.3490920253098,12.089949202927237,82.71333346527862,82.08517699210519,True,True,10.758368531242013,14.291688644637665,14.985854582240185,43.233411852270365,46.26644579693675,499
116,True,10000,500,3898034.308348921,6090.943367686123,58.00552573055029,12.090055795502149,82.712604219083,82.08909027994198,True,True,10.757953743450344,14.291365630924702,14.993111292521158,43.23288286104798,46.29287803545594,499
117,True,10000,500,3898034.308693767,6090.294965077192,57.624919805675745,12.089519128800633,82.71627592016615,82.09782988625129,True,True,10.746976477093995,14.290092047303915,14.967871519426504,43.20102324709296,46.2242485024035,499
118,True,10000,500,3898034.309044183,6090.058857575059,57.283523958176374,12.089730127488744,82.71483229607195,82.10101276411804,True,True,10.759621276520193,14.294642023742199,14.977731741964817,43.230782728642225,46.22042132541537,499
119,True,10000,500,3898034.387326915,6095.594629179686,48.792234156280756,12.117840470988789,82.52295467943243,82.02645195704024,True,True,10.758458753116429,14.286698928723732,15.006551363815865,43.23040321469307,45.82741362974047,499
120,True,10000,500,3898034.388149826,6094.729728065431,47.94997302815318,12.117795100275107,82.52326365687577,82.03809230416988,True,True,10.758041287772357,14.291095236937204,14.992551257212957,43.23380207642913,45.79286789521574,499
121,True,10000,500,3898034.388675661,6094.064524397254,47.39221837371588,12.117579771590258,82.52473009045143,82.04704725364776,True,True,10.762168560177088,14.288892348607382,14.97778824220101,43.23058295994997,45.73477609083056,499
122,True,10000,500,3898034.389266415,6093.3846407569945,46.77895409986377,12.117446265845953,82.5256393187882,82.05620184480655,True,True,10.754946270026267,14.29011207073927,14.978238071004549,43.21094322949648,45.723854377865784,499
123,True,10000,500,3898034.38968563,6092.648569960147,46.28081992268562,12.116969438952829,82.5288868671457,82.06611529594109,True,True,10.746951214969158,14.276372113575539,14.994851313531399,43.20266284048557,45.68109838292002,499
124,True,10000,500,3898034.390094066,6092.7300387993455,45.99524289369583,12.11770500181493,82.52387723997448,82.06501795023429,True,True,10.75955864507705,14.289968957503637,14.984954614192247,43.231983203440905,45.76326133683323,499
125,True,10000,500,3898034.390482922,6092.29959314689,45.59503681957722,12.117644401457541,82.52428994200535,82.07081617628265,True,True,10.759086231701076,14.29088863854607,14.977941755205393,43.22960181161761,45.769413933157914,499
126,True,10000,500,3898034.390860968,6091.835428029299,45.19626125693321,12.117513360265262,82.52518237604066,82.07706953136608,True,True,10.760863544419408,14.289715327322483,14.97791800647974,43.23057224974036,45.71792278438806,499
127,True,10000,500,3898034.391239834,6091.352553106844,44.79224607348442,12.117355324716153,82.52625867628628,82.08357596129929,True,True,10.747078689746559,14.281125428775946,14.995344604055086,43.20220276713371,45.710402820259326,499
128,True,10000,500,3898040.354685811,5911.025750916451,46.17824126034975,11.753201422156517,85.08320108552319,84.58768766528881,True,True,10.703529231250286,14.184923376888037,20.496930577792227,43.07734603062272,45.259536076337085,499
129,True,10000,500,3898040.399598735,5910.605737008154,63.53042786940932,11.717585789857205,85.34181169517056,84.59369855602841,True,True,10.703299194574356,14.191862971832355,14.916679045806328,43.106553982943296,45.275087300688014,499
130,True,10000,500,3898040.400216799,5909.813343547285,62.847064808011055,11.717367292062672,85.34340309340637,84.60504096054612,True,True,10.704601765610278,14.18479656179746,14.888106069217125,43.0928623303771,45.20716601982711,499
131,True,10000,500,3898040.400901472,5909.383088815957,62.25893087685108,11.7176836832447,85.34109872157717,84.61120094689669,True,True,10.70325425826013,14.19020676985383,14.885292698939642,43.107385747134686,45.2628020942211,499
132,True,10000,500,3898040.401308807,5908.8513548485935,61.80410599336028,11.717529556824115,85.34222125495855,84.61881505780607,True,True,10.703519219532609,14.18955298140645,14.90989855180184,43.0945442058146,45.25466982275246,499
133,True,10000,500,3898040.401673873,5907.788835931569,61.15735322237015,11.716696358134667,85.3482901181202,84.63403379602303,True,True,10.680692037567496,14.18961010252436,14.743670665969452,43.03755033761263,45.14827325940131,499
134,True,10000,500,3898040.402047229,5908.394789788872,61.23865209519863,11.717747770929204,85.34063196691433,84.62535388869415,True,True,10.7030343497172,14.188603187600771,14.854272672285637,43.130683433264494,45.28830787166952,499
135,True,10000,500,3898040.402400316,5907.715576700866,60.696476604789495,11.717473146485123,85.3426321100611,84.63508330900765,True,True,10.703369160182774,14.190549651781717,14.90280901392301,43.094084225595,45.234494954347596,499
136,True,10000,500,3898040.402763892,5907.170881982893,60.262312181293964,11.717251642888977,85.34424543206639,84.64288743110852,True,True,10.684147011488676,14.189939635495344,14.871389294664064,43.06744411587715,45.18772311508654,499
137,True,10000,500,3898040.403115488,5907.28925075382,60.09623408317566,11.717821676694678,85.34009371288508,84.64119137829518,True,True,10.703209321945906,14.190146699547768,14.848972981174787,43.128744792193174,45.271134749054895,499
138,True,10000,500,3898040.403463824,5906.862245872617,59.713467955589294,11.71773302187781,85.34073938473692,84.64731005863085,True,True,10.703334352001548,14.192609582096338,14.89058897520105,43.09989996254444,45.28085546568035,499
139,True,10000,500,3898040.404242126,5906.125104054809,58.952946215867996,11.71777987542874,85.34039814973151,84.65787486565912,True,True,10.703411768190563,14.192586299031973,14.89608564103643,43.090396001935005,45.299060288816676,499
140,True,10000,500,3898040.404611452,5905.275993049145,58.36965283378959,11.71724717478027,85.34427797617512,84.67004769777556,True,True,10.674607241526246,14.189673277239004,14.863322644184032,43.04392859339714,45.17972161993383,499
141,True,10000,500,3898040.404971658,5905.272733420134,58.17326530814171,11.717634204633251,85.34145908092877,84.6700944344728,True,True,10.701114311814308,14.189903313914934,14.880372366557518,43.1068979203701,45.24642253294586,499
142,True,10000,500,3898040.405327665,5904.745657928288,57.75269865989685,11.717420760056896,85.3430136612372,84.67765234369598,True,True,10.702901752665639,14.187869615852833,14.89544240757823,43.09278437867761,45.21664464846252,499
143,True,10000,500,3898040.405673871,5904.303123243153,57.37201310694218,11.717296813900221,85.34391642394009,84.68399903651235,True,True,10.70247171446681,14.184956749280294,14.878459429989258,43.09154348447919,45.19612776115535,499
144,True,10000,500,3898040.406022987,5903.806339018047,56.83190934360027,11.717383626602098,85.34328412101227,84.69112489268453,True,True,10.704474290832877,14.184453214208284,14.57403569171826,43.13159780576825,45.35800559446214,499
145,True,10000,500,3898040.406604971,5904.562240000814,56.76751909777522,11.719027496799677,85.33131271115182,84.68028275029768,True,True,10.708326823078096,14.195772974441448,14.933664972583452,43.13646387308836,45.37790499627589,499
146,True,10000,500,3898040.406978627,5904.228393919766,56.40948284417391,11.719075974099383,85.3309597284056,84.68507087478274,True,True,10.708073968999088,14.194939751178026,14.93975535656015,43.13709009438753,45.38387464359401,499
147,True,10000,500,3898040.407333664,5903.503590729088,55.97172677516937,11.71850072936657,85.3351485053032,84.69546809206727,True,True,10.70440432522446,14.178550026069084,14.917741995304823,43.13213210552931,45.42333716526626,499
148,True,10000,500,3898040.40768366,5903.382562100887,55.65569130703807,11.718891524636973,85.3323027948224,84.6972044823842,True,True,10.710759204812348,14.194666563222805,14.922022353857756,43.136401660740376,45.36693016067146,499
149,True,10000,500,3898040.408140315,5902.857577893883,55.1821356639266,11.718788461382678,85.33305326701084,84.70473722294992,True,True,10.711684008128941,14.196186792105436,14.913131948560476,43.133658077567816,45.360343921929584,499
150,True,10000,500,3898040.408504681,5902.602430898696,54.851609747856855,11.718939521344367,85.33195330333803,84.70839868574257,True,True,10.70879923645407,14.197582999865213,14.928295277059078,43.13648510724306,45.37172753363846,499
151,True,10000,500,3898040.48328038,5913.504376076162,48.3130794018507,11.753890374096816,85.07821395065898,84.552233024941,True,True,10.71319414768368,14.197282958775759,14.916938574363789,43.1317113339901,46.36919500306247,499
152,True,10000,500,3898040.483951993,5912.879952229559,47.64778632670641,11.753972276358423,85.07762112144582,84.56116207998876,True,True,10.712846764363348,14.19948631276687,14.915935695171356,43.13225783407688,46.3764196820557,499
153,True,10000,500,3898040.484402198,5912.047291174531,47.1639409661293,11.753273246910625,85.08268113845241,84.57307179298058,True,True,10.71088679600507,14.187043067067862,14.91865205268065,43.13008952885866,46.340312547981725,499
154,True,10000,500,3898040.484805514,5912.070890888572,46.818314120173454,11.754013179896589,85.07732505442009,84.57273419548781,True,True,10.712391813285649,14.198519755154848,14.914695639163256,43.13217354938388,46.38408279046415,499
155,True,10000,500,3898040.48518201,5911.832543089986,46.46122781559825,11.754251132814403,85.07560275008034,84.57614392079194,True,True,10.713251424022019,14.196669682860374,14.933885230372349,43.136381171643734,46.31851531565188,499
156,True,10000,500,3898040.485544676,5911.177990026772,46.041912864893675,11.753779713751259,85.0790149512549,84.58550915631209,True,True,10.71236899588257,14.192396774888039,14.917692014326652,43.13125405460596,46.362440101802335,499
157,True,10000,500,3898040.485893272,5911.027422174811,45.73781602084637,11.754087387082095,85.07678793497945,84.58766374933138,True,True,10.711771552450955,14.197356222818295,14.91356206436952,43.13293546438217,46.390597168356166,499
158,True,10000,500,3898040.486241809,5910.816404037178,45.40716903284192,11.754327124257186,85.07505273835017,84.59068355743419,True,True,10.710521717555821,14.197246792415777,14.918371879806122,43.127542082220316,46.594847142696366,499
159,True,10000,500,3898040.486586965,5910.378318745643,45.05028296262026,11.75416440036678,85.07623051186827,84.59695353412077,True,True,10.712266783230007,14.19532997533679,14.921871945261955,43.13415205106139,46.36568322777747,499
160,True,10000,500,3898046.266551354,6051.27392616123,45.754445251077414,12.035109180180665,83.09023084284047,82.62722958852846,True,True,10.637811734341085,14.104695152491331,14.908804185688377,42.620986234396696,43.79482958465814,499
161,True,10000,500,3898046.311535098,6050.889146979898,66.37914665043354,11.9930060126843,83.3819310139892,82.6324838969424,True,True,10.648871422745287,14.147964709748825,14.76345224305987,42.73876408115029,44.079320691525936,499
162,True,10000,500,3898046.312349019,6049.9971569515765,65.53039699792862,11.992919358624544,83.38253348471518,82.64466693599836,True,True,10.64566895365715,14.146475028246641,14.767105182011917,42.71138506010175,44.16864141821861,499
163,True,10000,500,3898046.312791024,6049.708920996636,65.15869125723839,11.993086632744284,83.3813705030477,82.6486045080049,True,True,10.647059069015086,14.148122041175762,14.775486120488491,42.73534519597888,44.09938640892506,499
164,True,10000,500,3898046.31319325,6048.956947866827,64.60088584572077,11.992697519080375,83.38407588526273,82.65887892892438,True,True,10.636409278959036,14.142245861391226,14.804197806709753,42.6634750328958,44.227534998208284,499
165,True,10000,500,3898046.313568196,6049.00130815804,64.41607838496566,11.993156773092332,83.38088285843016,82.65827275085401,True,True,10.64666174352169,14.156835991889238,14.80236302828416,42.75980405509472,44.16243964806199,499
166,True,10000,500,3898046.313933592,6048.528083134443,63.99868335574865,11.993044889336058,83.38166072313939,82.6647397726708,True,True,10.65173908136785,14.147403681029875,14.772092033332832,42.750284075737,44.09387428313494,499
167,True,10000,500,3898046.314291708,6048.243025783449,63.675506971776485,11.993121280183713,83.38112961905125,82.66863581184113,True,True,10.646569076925516,14.153805344055097,14.798945710062977,42.74738393723965,44.14779357612133,499
168,True,10000,500,3898046.314645745,6047.623712103814,63.20027122274041,11.99283254685586,83.3831370606578,82.67710158608112,True,True,10.63922478351742,14.143278791258734,14.801862783885248,42.684725020080805,44.237126875668764,499
169,True,10000,500,3898046.314997181,6046.997769270092,62.6147473230958,11.992751546987968,83.38370023609423,82.68565974026362,True,True,10.631906799972057,14.121479416886965,14.808425072891014,42.681755032390356,44.229550287127495,499
170,True,10000,500,3898046.315521015,6046.127998270094,62.068524304777384,11.992103154239112,83.38820865183335,82.69755455773661,True,True,10.636718943715096,14.106079377233982,14.811905664391814,42.62012615799904,44.292522221803665,499
171,True,10000,500,3898046.315872342,6046.51356395334,62.024643179029226,11.992963769086796,83.38222471559631,82.69228121487737,True,True,10.64581680111587,14.147301701207956,14.764812924743936,42.72522497922182,44.086986407637596,499
172,True,10000,500,3898046.316229988,6046.001709066331,61.599158216267824,11.992790683066259,83.38342813003428,82.69928194863407,True,True,10.639894288033247,14.14424863954385,14.802980305782206,42.67558502033353,44.24031665548682,499
173,True,10000,500,3898046.316577374,6045.486775226891,61.17481319233775,11.992609142353814,83.3846903646964,82.70632598997534,True,True,10.63518994487822,14.134064099440971,14.806172028960036,42.64534590765834,44.232582952827215,499
174,True,10000,500,3898046.31692633,6045.379536226392,60.93593593686819,11.99287294647199,83.3828561732721,82.70779311766864,True,True,10.642116772942245,14.145536130915085,14.800778665424632,42.697594966739416,44.23379460349679,499
175,True,10000,500,3898046.317276117,6044.83385104686,60.49811001867056,11.992656795647676,83.38435903234684,82.71525939681679,True,True,10.6374965980649,14.137485406051079,14.805279583670197,42.64909494668245,44.22995746135712,499
176,True,10000,500,3898046.317674782,6044.516616035253,60.13768399134278,11.9927433507894,83.38375722300243,82.71960055061645,True,True,10.664109024219215,14.180971216410398,14.80930947931483,42.863153386861086,43.95455736666917,499
177,True,10000,500,3898046.318237627,6044.7790320031345,59.84049616381526,11.993864801281202,83.37596067392543,82.7160095270362,True,True,10.660261265002191,14.176522536824148,14.804830889527993,42.85497311502695,44.284547958523035,499
178,True,10000,500,3898046.318611033,6044.589374214411,59.52303018420935,11.994120929920244,83.37418022069663,82.71860486221743,True,True,10.669859824702144,14.184301625937223,14.816297745953003,42.854022700339556,44.33206934481859,499
179,True,10000,500,3898046.318972809,6044.346887152642,59.194114059209824,11.994294134455776,83.37297624937506,82.72192336656887,True,True,10.673413751646876,14.186369503537813,14.821936692266414,42.848763056099415,44.363297149538994,499
180,True,10000,500,3898046.319333455,6043.945482000709,58.81658801808953,11.994246280526292,83.37330888591036,82.72741729538012,True,True,10.674208519048989,14.186735916882753,14.819145007058976,42.84998308867216,44.34860544279218,499
181,True,10000,500,3898046.319682961,6043.4212372638285,58.41534212231636,11.99399978986275,83.37502230450208,82.73459359691698,True,True,10.66769624594599,14.185893877098959,14.810887347751605,42.85841295495629,44.303878117352724,499
182,True,10000,500,3898046.320047688,6043.113410007209,58.06814460083842,11.994078688189118,83.37447385473017,82.73880797471308,True,True,10.66790975164622,14.185270915428797,14.813807647054391,42.85621317103505,44.31824600324035,499
183,True,10000,500,3898046.39729382,6013.499001972377,48.017362132668495,11.954873025730878,83.64789804522944,83.14626806057575,True,True,10.667651193216443,14.171108913918337,14.412870009740194,42.8625101223588,46.2817061785608,499
184,True,10000,500,3898046.398023202,6012.604962103069,47.25089995190501,11.954617359020368,83.64968697600756,83.15863143370585,True,True,10.655179037712514,14.156415592879057,14.384119926641384,42.824388947337866,46.26261823344971,499
185,True,10000,500,3898046.398439558,6012.25441461429,46.841663774102926,11.95473497162362,83.64886401694825,83.16348003913886,True,True,10.656518745236099,14.156572365512451,14.388156589120626,42.84026641398668,46.29266368225211,499
186,True,10000,500,3898046.398812284,6012.1229365468025,46.517147682607174,11.955121821371133,83.64615726561539,83.16529872677324,True,True,10.673959506675601,14.182115594546,14.429729742308458,42.8573340177536,46.316171544603954,499
187,True,10000,500,3898046.39918086,6011.137907393277,46.07083322480321,11.954042232802552,83.65371148312867,83.17892680269989,True,True,10.649268981069326,14.156315786143145,14.375163552661737,42.8203318733722,46.09761613421137,499
188,True,10000,500,3898046.399534426,6011.211326811463,45.752905774861574,11.95482649506333,83.64822362022097,83.17791087627856,True,True,10.66746877040714,14.164152244726816,14.404683373868465,42.86431511864066,46.27847921103234,499
189,True,10000,500,3898046.399883033,6011.099447030574,45.45240942388773,11.955204484181737,83.64557890441169,83.17945900013271,True,True,10.667346301488578,14.16046234468619,14.400656645496687,42.86456913687289,46.43400804139668,499
190,True,10000,500,3898046.400238469,6010.602263268083,45.079073403030634,11.954956292314733,83.64731543542756,83.18633942152414,True,True,10.672089527361095,14.181551989167929,14.425496415545544,42.858777521178126,46.270132157951544,499
191,True,10000,500,3898046.400585825,6010.303965769708,44.737766962498426,11.955042482579577,83.64671237740569,83.19046804415117,True,True,10.654321522451937,14.156282413750887,14.37957693512241,42.82035706564784,46.43529727589333,499
192,True,10000,500,3898052.319389964,6004.97266696766,44.93457218632102,11.943964117798274,83.72429707067288,83.26432570632927,True,True,10.622949339449406,14.127789996564388,15.347699956036996,42.596433917060494,44.606500309891956,499
193,True,10000,500,3898052.363520184,6005.378962960094,65.60392212122679,11.903356795268271,84.00991562292009,83.2586924295526,True,True,10.6276567094028,14.10849935685595,14.326020609587431,42.58526284247637,44.0529502322897,499
194,True,10000,500,3898052.364366775,6004.676421172917,64.82783006504178,11.903504190596943,84.00887536881285,83.26843362232881,True,True,10.62204921618104,14.117729694892963,14.314184275766214,42.61034606024623,43.911076872609534,499
195,True,10000,500,3898052.364804251,6004.187214653939,64.38254378736019,11.90341617408132,84.0094965491852,83.27521813105528,True,True,10.623316746205091,14.117642616232237,14.295730895052353,42.59031414985657,43.97113358601925,499
196,True,10000,500,3898052.365202177,6003.281974233687,63.88409901410341,11.902600952343855,84.01525044852322,83.28777527792613,True,True,10.623644338920712,14.114709415783485,14.33435051391522,42.58811608888209,43.82282847538588,499
197,True,10000,500,3898052.365562083,6003.76239977777,63.68484068661928,11.903963044270844,84.00563713790102,83.2811105280428,True,True,10.63088420778513,14.112422708421946,14.348920434713364,42.65092690475285,43.953608269803205,499
198,True,10000,500,3898052.36591559,6003.029507119209,63.262115232646465,11.903341466706538,84.01002380692721,83.29127808001476,True,True,10.61411201953888,14.111616338292757,14.336344009886185,42.60361795313656,44.00636562146244,499
199,True,10000,500,3898052.366271796,6002.896368037909,62.94677872210741,11.903706591815235,84.00744694829602,83.29312540896466,True,True,10.627139243297279,14.111063132683435,14.33160062879324,42.61034717783332,43.9647038746625,499
200,True,10000,500,3898052.366624092,6002.461283002049,62.579302582889795,11.903571103044406,84.0084031374622,83.29916286439283,True,True,10.62247168738395,14.11432633176446,14.320674041906992,42.62774414382875,43.92816693987695,499
201,True,10000,500,3898052.366973339,6002.155316062272,62.23807577043772,11.90364176411189,84.00790445617112,83.30340913737403,True,True,10.6247968506068,14.115936122834682,14.326030698915323,42.61467610485852,43.94755522254852,499
202,True,10000,500,3898052.367496464,6001.9466280937195,61.78573006764054,11.904130056164487,84.00445856034273,83.30630560085557,True,True,10.631941491737962,14.119629592945179,14.36638335386912,42.636163299903274,44.00886483024804,499
203,True,10000,500,3898052.36784672,6001.518861856312,61.40671391040087,11.904032360613048,84.00514797899129,83.31224336856395,True,True,10.631124256178737,14.115942952533564,14.353633703043064,42.65631288290024,43.970950776711085,499
204,True,10000,500,3898052.368202716,6001.079936977476,61.03775789961219,11.90389214244061,84.00613749134439,83.31833690784524,True,True,10.627791518345475,14.112102643897137,14.344034095605215,42.66872480511665,43.935331548564115,499
205,True,10000,500,3898052.368553893,6000.653810799122,60.67219190299511,11.903770779350955,84.00699396317881,83.32425361719272,True,True,10.625451803207397,14.113486278802156,14.33586391309897,42.6129259634763,43.904697378166,499
206,True,10000,500,3898052.368901419,6000.344044994563,60.332425870001316,11.903830900049222,84.00656968303078,83.32855520461295,True,True,10.625019203871489,14.117282660057148,14.339927428712448,42.66984169371426,43.91999887768177,499
207,True,10000,500,3898052.369254106,6000.1491056755185,60.01982791349292,11.904066688901855,84.00490572959396,83.3312624726362,True,True,10.6318942271173,14.117526356130838,14.3580570196112,42.64007480815053,43.987435358576455,499
208,True,10000,500,3898052.37079248,5998.043297789991,58.32242593169212,11.90324824019699,84.01068177533452,83.36051861850139,True,True,10.643958928994834,14.130045970280966,14.393443241715431,42.75032263249159,43.58182810712605,499
209,True,10000,500,3898052.371344994,6000.049028079957,57.99563927575946,11.907922622854104,83.97770389276505,83.33265239334257,True,True,10.652943979948759,14.1405388712883,14.440306307127079,42.76204677298665,45.05414905026551,499
210,True,10000,500,3898052.37172222,5999.71028091386,57.62480292469263,11.907986929838009,83.97725038598136,83.33735740383807,True,True,10.652929078787565,14.140008948743343,14.444052707403898,42.77251488529146,45.0699021434411,499
211,True,10000,500,3898052.372085597,5997.7677701972425,57.227167300879955,11.90489098776826,83.99908920018294,83.36434806370588,True,True,10.64342400059104,14.129665680229664,14.389293268322945,42.751607624813914,44.21092014294115,499
212,True,10000,500,3898052.372436443,5998.8474999554455,56.890340987592936,11.907729777490687,83.9790639094205,83.34934335365477,True,True,10.65186655614525,14.141382649540901,14.429156358043352,42.76253399439156,45.00697431154545,499
213,True,10000,500,3898052.37278383,5998.426483944058,56.53656413778663,11.907595029671889,83.98001422689924,83.35519345587483,True,True,10.648351511918008,14.14119265973568,14.421799685806036,42.76101063005626,44.975632792338686,499
214,True,10000,500,3898052.373137596,5998.181285802275,56.196197867393494,11.907785747364493,83.9786691846825,83.35860091183014,True,True,10.653326520696282,14.14123255138596,14.432933026303848,42.76187312789261,45.02242195419963,499
215,True,10000,500,3898052.411216878,5959.8151673562825,43.080381117761135,11.857183940357759,84.33705718238421,83.89521922402088,True,True,10.647994000464678,14.131365964810053,14.405899681150913,42.74889035150409,44.922235365957036,499
216,True,10000,500,3898052.411899191,5959.232612978667,42.44680795818567,11.857286182405774,84.33632996763058,83.90342053623573,True,True,10.651028947904706,14.132265777637562,14.414480111251274,42.76182670146227,44.969607675448074,499
217,True,10000,500,3898052.412322607,5958.926046267152,42.01200231909752,11.857543174244597,84.33450212284018,83.90773708514386,True,True,10.650048963725567,14.133792680998644,14.425472977260748,42.7656140178442,45.02007661387326,499
218,True,10000,500,3898052.412691093,5958.481321111321,41.63750587031245,11.857402435352723,84.3355031131026,83.91399973487616,True,True,10.648174094967544,14.132716072102388,14.41842628022035,42.7555900067091,44.98775247484447,499
219,True,10000,500,3898052.413053389,5956.8413477391005,41.21747985482216,11.854957651070698,84.35289517121839,83.93710203307216,True,True,10.64573647454381,14.130226025978724,14.398029850174984,42.747940961271524,44.23463762737811,499
220,True,10000,500,3898052.413407846,5957.6786193065345,40.895543061196804,11.857280713918513,84.33636886290152,83.92530580278252,True,True,10.649501578882337,14.131659331421057,14.410309959203005,42.75268083438277,44.949086960405126,499
221,True,10000,500,3898052.413759052,5957.599109970033,40.58136697858572,11.857750987958813,84.33302411354984,83.92642585890863,True,True,10.653306497260928,14.135402627289295,14.436682996650537,42.76653295382857,45.06654676049949,499
222,True,10000,500,3898052.414108819,5955.825557932258,40.18220026046038,11.854996708761117,84.35261726061694,83.95141784065112,True,True,10.645336587913334,14.130875933915377,14.40217299386859,42.74808010086417,44.25130849704147,499
223,True,10000,500,3898052.414454375,5955.35021321848,39.89741392433643,11.854614828244777,84.35533456704155,83.95811868296197,True,True,10.6396465562284,14.128849375993013,14.384533744305372,42.75111211463809,44.204713208600886,499
224,True,10000,500,3898058.325559669,6074.213660787791,51.78532190620899,12.068994667097359,82.85694273494148,82.31518150699243,True,True,10.72172075510025,14.237494673579931,14.49373240272204,43.04950125515461,44.754636287689195,499
225,True,10000,500,3898058.370173914,6072.995234280825,62.66065128147602,12.044758683365428,83.02366417527843,82.33169642182519,True,True,10.716940741986036,14.219161743919054,14.485842703531185,43.02100231871009,43.63426752388477,499
226,True,10000,500,3898058.37150818,6071.988475043327,61.43277371302247,12.045201806273154,83.02060987298685,82.34534733639003,True,True,10.720145655795932,14.236998278647661,14.482308955242237,43.037110939621925,43.73073885217309,499
227,True,10000,500,3898058.371940226,6071.172782219946,60.88382005691528,12.04466725884375,83.02429436278149,82.35641085101406,True,True,10.713980766013265,14.221608328322569,14.485155697911978,43.02026191726327,43.6727992258966,499
228,True,10000,500,3898058.372334532,6070.877424906939,60.50813291221857,12.044828240470382,83.0231847258743,82.36041761420748,True,True,10.716801043599844,14.219235318402449,14.476992655545473,43.02013199776411,43.647963274270296,499
229,True,10000,500,3898058.372703468,6069.990574847907,60.070627834647894,12.043927749525569,83.02939213824092,82.3724508027804,True,True,10.72488829959184,14.21250868588686,14.479862215618292,42.97494189813733,43.47809478640556,499
230,True,10000,500,3898058.373067095,6070.506448857486,59.88925928249955,12.04532502920839,83.0197605772469,82.36545075973088,True,True,10.721387923695147,14.226358383893967,14.471012633293867,43.056211899966,43.57781978324056,499
231,True,10000,500,3898058.373430131,6070.219561923295,59.54135302454233,12.04544731242235,83.01891777557401,82.36934346433746,True,True,10.72158815804869,14.225171723713478,14.464049289623896,43.05326100438833,43.59694579616189,499
232,True,10000,500,3898058.373784877,6069.671878125519,59.14783710613847,12.045138358756274,83.02104718233021,82.37677588502753,True,True,10.716005810536444,14.236058418949446,14.486259004722038,43.03640220314264,43.71890872716904,499
233,True,10000,500,3898058.374300422,6069.117522798479,58.623522985726595,12.045078155937379,83.02146213198876,82.38430020868162,True,True,10.712960734963417,14.231854894508919,14.489365741610527,43.030592147260904,43.70913663879037,499
234,True,10000,500,3898058.374661418,6068.134313914925,58.151938021183014,12.04405285750249,83.02852966782517,82.39764878859766,True,True,10.719738202169538,14.209838428845009,14.48452224334081,42.98444231972098,43.48234236240387,499
235,True,10000,500,3898058.375029305,6068.226291798055,57.82129988074303,12.044899783401426,83.02269159416821,82.39639986330285,True,True,10.713738505728543,14.219375016788641,14.477222692221403,43.02001092582941,43.66118721663952,499
236,True,10000,500,3898058.375380921,6068.231801968068,57.583972811698914,12.04538643117509,83.01933737981746,82.39632504444515,True,True,10.72142319753766,14.225244987756014,14.467502323289713,43.05262118577957,43.58781995251775,499
237,True,10000,500,3898058.375727947,6067.569040227681,57.17235803604126,12.04488313064457,83.02280637790514,82.40532521097408,True,True,10.713280644267797,14.222948346287012,14.477905662109455,43.021030724048615,43.67248872295022,499
238,True,10000,500,3898058.376095764,6067.243102006614,56.81381095200777,12.044948479067347,83.0223559476305,82.409752105472,True,True,10.71305072400719,14.227494907875856,14.488539037605127,43.02162164822221,43.67893664166331,499
239,True,10000,500,3898058.37644326,6067.0923339203,56.50457413867116,12.04526605166659,83.02016706900712,82.41179999924627,True,True,10.721543221734464,14.23694503804048,14.478559295336405,43.049282394349575,43.74191015958786,499
240,True,10000,500,3898058.376843066,6066.535590216517,56.073579005897045,12.045014050522285,83.02190398496371,82.4193631710244,True,True,10.73950796853751,14.250067993998528,14.441789283106724,43.10020059347153,43.448063265532255,499
241,True,10000,500,3898058.377761337,6066.314301919192,55.255217012017965,12.04621059099634,83.01365748556867,82.42236968200207,True,True,10.73947548866272,14.249931710461775,14.430126330504814,43.127361219376326,43.71068039909005,499
242,True,10000,500,3898058.378138013,6066.153552848846,54.85792085528374,12.046684633253632,83.01039086219647,82.42455382046587,True,True,10.740150464698672,14.245514913151661,14.470396097749472,43.14471082761884,43.70502671226859,499
243,True,10000,500,3898058.378488229,6065.7213679514825,54.535835050046444,12.046463993790454,83.01191125590599,82.43042660049849,True,True,10.740183060988784,14.246011773745218,14.468022311727205,43.13611006364226,43.69759447872639,499
244,True,10000,500,3898058.378837356,6065.189923159778,54.17190818116069,12.046128286530296,83.0142246715218,82.43764932912691,True,True,10.73911553248763,14.24796786159277,14.42447972173492,43.108080979436636,43.6943082138896,499
245,True,10000,500,3898058.379467789,6113.225013948977,75.25124307721853,12.100147837418353,82.64361836205107,81.7898897650773,True,True,10.740175493992865,14.251878391951323,14.80887386326971,43.14885986968875,46.59315533936021,499
246,True,10000,500,3898058.379844825,6112.469422165304,74.78578807786107,12.09956640097684,82.64758974497354,81.80000020726126,True,True,10.738922981545329,14.25342330088218,14.794721643750693,43.10179967433214,46.51126805692908,499
247,True,10000,500,3898058.380200932,6112.587310373783,74.53710027039051,12.100301022251289,82.6425721278418,81.79842260108758,True,True,10.740655474364758,14.251909249772629,14.814957358563765,43.15445991232991,46.6087447479367,499
248,True,10000,500,3898058.380561408,6112.1780150569975,74.16759384796023,12.10022128498805,82.64311672057059,81.80390014300612,True,True,10.740378289483488,14.251889381557703,14.815054885111575,43.15416980534792,46.5921373106539,499
249,True,10000,500,3898058.380904555,6111.635010223836,73.78646824508905,12.099896877712919,82.64533244427258,81.8111682329812,True,True,10.740110534243286,14.251575339585543,14.802360792333708,43.16121991723776,46.5527659282088,499
250,True,10000,500,3898058.381267901,6111.323102843016,73.43340199440718,12.099979360418056,82.64476907053583,81.81534368022493,True,True,10.740040452219546,14.25177933027347,14.802529625594442,43.15824992954731,46.57326713204381,499
251,True,10000,500,3898058.381623177,6110.760859213769,73.0164060369134,12.099688282919551,82.64675722362564,81.82287140988392,True,True,10.73989795986563,14.252230400840443,14.810462142340667,43.14632015302777,46.503764111548634,499
252,True,10000,500,3898058.381970074,6110.671899747103,72.74064887315035,12.100062627001911,82.64420035053774,81.8240625913319,True,True,10.739990510046482,14.251484256237745,14.809064458434605,43.15253999084234,46.57484535127875,499
253,True,10000,500,3898058.382446899,6109.544550999999,72.15855503454804,12.09896993179449,82.65166420259732,81.83916097610924,True,True,10.73867327068001,14.251203928142786,14.792231208023754,43.08264097198844,46.332069393247345,499
254,True,10000,500,3898058.382797685,6109.692930243909,71.88445795327425,12.099816577736743,82.64588091690302,81.83717344040711,True,True,10.739750461652875,14.251416735351086,14.80294897376232,43.16362086683512,46.534895431250305,499
255,True,10000,500,3898058.383147032,6109.293004032224,71.50007085874677,12.099785437221398,82.64609361780886,81.84253066107527,True,True,10.73994324542582,14.251623644183079,14.803118946341003,43.16736990585923,46.5161080472171,499
256,True,10000,500,3898064.40080595,6034.457445610315,43.67536399513483,12.005575313858076,83.29463385612988,82.857490421731,True,True,10.710448492318392,14.20287067691485,14.664092344076568,43.09220388531685,44.82634050771591,499
257,True,10000,500,3898064.444554594,6034.479656256735,65.87289925664663,11.961135785571319,83.60410064120306,82.85718545452126,True,True,10.70328347850591,14.211464331795773,14.441678302052098,43.001868948340416,43.98621181957423,499
258,True,10000,500,3898064.445141898,6034.77510297671,65.46388287097216,11.96254753528204,83.59423417550693,82.85312898460298,True,True,10.715318494476378,14.221187339474758,14.592318894186347,43.11503474600613,43.98477762006223,499
259,True,10000,500,3898064.445779781,6034.020711202174,64.78868005797267,11.962388839968341,83.59534315243397,82.86348753688378,True,True,10.715305805206299,14.221919731547434,14.605748495087008,43.118538009002805,43.949998137541115,499
260,True,10000,500,3898064.446178677,6033.3827077411115,64.34496492147446,11.96199948460849,83.59806412687949,82.87224998316064,True,True,10.709455935284495,14.204720066239437,14.55429788834103,43.084681034088135,44.10045934375375,499
261,True,10000,500,3898064.446557163,6033.083381131291,63.98140825331211,11.96212820216028,83.59716457640094,82.87636162360526,True,True,10.709670721553266,14.211330624918144,14.568280559809237,43.09465601108968,43.981940760277205,499
262,True,10000,500,3898064.44691582,6032.922602258623,63.65957111120224,11.962450964223288,83.59490901912584,82.87857029904687,True,True,10.714806034229696,14.220484346151352,14.594120339800893,43.11535214073956,43.96206404082477,499
263,True,10000,500,3898064.447292346,6032.17752976343,63.17395577207208,11.96193101000272,83.59854267373613,82.88880715677627,True,True,10.705938446335495,14.201790715257326,14.537603649465968,43.0372420232743,44.07850505318491,499
264,True,10000,500,3898064.447647742,6031.955151818693,62.884089071303606,11.9620662580108,83.59759747445942,82.89186298894235,True,True,10.713383555412292,14.216326953222355,14.575916325363,43.10234193690121,43.89651466626674,499
265,True,10000,500,3898064.447999109,6031.680014915764,62.54721200093627,11.962189985801258,83.59673280452563,82.8956441262713,True,True,10.713370982557535,14.219563702742258,14.583701224376737,43.10911181382835,43.91813933849335,499
266,True,10000,500,3898064.448352705,6031.367518007755,62.20035580918193,11.96225884208131,83.59625161112216,82.89993911118137,True,True,10.713178315199912,14.219956286251545,14.59124635439364,43.12760066241026,43.92595960292965,499
267,True,10000,500,3898064.448938959,6031.018282286823,61.673302203416824,11.962615190547908,83.59376140345432,82.90473956421361,True,True,10.71539323311299,14.221605006605387,14.591546045461028,43.11513192951679,43.99681344628334,499
268,True,10000,500,3898064.449297155,6030.579877085984,61.284616123884916,11.962515553030258,83.59445766795156,82.91076649192868,True,True,10.715583455748856,14.219267262766758,14.593313791168212,43.11545602977276,43.973490335047245,499
269,True,10000,500,3898064.449647022,6030.112881213427,60.9127888455987,11.962324834404466,83.59579043731796,82.91718743072452,True,True,10.711408336646855,14.223291600743929,14.598855363825937,43.118449160829186,43.93768893554807,499
270,True,10000,500,3898064.449995938,6029.409787617624,60.460623819381,11.961821971539566,83.59930471957136,82.92685646061602,True,True,10.704493266530335,14.218658953905106,14.453089667949802,43.02117289043963,44.03272249270229,499
271,True,10000,500,3898064.450349055,6029.167559929192,60.16544671729207,11.961928082588978,83.59856313260539,82.93018812797303,True,True,10.70912356954068,14.203939090172451,14.54623176328215,43.08301704004407,44.08686966169624,499
272,True,10000,500,3898064.450694021,6029.302419163287,59.92578016594052,11.962678635265224,83.59331805939038,82.92833320332723,True,True,10.730965761467814,14.244166885813078,14.553461587056496,43.09986694715917,43.924343483522534,499
273,True,10000,500,3898064.451300815,6029.346818570048,59.35006495565176,11.963921349928649,83.5846350666593,82.92772252875356,True,True,10.73103817179799,14.241202299793562,14.554259001743027,43.0996451061219,44.22907060477882,499
274,True,10000,500,3898064.451674371,6028.72853493318,58.96939896047115,11.963445162269958,83.58796203235647,82.93622728287961,True,True,10.726080741733313,14.219445704172054,14.562791271600851,43.11795104295015,44.21138729900121,499
275,True,10000,500,3898064.452044267,6028.5560470074415,58.613582979887724,11.96381255316143,83.58539517035067,82.93860023880819,True,True,10.730910813435912,14.238734946896631,14.554893853298058,43.09943285770714,44.212730024009936,499
276,True,10000,500,3898064.452405114,6028.297878801823,58.25835559517145,11.964007060534371,83.58403626312597,82.94215217171376,True,True,10.730175767093897,14.243420989563068,14.552551218463707,43.09940882958472,44.23851712141185,499
277,True,10000,500,3898064.49304124,6034.917071927339,45.311287976801395,12.003218003908891,83.31099207515405,82.85117989870203,True,True,10.73189580347389,14.236149036635956,15.015553742026128,43.13191184774041,46.19873082730915,499
278,True,10000,500,3898064.493767142,6034.049021080136,44.56772608682513,12.002968527040704,83.31272366058157,82.86309876721826,True,True,10.728235705755651,14.242187701165676,14.965061132485507,43.12897492200136,46.124549200758295,499
279,True,10000,500,3898064.494198038,6033.5685960017145,44.13112020120025,12.002880713027082,83.31333318298084,82.8696967713828,True,True,10.731033282354474,14.237842336297035,14.96462547685935,43.12790706753731,46.10364193096753,499
280,True,10000,500,3898064.494577674,6033.286718651652,43.76314394176006,12.003053255931647,83.31213556066011,82.87356847375925,True,True,10.728868190199137,14.245923236012459,14.965148530900317,43.128149723634124,46.144527429714756,499
281,True,10000,500,3898064.49493554,6032.72016486153,43.38124813511968,12.002683199852525,83.3147041665056,82.8813514196007,True,True,10.726945707574487,14.235289736340443,14.970730201651492,43.141684867441654,46.078479830175596,499
282,True,10000,500,3898064.495293107,6031.828563194722,42.95873222872615,12.00174314822845,83.32122989547629,82.89360262175256,True,True,10.724583291448653,14.219483112295467,14.956561364233337,43.157225055620074,45.823902240954304,499
283,True,10000,500,3898064.495642563,6031.896072905511,42.63487597927451,12.002527448749971,83.31578530188216,82.89267486652078,True,True,10.727100539952517,14.22690898180008,14.969968151611427,43.13952480442822,46.03177643846716,499
284,True,10000,500,3898064.49599147,6031.722834333777,42.33160801231861,12.00278802870032,83.31397652019366,82.89505564710295,True,True,10.72781824041158,14.234885076681774,14.970428277738232,43.141654785722494,46.10204729251559,499
285,True,10000,500,3898064.496346556,6031.118130777031,41.92413296550512,12.002392781185423,83.31672010997414,82.90336703048155,True,True,10.726063163019717,14.22659456729889,14.958910058873236,43.15119367092848,46.01699035614725,499
286,True,10000,500,3898064.496869261,6030.731614213437,41.44055722281337,12.002587288558363,83.3153699247215,82.90868040315087,True,True,10.727073298767209,14.235074321428936,14.97074803026998,43.1407957803458,46.057287673465865,499
287,True,10000,500,3898064.497221987,6030.69322463125,41.12470056861639,12.003143334794858,83.31151033589575,82.90920817491471,True,True,10.732335736975074,14.234343792001406,14.971804831487274,43.129981867969036,46.212781826034146,499
288,True,10000,500,3898070.436617932,5989.955950062722,45.156000182032585,11.913426753267915,83.93890529655498,83.47306794380756,True,True,10.718295816332102,14.186165295541286,14.942594338208437,43.015831150114536,45.1163402851671,499
289,True,10000,500,3898070.480899921,5989.722813013941,64.60784189403057,11.873977898035893,84.2177750865961,83.47631695303899,True,True,10.718358214944601,14.181345235556364,14.929724701990684,43.05959306657314,44.439345831051476,499
290,True,10000,500,3898070.481822112,5988.207587972283,63.56020178645849,11.87304085407981,84.22442172060585,83.49743936804788,True,True,10.710628237575293,14.172658634682497,15.014577036102613,42.96516673639417,44.5448457915336,499
291,True,10000,500,3898070.482295667,5988.151167985052,63.12791723757982,11.873794089674293,84.21907879214628,83.49822607571956,True,True,10.708448244258761,14.188045635819435,15.010050342728695,42.98577196896076,44.67350924387575,499
292,True,10000,500,3898070.482676583,5987.903831060976,62.823450192809105,11.87390857889412,84.21826674474323,83.50167506137231,True,True,10.71820582728833,14.187389053404331,14.936584358414015,43.048805091530085,44.44602474570275,499
293,True,10000,500,3898070.483042929,5987.927570939064,62.551523093134165,11.874501097887634,84.21406438523054,83.50134400867292,True,True,10.719423182308674,14.2031186260283,14.880391613890728,43.13903823494911,44.37654188834131,499
294,True,10000,500,3898070.483402886,5987.53179423511,62.16303585097194,11.874486489747772,84.21416798641211,83.50686345939872,True,True,10.719458223320544,14.195472312470278,14.886744941274324,43.13932666555047,44.383954759687185,499
295,True,10000,500,3898070.483759322,5987.1392888017,61.79929990321398,11.874428835467908,84.21457687405436,83.51233801010713,True,True,10.719640762545168,14.188648667186499,14.89308833455046,43.12704196199775,44.3903237208724,499
296,True,10000,500,3898070.484117598,5986.742413137108,61.43361423164606,11.874366330471867,84.21502016775507,83.51787424540208,True,True,10.719785699620843,14.189092442393303,14.9002680554986,43.10999969020486,44.435023330152035,499
297,True,10000,500,3898070.484467855,5986.027669627219,61.013607773929834,11.873775675056692,84.21920940452881,83.5278464443078,True,True,10.716250748373568,14.186578647543987,14.957657704750696,43.00734885036945,44.53426728956402,499
298,True,10000,500,3898070.485038259,5985.3517967276275,60.37485506385565,11.873701285899342,84.2197370408462,83.53727850606293,True,True,10.71143604349345,14.171342365443707,15.006667003035545,42.96385794878006,44.65310737490655,499
299,True,10000,500,3898070.485390445,5985.391046851873,60.14533760026097,11.874239898299825,84.21591685571232,83.53673069748454,True,True,10.718053439632058,14.17899535348018,14.914031295726696,43.089855182915926,44.44664309732616,499
300,True,10000,500,3898070.485740612,5984.799722209573,59.75002143532038,11.873847095739984,84.21870282958022,83.54498449538781,True,True,10.718053206801414,14.186378723631302,14.949770954747995,43.00488391891122,44.52615256421269,499
301,True,10000,500,3898070.486093398,5984.726973809302,59.44974394515157,11.874303065860019,84.21546885350388,83.54600004112604,True,True,10.717975674197078,14.18719906359911,14.907421388973793,43.09508316218853,44.44112413562834,499
302,True,10000,500,3898070.486442555,5984.220747835934,59.07260766252875,11.87404436908498,84.21730363443643,83.55306748682597,True,True,10.718150762841105,14.174645766615868,14.922461317231258,43.068808782845736,44.43346235901118,499
303,True,10000,500,3898070.486782181,5983.920821920037,58.740342035889626,11.874109178124543,84.21684397531749,83.55725533139106,True,True,10.717935976572335,14.175365678966045,14.921688009053469,43.07847833260894,44.43933899514378,499
304,True,10000,500,3898070.487190457,5983.551864977926,58.338786009699106,11.874174506950354,84.21638063468465,83.56240762723706,True,True,10.725675732828677,14.238704616824785,14.787335880100727,43.22763914242387,44.16874922811985,499
305,True,10000,500,3898070.487725031,5983.647325076163,57.91096994653344,11.875223156572403,84.20894385016629,83.5610745146374,True,True,10.725140804424882,14.218665038545927,14.839608998348316,43.251183070242405,44.388533690944314,499
306,True,10000,500,3898070.488109338,5983.415136113763,57.50323412939906,11.87557495387648,84.20644927794214,83.56431713757885,True,True,10.725558153353631,14.238704927265644,14.790796053906282,43.22766121476889,44.31486784480512,499
307,True,10000,500,3898070.488459414,5982.98384109512,57.161618024110794,11.87539523661525,84.2077236231021,83.57034103379435,True,True,10.720140766352415,14.233754637340704,14.84218534703056,43.25585188344121,44.40360816195607,499
308,True,10000,500,3898070.48880592,5982.801194302738,56.797611992806196,11.87575868198383,84.20514653241095,83.57289232276959,True,True,10.72493300307542,14.238711756964525,14.788025990128517,43.242163117975,44.30867098271847,499
309,True,10000,500,3898070.528221829,6029.655245132744,45.03398109227419,11.993228986053046,83.38038081011398,82.92348064238163,True,True,10.724828229285777,14.238708342115084,15.263811374704042,43.26900225132704,45.23444159887729,499
310,True,10000,500,3898070.528982591,6027.89748320356,44.192139990627766,11.991393473372609,83.39314377603752,82.94766150108316,True,True,10.72517316788435,14.216974998513857,15.29098441824317,43.25069198384881,45.35997939761726,499
311,True,10000,500,3898070.529427007,6028.542786370963,43.84066304191947,11.993391028715518,83.37925425809277,82.9387826740445,True,True,10.724675841629505,14.238768257200718,15.275294271608194,43.270375626161695,45.256067500449696,499
312,True,10000,500,3898070.529800773,6028.127640951425,43.46107691526413,11.993319767607536,83.37974967538808,82.94449450660348,True,True,10.724715772084892,14.238901746769747,15.271600956718126,43.26920504681766,45.249086446128764,499
313,True,10000,500,3898070.530168659,6027.581886854023,43.05060114711523,11.993048668751317,83.381634446758,82.9520045327771,True,True,10.725738015025854,14.238891657441854,15.281650703400373,43.26053108088672,45.27955985628066,499
314,True,10000,500,3898070.530522085,6027.27179042995,42.720405384898186,11.993088947986076,83.3813544064412,82.95627232106833,True,True,10.725493193604052,14.238868374377489,15.271051010737816,43.26458116993308,45.24683203548191,499
315,True,10000,500,3898070.530872112,6026.533517055213,42.32748877257109,11.992396850265816,83.38616645911235,82.96643478128675,True,True,10.725158266723156,14.217162039130926,15.296887761602799,43.258021119982004,45.36350911948828,499
316,True,10000,500,3898070.531227238,6026.317160110921,41.979323141276836,11.99266099593115,83.3843298279905,82.96941344368224,True,True,10.725103202275932,14.225831565757593,15.286194471021494,43.257312988862395,45.32780271954832,499
317,True,10000,500,3898070.531573105,6025.126890745014,41.59368574619293,11.991048507011666,83.39554288478263,82.98580412771597,True,True,10.725153144448996,14.21726169064641,15.26616762081782,43.25353601016104,45.313316830433884,499
318,True,10000,500,3898070.532117279,6025.718026328832,41.1320710554719,11.993158227000722,83.38087275031995,82.9776630461789,True,True,10.725705767981708,14.238678074131409,15.275257639586926,43.26694216579199,45.25511530693618,499
319,True,10000,500,3898070.532468596,6025.189100764692,40.744264144450426,11.99287542408866,83.3828389471485,82.98494730008426,True,True,10.721605736762285,14.238944898049036,15.276164282113314,43.26881328597665,45.31323036644606,499
320,True,10000,500,3898076.42776601,6026.651655789465,44.867313001304865,11.987543773122564,83.41992479244277,82.96480841391889,True,True,10.702198254875839,14.216238632798195,14.366280287504196,42.992840241640806,44.54729225952176,499
321,True,10000,500,3898076.471849191,6026.1884410865605,62.45236378163099,11.951374904418698,83.67238146217612,82.97118566538666,True,True,10.683781001716852,14.187334726254146,14.337130058556772,42.88260582834482,44.72702705301343,499
322,True,10000,500,3898076.472671503,6026.07335196808,61.76097970455885,11.952529804135311,83.66429671265259,82.97277029273182,True,True,10.69653092417866,14.226578983167808,14.381442512385524,42.92811304330826,44.84481547959148,499
323,True,10000,500,3898076.473078159,6025.896322913468,61.395203694701195,11.952908054546626,83.66164915153195,82.97520787052878,True,True,10.70677605457604,14.230544896175463,14.394610248661268,43.01819587126374,44.79379445314406,499
324,True,10000,500,3898076.473439415,6025.184491183609,60.97359815612435,11.952326438932834,83.66572023523858,82.98501078790672,True,True,10.696845944039524,14.226053934544325,14.35969258503365,42.89520522579551,44.82660655397921,499
325,True,10000,500,3898076.473811791,6024.9739633873105,60.62797224149108,11.952597176644929,83.6638251269753,82.9879104936238,True,True,10.697896010242403,14.227512292563915,14.386215556878573,42.93288830667734,44.850693889893584,499
326,True,10000,500,3898076.474171327,6024.221211206168,60.15917705371976,11.952028124554005,83.66780847391249,82.99828018763776,True,True,10.691063478589058,14.189890213310719,14.337193525085825,42.88656488060951,44.84907777048647,499
327,True,10000,500,3898076.474522954,6023.926364257932,59.8158803768456,11.952125218198569,83.66712879458274,83.0023426193712,True,True,10.692510986700654,14.201187373449406,14.354247339845921,42.89040565490723,44.80329435784368,499
328,True,10000,500,3898076.47487145,6023.709726054221,59.5344128087163,11.952255136764538,83.66621935002459,83.00532773638822,True,True,10.696901008486748,14.223259252806503,14.355260806623823,42.92074595578015,44.819653984159224,499
329,True,10000,500,3898076.475224527,6023.314489983022,59.17429691180587,11.95218475565374,83.66671202325334,83.01077435546776,True,True,10.69695339538157,14.21916764229536,14.351105282548792,42.90348198264837,44.834066499024615,499
330,True,10000,500,3898076.475774311,6022.721455898136,58.5718029178679,11.952203713387311,83.66657931707853,83.01894810531923,True,True,10.697193443775177,14.213987160474062,14.347170080679136,42.89176459424198,44.810327342711375,499
331,True,10000,500,3898076.476127567,6022.735086269677,58.32488602027297,11.952725852203214,83.66292445464836,83.01876022073002,True,True,10.703466017730534,14.228901049743097,14.389413963071979,42.956808023154736,44.869984048418694,499
332,True,10000,500,3898076.476471344,6022.19511102885,57.94861912727356,11.952397779361878,83.6652208585873,83.0262040305397,True,True,10.696811019442976,14.220094246168932,14.36439866898579,42.91568282060325,44.83332353644072,499
333,True,10000,500,3898076.47681341,6022.1230229362845,57.65268299728632,11.952846372623243,83.66208088229064,83.0271978994226,True,True,10.7067582430318,14.230754381666582,14.386888950442252,42.97244758345187,44.88737945444881,499
334,True,10000,500,3898076.477158017,6021.548417862505,57.2686861269176,11.952464392255687,83.66475457964351,83.03512075345682,True,True,10.699596023187041,14.224129977325598,14.368386117275781,42.922406224533916,44.83930253889411,499
335,True,10000,500,3898076.477498723,6021.400679834187,56.96055991575122,11.95278581145979,83.66250477284092,83.03715806099929,True,True,10.70690609049052,14.23935160661737,14.39422945026306,42.97067294828594,44.87414448987692,499
336,True,10000,500,3898076.479232836,6019.592178054154,55.213456973433495,11.952662767696834,83.66336601603047,83.0621054068859,True,True,10.71316096931696,14.281012397259474,14.491057135164716,43.045050045475364,44.63336812797932,499
337,True,10000,500,3898076.4797664,6019.720586948097,54.74564200267196,11.953857605101051,83.65500351729735,83.06033357828858,True,True,10.712178191170096,14.271372711906832,14.463335956291585,43.04880117997527,44.88335336092859,499
338,True,10000,500,3898076.480141416,6019.463669974357,54.3550169095397,11.954125557244122,83.6531283874634,83.06387867976451,True,True,10.709833237342536,14.280801359564066,14.483421631157377,43.044584058225155,44.90077510476112,499
339,True,10000,500,3898076.480503173,6018.894635140896,54.00162888690829,11.953693399306589,83.65615267144196,83.07173165663757,True,True,10.704163229092956,14.251239007959764,14.449983529436071,43.0497569963336,44.87455042544752,499
340,True,10000,500,3898076.480857769,6018.7060767784715,53.66059299558401,11.953998965496767,83.65401426638348,83.07433418772733,True,True,10.708446032367647,14.280747373898823,14.474886494378229,43.044232530519366,44.890417587012045,499
341,True,10000,500,3898076.558363729,6025.909814052284,47.96657199040055,11.97984617647672,83.47352589247524,82.97502210106289,True,True,10.713978204876184,14.28482107197245,19.454871537163854,43.03087028674781,45.25789960753171,499
342,True,10000,500,3898076.558974723,6025.426539126784,47.39960702136159,11.980013891994833,83.47235729569647,82.98167718968838,True,True,10.712395771406591,14.280401015033325,19.423997029662132,43.04121909663081,45.460936091840246,499
343,True,10000,500,3898076.559570027,6025.000473018736,46.82838311418891,11.98030478938787,83.4703304782194,82.98754535192302,True,True,10.712633258663118,14.282374332348505,19.400092540308833,43.0402628146112,45.556935793720164,499
344,True,10000,500,3898076.559984053,6024.245601147413,46.33866809308529,11.979773412934524,83.47403289951237,82.99794415831371,True,True,10.704140760935843,14.274754406263432,19.462541909888387,43.043385818600655,45.38327349349854,499
345,True,10000,500,3898076.560368639,6023.800215218216,45.94682203605771,11.97966611860152,83.47478052391145,83.00408083535473,True,True,10.704370797611773,14.269557936737934,19.527375930920243,43.0337920319289,45.27899405453352,499
346,True,10000,500,3898076.560725835,6023.5943980515,45.63605505973101,11.979876438861263,83.47331502987139,83.00691696003618,True,True,10.704433312639594,14.28125100210309,19.44275200366974,43.0470762308687,45.4289102880284,499
347,True,10000,500,3898076.561079082,6022.785345092416,45.213338918983936,11.979102216780426,83.4787099987503,83.01806744738431,True,True,10.705146007239819,14.25914807866017,19.418706884607673,42.99746695905924,45.25478506926446,499
348,True,10000,500,3898076.561428638,6022.933903615922,44.9397717602551,11.979948160031396,83.47281529450117,83.01601976734636,True,True,10.704668471589684,14.281004201620817,19.43190209567547,43.045777129009366,45.45620339922605,499
349,True,10000,500,3898076.561773715,6022.7208458818495,44.61264470592141,11.980176755863583,83.4712225352234,83.01895651396238,True,True,10.704763466492295,14.264437990883986,19.414352485910058,43.023338820785284,45.63058370258656,499
350,True,10000,500,3898076.562123781,6022.409848868847,44.26881903782487,11.980242544751546,83.47076415728264,83.02324360968426,True,True,10.7117157895118,14.285404700785875,19.408402498811483,43.03259472362697,45.49557108897714,499
351,True,10000,500,3898076.562660866,6021.780734881759,43.719564098864794,11.980082506578945,83.4718792170958,83.03191730374716,True,True,10.70849341340363,14.284901010493437,19.415756920352578,43.0396621581167,45.46727338340131,499
352,True,10000,500,3898082.455389907,5958.699397742748,45.217538718134165,11.850665048145519,84.38344986862046,83.91092864818926,True,True,10.688603506423533,14.300463534891605,15.069153741933295,43.170584039762616,44.47381663601845,499
353,True,10000,500,3898082.499836263,5958.60181003809,62.48108437284827,11.815873197725935,84.63191702094929,83.91230290933031,True,True,10.68797125481069,14.28815529992183,14.965527594710377,43.15833426080644,44.73968104459345,499
354,True,10000,500,3898082.500651145,5957.8679469414055,61.70172104611993,11.815964380551675,84.63126392340318,83.92263884544224,True,True,10.686098830774426,14.300166349858046,14.964816351421163,43.16413379274309,44.7060772171244,499
355,True,10000,500,3898082.501081931,5957.591560203582,61.340754851698875,11.816133878460688,84.6300499203782,83.92653221479219,True,True,10.68983122240752,14.298958983272314,14.962149075387654,43.19759774953127,44.66628337278962,499
356,True,10000,500,3898082.501474027,5956.921217031777,60.82597002387047,11.815822138292399,84.6322827388563,83.93597662000651,True,True,10.68786857649684,14.285556320101023,14.966662408163135,43.140877736732364,44.733842350542545,499
357,True,10000,500,3898082.501833643,5956.764228176326,60.55736308917403,11.816045821817939,84.63068060835825,83.93818872919802,True,True,10.684906039386988,14.300704281777143,14.963455856777713,43.18305100314319,44.665845041163266,499
358,True,10000,500,3898082.50219851,5956.279423087835,60.136767104268074,11.815917146259654,84.63160223804984,83.94502078963777,True,True,10.685985907912254,14.291838991145292,14.965116300154463,43.174452893435955,44.746156889013946,499
359,True,10000,500,3898082.502555306,5956.157104112208,59.88646997138858,11.816173615512664,84.6297653148196,83.94674473156417,True,True,10.689921211451292,14.30119564756751,14.961156938225017,43.20535818114877,44.67085103970021,499
360,True,10000,500,3898082.502906362,5955.8817078359425,59.56812296062708,11.816259689128888,84.62914884309906,83.95062637697585,True,True,10.690490948036313,14.304102212190628,14.960088408552096,43.21992504410446,44.68190333805978,499
361,True,10000,500,3898082.503261149,5955.094465054572,59.02260821312666,11.815775264211313,84.6326184815727,83.9617243578718,True,True,10.687563451938331,14.283917751163244,14.968672645433482,43.1229539681226,44.73141592927277,499
362,True,10000,500,3898082.503790283,5954.0483159944415,58.2917258143425,11.815143467294789,84.63714408276765,83.9764767539496,True,True,10.680976207368076,14.284072505931059,14.967697279062108,43.04459900595248,44.573401263915,499
363,True,10000,500,3898082.50414755,5954.062284901738,57.95947881415486,11.815837286748664,84.6321742363099,83.9762797355842,True,True,10.683498694561422,14.285987212012211,14.971219523188953,43.049265118315816,44.69690448604524,499
364,True,10000,500,3898082.504495686,5954.253953881562,57.96345928683877,11.816213416021489,84.6294802566878,83.9735765173488,True,True,10.690111317671835,14.303644684453806,14.960610985290245,43.21039277128875,44.676161743700504,499
365,True,10000,500,3898082.504842233,5953.7169393152,57.53007298335433,11.816005744151994,84.63096765968673,83.98115078301159,True,True,10.689085931517184,14.300630303720633,14.962915106055622,43.19547372870147,44.64117756579071,499
366,True,10000,500,3898082.505192019,5953.120875172317,57.072057854384184,11.815729092821508,84.63294919376045,83.98955950739487,True,True,10.687586036510766,14.282195021708807,14.96968470125768,43.13315977342427,44.7259262111038,499
367,True,10000,500,3898082.505539025,5953.096325974911,56.867800652980804,11.816089229102065,84.63036971124774,83.98990586098357,True,True,10.689448798075318,14.296872386087975,14.962695220795755,43.20894102565944,44.66075552161783,499
368,True,10000,500,3898082.505940541,5952.326993923634,56.302306707948446,11.815680735903177,84.6332955630221,84.0007614686524,True,True,10.698316036723554,14.311607647687197,14.959204202362631,43.33559996448457,44.54786670859903,499
369,True,10000,500,3898082.506473206,5952.835117932409,56.10649799928069,11.81709142271168,84.62319230923991,83.9935913047201,True,True,10.698278434574604,14.306085401525099,14.957701570043948,43.327126652002335,44.761917986907065,499
370,True,10000,500,3898082.506845672,5952.424102928489,55.68188289180398,11.817118677428228,84.62299713635701,83.99939106388751,True,True,10.698230704292655,14.306125976145267,14.958292502754663,43.32430795766413,44.75597140844911,499
371,True,10000,500,3898082.507202989,5952.023325953633,55.36030512303114,11.816959961584372,84.62413372397717,84.00504712738001,True,True,10.695438482798636,14.305965726574263,14.95807671686633,43.32146686501801,44.74745587911457,499
372,True,10000,500,3898082.507558805,5951.594211161137,54.987389128655195,11.816847338742447,84.62494025131583,84.01110395973244,True,True,10.695911012589931,14.305658359080553,14.958549921090391,43.30402985215187,44.73778458312154,499
373,True,10000,500,3898082.584945886,5960.211102850735,49.44409616291523,11.84522446230024,84.4222077160882,83.88964608331622,True,True,10.710563510656357,14.318581360081833,14.972435368690554,43.358900817111135,45.642583812586956,499
374,True,10000,500,3898082.585697959,5959.289891645312,48.668283969163895,11.844933081515327,84.42428446983422,83.90261408510771,True,True,10.707600857131183,14.31106235831976,14.974869289435361,43.37321980856359,45.6094278814271,499
375,True,10000,500,3898082.586148654,5958.8867970742285,48.22355881333351,11.845016509540871,84.42368984412343,83.90828975732455,True,True,10.708033223636448,14.31335297723611,14.974647900865637,43.37051403708756,45.61591926496475,499
376,True,10000,500,3898082.5865307,5958.253933116794,47.78584325686097,11.844625430581027,84.42647729645816,83.91720218920703,True,True,10.697763529606164,14.305657055228949,14.963184099954777,43.31313678994775,45.64227798953652,499
377,True,10000,500,3898082.586894826,5957.949326839298,47.42904705926776,11.84473001959926,84.42573181029185,83.92149254234272,True,True,10.706223314628005,14.311757000784079,14.97588727312775,43.35111496038735,45.590182733722024,499
378,True,10000,500,3898082.587259663,5957.856397144496,47.124569304287434,11.845153963607634,84.42271017095617,83.92280153641197,True,True,10.710341040976346,14.317354001104832,14.973349380306814,43.36140393279493,45.624116244725876,499
379,True,10000,500,3898082.587613279,5957.277323119342,46.71714408323169,11.844809978028279,84.42516189410942,83.9309592084242,True,True,10.706413304433227,14.305636193603277,14.97553471398221,43.36545751430094,45.598199283704155,499
380,True,10000,500,3898082.587962505,5957.236194051802,46.43317684531212,11.845296627668317,84.42169338876613,83.93153867211802,True,True,10.709813213907182,14.322553357730309,14.971782677651607,43.355339020490646,45.64665968529879,499
381,True,10000,500,3898082.588316422,5955.93053707853,45.977271161973476,11.843593719271656,84.43383179995614,83.94993811416364,True,True,10.696608223952353,14.305356362213692,14.953565276227806,43.29201392829418,45.62364015262573,499
382,True,10000,500,3898082.588845586,5956.230023875833,45.5327769741416,11.845084663129642,84.42320409179631,83.94571700483797,True,True,10.710356058552861,14.31506670390566,14.974204772928022,43.36443403735757,45.62135316897183,499
383,True,10000,500,3898082.589199103,5955.747519154102,45.16070010140538,11.844863364835062,84.42478137559546,83.95251786479614,True,True,10.707308305427432,14.30826090897123,14.975222938228313,43.37424668483436,45.603087055496864,499
384,True,10000,500,3898088.415161634,5984.729883261025,45.29420891776681,11.902676702090698,84.0147157676181,83.54595942558305,True,True,10.671845986507833,14.17380232984821,14.614291170146195,42.840747721493244,44.55123186111451,499
385,True,10000,500,3898088.459666191,5984.641643706709,63.691950868815184,11.865630646969729,84.2770207292254,83.54719125509992,True,True,10.691098752431571,14.178438888241846,14.486781302839495,42.87511082366109,44.833017317578204,499
386,True,10000,500,3898088.460495022,5983.895221725106,62.89832899346948,11.865725235935143,84.2763489054607,83.55761280456616,True,True,10.674976161681116,14.172150784482557,14.504718762667206,42.85248266533017,44.8362434655428,499
387,True,10000,500,3898088.460911278,5983.304017689079,62.40785401314497,11.865523374100068,84.27778265413802,83.56586904522932,True,True,10.67757117561996,14.139499297986427,14.50378223710381,42.84061919897795,44.92188860662282,499
388,True,10000,500,3898088.461287504,5982.512616086751,61.87909981235862,11.864997026601989,84.28152133185907,83.57692362495297,True,True,10.672176256775856,14.147055863092344,14.495058318910477,42.807477992028,44.77523272857071,499
389,True,10000,500,3898088.46164513,5983.093909919262,61.897499952465296,11.86612507007374,84.27350917798691,83.56880362032412,True,True,10.690828785300255,14.178621675819159,14.485272880798806,42.873902805149555,44.99842714518309,499
390,True,10000,500,3898088.462005587,5982.618565205485,61.485473066568375,11.86599818063911,84.27441035947803,83.57544352032855,True,True,10.686183464713395,14.178562723100185,14.476321584855494,42.86452895030379,44.96180592104793,499
391,True,10000,500,3898088.462356363,5981.906872242689,60.98334910348058,11.865578202683784,84.27739322250792,83.58538684714495,True,True,10.669873678125441,14.16881127903859,14.504030201739301,42.849207296967506,44.9363832268864,499
392,True,10000,500,3898088.46270648,5981.6437237896025,60.66959071904421,11.8656796253919,84.27667285572544,83.58906399113164,True,True,10.675533791072667,14.171922175834577,14.505159257290241,42.85405483096838,44.82476853765548,499
393,True,10000,500,3898088.463059246,5981.371928006411,60.35229470580816,11.86577080821764,84.27602522943137,83.59286230954206,True,True,10.67691866774112,14.175127601871887,14.477927677798995,42.852864880114794,44.84789025969804,499
394,True,10000,500,3898088.46360487,5980.866773054004,59.82293142005801,11.865819321911713,84.27568066482989,83.59992271566442,True,True,10.678553837351501,14.17518878976504,14.477049393268901,42.85161793231964,44.85952102579177,499
395,True,10000,500,3898088.463951987,5980.708363931626,59.556282591074705,11.866036235151405,84.27414009049168,83.60213700025788,True,True,10.688986047171056,14.17850274592638,14.473506490079043,42.87605592980981,44.97393793426455,499
396,True,10000,500,3898088.464302483,5980.248408857733,59.15712798014283,11.865914390536252,84.27500545575799,83.60856703868984,True,True,10.683493688702583,14.175916990886131,14.476401040640948,42.85212103277445,44.93631906807423,499
397,True,10000,500,3898088.46465242,5979.858043137938,58.79090121015906,11.865866015887333,84.27534902729303,83.61402501414973,True,True,10.680886334739625,14.175528070578972,14.476561522266495,42.851197347044945,44.921755837276585,499
398,True,10000,500,3898088.464997696,5979.162309784442,58.19162679836154,11.86567271139495,84.27672196281556,83.62375431451129,True,True,10.674148448742926,14.14902803177635,14.477882610323507,42.816719971597195,44.90243756212295,499
399,True,10000,500,3898088.465343713,5979.357067961246,58.182226959615946,11.866081845694648,84.27381615969794,83.62103054174732,True,True,10.690633556805551,14.178512742122013,14.473212981441346,42.88153704255819,44.9855764117092,499
400,True,10000,500,3898088.465740929,5978.847103193402,57.73440096527338,11.865957319094447,84.27470056636908,83.62816298361965,True,True,10.695078410208225,14.19305463011066,14.488461895380148,42.98833990469575,44.81536560691894,499
401,True,10000,500,3898088.466276333,5978.9901417680085,57.35668586567044,11.86700091363194,84.26728937479673,83.62616230240985,True,True,10.698113590478897,14.194443387289843,14.486685847708312,42.96296816319227,45.091848121956,499
402,True,10000,500,3898088.466649399,5978.718964848667,56.94806994870305,11.867276342484898,84.26533360649873,83.62995533653687,True,True,10.69656596519053,14.192186668515205,14.48787423937269,42.988169845193624,45.11706531047822,499
403,True,10000,500,3898088.466997256,5978.186110034585,56.61858292296529,11.866868791806853,84.26822757915905,83.63740954145494,True,True,10.69535594433546,14.194072037935257,14.485890023255077,42.96093275770545,45.07800657302142,499
404,True,10000,500,3898088.467345052,5977.981902193278,56.304557248950005,11.867088867623904,84.26666482023452,83.64026659507846,True,True,10.69662848021835,14.192166614035765,14.48721395029374,42.978803999722004,45.103700263425715,499
405,True,10000,500,3898088.545583895,5984.607534948736,49.33443712070584,11.894334865386835,84.07363768696766,83.54766742515939,True,True,10.689925984479487,14.190041925758123,14.462262702484926,42.97237815335393,45.479710213840015,499
406,True,10000,500,3898088.546334267,5984.058619942516,48.6343246884644,11.894637866240585,84.0714960173949,83.55533121512153,True,True,10.69579878821969,14.191012363880873,14.462682728966078,42.961638793349266,45.48231421038509,499
407,True,10000,500,3898088.546784813,5983.104039914906,48.11431001871824,11.893766993779936,84.07765180896585,83.56866212995206,True,True,10.689583490602672,14.187115399787823,14.462112759550413,42.94234849512577,45.43035807088018,499
408,True,10000,500,3898088.547178929,5983.070889953524,47.746322583407164,11.894438010761757,84.07290862294022,83.56912515269963,True,True,10.694060940295458,14.190118915090958,14.462429254005352,42.95344203710556,45.48762719146908,499
409,True,10000,500,3898088.547550935,5982.744432985783,47.40463709458709,11.89446852884007,84.07269291396565,83.57368522099266,True,True,10.694431024603546,14.189668620626131,14.462288934737444,42.95828389003873,45.49462903290988,499
410,True,10000,500,3898088.547905121,5982.605294790119,47.08189098164439,11.894836480578105,84.07009223143172,83.57562890458762,True,True,10.694983415305614,14.192575588822365,14.463972765952349,42.974209785461426,45.42903795838357,499
411,True,10000,500,3898088.548265628,5982.321597170085,46.73321405425668,11.894966699630917,84.0691718818371,83.57959228345784,True,True,10.694693541154265,14.198165231694778,14.464975645144781,42.99322608858347,45.44451443478466,499
412,True,10000,500,3898088.548611394,5981.857992708683,46.37007787823677,11.894765360381657,84.07059489636825,83.58606984810615,True,True,10.696753510273993,14.191641937941313,14.463479009767374,42.96405594795942,45.47076935879887,499
413,True,10000,500,3898088.548958091,5981.590294744819,46.03469092398882,11.894901009660984,84.06963615651821,83.58981062933708,True,True,10.694846045225859,14.196642053623995,14.464028955747684,42.98242600634694,45.434229802340276,499
414,True,10000,500,3898088.549496675,5980.855722911656,45.4654973000288,11.894569590404062,84.0719785949001,83.60007717366994,True,True,10.695198434405029,14.190885393569866,14.462489324311415,42.959113884717226,45.498680043965585,499
415,True,10000,500,3898088.549849692,5980.582015123218,45.12566002085805,11.894702114433588,84.07104191256317,83.60390322139884,True,True,10.697393445298076,14.19103859613339,14.462679314116636,42.96218166127801,45.48676036298276,499
416,True,10000,500,3898094.401150725,5894.223894923925,45.23991933092475,11.721410772731463,85.31396257576664,84.82881019002305,True,True,10.639326414093375,14.11793939769268,14.49669897556305,42.80556999146938,45.2360701933503,499
417,True,10000,500,3898094.445603832,5850.015815813094,63.6488008312881,11.595925881727066,86.23718452493789,85.46985439739447,True,True,10.6542311841622,14.120959211140871,14.53610835596919,42.83624864183366,45.35712513606996,499
418,True,10000,500,3898094.446433343,5849.507460836321,63.03586810827255,11.596135456368836,86.235625977513,85.47728220668233,True,True,10.65418403595686,14.118809252977371,14.577044950177273,42.86485351622105,45.52376319188625,499
419,True,10000,500,3898094.446861809,5848.580589983612,62.320674769580364,11.595711252933933,86.23878071705012,85.49082846807468,True,True,10.65133127849549,14.115269761532545,14.527588617056608,42.846307856962085,45.30962000135333,499
420,True,10000,500,3898094.447238825,5848.58363121748,62.17739637941122,11.596004478633404,86.23660001533999,85.49078401327685,True,True,10.65078645478934,14.117522941281399,14.554811331133047,42.84081840887666,45.44980726204813,499
421,True,10000,500,3898094.447591791,5847.986517008394,61.64429197087884,11.59587620247999,86.23755398372843,85.49951313085121,True,True,10.654158773832023,14.112269350637993,14.532608600954214,42.85517847165465,45.36274184938521,499
422,True,10000,500,3898094.447946338,5847.915707156062,61.48780323565006,11.59604790364812,86.23627707551981,85.50054840704232,True,True,10.653714067302644,14.117786350349585,14.558277868976196,42.847308330237865,45.49795337952674,499
423,True,10000,500,3898094.448297844,5847.602481022477,61.1548270098865,11.596087482991164,86.23598273700277,85.50512823378051,True,True,10.653893928974867,14.117936293284098,14.558878261595964,42.86106792278588,45.504319225437946,499
424,True,10000,500,3898094.448645391,5847.138685174286,60.75150100514293,11.595966300940168,86.23688393428004,85.5119105123631,True,True,10.653246543370187,14.116919444253048,14.55134836335977,42.84205404110253,45.43239302001894,499
425,True,10000,500,3898094.448993597,5846.986876800656,60.4922235943377,11.596181669752141,86.23528230921326,85.51413070275079,True,True,10.65502141136676,14.119806078573069,14.581434583912293,42.864633025601506,45.54100080858917,499
426,True,10000,500,3898094.449547271,5845.945348031819,59.61419316008687,11.595854017779022,86.23771896979538,85.52936612182619,True,True,10.653761448338628,14.114922688653072,14.532485355933508,42.848892975598574,45.33554965164513,499
427,True,10000,500,3898094.449899438,5844.989727251232,59.15356706827879,11.594862044454816,86.2450968511734,85.54334966045164,True,True,10.643708985298872,14.118312702824673,14.496462109188238,42.816598899662495,44.96221072040498,499
428,True,10000,500,3898094.450252584,5845.447112806141,59.03328862041235,11.596019687746953,86.23648690909518,85.53665619600004,True,True,10.651738964952528,14.114583066354195,14.543908337752024,42.84090828150511,45.393915544264026,499
429,True,10000,500,3898094.450601981,5845.057546161115,58.66759177297354,11.595971852481245,86.2368426485983,85.54235711988623,True,True,10.654023732058704,14.117062712709108,14.540005009621382,42.83592780120671,45.37533998955042,499
430,True,10000,500,3898094.450945937,5844.589421991259,58.272795751690865,11.595824902283704,86.23793550065231,85.5492086610336,True,True,10.65375900361687,14.114625907192627,14.528775432457527,42.85602807067335,45.34399658441544,499
431,True,10000,500,3898094.451295744,5844.44769192487,58.006559032946825,11.596074414613073,86.23607992199722,85.55128326169087,True,True,10.651724063791335,14.11506300792098,14.547865061710278,42.84279281273484,45.414263778366156,499
432,True,10000,500,3898094.451694659,5844.765029847622,57.507074903696775,11.597711332552956,86.22390843555115,85.54663830738042,True,True,10.660458821803331,14.124312593291203,14.61469754576683,42.9185323882848,45.759051339700825,499
433,True,10000,500,3898094.452222154,5844.415622763336,57.32672614976764,11.597372538303743,86.22642729611428,85.55175269406863,True,True,10.664908681064844,14.124642591923475,14.622240948180357,42.93325752951205,45.80480766016991,499
434,True,10000,500,3898094.45259539,5843.907349277288,56.9221000187099,11.597164828173502,86.22797164792001,85.55919355255259,True,True,10.663973749615252,14.12430607403318,14.618297573179007,42.91539709083736,45.77761495020241,499
435,True,10000,500,3898094.452952797,5843.749229796231,56.54899403452873,11.597595662849102,86.22476839775744,85.56150860317372,True,True,10.657541453838348,14.126426074653864,14.622167684137821,42.93343308381736,45.82573808729649,499
436,True,10000,500,3898094.453307163,5843.080927152187,56.22659716755152,11.596902464899069,86.22992243202447,85.57129470457139,True,True,10.662311338819563,14.123922679573298,14.61355093245705,42.91287809610367,45.73163788300008,499
437,True,10000,500,3898094.530961552,5891.424713656306,49.37551682814956,11.707513420497309,85.41523413923383,84.86911473908873,True,True,10.66114625427872,14.124543312937021,14.712334259723537,42.94273667037487,48.17224271595474,499
438,True,10000,500,3898094.531736404,5890.9475286491215,48.65734372287989,11.707996362577639,85.41171085398591,84.87598940041096,True,True,10.657946462742984,14.131906783829132,14.717329669122806,42.949952743947506,48.145358916372025,499
439,True,10000,500,3898094.53217348,5890.147835947573,48.15679928287864,11.707396867063517,85.41608449383871,84.8875128309174,True,True,10.664303787052631,14.126158071060976,14.716893318109127,42.9522761143744,48.18654106929894,499
440,True,10000,500,3898094.532551406,5890.22550592199,47.85380186513066,11.708159727568855,85.41051909680817,84.88639348311939,True,True,10.658351238816977,14.13214731340607,14.717336616013112,42.95124216005206,48.142910506576264,499
441,True,10000,500,3898094.532909052,5889.622271992266,47.4677961319685,11.70772440052164,85.41369490688086,84.89508781874163,True,True,10.664523695595562,14.125114275763432,14.71773879292102,42.95351980254054,48.126892708241904,499
442,True,10000,500,3898094.533267798,5889.315706212074,47.114530112594366,11.707817988175309,85.4130121436789,84.89950699579546,True,True,10.664586559869349,14.127909392118454,14.717746139503928,42.95443203300238,48.12669383361932,499
443,True,10000,500,3898094.533617865,5888.8166402466595,46.725054271519184,11.707598368687657,85.41461438193265,84.90670206689556,True,True,10.664443718269467,14.124730074157318,14.72019521829974,42.9514124058187,48.12998140230771,499
444,True,10000,500,3898094.533966861,5887.978608720005,46.341117937117815,11.706688358282337,85.42125402121194,84.91878677336018,True,True,10.66300121601671,14.124630050112804,14.707797537557694,42.94351199641824,47.97087069600817,499
445,True,10000,500,3898094.534315618,5888.329624664038,46.07230983674526,11.707930490635858,85.41219140306751,84.91372458255132,True,True,10.657373815774918,14.127863322695097,14.71758935755731,42.948726285248995,48.14170842990276,499
446,True,10000,500,3898094.534840912,5887.646042741835,45.52992573007941,11.707647529081674,85.41425572609788,84.92358344408107,True,True,10.664128698408604,14.124979979048174,14.723826904470636,42.95237185433507,48.13144572079178,499
447,True,10000,500,3898094.535191689,5887.533412780613,45.20765878260136,11.708067643282588,85.41119085297925,84.92520805310485,True,True,10.658303741365671,14.1321225091815,14.717272404426,42.95048573985696,48.14177762717005,499
448,True,10000,500,3898100.297159562,5901.243144180626,49.220648128539324,11.72749999208835,85.26966537408858,84.72791033751311,True,True,10.609264485538006,14.080296612034243,14.743854761278799,42.67111052758992,44.75194360595196,499
449,True,10000,500,3898100.29832897,5900.02355678007,48.0434400960803,11.72741506349497,85.27028288721478,84.74542435096214,True,True,10.607542004436255,14.076931836704413,14.741651805428086,42.661400930956006,44.7321794508025,499
450,True,10000,500,3898100.298870065,5899.199395440519,47.413986176252365,11.727024868265064,85.27312009938147,84.75726390710732,True,True,10.598442051559687,14.072459998230139,14.734357905108402,42.64233917929232,44.632616355083876,499
451,True,10000,500,3898100.29930643,5898.951628245413,47.05032100901008,11.727257128730267,85.27143124969342,84.76082387349906,True,True,10.606844443827868,14.077080537875494,14.733907548555402,42.669717175886035,44.6902798814699,499
452,True,10000,500,3898100.299698856,5898.8186288625,46.69681377708912,11.727699028227276,85.26821822363539,84.76273495739224,True,True,10.611172067001462,14.081866014748812,14.769599833525637,42.68451193347573,44.79664761107414,499
453,True,10000,500,3898100.300085622,5898.3635739423335,46.30226828157902,11.72757776685522,85.26909988405497,84.76927434736128,True,True,10.609324439428747,14.08118571465214,14.764203034186032,42.678222293034196,44.79004401713609,499
454,True,10000,500,3898100.300465418,5897.464872803539,45.801124069839716,11.726781059586573,85.274892992268,84.78219214255529,True,True,10.596381966024637,14.072585261116425,14.727383848124411,42.64198448508978,44.59117939230054,499
455,True,10000,500,3898100.300833724,5896.249705925584,45.38722801953554,11.725175306424948,85.28657131906917,84.79966503072495,True,True,10.595074505545199,14.065191987901926,14.704780212292986,42.57139191031456,44.11367528606206,499
456,True,10000,500,3898100.301200531,5896.635271143168,45.054471120238304,11.72661482970527,85.27610180107992,84.79412020731377,True,True,10.591119527816772,14.065793311844269,14.708390117157167,42.59004630148411,44.56863009370863,499
457,True,10000,500,3898100.301796145,5896.417563315481,44.55222608521581,11.727185044549628,85.27195539263396,84.79725098011144,True,True,10.604014270938933,14.072448449830214,14.74632425388934,42.65753296203911,44.68684484250843,499
458,True,10000,500,3898100.302157641,5896.006667986512,44.18152989819646,11.727104485146924,85.27254116875649,84.803160538275,True,True,10.606716969050467,14.072511562456688,14.743350062053569,42.63855256140232,44.66646817047148,499
459,True,10000,500,3898100.302509587,5895.608302205801,43.820613995194435,11.727029435291797,85.27308689023663,84.80889068103939,True,True,10.602606926113367,14.072446649273237,14.740126987453468,42.64228064566851,44.65027414727955,499
460,True,10000,500,3898100.302853564,5895.163246430457,43.42190735042095,11.726936551262597,85.27376230174399,84.81529333437066,True,True,10.595856932923198,14.072275348007679,14.734496224361079,42.64982594177127,44.61183982435613,499
461,True,10000,500,3898100.30320701,5895.094946958125,43.15723106265068,11.727330091974897,85.27090072141038,84.8162759885658,True,True,10.607087053358555,14.07722169533372,14.739117103939172,42.661236645653844,44.70923540182411,499
462,True,10000,500,3898100.303558357,5934.1321787796915,76.279082801193,11.739184561079155,85.1847924186714,84.25831864480328,True,True,10.602039517834783,14.076500044514736,19.85403266735375,42.658596485853195,44.60923101752996,499
463,True,10000,500,3898100.305271309,5932.849422097206,74.61294997483492,11.73995284994463,85.17921773465353,84.27653635329493,True,True,10.610649245791137,14.086926666398844,19.81284306384623,42.68346824683249,44.791309949941926,499
464,True,10000,500,3898100.305838344,5932.137898635119,74.0269748494029,11.739701250071576,85.18104325643748,84.2866448055837,True,True,10.623969254083931,14.08155666043361,19.511790946125984,42.77378204278648,44.958977028727524,499
465,True,10000,500,3898100.30621089,5932.083030231297,73.71058920398355,11.740225332720067,85.17724078199717,84.28742440924745,True,True,10.62775927130133,14.08099972953399,19.609450362622738,42.74812457151711,44.9686205247417,499
466,True,10000,500,3898100.306564316,5931.665113661438,73.3480229973793,11.740114410148415,85.178045550866,84.29336289542567,True,True,10.629714233800769,14.08144955833753,19.59394500590861,42.75478688068688,44.967716103419654,499
467,True,10000,500,3898100.306925453,5931.2401581555605,72.96752603724599,11.740025314866362,85.17869196872198,84.29940226117655,True,True,10.630028904415667,14.081456698477268,19.57137556746602,42.75746699422598,44.96679425239562,499
468,True,10000,500,3898100.307292399,5930.761402938515,72.58271984755993,11.739837040262435,85.18005799999126,84.3062072522872,True,True,10.627423995174468,14.081536792218685,19.54176602885127,42.773979902267456,44.96022571809589,499
469,True,10000,500,3898100.423317526,5908.7411179207265,48.23670908808708,11.744497813291861,85.14625451828582,84.62039375587823,True,True,10.625626775436103,14.084806200116873,19.427012070082128,42.752024717628956,48.18487136624751,499
470,True,10000,500,3898100.424260527,5907.847137190402,47.31997800990939,11.744543405171326,85.14592398370146,84.63319858979717,True,True,10.628409218043089,14.082816274215778,19.422026933170855,42.7655940875411,48.2034725230187,499
471,True,10000,500,3898100.424756722,5906.853977125138,46.75365285947919,11.743688024580479,85.1521257978686,84.64742855271152,True,True,10.615269304253161,14.084976476927599,19.423447316512465,42.740305326879025,47.98705004155634,499
472,True,10000,500,3898100.425167207,5906.569679733366,46.36729788035154,11.743892548803634,85.15064284217002,84.6515028368498,True,True,10.619651759043336,14.080926775932312,19.421671982854605,42.741396091878414,48.02853653207419,499
473,True,10000,500,3898100.425534664,5906.258802860975,46.00675078108907,11.743992088336446,85.14992112376767,84.65595848217849,True,True,10.619721841067076,14.084646323074898,19.421804463490844,42.72394482977688,48.04854128509758,499
474,True,10000,500,3898100.42589451,5906.349741853774,45.705024152994156,11.744778993388335,85.14421604382211,84.65465504978197,True,True,10.629734140820801,14.081416341165701,19.436139496974647,42.79031744226813,48.246739832684376,499
475,True,10000,500,3898100.426252197,5906.067323870957,45.359146781265736,11.744906166512408,85.14329410746966,84.65870308980661,True,True,10.62951423227787,14.080229680985212,19.436609582044184,42.78931561857462,48.26373916584996,499
476,True,10000,500,3898100.426603363,5905.590920243412,44.99046131968498,11.744690298444343,85.14485904600278,84.66553250176553,True,True,10.629714233800769,14.081473462283611,19.430187181569636,42.79412594623864,48.232109043747165,499
477,True,10000,500,3898100.426953979,5905.329933390021,44.65129505842924,11.744846970604394,85.14372324329567,84.66927430640092,True,True,10.629631578922272,14.081446764369806,19.429196952842176,42.79490695334971,48.26383356936274,499
478,True,10000,500,3898100.427529124,5904.618208762258,44.058169703930616,11.744609296710076,85.1454462840345,84.67948008188176,True,True,10.620791697874665,14.081783127039671,19.421914708800614,42.776658898219466,48.2165543688461,499
479,True,10000,500,3898100.4278816,5903.952646069229,43.66626497358084,11.744060883959214,85.14942232340294,84.68902614469532,True,True,10.622099274769425,14.084776397794485,19.426826969720423,42.73775387555361,48.059027744457104,499
480,True,10000,500,3898106.199428606,6073.353070300072,50.44014612212777,12.069965779915721,82.85027631677201,82.32684551884549,True,True,10.709930676966906,14.183133374899626,14.523065389754732,42.902172077447176,44.33647021651268,499
481,True,10000,500,3898106.200561434,6072.776525747031,49.34330703690648,12.071008454328908,82.84311984235084,82.33466156380479,True,True,10.723105748184025,14.1876049960653,14.532821568039413,42.92838228866458,44.47455620393157,499
482,True,10000,500,3898106.201078319,6072.6708569563925,48.919291235506535,12.071646424290353,82.8387416970578,82.33609424545672,True,True,10.726218344643712,14.1905945725739,14.567047807698305,42.96543216332793,44.40267961472273,499
483,True,10000,500,3898106.201487745,6071.947803720832,48.47066570073366,12.071096468978153,82.84251580375717,82.34589890473116,True,True,10.721610742621124,14.189915514240663,14.539879243820762,42.94517310336232,44.457778707146645,499
484,True,10000,500,3898106.201877731,6071.3869500905275,48.01787994801998,12.070879900085185,82.84400211727258,82.35350573274609,True,True,10.705860797315836,14.179115369915962,14.52730132732526,42.90038300678134,44.538471568375826,499
485,True,10000,500,3898106.202260557,6071.527868974954,47.74951282888651,12.071700112517169,82.8383732762793,82.3515943252047,True,True,10.725530562922359,14.189326607932646,14.572356076290069,42.96047193929553,44.40382607281208,499
486,True,10000,500,3898106.202623613,6071.083742659539,47.36728686839342,12.07157606370971,82.83922453226795,82.35761870432819,True,True,10.72575303260237,14.189567354818186,14.561481143658217,42.98943234607577,44.40624546259642,499
487,True,10000,500,3898106.202994299,6070.532738696784,46.97765177115798,12.071252679209671,82.84144376517781,82.36509405718806,True,True,10.717493249103427,14.18991545215249,14.546279834272818,42.95762162655592,44.43894838914275,499
488,True,10000,500,3898106.203363106,6070.464588701725,46.65313381701708,12.071766442654726,82.8379181083699,82.36601872789011,True,True,10.725525673478842,14.189526718109846,14.576217642364261,42.962231673300266,44.40019717440009,499
489,True,10000,500,3898106.20392242,6069.943125359714,46.1001000367105,12.071829710066138,82.83748396203323,82.3730947183083,True,True,10.726233245804906,14.189824710289637,14.581147499071914,42.971201706677675,44.3963541649282,499
490,True,10000,500,3898106.204280406,6069.107544142753,45.67096522077918,12.071015188220388,82.84307362779721,82.38443566262819,True,True,10.723050800152123,14.189295346538225,14.536685730951385,42.94866183772683,44.45048524066806,499
491,True,10000,500,3898106.204637293,6069.021684117615,45.34680815413594,12.071492737401762,82.83979634943123,82.38560117662453,True,True,10.72547328658402,14.191244666775066,14.556084641565736,43.0337218567729,44.407773576676846,499
492,True,10000,500,3898106.204986959,6068.494769744575,44.97787170112133,12.071176148383675,82.84196897697493,82.39275454150967,True,True,10.719680809415877,14.190017990767956,14.54277698571469,42.9552816785872,44.45570092648268,499
493,True,10000,500,3898106.205339715,6068.232503253967,44.638745952397585,12.071330174953044,82.84091193818165,82.39631552216979,True,True,10.720837977714837,14.192961311588686,14.549454192941244,42.99047216773033,44.43655330687761,499
494,True,10000,500,3898106.238543367,6075.302300043404,50.607174169272184,12.073537326401066,82.82576787279329,82.30043137053902,True,True,10.723890736699104,14.197998369733492,20.110910525545478,43.00580220296979,44.43528838455677,499
495,True,10000,500,3898106.239086761,6075.404060073197,50.07674964144826,12.07480422932214,82.81707769403218,82.29905287879338,True,True,10.727763175964355,14.193575363606215,20.42319718748331,43.019361793994904,44.42240325734019,499
496,True,10000,500,3898106.239466858,6074.266171082854,49.67660270631313,12.073325788329742,82.82721907219758,82.31446991577346,True,True,10.735398042015731,14.211891995122036,19.74860904738307,43.067100923508406,44.363362062722445,499
497,True,10000,500,3898106.239824334,6074.773465748876,49.34505699202418,12.075006831176056,82.8156881384227,82.30759596536853,True,True,10.740510537289083,14.215725318839153,20.099640591070056,43.08895021677017,44.36524333432317,499
498,True,10000,500,3898106.24018016,6073.419259861112,48.92677208408713,12.07313123803011,82.82855377650671,82.32594830139128,True,True,10.727207991294563,14.211691760768494,19.715758971869946,43.05051174014807,44.407106935977936,499
499,True,10000,500,3898106.240528377,6073.129612021148,48.60673425719142,12.073192139807528,82.82813595774863,82.32987470089563,True,True,10.734273004345596,14.21213507031401,19.73550347611308,43.06996101513505,44.38981357961893,499
500,True,10000,500,3898106.240874833,6073.502199258655,48.28268801793456,12.0745881988792,82.81855940170473,82.32482406296504,True,True,10.740633006207645,14.215978638579449,19.996711052954197,43.090120889246464,44.368053786456585,499
501,True,10000,500,3898106.332765767,6080.200139898807,48.55424491688609,12.087466723410662,82.73032082588723,82.2341351428477,True,True,10.727443033829331,14.200703365107376,14.88922877237192,43.01500106230378,44.224330694414675,499
502,True,10000,500,3898106.333208952,6079.703355673701,48.10411995276809,12.087373217877621,82.73096081131732,82.24085465179645,True,True,10.727580753155053,14.204673996816078,14.883279281202617,43.02312391810119,44.21330917160958,499
503,True,10000,500,3898106.333590428,6079.750835895538,47.801513224840164,12.08807479493126,82.7261592076943,82.2402123863273,True,True,10.736905504018068,14.213844730208317,14.88626003187762,43.06754721328616,44.21869661659002,499
504,True,10000,500,3898106.333949475,6079.163660760969,47.41215705871582,12.087678364132772,82.72887231738854,82.24815581579715,True,True,10.727970744483173,14.212940415988365,14.885133054728223,43.0230809841305,44.216813393868506,499
505,True,10000,500,3898106.3344136,6078.744534868747,46.95351189002395,12.087757561079606,82.72833029178375,82.25382677819607,True,True,10.730367968790233,14.213435227672258,14.885351118476352,43.05706140585244,44.21721190214157,499
506,True,10000,500,3898106.334776886,6077.88614416495,46.51487618684769,12.086916368693592,82.73408779348446,82.26544363290238,True,True,10.718715726397932,14.196140008668106,14.91460295238834,42.99915097653866,44.27058255765587,499
507,True,10000,500,3898106.335133933,6078.161600977182,46.251887921243906,12.087995416945768,82.72670244382559,82.26171543705178,True,True,10.736535768955946,14.213569089770317,14.8862691402124,43.06034906767309,44.21879373956472,499
508,True,10000,500,3898106.335483759,6077.582326717675,45.87167268618941,12.087596501065102,82.72943259744687,82.26955607033882,True,True,10.727730696089566,14.21261423577865,14.884667176132313,43.04732200689614,44.21607368160039,499
509,True,10000,500,3898106.335832666,6077.37003872171,45.54046597331762,12.087834815127039,82.72780157026743,82.27242981985148,True,True,10.734035400673747,14.213591317335764,14.88587306191515,43.0604440625757,44.21806186437607,499
510,True,10000,500,3898106.336184292,6076.834974810481,45.14198983088136,12.087561092143485,82.72967494244699,82.27967388823053,True,True,10.727623011916876,14.212315746893486,14.884365375619295,43.039191979914904,44.215379687957466,499
511,True,10000,500,3898106.336531838,6076.715626288205,44.84805325046182,12.08791096801151,82.72728039165086,82.28128988576864,True,True,10.736242984421551,14.213649742305279,14.886818923987361,43.05954813025892,44.21954954508692,499
