request_index,success,input_tokens,output_tokens,start_time_monotonic_s,e2e_ms,ttft_ms,tpot_ms,decode_tokens_s,e2e_tokens_s,pass_70,pass_80,itl_p50_ms,itl_p90_ms,itl_p99_ms,raw_chunk_gap_p90_ms,raw_chunk_gap_p99_ms,itl_samples
0,True,10000,500,3904039.687452043,8339.514550287277,90.95996711403131,16.530169505357204,60.49544741062174,59.95552822469459,False,False,14.909367426298559,19.849700077126425,21.62473415955901,59.99598614871502,60.67287486977875,499
1,True,10000,500,3904039.688154005,8399.31197790429,90.4479930177331,16.65103002983278,60.05634475515043,59.52868536319743,False,False,14.906210009939969,19.844076751420896,20.28135194753607,59.92468064650893,60.78466638922691,499
2,True,10000,500,3904039.68863252,8399.494306184351,90.09917685762048,16.65209444754856,60.05250589647088,59.5273931707843,False,False,14.925684547051787,19.84292035922408,20.41139065598448,59.955452010035515,61.10420549288392,499
3,True,10000,500,3904039.689084615,8398.848683107644,89.61214171722531,16.651776636052944,60.05365204304321,59.531969066859745,False,False,14.913334744051099,19.85219664250811,20.37699768940608,59.974785428494215,61.03916331194341,499
4,True,10000,500,3904039.689456981,8398.907581809908,89.35674466192722,16.652406487270504,60.051380607627124,59.531551589266726,False,False,14.933536993339658,19.845319911837578,20.360914369424183,60.06864886730909,61.00145080126822,499
5,True,10000,500,3904039.689814697,8398.472017142922,88.98284891620278,16.65228290225795,60.051826279290864,59.53463903664885,False,False,14.931374811567366,19.84501040230195,20.349948046108086,60.03280086442828,60.980832604691386,499
6,True,10000,500,3904039.690215873,8397.76136400178,88.48988404497504,16.65184665322005,60.05339953131414,59.53967710291487,False,False,14.921987080015242,19.849339965730906,20.384447338680427,59.98181998729706,61.05355546809733,499
7,True,10000,500,3904039.690571879,8396.965003106743,88.05771917104721,16.651116801474338,60.05603179190102,59.54532379437189,False,False,14.908447279594839,19.843950246771175,20.297255056599777,59.94783407077193,60.82533429376781,499
8,True,10000,500,3904039.690967845,8397.27842900902,87.82012108713388,16.65222105795969,60.05204930437819,59.543101282995806,False,False,14.926981995813549,19.84424004331231,20.345774634430807,60.02778522670269,60.973385563120246,499
9,True,10000,500,3904039.691328841,8396.839104127139,87.41163602098823,16.652159254721745,60.05227218304728,59.54621659408056,False,False,14.926547184586525,19.849723670631647,20.417726909120876,59.97051168233156,61.11599888652563,499
10,True,10000,500,3904039.691680297,8396.207511425018,87.00580010190606,16.651706836318862,60.053903772729804,59.55069587306319,False,False,14.912862214259803,19.854643382132053,20.37008758634329,59.977243188768625,60.958177372813225,499
11,True,10000,500,3904039.692035273,8396.00501395762,86.67862368747592,16.651956693928142,60.05300268193907,59.5521321353184,False,False,14.923306996934116,19.846963230520487,20.39754732201497,59.98163791373372,61.07796284370124,499
12,True,10000,500,3904039.692388399,8395.695216953754,86.33439801633358,16.65202568925335,60.05275386077298,59.554329579560076,False,False,14.925199560821056,19.8433770177265,20.404580670098465,59.94432372972369,61.091307112947106,499
13,True,10000,500,3904039.692745275,8395.461359992623,86.00434195250273,16.652218473026295,60.05205862629214,59.55598847523483,False,False,14.939244487322867,19.845616538077593,20.31589827189843,60.049170814454556,60.917572574689984,499
14,True,10000,500,3904039.693132211,8395.193142816424,85.67372523248196,16.65234352221231,60.05160767108336,59.55789122348408,False,False,14.926927164196968,19.849846605211496,20.463396639873583,59.98984528705478,61.201009349897504,499
15,True,10000,500,3904039.693477547,8394.927316345274,85.34345915541053,16.652472659699125,60.05114197966009,59.55977713189715,False,False,14.933209517039359,19.845526665449142,20.367287565022707,60.09141616523266,61.01330494508147,499
16,True,10000,500,3904039.693821683,8394.009246025234,84.81769496574998,16.65168647506911,60.05397720508365,59.566291309097856,False,False,14.935989514924586,19.85647001614173,20.29779537891348,60.133882984519005,60.740851471200585,499
17,True,10000,500,3904039.69417097,8395.035733934492,84.74788488820195,16.653883465022627,60.04605484962431,59.5590079478632,False,False,14.941724482923746,19.8637832266589,20.50169634943207,60.12161988765001,61.2626135814935,499
18,True,10000,500,3904039.694510506,8394.369051791728,84.36896884813905,16.65330677944607,60.04813417802554,59.56373813387178,False,False,14.935859479010105,19.856206607073545,20.468883371601503,60.1324001327157,61.21183771640062,499
19,True,10000,500,3904039.694889872,8394.115923903883,84.0055332519114,16.653527836977897,60.047337104128516,59.56553430196889,False,False,14.935486949980259,19.861510023474693,20.481436358143885,60.12045815587044,61.235589012503624,499
20,True,10000,500,3904039.695239228,8393.848116975278,83.664046600461,16.653675491733097,60.04680471265344,59.56743474888785,False,False,14.934959472157061,19.86016643544038,20.489676389843225,60.1196420378983,61.24035484157503,499
21,True,10000,500,3904039.695581424,8393.23073392734,83.28986074775457,16.653188122604377,60.04856203135301,59.57181636612071,False,False,14.936157152988017,19.862836692482233,20.46102999399106,60.13590591028333,61.196888564154506,499
22,True,10000,500,3904039.695922091,8393.204473890364,82.98901375383139,16.6537383970672,60.046577900857656,59.57200275001083,False,False,14.941869536414742,19.86011660968264,20.496089632312458,60.12020604684949,61.25216615386307,499
23,True,10000,500,3904039.696262757,8392.677720170468,82.62405823916197,16.65341415216695,60.04774701828211,59.575741696637465,False,False,14.935406972654164,19.861876654128235,20.47564337650935,60.12187376618385,61.224532537162304,499
24,True,10000,500,3904039.696636033,8392.125316429883,82.22515322268009,16.653106539493393,60.04885620760709,59.57966321369309,False,False,14.936392079107463,19.862146582454443,20.451119945695,60.13945806771517,61.178417298942804,499
25,True,10000,500,3904039.696978789,9574.079869315028,202.19692401587963,18.781328547693686,53.244369665360985,52.224339761620584,False,False,14.941786765120924,19.85628328596552,20.289298767844837,60.12130631133914,70.5168163962663,499
26,True,10000,500,3904039.697327705,9573.547994717956,201.80708775296807,18.781043901733444,53.24517663832852,52.22724117285113,False,False,14.937091968022287,19.855716731399298,20.298161699126165,60.13073604553938,70.51902787759907,499
27,True,10000,500,3904039.697666811,9573.557935189456,201.5354409813881,18.781608204825787,53.243576859571476,52.22718694396299,False,False,14.945144415833056,19.856066753466923,20.288925307492416,60.12669587507844,70.52679407410331,499
28,True,10000,500,3904039.698009838,9573.409646283835,201.21478429064155,18.781953631248882,53.242597635648956,52.227995925577865,False,False,14.945014496333897,19.855973310768604,20.288908543686073,60.12722384184599,70.51684099249549,499
29,True,10000,500,3904039.698348414,9572.437616996467,200.64209075644612,18.78115335919844,53.24486632287842,52.23329939619752,False,False,14.937224565073848,19.856046574811142,20.298078345755737,60.131707694381475,70.59228532016284,499
30,True,10000,500,3904039.69872132,9572.761103045195,200.51142200827599,18.782063489051943,53.24228621540437,52.23153431050784,False,False,14.944776892662048,19.862339987109106,20.289048552513123,60.12169225141406,70.52695009857423,499
31,True,10000,500,3904039.699066336,9571.896253153682,200.09047724306583,18.781173899620473,53.24480809052132,52.23625358823373,False,False,14.942069537937641,19.856066598246496,20.298398565500975,60.12180186808109,70.52400409244008,499
32,True,10000,500,3904039.699403573,9570.975112263113,199.5136123150587,18.780483967831774,53.24676412561327,52.24128097035371,False,False,14.939204440452158,19.859270037462313,20.28944871077935,60.11773208156228,70.54903228767223,499
33,True,10000,500,3904039.699740749,9571.404808200896,199.45153314620256,18.78146948908756,53.24397010473657,52.2389356650754,False,False,14.937586965970695,19.864429719746113,20.287288663287956,60.13724189251661,71.10219366848474,499
34,True,10000,500,3904039.700081255,9570.42130921036,198.85480031371117,18.78069440660651,53.246167492519795,52.24430397006777,False,False,14.939274522475898,19.86094657331705,20.289695356041193,60.116897989064455,71.24155581928795,499
35,True,10000,500,3904039.700457961,9570.1446919702,198.49753426387906,18.780856027467575,53.245709276375344,52.2458140491359,False,False,14.93939699139446,19.861276727169752,20.289812081803877,60.11741980910301,71.21848418377346,499
36,True,10000,500,3904039.700794137,9568.819866981357,198.04503908380866,18.779107871538173,53.25066594433973,52.25304760154643,False,False,14.939449494704604,19.85873964925607,20.289188716560602,60.117703303694725,71.24373110011226,499
37,True,10000,500,3904039.701145154,9570.146011188626,198.06469790637493,18.78172607872195,53.243242703497444,52.24580684719347,False,False,14.937299536541104,19.86481637383501,20.28753872339924,60.138221736997366,71.09833519905811,499
38,True,10000,500,3904039.70148365,9569.21180197969,197.48968491330743,18.781006246626017,53.245283392611015,52.25090742547462,False,False,14.939059503376484,19.862239714711905,20.289858647932608,60.11710809543729,71.219287859276,499
39,True,10000,500,3904039.701823306,9569.724697154015,197.41706596687436,18.782179621617516,53.24195701169001,52.2481070065367,False,False,14.937271946109831,19.864429874966543,20.287228592981894,60.125010181218386,71.08649740926927,499
40,True,10000,500,3904039.702196512,9569.158033002168,197.02079007402062,18.781838162180655,53.2429249663972,52.251201022660204,False,False,14.937396976165473,19.86468971396486,20.28748206794262,60.13824287801981,71.09046355821198,499
41,True,10000,500,3904039.702536868,9570.125252008438,196.83682220056653,18.784145149915574,53.23638589986591,52.24592017696605,False,False,14.938224572688341,19.863099946329992,20.29016163821022,60.11597001925111,70.98195513710385,499
42,True,10000,500,3904039.702873875,9569.684366229922,196.48529589176178,18.78396607282196,53.236893429384665,52.24832720339556,False,False,14.938057051040232,19.8626263688008,20.28991204376022,60.11680783703923,70.98395089618867,499
43,True,10000,500,3904039.703216531,9569.003473967314,196.0960403084755,18.783381630578834,53.23854988773839,52.25204498673881,False,False,14.939414570108056,19.86003341153264,20.28944840033849,60.11754795908928,70.98140486516064,499
44,True,10000,500,3904039.703555827,9569.253061898053,195.84153313189745,18.78439184121474,53.235686758083105,52.25068213430918,False,False,14.937219442799687,19.86469964807232,20.28748532757163,60.12497805058956,70.98551995120948,499
45,True,10000,500,3904039.703887804,9568.82447609678,195.4936059191823,18.784230200756706,53.23614485728118,52.25302243227635,False,False,14.937849482521415,19.863573368638754,20.287408648679655,60.138577967882156,70.98137355409568,499
46,True,10000,500,3904039.704627366,9567.71426834166,194.70184529200196,18.783592030159635,53.23795354979829,52.2590857102031,False,False,14.939234242774546,19.860226660966873,20.28957863027851,60.11716807261109,70.97671742551034,499
47,True,10000,500,3904039.704964672,9567.433500662446,194.3721789866686,18.78369002339835,53.237675811000194,52.260619315031576,False,False,14.9379518115893,19.862846316148836,20.290105293194454,60.11588191613555,70.96317850984639,499
48,True,10000,500,3904039.705308968,9566.97682570666,194.01232292875648,18.78349599755091,53.23822573446312,52.26311395011325,False,False,14.941129484213889,19.868323113769293,20.285761915147305,60.074309166520834,70.934713697061,499
49,True,10000,500,3904039.705645414,9566.80512893945,193.69923695921898,18.78377934264575,53.23742265911579,52.264051923406186,False,False,14.940302004106343,19.85795997704069,20.286172007520992,60.074478946626186,73.13169836066668,499
50,True,10000,500,3904039.705981601,9566.630539949983,193.38526017963886,18.784058676894478,53.23663097528864,52.26500573132974,False,False,14.939609449356794,19.859133288264275,20.286415393153828,60.07455997169018,73.13370760530238,499
51,True,10000,500,3904039.706361117,9566.142335068434,192.99087394028902,18.783870663583457,53.237163836456425,52.26767305845477,False,False,14.940054505132139,19.858296650151413,20.2862120543917,60.07383819669485,73.13260705210273,499
52,True,10000,500,3904039.706694773,9566.0663661547,192.69382720813155,18.784313705303745,53.23590819917207,52.26808814216773,False,False,14.938746928237379,19.85992646465699,20.286545312652986,60.08056104183197,73.13530517742042,499
53,True,10000,500,3904039.707036559,9565.931198187172,192.38439109176397,18.78466294007096,53.23491846461752,52.26882669768254,False,False,14.93727695196867,19.85581001887719,20.286628666023415,60.09266823530197,73.13970892690126,499
54,True,10000,500,3904039.707372576,9565.650050062686,192.05674389377236,18.784756124587002,53.234654385058505,52.27036295319243,False,False,14.936829451471567,19.85508995130658,20.286425327261288,60.094142239540815,73.13914638012652,499
55,True,10000,500,3904039.707707382,9565.1512760669,191.69794814661145,18.784475607054688,53.23544936353935,52.273088586801244,False,False,14.937774394638836,19.85756012921532,20.286825330307085,60.082116816192865,73.13928511925046,499
56,True,10000,500,3904039.708082938,9564.826279878616,191.33012183010578,18.784561438974972,53.23520611586701,52.27486473558256,False,False,14.937554486095905,19.85668670386076,20.286832004785538,60.082538705319166,73.13996451906864,499
57,True,10000,500,3904039.708420134,9565.268634818494,191.07163464650512,18.785965932208395,53.231226097642796,52.27244723477521,False,False,14.939381973817945,19.859419980396826,20.286548417061567,60.072116274386644,73.06129265576605,499
58,True,10000,500,3904039.708754441,9564.767630305141,190.713198389858,18.785680224279126,53.23203568149599,52.275185276408926,False,False,14.940911903977394,19.865103376408417,20.285941970845062,60.07363870739937,72.97456230968241,499
59,True,10000,500,3904039.709095497,9564.690391067415,190.4112217016518,18.78613059993139,53.23075950529441,52.275607422374726,False,False,14.937991974875331,19.858356720457476,20.286435416589182,60.081602819263935,73.07125905528669,499
60,True,10000,500,3904039.709430963,9564.153507351875,190.04483614116907,18.785788920261936,53.23172767694745,52.278541913370034,False,False,14.940716908313334,19.86529662584265,20.286238597085077,60.07355507463217,73.04326542653148,499
61,True,10000,500,3904039.709796039,9564.034788869321,189.71897987648845,18.78620402603774,53.230551452225086,52.27919084755974,False,False,14.939019456505775,19.859736630072195,20.286588619152706,60.070094000548124,73.05182113312189,499
62,True,10000,500,3904039.710137745,9563.60034411773,189.36174409464002,18.78604929864347,53.230989874609214,52.28156572932643,False,False,14.938379521481693,19.854069997866947,20.286348648369312,60.08051484823227,73.07096959091727,499
63,True,10000,500,3904039.710479892,9563.15870815888,189.00401704013348,18.78588114452655,53.23146635000189,52.28398014281842,False,False,14.939651940949261,19.858809964110453,20.286238752305508,60.07392592728138,73.05618560872976,499
64,True,10000,500,3904048.028735164,9339.576438069344,68.06874694302678,18.580175733720075,53.82080419105824,53.53561837793138,False,False,14.888757723383605,19.752684608101845,21.53722805281407,60.053263045847416,64.07187022268768,499
65,True,10000,500,3904048.089493111,9339.801225345582,1202.0247941836715,16.30816920072527,61.31896153956553,53.534329900206146,False,False,14.888612437061965,19.753850375612576,20.26657375972718,60.08622199296951,64.0565923415124,499
66,True,10000,500,3904048.089967426,9339.372450020164,1201.5583883039653,16.308244612657713,61.31867799087621,53.53678768844051,False,False,14.888525009155273,19.753743925442297,20.266798906959593,60.09970000013709,64.06054386869069,499
67,True,10000,500,3904048.090896746,9338.073033839464,1200.5561087280512,16.307649148519868,61.32091700603965,53.544237466133715,False,False,14.899842324666679,19.75242191304763,20.252809044905007,60.01837104558945,64.05111072584982,499
68,True,10000,500,3904048.091286581,9337.815957143903,1200.1839140430093,16.307879845893574,61.320049537390126,53.54571157696406,False,False,14.897734974510968,19.75281499326229,20.260389079339802,60.0175148807466,64.04928890988226,499
69,True,10000,500,3904048.091648297,9337.828456889838,1199.8964971862733,16.308480881169466,61.31778963880362,53.54563989993618,False,False,14.893454965204,19.751089035222925,20.271738641895354,60.095861461013556,64.05932717025276,499
70,True,10000,500,3904048.092007094,9337.042324710637,1199.4552807882428,16.307789667179147,61.320388624620755,53.55014817451793,False,False,14.901509741321206,19.745340043058,20.25970898102969,60.02219906076789,64.032708145678,499
71,True,10000,500,3904048.09236197,9337.212363258004,1199.195064138621,16.30865190204285,61.3171466290686,53.54917298095345,False,False,14.894247520714998,19.751413942625128,20.275556249544024,60.089669935405254,64.05290758237238,499
72,True,10000,500,3904048.092730266,9336.65552875027,1198.8019780255854,16.308323748947267,61.31838044143267,53.5523666328221,False,False,14.888500096276402,19.754350682099663,20.267419051378965,60.10617474094033,64.06338192522522,499
73,True,10000,500,3904048.093084252,9336.348712909967,1198.4546319581568,16.308404971847313,61.31807504941584,53.55412649793361,False,False,14.88869241438806,19.752710002164047,20.268161548301578,60.10563848540187,64.06732013449069,499
74,True,10000,500,3904048.093435988,9336.229654029012,1198.1333261355758,16.308810276339553,61.31655118036274,53.55480943897166,False,False,14.895492466166615,19.757793253908552,20.277481293305755,60.086676478385925,64.06318265944715,499
75,True,10000,500,3904048.094215049,9334.937189240009,1197.2632659599185,16.307963774108398,61.31973395646526,53.56222434751131,False,False,14.896662440150976,19.753443946441013,20.260968944057822,60.02159295603633,64.05405092984434,499
76,True,10000,500,3904048.094570816,9333.955428097397,1196.8668987974524,16.306790639879647,61.32414538728514,53.567858112422805,False,False,14.905922231264412,19.762092921882868,20.251169335097075,59.9966018460691,64.0133933909237,499
77,True,10000,500,3904048.094920302,9334.280655253679,1196.5828533284366,16.30801162710469,61.319554024474236,53.565991688773735,False,False,14.895659987814724,19.75350727637609,20.257246564142406,60.05203630775213,64.05448636040087,499
78,True,10000,500,3904048.095268198,9334.254996385425,1196.2829562835395,16.308561202608992,61.31748764201364,53.56613893595352,False,False,14.894810039550066,19.755262571076553,20.279636257328093,60.077700577676296,64.05841551721092,499
79,True,10000,500,3904048.095610324,9333.636163268238,1195.9003410302103,16.308087820116288,61.31926753340658,53.56969044579958,False,False,14.891654951497912,19.753680316110454,20.265783765353262,60.069622565060854,64.03697149828072,499
80,True,10000,500,3904048.09595729,9333.661492913961,1195.6056039780378,16.308729236344536,61.31685586952215,53.56954506863098,False,False,14.885757467709482,19.779694670190413,20.308783510699868,60.22492507472634,64.29011421278116,499
81,True,10000,500,3904048.0969206,9333.435254637152,1194.6682739071548,16.310154269999995,61.311498557640576,53.57084357033321,False,False,14.900250011123717,19.763231556862593,20.285098464228213,60.21809130907059,64.23267036676403,499
82,True,10000,500,3904048.097297526,9333.358685020357,1194.3219569511712,16.31069484583003,61.30946654646405,53.571283058314116,False,False,14.884945005178452,19.780350010842085,20.297113806009293,60.225014574825764,64.29430998861787,499
83,True,10000,500,3904048.097650192,9332.845080643892,1193.9513217657804,16.310408334425073,61.31054351897371,53.574231188835284,False,False,14.88967495970428,19.768715711931385,20.292290952056646,60.223916824907064,64.27836582064626,499
84,True,10000,500,3904048.097995678,9332.4099262245,1193.5997758992016,16.310240782215025,61.31117335131052,53.57672926421471,False,False,14.899784931913018,19.76486025378108,20.28589101973921,60.2212923578918,64.23770265653727,499
85,True,10000,500,3904048.098345884,9331.838821992278,1193.2302499189973,16.309836817782124,61.312691915453755,53.58000813533701,False,False,14.893764979206026,19.75695937871933,20.283403689973056,60.198928974568844,64.16698511689897,499
86,True,10000,500,3904048.09870328,9331.840552855283,1192.9042236879468,16.31049364562592,61.31022283731895,53.57999819735603,False,False,14.88898741081357,19.768894991527,20.29319352004677,60.22413866594434,64.2822869122028,499
87,True,10000,500,3904048.099166845,9331.076900940388,1192.4157389439642,16.30994220840967,61.31229572869877,53.5843831647781,False,False,14.893059968017042,19.759045013537012,20.28424374293536,60.19977908581495,64.17396875098343,499
88,True,10000,500,3904048.099510292,9331.078600138426,1192.1030008234084,16.310572343316668,61.309927018579124,53.58437340701241,False,False,14.888514997437596,19.769191555678844,20.294008776545525,60.22494090721011,64.28635930642483,499
89,True,10000,500,3904049.273933406,8220.95858398825,75.47957682982087,16.32360522476639,61.26097674077457,60.820158001262435,False,False,14.893712592311203,19.798763872434694,22.104243747889996,60.16913112252951,63.895741757005425,499
90,True,10000,500,3904049.274908206,8220.236941240728,74.56546602770686,16.323990932290624,61.25952925040479,60.825497315230926,False,False,14.900182140991092,19.798067398369312,22.105153766460717,60.218826960772276,63.994685728102894,499
91,True,10000,500,3904049.275348181,8219.72738718614,74.10698104649782,16.3238885894582,61.25991331782243,60.82926798514726,False,False,14.892315026372671,19.807863980531693,22.107898723334074,60.20955499261618,63.956187404692145,499
92,True,10000,500,3904049.275718527,8219.612367916852,73.8063552416861,16.324260546443217,61.258517478017296,60.830119185622635,False,False,14.892469975166023,19.821917017300922,22.09924370981753,60.22474505007267,64.05557032674548,499
93,True,10000,500,3904049.276080293,8219.610258936882,73.62738670781255,16.324614974406952,61.25718747840351,60.83013479335815,False,False,14.900245005264878,19.79805063456297,22.048386745154858,60.22648671641946,64.33959102258082,499
94,True,10000,500,3904049.276433969,8219.194123055786,73.25784116983414,16.324521606985876,61.25753783633466,60.833214608892426,False,False,14.892890001647174,19.81650075564782,22.059321752749383,60.22384483367205,64.13950236514208,499
95,True,10000,500,3904049.276782985,8218.425122089684,72.70855735987425,16.324081292043704,61.2591901565325,60.838906794452356,False,False,14.889535028487444,19.817110616713762,22.115841158665717,60.22463049739599,63.980124685913296,499
96,True,10000,500,3904049.277132112,8218.87447591871,72.59150687605143,16.32521637082697,61.25493085573996,60.835580524437894,False,False,14.898520079441369,19.812946983923513,22.114253719337285,60.152631998062134,64.50552066788075,499
97,True,10000,500,3904049.277799204,8217.595480848104,71.82240718975663,16.324194536389474,61.25876518874029,60.845049037190755,False,False,14.9009422166273,19.81018033499519,22.114171064458787,60.15842165797949,63.12849992886185,499
98,True,10000,500,3904049.27816234,8217.295673675835,71.47881994023919,16.32428227201522,61.25843595061473,60.84726896243414,False,False,14.900575042702258,19.810213707387447,22.111128782853484,60.15731934458017,63.16201845183968,499
99,True,10000,500,3904049.278507217,8217.010096181184,71.15072337910533,16.32436748056529,61.25811619902172,60.84938367452811,False,False,14.900324982590973,19.81085694084565,22.10862876381725,60.157005209475756,63.191907424479716,499
100,True,10000,500,3904049.278852383,8216.719469986856,70.82250667735934,16.32444281224348,61.25783351392496,60.85153592335067,False,False,14.899497269652784,19.812600531925757,22.119803703390062,60.15282729640603,63.188581597059965,499
101,True,10000,500,3904049.279196729,8215.787239838392,70.23838395252824,16.323745202176077,61.26045142304062,60.85844063433113,False,False,14.899397268891335,19.81256389990449,22.181497770361602,60.15183953568339,63.00471764057875,499
102,True,10000,500,3904049.279542775,8216.538081876934,70.19675429910421,16.32533332179926,61.254492039356855,60.85287928048928,False,False,14.899032190442085,19.812507399668295,22.107013850472867,60.15468370169401,63.496729582548134,499
103,True,10000,500,3904049.279882842,8215.38883401081,69.62569989264011,16.324174617471282,61.25883993728721,60.86139196845495,False,False,14.901087270118296,19.809803770234186,22.140673245303333,60.159353632479906,63.07378351688385,499
104,True,10000,500,3904049.280275907,8214.11307901144,69.04384726658463,16.322784031552814,61.264058757804214,60.87084450755753,False,False,14.90030251443386,19.808484086145956,22.17658795416355,60.16568141058087,62.87635153159499,499
105,True,10000,500,3904049.28097461,8215.894889086485,68.97401716560125,16.326494733308383,61.25013460236857,60.857643233017846,False,False,14.899965026415884,19.81230064605673,22.04822446219623,60.15571961179376,64.03560837730763,499
106,True,10000,500,3904049.281361545,8215.336696244776,68.53522313758731,16.326255457128635,61.25103227901311,60.86177821884642,False,False,14.900472480803728,19.811170641332865,22.057684254832566,60.156717244535685,63.940418027341344,499
107,True,10000,500,3904049.281722031,8214.858361054212,68.1411069817841,16.32608668150787,61.25166547919127,60.865322081564784,False,False,14.90094477776438,19.809674005955458,22.050281753763556,60.16085436567664,63.91986934468148,499
108,True,10000,500,3904049.282094387,8214.885821100324,67.88541004061699,16.326654130380174,61.24953661750134,60.86511862596145,False,False,14.901422196999192,19.808993985255558,22.019117255695164,60.16253503039479,64.18471124023196,499
109,True,10000,500,3904049.282450594,8214.705181773752,67.58377188816667,16.326896612997164,61.2486269560831,60.866457034802316,False,False,14.898955007083714,19.812490325421095,22.035009576939046,60.15314944088459,64.17766956612465,499
110,True,10000,500,3904049.28280464,8214.118957985193,67.1597570180893,16.326571545024258,61.24984643850493,60.87080094133954,False,False,14.899537549354136,19.81279036651055,22.045834572054446,60.15485543757677,64.06245496124026,499
111,True,10000,500,3904049.283151206,8213.60326372087,66.76457077264786,16.32633004598842,61.250752446090125,60.87462273816881,False,False,14.900295063853264,19.811484031379223,22.054836968891323,60.15643961727619,63.96961335092781,499
112,True,10000,500,3904049.284342903,8212.29497762397,65.53811486810446,16.32616605762698,61.25136767997267,60.884320565974484,False,False,14.898772584274411,19.812537357211113,22.08223904017359,60.130650177598,64.0639712102711,499
113,True,10000,500,3904049.284713929,8212.887691799551,65.33806677907705,16.32775475956007,61.24540787915066,60.87992661816656,False,False,14.904307550750673,19.813017453998327,22.0695217233151,60.11227471753955,67.4083666317164,499
114,True,10000,500,3904049.285065415,8211.746434215456,64.86781220883131,16.32641006414153,61.25045224708324,60.88838762929601,False,False,14.900744776241481,19.812113760660093,22.09376511396838,60.121174063533545,67.37562904134384,499
115,True,10000,500,3904049.285412451,8211.689445190132,64.60626516491175,16.326820000050542,61.24891436280331,60.888810193968936,False,False,14.904029783792794,19.81173036620021,22.076124027371385,60.117216128855944,67.38611290231339,499
116,True,10000,500,3904049.285751267,8210.72749607265,64.0930412337184,16.325920751180224,61.25228801736702,60.89594378076239,False,False,14.888514997437596,19.81838047504425,22.11221483303232,60.09894674643874,67.32736609876147,499
117,True,10000,500,3904049.286095264,8210.949953179806,63.90005210414529,16.32675330876886,61.24916455146747,60.89429394297647,False,False,14.902494731359184,19.811913681526978,22.080171746201792,60.119184013456106,67.38101592287413,499
118,True,10000,500,3904049.28643979,8267.891971860081,95.21574107930064,16.3781086789194,61.0571110257145,60.47490723170537,False,False,14.88883001729846,19.81842362632354,28.684774530120194,60.09887671098113,67.31569072231642,499
119,True,10000,500,3904049.286824906,8268.518505152315,94.93410401046276,16.37992865960291,61.05032694472324,60.470324845791644,False,False,14.905294636264443,19.81228745232026,28.695979272015393,60.11202596127987,67.41323772817842,499
120,True,10000,500,3904049.287169692,8267.784772906452,94.54344771802425,16.37924113264214,61.05288956318636,60.47569134098665,False,False,14.896102482452989,19.812087217966717,28.684834484010935,60.092887096107006,67.35415278002611,499
121,True,10000,500,3904049.287840885,8267.316278070211,93.89325510710478,16.379605256439092,61.05153233817302,60.47911839617099,False,False,14.905132469721138,19.81265703216195,28.07123912498355,60.119149927049875,67.36364874988786,499
122,True,10000,500,3904049.288201231,8266.899412032217,93.52612914517522,16.37950557692794,61.05190387483937,60.48216811157342,False,False,14.903774950653315,19.812513918926317,28.060533571988344,60.11467771604657,67.36762559041372,499
123,True,10000,500,3904049.288542007,8266.492576804012,93.17849297076464,16.379386941549594,61.05234607183617,60.485144739984726,False,False,14.902747236192226,19.812210618207853,28.0425688251853,60.09286679327488,67.36150156706563,499
124,True,10000,500,3904049.288880603,8266.335149295628,92.86003699526191,16.379709643888507,61.051143258397964,60.486296644118624,False,False,14.905732474289834,19.812440344442923,28.08444364927709,60.12118607759476,67.36935736611477,499
125,True,10000,500,3904049.28922397,8266.051550861448,92.52334991469979,16.37981603396142,61.050746719415535,60.48837185728565,False,False,14.90605971775949,19.813500655194122,28.100358555093408,60.115670040249825,67.40248551592222,499
126,True,10000,500,3904049.289561946,8265.21631097421,92.11391489952803,16.378962717584535,61.05392736051564,60.49448449838158,False,False,14.894680003635585,19.818877335637808,27.949515031650662,60.09525414556265,67.33680805191389,499
127,True,10000,500,3904049.289905122,8264.957874082029,91.77911886945367,16.37911574190897,61.0533569551204,60.49637609986414,False,False,14.895525062456727,19.819536867241066,27.973674470558763,60.09358000010252,67.34550040215245,499
128,True,10000,500,3904057.370158871,8492.556649725884,69.32611390948296,16.880221514662125,59.24092874796709,58.875085633504554,False,False,14.953201985917985,19.946962284545105,20.24857932701707,60.10286416858435,62.60845651850103,499
129,True,10000,500,3904057.431048547,8492.032905109227,110.54897401481867,16.79656098415713,59.53599674023874,58.878716743923036,False,False,14.954716782085598,19.927425930897396,20.249749068170786,60.081494972109795,62.510100007057176,499
130,True,10000,500,3904057.432417222,8490.597601048648,109.16459932923317,16.796458921281392,59.536358507862836,58.88866997279985,False,False,14.963391469791532,19.92977907260259,20.205312718947727,60.05584495142102,62.536422256380305,499
131,True,10000,500,3904057.432905447,8490.471221972257,108.847641851753,16.79684084192486,59.53500479113926,58.889546519640014,False,False,14.963761786930263,19.94333229959011,20.260945272942383,60.107524041086435,62.55582496523856,499
132,True,10000,500,3904057.433328022,8489.803220145404,108.28466899693012,16.796630363022995,59.53575082544257,58.89418011639574,False,False,14.953424455597997,19.943542312830687,20.233352668583393,60.10158406570554,62.49375585466622,499
133,True,10000,500,3904057.433717118,8489.462193101645,107.98407206311822,16.796549340758567,59.5360380107,58.896545932708115,False,False,14.953227015212178,19.94470568994681,20.24670907606681,60.10230490937829,62.5042545609176,499
134,True,10000,500,3904057.434114844,8489.481253083795,107.70122380927205,16.797154367283614,59.53389354733405,58.89641370235378,False,False,14.964154339395463,19.947195736070473,20.26157903795441,60.10475382208824,62.602971028536544,499
135,True,10000,500,3904057.434488889,8488.099109381437,107.04396199434996,16.795701698170515,59.53904266523892,58.90600398944176,False,False,14.960104250349104,19.923806035270292,20.199896302074194,60.05653413012624,62.45741946622728,499
136,True,10000,500,3904057.434868795,8488.35834627971,106.84639401733875,16.796617138802347,59.53579769880397,58.90420498318626,False,False,14.951506746001542,19.945302202055853,20.253999003519613,60.069384053349495,62.55607996135949,499
137,True,10000,500,3904057.435248111,8488.432914949954,106.5911971963942,16.7972779914901,59.5334553912023,58.903687525101674,False,False,14.964614063501358,19.948525664707024,20.26206534355879,60.103903990238905,62.62523261830209,499
138,True,10000,500,3904057.436146821,8487.124918960035,105.58146797120571,16.79668026250266,59.53557395698158,58.91276548587283,False,False,14.957206789404154,19.94565889860193,20.260119034598272,60.09686505421996,62.55709305405615,499
139,True,10000,500,3904057.436526667,8486.983441282064,105.26530211791396,16.797030339006312,59.53433314207841,58.91374755934116,False,False,14.964354340918362,19.946289093544085,20.26130569477876,60.10671518743038,62.580222636461244,499
140,True,10000,500,3904057.436984822,8486.437066923827,104.78030703961849,16.79690733443729,59.53476911489438,58.91754054817265,False,False,14.96393932029605,19.943665713071823,20.260825597991545,60.10783417150378,62.56729150190948,499
141,True,10000,500,3904057.437361548,8485.954641830176,104.38055079430342,16.79674166540255,59.53535631614621,58.92089000044012,False,False,14.963181456550956,19.94314230978489,20.260689004013937,60.10759389027953,62.5127757899463,499
142,True,10000,500,3904057.437733774,8485.820312984288,104.07008370384574,16.797094647856596,59.534105210724974,58.9218227063967,False,False,14.964299276471138,19.946785643696785,20.261775702238083,60.10598409920931,62.592520937323556,499
143,True,10000,500,3904057.43810836,8485.531596001238,103.7198081612587,16.797218011703364,59.53366797425954,58.92382749898927,False,False,14.964091824367642,19.947798922657967,20.261918970694143,60.10566418990493,62.6131324097514,499
144,True,10000,500,3904057.438539075,8484.926752746105,103.24008390307426,16.79696727223052,59.53455667281341,58.92802785105687,False,False,14.980116509832442,19.960162074615557,20.257719016323488,60.09728414937854,62.6656301319599,499
145,True,10000,500,3904057.439624233,8484.882623888552,102.35244361683726,16.79865767589522,59.52856587076734,58.92833432866678,False,False,14.981338987126946,19.959865603595972,20.293468764672678,60.12368435040116,62.67878198996185,499
146,True,10000,500,3904057.440016669,8484.276299830526,101.92272765561938,16.79830375185352,59.52982008017686,58.93254560910369,False,False,14.979753992520273,19.95715235049526,20.272385484228533,60.1151236332953,62.66904184594749,499
147,True,10000,500,3904057.440381455,8483.823135029525,101.546592079103,16.798149384670182,59.53036713154782,58.93569350067079,False,False,14.97904141433537,19.954242277890444,20.26514569297433,60.13451423496008,62.59495867416261,499
148,True,10000,500,3904057.440754141,8483.796904794872,101.23355500400066,16.798724147877497,59.52833031824915,58.93587571826596,False,False,14.981156447902322,19.961312257995207,20.293495307366054,60.12214394286275,62.685973849147544,499
149,True,10000,500,3904057.441114997,8483.288650866598,100.85074976086617,16.798472747706878,59.52922119878474,58.939406706256925,False,False,14.980741427280009,19.96172529955705,20.281088693688314,60.1173541508615,62.66999645158647,499
150,True,10000,500,3904057.441473753,8482.674877624959,100.44054361060262,16.79806479762396,59.530666898096925,58.94367133165354,False,False,14.978503924794495,19.95188556611538,20.265032226840656,60.13629399240017,62.589677236974225,499
151,True,10000,500,3904057.441831399,8482.507969718426,100.12083780020475,16.79837100584814,59.52958174645998,58.94483114957772,False,False,14.980038977228105,19.95697555442651,20.280655318250258,60.116364154964685,62.66821827739476,499
152,True,10000,500,3904057.442335194,8482.28075215593,99.66304199770093,16.798833086489438,59.5279442834786,58.94641012358801,False,False,14.981469023041427,19.964578716705244,20.293448741237324,60.14995276927948,62.69718380644916,499
153,True,10000,500,3904057.497805489,8492.081633768976,80.60739981010556,16.85666179150074,59.323726866502575,58.878378890252,False,False,14.98100149910897,19.965198667099077,20.308915060013533,60.120973736047745,63.54603487998244,499
154,True,10000,500,3904057.499121904,8489.429884124547,79.07611690461636,16.854416367174213,59.33163025138072,58.89677008052247,False,False,14.970591757446527,19.958735288431246,20.289871686448652,60.13604300096631,63.00243614241479,499
155,True,10000,500,3904057.499614669,8489.924298133701,78.72402109205723,16.856112779642572,59.325659069374396,58.8933402044483,False,False,14.980491483584046,19.962708776195843,20.292262081056833,60.11492386460304,63.44406176358459,499
156,True,10000,500,3904057.500033284,8489.7382510826,78.359164763242,16.85647111486845,59.32439792323662,58.894630813410615,False,False,14.981126529164612,19.964339056362707,20.293841914584238,60.12449413537979,63.52415513247249,499
157,True,10000,500,3904057.50043452,8488.869859836996,77.87132961675525,16.855708477395268,59.32708205894002,58.90065559440689,False,False,14.979486470110714,19.95931239798665,20.291212014853954,60.113693587481976,63.36893085390327,499
158,True,10000,500,3904057.500815816,8488.427553791553,77.47977366670966,16.85560677379728,59.327440027524865,58.90372472775166,False,False,14.979226747527719,19.95899233346184,20.291302042702835,60.103403870016336,63.34525439888237,499
159,True,10000,500,3904057.501199142,8488.518262747675,77.16602692380548,16.85641730626026,59.32458729700603,58.903095278038954,False,False,14.98084922786802,19.96260570983092,20.293218704561394,60.12809416279197,63.514082692563505,499
160,True,10000,500,3904057.501586827,8488.070959225297,76.76904322579503,16.856316464928863,59.32494220078231,58.906199347517564,False,False,14.980501495301723,19.965602084994316,20.257189093778532,60.128943994641304,63.54329669848082,499
161,True,10000,500,3904057.501956483,8487.642413936555,76.39108691364527,16.85621508421425,59.32529900715935,58.90917355083304,False,False,14.980298932641745,19.966918664673965,20.694950905938942,60.127444099634886,62.95263534411787,499
162,True,10000,500,3904057.503013632,8486.082840245217,75.21837903186679,16.855439802030762,59.328027731410415,58.919999888376275,False,False,14.978776802308857,19.966505312671263,20.694324281066656,60.1199041120708,62.748353183269494,499
163,True,10000,500,3904057.503523476,8485.657515004277,74.7189149260521,16.855588376910273,59.32750477994918,58.922953126013354,False,False,14.97865654528141,19.96625866740942,20.694004371762276,60.12286338955164,62.81575681641697,499
164,True,10000,500,3904057.503932562,8485.427576582879,74.38165787607431,16.85580344430221,59.326747805547726,58.92454982231459,False,False,14.979028957895935,19.96663911268115,20.694407634437084,60.1199041120708,62.89611747488379,499
165,True,10000,500,3904057.504304868,8485.109990928322,74.01861203834414,16.855894546873703,59.326427156930215,58.92675528479472,False,False,14.979623956605792,19.96535575017333,20.694234253217775,60.12220401316881,62.890612054616206,499
166,True,10000,500,3904057.504665614,8485.278388950974,73.75540491193533,16.856759487052184,59.32338304809464,58.92558583005012,False,False,14.981448999606073,19.96549203371008,20.69277424986164,60.13345392420888,63.089059572666876,499
167,True,10000,500,3904057.505127899,8484.352159313858,73.20304121822119,16.856010256704682,59.32601990451672,58.93201868702675,False,False,14.980274019762874,19.965408990780514,20.69540073474248,60.12617377564311,62.89339764043688,499
168,True,10000,500,3904057.505494855,8484.335989225656,72.90759403258562,16.856569930246636,59.32405015599568,58.93213100411807,False,False,14.980554231442511,19.965685438364744,20.691384095698595,60.1293439976871,63.05387578904628,499
169,True,10000,500,3904057.506230717,8484.991761855781,72.3625598475337,16.858976356729954,59.3155823248313,58.92757636462847,False,False,14.980696490965784,19.96560875947277,20.69182430083553,60.12983387336135,63.87742115184663,499
170,True,10000,500,3904057.506619942,8483.897725120187,71.81959692388773,16.857872000393385,59.319468078572704,58.93517534040249,False,False,14.979389030486345,19.966712066282827,20.694177752981584,60.1208140142262,63.564426917582736,499
171,True,10000,500,3904057.506974579,8484.300209209323,71.62702828645706,16.859064490827386,59.31527224088123,58.932379532877995,False,False,14.980851439759135,19.96537872279684,20.69228095933795,60.13193307444453,63.898722454905496,499
172,True,10000,500,3904057.507336465,8483.36101975292,71.1622629314661,16.85811374112516,59.318617453654525,58.938903912704475,False,False,14.980294043198228,19.96537856757641,20.69515734910965,60.12447411194444,63.63602383062242,499
173,True,10000,500,3904057.507684051,8483.488097786903,70.90192614123225,16.85889012353842,59.31588572392425,58.93802104000541,False,False,14.97904653660953,19.966458901762962,20.694507285952568,60.11995393782854,63.97056151181457,499
174,True,10000,500,3904057.508041437,8482.541419100016,70.41728124022484,16.85796420412784,59.31914363391163,58.944598711201955,False,False,14.979981817305088,19.965542014688253,20.693854273607332,60.12384407222271,63.57896020635961,499
175,True,10000,500,3904057.508389533,8482.255822047591,70.09961502626538,16.85802847098462,59.31891749507725,58.94658337235831,False,False,14.980291482061148,19.96624531845252,20.694227578739326,60.127994045615196,63.56893219053744,499
176,True,10000,500,3904057.508860018,8481.89332569018,69.6478197351098,16.858207426763666,59.31828780398236,58.94910261198251,False,False,14.98225168325007,19.959652020285528,20.53139902030428,60.10345462709665,63.426680024713264,499
177,True,10000,500,3904057.509227474,8481.629258953035,69.32624289765954,16.858322677465683,59.31788227880393,58.95093793120115,False,False,14.95751179754734,19.95906901235382,22.678519288698833,60.08482398465276,65.41074272245164,499
178,True,10000,500,3904057.50958292,8481.535600032657,68.99509718641639,16.85879860289828,59.31620772954041,58.95158890780047,False,False,14.956361730583012,19.958098729451496,22.674962723006804,60.08694414049387,65.44597605243321,499
179,True,10000,500,3904057.509945386,8480.859386734664,68.5709617100656,16.85829343692304,59.317985165081986,58.95628935695773,False,False,14.957911684177816,19.960151985287666,22.676402392486732,60.095274820923805,65.37802815437313,499
180,True,10000,500,3904057.510305842,8480.603480245918,68.25609505176544,16.858411593575457,59.31756941923806,58.958068392734376,False,False,14.955696766264737,19.956585330267746,22.675939214726288,60.08790386840701,65.46323783695694,499
181,True,10000,500,3904057.510939905,8480.125226080418,67.63060204684734,16.85870666138992,59.31653121945683,58.9613934546936,False,False,14.956436702050269,19.958022361000378,22.67435270672043,60.08702516555786,65.43686604127284,499
182,True,10000,500,3904057.555677087,9117.932686116546,68.49109288305044,18.1351534934539,55.14152391160968,54.83699180641318,False,False,14.957926701754332,19.95935197919607,38.77642331644893,60.095883905887604,97.0029332675037,499
183,True,10000,500,3904057.556613667,9116.805667988956,67.51996325328946,18.134841091654643,55.14247381302854,54.84377074698503,False,False,14.955491758883,19.960155555357534,38.778770404557385,60.10874407365918,97.01186586171362,499
184,True,10000,500,3904057.557085702,9116.616969928145,67.08892760798335,18.135326738116557,55.14099715105849,54.844905917325256,False,False,14.957331703044474,19.95853567495942,38.77853990222017,60.091773979365826,96.9999750144777,499
185,True,10000,500,3904057.557480387,9116.301304195076,66.70084316283464,18.135471865796074,55.14055588958915,54.846805005217796,False,False,14.981956453993917,19.958279095590115,38.77847331265608,60.122864320874214,97.00895100831958,499
186,True,10000,500,3904057.557856653,9116.077655926347,66.33637612685561,18.13575406773445,55.13969787333589,54.84815058315687,False,False,14.98178148176521,19.958122322956722,38.78304688259959,60.124043840914965,97.01998354867074,499
187,True,10000,500,3904057.558230479,9115.301495417953,65.93099143356085,18.13501103002884,55.1419570875447,54.85282085856822,False,False,14.982446562498808,19.96319880709052,38.77181699499488,60.12228410691023,97.00015773996684,499
188,True,10000,500,3904057.558607755,9114.696010947227,65.51902461796999,18.13462321909671,55.143136304422775,54.85646470265973,False,False,14.981083921156824,19.960382021963596,38.77897032847007,60.11963402852416,97.01078571379158,499
189,True,10000,500,3904057.558966381,9114.89293910563,65.22085890173912,18.13561539119016,55.14011950682278,54.85527952334467,False,False,14.981768908910453,19.95817230393489,38.778576689461865,60.1236242800951,97.00986072421047,499
190,True,10000,500,3904057.559338947,9113.857239950448,64.77952329441905,18.13442428187581,55.14374123249315,54.86151327982821,False,False,14.981476473622024,19.96021873007218,38.77941705286503,60.11798419058323,97.01021350920173,499
191,True,10000,500,3904057.560055179,9112.49007517472,64.04104176908731,18.133164395602467,55.14757260142159,54.86974426037037,False,False,14.98191652353853,19.960242323577404,38.784073355297245,60.10801391676068,97.01642710715505,499
192,True,10000,500,3904065.864779589,8807.030827738345,67.92846787720919,17.513231182086443,57.09968592334112,56.772822734447104,False,False,14.862082782201469,19.8139906860888,21.137389354407787,59.838831424713135,62.39477135241033,499
193,True,10000,500,3904065.924919482,8808.225736021996,730.9012650512159,16.18702298791739,61.777882242240466,56.76512103399065,False,False,14.860570430755615,19.7850139811635,19.947899039834738,59.8251074552536,62.775847967714085,499
194,True,10000,500,3904065.926231558,8807.526633143425,730.0420138053596,16.18734392652919,61.77665740215201,56.76962680061166,False,False,14.870930230244994,19.851180103917915,20.0657711053888,59.885541908442974,62.69788069184871,499
195,True,10000,500,3904065.926693923,8806.857041083276,729.374741204083,16.187339278315015,61.77667514139438,56.7739430386505,False,False,14.864235301502049,19.8288569226861,20.028684598704178,59.8752920050174,62.672961736097946,499
196,True,10000,500,3904065.927096519,8806.622312869877,729.1538226418197,16.187311603663442,61.776780757941566,56.77545626877934,False,False,14.875917811878026,19.851789964983862,20.057301347454388,59.883941896259785,62.69425579812379,499
197,True,10000,500,3904065.927465885,8805.917490273714,728.4882101230323,16.187233026354072,61.777080639533786,56.780000556700486,False,False,14.862193027511239,19.819846997658413,20.003121656676132,59.870716417208314,62.70626117475332,499
198,True,10000,500,3904065.927832381,8805.76286232099,728.2571229152381,16.18738625131413,61.77649587615281,56.78099760549444,False,False,14.867417747154832,19.831520039588213,20.03085132067402,59.86590636894107,62.67910911701621,499
199,True,10000,500,3904065.928198817,8805.099508725107,727.7075187303126,16.187158296582755,61.77736584012454,56.78527534010745,False,False,14.863762771710753,19.813410782565672,19.988518208265305,59.86999627202749,62.702248850837364,499
200,True,10000,500,3904065.928574943,8804.766112938523,727.3550028912723,16.187196613321145,61.777219606825355,56.787425535955414,False,False,14.86165274400264,19.816760439425707,19.995208208759625,59.87060139887035,62.70636466797443,499
201,True,10000,500,3904065.928929359,8804.580264724791,727.1161247044802,16.187302885812247,61.776814028510834,56.78862421224446,False,False,14.8638702230528,19.82574366653959,20.020854969819386,59.87317184917629,62.68664852250369,499
202,True,10000,500,3904065.929610831,8803.643696010113,726.2691147625446,16.187123409313763,61.7774989856826,56.794665625393755,False,False,14.861872768960893,19.805120304226875,19.98190861195326,59.86673175357282,62.737279850989594,499
203,True,10000,500,3904065.929972027,8803.497157990932,726.049748249352,16.18726935819956,61.77694198271039,56.79561099717629,False,False,14.864060212858021,19.82262699554364,20.011918464054663,59.87176205962896,62.683583307079985,499
204,True,10000,500,3904065.930331623,8802.874634042382,725.5204827524722,16.18708246751485,61.777655238790345,56.79962748377733,False,False,14.86495800781995,19.792217450837295,19.978085222343605,59.8478470928967,62.754078605212285,499
205,True,10000,500,3904065.930686609,8801.763227209449,724.9318300746381,16.186034863997616,61.78165365405748,56.80679962559301,False,False,14.860630501061678,19.778524215022724,19.951912264029186,59.84760192222893,62.54979630466552,499
206,True,10000,500,3904065.931042276,8802.63741593808,725.0881469808519,16.187473484884222,61.776162965381516,56.80115815002202,False,False,14.869572827592492,19.848423699537914,20.048618006209534,59.86996181309223,62.69006514921786,499
207,True,10000,500,3904065.931394442,8802.243440877646,724.7146922163665,16.18743236204665,61.77631990263127,56.80370048367424,False,False,14.867800171487033,19.834583314756554,20.039334738006193,59.86731196753681,62.68535072449596,499
208,True,10000,500,3904065.931803497,8801.622857805341,724.1736180149019,16.187273025632145,61.77692798635847,56.80770558767994,False,False,14.864887692965567,19.834643695503473,20.110597057888906,60.085729230195284,62.547635706141605,499
209,True,10000,500,3904065.932833466,8801.415299996734,723.4847545623779,16.188237566000712,61.7732471445963,56.8090452452784,False,False,14.868647791445255,19.826316895584267,20.110290342320997,60.06649392656982,62.843279493972666,499
210,True,10000,500,3904065.933220412,8800.952234771103,723.0763700790703,16.188127985354775,61.77366529994631,56.81203427335771,False,False,14.863958000205457,19.82889696955681,20.110110752284527,60.05152431316674,62.84295215737075,499
211,True,10000,500,3904065.933576078,8800.776707008481,722.7808330208063,16.18836848494524,61.772747570576605,56.81316736531061,False,False,14.867205172777176,19.83706358199318,20.110547232131164,60.07160525768995,62.87344335578383,499
212,True,10000,500,3904065.933932564,8800.606968812644,722.4835958331823,16.188623993946816,61.77177259623276,56.814263126610086,False,False,14.862480224110186,19.832770340144634,20.11102732891838,60.087249148637056,62.91845431551338,499
213,True,10000,500,3904065.93429249,8799.998675938696,722.0457009971142,16.188282514912988,61.773075622987115,56.818190367132644,False,False,14.868132770061493,19.838246672103804,20.11005363116662,60.08279952220619,62.86188736557961,499
214,True,10000,500,3904065.934649636,8799.950676038861,721.7864040285349,16.18870595593252,61.77145985121433,56.81850028562501,False,False,14.863393036648631,19.83682035158078,20.113200414925814,60.0875245872885,62.92938082478941,499
215,True,10000,500,3904065.935007332,8799.391702283174,721.368889324367,16.188422470859333,61.77254156790713,56.82210963176753,False,False,14.866925193928182,19.836300363143284,20.110410793373983,60.07248954847455,62.879742914810784,499
216,True,10000,500,3904065.935453487,8799.046055879444,720.9429540671408,16.18858337036534,61.77192760612952,56.824341732579576,False,False,14.86240781378001,19.833349933226902,20.110980607569218,60.086619574576616,62.91340524330736,499
217,True,10000,500,3904065.991772103,8806.490474846214,705.1688646897674,16.235113447207308,61.594888341973096,56.77630622870019,False,False,14.863675460219383,19.827287023266155,20.110187275956076,60.06577890366316,63.24213598854841,499
218,True,10000,500,3904065.993117688,8805.566024966538,703.9434588514268,16.235716565360942,61.59260023875446,56.78226687328712,False,False,14.866922749206424,19.835240207612514,20.110500666002434,60.074149165302515,63.41095166280867,499
219,True,10000,500,3904065.993670132,8805.479915812612,703.4740638919175,16.236484673187764,61.58968644557385,56.78282214943393,False,False,14.863667776808143,19.834983783463638,20.118647255003452,60.089279199019074,63.593054283410325,499
220,True,10000,500,3904065.994119247,8804.973260965198,703.0039089731872,16.2364115270381,61.58996391134361,56.78608954062742,False,False,14.863402699120343,19.835387046138447,20.11589069540302,60.08763425052166,63.568514026701465,499
221,True,10000,500,3904065.994531943,8804.5020760037,702.5820631533861,16.236312651002635,61.59033898243191,56.78912852581737,False,False,14.86295775976032,19.83724037806193,20.111054026832182,60.08741445839405,63.563921884633615,499
222,True,10000,500,3904065.994927958,8803.700596094131,702.1233690902591,16.23562570541858,61.5929449313588,56.794298550070074,False,False,14.86253528855741,19.834083349754412,20.110793722172577,60.08607940748334,63.35605776403101,499
223,True,10000,500,3904065.995310664,8803.254690021276,701.731082983315,16.235518250577076,61.593352584507485,56.79717531821081,False,False,14.867682824842632,19.837726994107168,20.110147384305794,60.07124506868422,63.38733793236317,499
224,True,10000,500,3904065.99567872,8803.062691818923,701.391126960516,16.235814759235282,61.59222772797271,56.79841408657378,False,False,14.864483033306897,19.814103686561186,20.1251736531655,60.09475910104811,63.298507011495545,499
225,True,10000,500,3904065.996050616,8802.452199161053,700.9809212759137,16.23541338253535,61.59375042927539,56.802353331456224,False,False,14.863697695545852,19.81659388790528,20.124797088404495,60.0952145177871,62.89009372703731,499
226,True,10000,500,3904065.998094044,8800.706967711449,698.984972666949,16.235915821732462,61.59184433941556,56.81361756895547,False,False,14.865045435726643,19.812636853506167,20.125247072428465,60.09196909144521,62.94871892314404,499
227,True,10000,500,3904065.99845926,8800.458440091461,698.6377169378102,16.23611367365461,61.59109378635611,56.81522200277598,False,False,14.86403529997915,19.810067334522802,20.12568696712454,60.09420892223716,62.9633407574147,499
228,True,10000,500,3904065.998823356,8800.149944145232,698.2815000228584,16.236209306858463,61.59073100748844,56.81721370357463,False,False,14.863362652249634,19.80934028203289,20.12582030147314,60.09509461000562,62.977100745774806,499
229,True,10000,500,3904065.999184442,8798.50918194279,697.7171669714153,16.234052134211172,61.59891515271341,56.82780908226494,False,False,14.866112847812474,19.80853360146284,20.12582030147314,60.09596912190318,62.51625595614315,499
230,True,10000,500,3904065.999540278,8798.894187901169,697.4222199060023,16.235414765521377,61.59374518251715,56.8253225146769,False,False,14.863002812489867,19.808783661574125,20.126086970170338,60.096474597230554,62.78298469260336,499
231,True,10000,500,3904065.999897434,8798.469242174178,697.0540941692889,16.23530089780539,61.59417717568604,56.82806704640427,False,False,14.864725526422262,19.81796727826198,20.12454702829321,60.094179352745414,62.84875236451626,499
232,True,10000,500,3904066.00025758,8798.603410832584,696.8306670896709,16.23601752253089,61.59145853423043,56.827200483251076,False,False,14.864457654766738,19.810567299524944,20.12557691584031,60.093369567766786,62.94924793764949,499
233,True,10000,500,3904066.000974352,8798.998137004673,696.2446928955615,16.237982853926077,61.58400393668457,56.82465119491528,False,False,14.863225165754557,19.81590377787749,20.12467027331392,60.095744440332055,63.68282907642425,499
234,True,10000,500,3904066.001354508,8798.715199809521,695.9085566923022,16.23808946516477,61.58359960667041,56.82647848527069,False,False,14.862150186672807,19.8149005882442,20.12499701231718,60.09585922583938,63.72101169545204,499
235,True,10000,500,3904066.001726314,8798.767448868603,695.6033702008426,16.238805768873267,61.580883116221,56.826141036866815,False,False,14.865992707200348,19.808237285663683,20.125890461107094,60.0958545692265,63.875496969558306,499
236,True,10000,500,3904066.00210065,8798.20908466354,695.2043138444424,16.23848651466753,61.582093817471396,56.829747416615405,False,False,14.86263272818178,19.815060310065746,20.124786999076605,60.09584967978299,63.89064851682634,499
237,True,10000,500,3904066.002459706,8797.347055282444,694.730990100652,16.23770754545449,61.58504808641756,56.83531601720437,False,False,14.86436277627945,19.817507204910118,20.12485731393099,60.09486899711192,63.606854644604034,499
238,True,10000,500,3904066.002816872,8797.546352725476,694.4967918097973,16.238576274380115,61.58175341872288,56.834028483987495,False,False,14.864572789520025,19.81129078194499,20.125383666406076,60.0927344057709,63.8609535060823,499
239,True,10000,500,3904066.003176958,8796.948018949479,694.0981871448457,16.238176015640548,61.58327136230103,56.83789411088386,False,False,14.863535179756582,19.815207303812105,20.12509371464451,60.09580381214619,63.7413980672136,499
240,True,10000,500,3904066.003587024,8796.27688601613,693.6129610985518,16.237803456748654,61.58468432406024,56.842230693632935,False,False,14.856690540909767,19.813180590669315,20.100913631419342,60.08573458530009,63.41234131250531,499
241,True,10000,500,3904066.00394446,8796.497924253345,693.3776643127203,16.238717955792833,61.58121612323899,56.84080236311094,False,False,14.85653524287045,19.812830723822117,20.1006840604047,60.05439441651106,65.9237635089085,499
242,True,10000,500,3904066.004300626,8795.616223011166,692.9091890342534,16.23788984764912,61.58435667333815,56.84650027042969,False,False,14.854928012937307,19.813223741948605,20.10087389498949,60.04877435043454,65.9117085160688,499
243,True,10000,500,3904066.004654912,8795.08572909981,692.5259041599929,16.237594839558753,61.58547555108072,56.849929085475296,False,False,14.856035471893847,19.820083553592365,20.100867375731468,60.041134944185615,65.92152998782699,499
244,True,10000,500,3904066.005013998,8795.164268929511,692.2726859338582,16.238259685362028,61.582954046574926,56.84942142198973,False,False,14.856078079901636,19.81307038416465,20.10055057083567,60.0540298037231,65.91593560297046,499
245,True,10000,500,3904066.005363845,8794.897111132741,691.9315392151475,16.238407959754696,61.58239172697238,56.8511483058842,False,False,14.856875292025506,19.81305703520775,20.100730781753857,60.05420442670584,65.91646308079366,499
246,True,10000,500,3904066.674458373,8182.799451053143,67.7284812554717,16.26266727414363,61.49052816138727,61.10378275684723,False,False,14.857298112474382,19.812953658401966,20.10095724835992,60.05449942313135,65.9166616154835,499
247,True,10000,500,3904066.675528392,8181.795080658048,66.66457187384367,16.262786590749908,61.490077018460596,61.111283657300525,False,False,14.857187983579934,19.812710272769134,20.10079737131794,60.054139932617545,65.92284031212334,499
248,True,10000,500,3904066.676055346,8181.325986050069,66.1435779184103,16.262890597458235,61.489683768535734,61.11478760931261,False,False,14.85459296964109,19.813220327099163,20.10092744603753,60.051249573007226,65.91291679069404,499
249,True,10000,500,3904066.676475272,8180.307976901531,65.64668286591768,16.261846280632493,61.493632564401885,61.12239311916296,False,False,14.856595313176513,19.81970403964321,20.101220657428104,60.0392094347626,65.92009409796451,499
250,True,10000,500,3904066.676873107,8180.15855923295,65.29448786750436,16.262252648026944,61.49209593797126,61.12350957251919,False,False,14.854932902380824,19.813170346120994,20.100904007752735,60.053439578041434,65.91437698807572,499
251,True,10000,500,3904066.677263923,8179.626484867185,64.86520217731595,16.262046658697134,61.49287485073032,61.1274855795715,False,False,14.855887973681092,19.813593942672014,20.100997295230627,60.04318967461586,65.92274790164088,499
252,True,10000,500,3904066.677651239,8178.692025132477,64.45208610966802,16.261001881809236,61.49682579636586,61.134469724931485,False,False,14.85644024796784,19.818493630737066,20.101767343779404,60.039079980924726,65.91645530425016,499
253,True,10000,500,3904066.678022755,8179.145830217749,64.15718933567405,16.262502286336822,61.49115200064657,61.131077789658235,False,False,14.855897752568126,19.812867355843384,20.100627249727648,60.05483493208885,65.91633483767514,499
254,True,10000,500,3904066.678389741,8178.574315737933,63.77082411199808,16.262131245743355,61.4925549971657,61.13534959728323,False,False,14.855358051136136,19.81315032268564,20.100807305425406,60.05582003854215,65.91506265103821,499
255,True,10000,500,3904066.679061913,8178.042232990265,63.111772295087576,16.262385692775908,61.49159286292299,61.139327207555546,False,False,14.855880523100495,19.813220637540024,20.10060039659341,60.05439441651106,65.91686347965155,499
256,True,10000,500,3904074.673790556,8235.100668855011,68.68081027641892,16.365570858874936,61.10388746126182,60.71571193913757,False,False,14.869710197672248,19.71992167333762,21.146439326306183,59.87760853022337,62.89904296398161,499
257,True,10000,500,3904074.734944628,8236.7979218252,110.01071007922292,16.286146716925806,61.40187838052102,60.70320101882559,False,False,14.857945498079062,19.71894797558586,20.507132944961388,59.935087990015745,63.099322803318486,499
258,True,10000,500,3904074.736272904,8235.383735969663,108.65950398147106,16.286020504986357,61.402354227285045,60.713625014964556,False,False,14.86456801649183,19.719847943633795,20.494003004084032,59.91218341514468,63.08432077988981,499
259,True,10000,500,3904074.736732399,8234.532325994223,108.01964113488793,16.28559656284436,61.40395263637459,60.71990250395075,False,False,14.861310250125825,19.722701360781986,20.392697614928085,59.81018673628569,63.245568331331,499
260,True,10000,500,3904074.737122025,8234.489736147225,107.798773329705,16.28595383330164,61.40260559717371,60.72021655514764,False,False,14.867475256323814,19.719851668924093,20.488166405508917,59.89367421716452,63.071096725761876,499
261,True,10000,500,3904074.737485111,8233.943601604551,107.38496761769056,16.285688645264248,61.403605446601254,60.72424395796989,False,False,14.870992745272815,19.729728034387033,20.409207325428724,59.84368259087205,63.1640064716339,499
262,True,10000,500,3904074.737848727,8233.93847187981,107.11946105584502,16.286210442532994,61.40163812377154,60.72428178903429,False,False,14.85963526647538,19.718758296221495,20.513722983499367,59.93583211675286,63.10168853029607,499
263,True,10000,500,3904074.738224983,8232.46054770425,106.47830786183476,16.284533546778388,61.40796094204569,60.73518325446853,False,False,14.861140516586602,19.716864606986444,20.337911633153755,59.80858178809285,63.07283639907835,499
264,True,10000,500,3904074.738585539,8232.745424844325,106.18263063952327,16.28569698237435,61.40357401235439,60.73308163897885,False,False,14.87248030025512,19.72659133995573,20.385227631777525,59.79079157114029,63.209507092833505,499
265,True,10000,500,3904074.738939435,8232.627745717764,105.96974287182093,16.285887781254395,61.40285463289472,60.73394977200046,False,False,14.869875274598598,19.71942124267419,20.4325874025623,59.87596455961466,63.18377640098333,499
266,True,10000,500,3904074.739586438,8232.334800064564,105.44954892247915,16.28634318866149,61.40113765355242,60.736110974990794,False,False,14.867970254272223,19.718507925669353,20.531652805705864,59.934254083782434,63.10894094407558,499
267,True,10000,500,3904074.739940084,8231.441339012235,104.91589503362775,16.28562213222166,61.40385622858495,60.742703423067766,False,False,14.871192746795714,19.73063452169299,20.397124035904806,59.83693087473512,63.22578029707073,499
268,True,10000,500,3904074.74031122,8231.563447974622,104.70968717709184,16.28628008175858,61.401375573790375,60.74180235141419,False,False,14.863255200907588,19.718751621743042,20.525182752559584,59.93758803233504,63.10682896524666,499
269,True,10000,500,3904074.740665726,8231.034804135561,104.27727224305272,16.28608723826154,61.402102627244986,60.745703535208285,False,False,14.86416521947831,19.71933478489518,20.501266388843458,59.92506602779031,63.09774719178675,499
270,True,10000,500,3904074.741021122,8230.810167267919,103.95950637757778,16.28627386951972,61.4013989947407,60.74736141873221,False,False,14.8586604045704,19.718741687635582,20.519279253979523,59.92607418447733,63.10358744114636,499
271,True,10000,500,3904074.741383588,8230.138843879104,103.51387085393071,16.285821589228803,61.403104198401934,60.75231651430263,False,False,14.870755258016288,19.71352177982529,20.425963681191206,59.882186353206635,63.18191368132828,499
272,True,10000,500,3904074.741801994,8229.673458263278,103.08227501809597,16.285753874238843,61.40335950808035,60.75575203994981,False,False,14.874459942802787,19.71933462967475,20.619991545875866,60.01296658068895,62.89978256449101,499
273,True,10000,500,3904074.742735873,8229.89582689479,102.4036230519414,16.287559526739177,61.39655228018088,60.75411044281156,False,False,14.874950284138322,19.72496835514903,20.641891285777092,60.044785030186176,63.28584553673863,499
274,True,10000,500,3904074.743118339,8229.558729566634,102.0324369892478,16.287627840836446,61.39629476876881,60.75659903897786,False,False,14.875100227072835,19.725704565644264,20.64687479287386,60.04584087058902,63.30042211338877,499
275,True,10000,500,3904074.743477025,8228.968646842986,101.63795109838247,16.28723586321564,61.39777236593459,60.76095577199983,False,False,14.875257737003267,19.720294668028753,20.595365359137457,60.028915759176016,63.24956856667995,499
276,True,10000,500,3904074.743825101,8228.735990356654,101.30105540156364,16.28744475942904,61.39698490280898,60.762673706624625,False,False,14.874780317768455,19.721374691774447,20.631991637249786,60.013481229543686,63.27483087778091,499
277,True,10000,500,3904074.744181528,8228.541310876608,100.980537943542,16.287696939745622,61.39603430118941,60.764111293831945,False,False,14.875135268084705,19.727037909130257,20.65185798952977,60.046328883618116,63.303141053766005,499
278,True,10000,500,3904074.744532234,8228.257203940302,100.64002219587564,16.287809983455766,61.39560818893045,60.76620936941091,False,False,14.875415014103055,19.727978234489758,20.661811189105112,60.04739450290799,63.312252443283796,499
279,True,10000,500,3904074.74488042,8227.976286783814,100.3052550368011,16.287917899292612,61.395201411435785,60.768284031533355,False,False,14.875552733428776,19.731387961655855,20.671457673112553,60.04765285179019,63.321069832891226,499
280,True,10000,500,3904074.745335185,8227.057707030326,99.76706095039845,16.287155603366585,61.398074921891094,60.77506902288183,False,False,14.875090215355158,19.720038088659447,20.58989865084489,59.999343659728765,63.24499847367405,499
281,True,10000,500,3904074.801234685,8234.031381085515,78.92298931255937,16.34290258872336,61.18864103675209,60.72359660282029,False,False,14.875115011818707,19.748335300634302,21.197832721906213,60.00768281519413,62.941250931471586,499
282,True,10000,500,3904074.802405862,8233.200260903686,77.83819083124399,16.343410962069026,61.18673772083885,60.72972649217686,False,False,14.874432818032801,19.748904400815565,21.222088277960623,60.01229723915458,63.084882237017155,499
283,True,10000,500,3904074.802964566,8232.934643048793,77.33539631590247,16.343886265997778,61.184958321719634,60.731685805639,False,False,14.87512025050819,19.750151348610718,21.267717300603596,60.04769271239638,63.13492693006992,499
284,True,10000,500,3904074.803413891,8232.43546904996,76.86657225713134,16.343825444474607,61.18518601396787,60.73536827343039,False,False,14.875187422148883,19.750353880226612,21.257792748510646,60.04696935415268,63.12158636748791,499
285,True,10000,500,3904074.803825207,8231.975174043328,76.4484261162579,16.34374097780976,61.185502227288175,60.738764321906146,False,False,14.874865300953388,19.75118163973093,21.230814523684288,60.04321053624153,63.14346421509981,499
286,True,10000,500,3904074.804223422,8231.529619079083,76.04224095121026,16.34366208041658,61.18579759417733,60.74205198036308,False,False,14.87458252813667,19.74843659748634,21.218733182176756,60.01284448429942,63.146301582455635,499
287,True,10000,500,3904074.804604618,8231.052494142205,75.64651500433683,16.343498956188114,61.18640828874477,60.74557298180702,False,False,14.874522807076573,19.749037238458794,21.223689679366657,60.0121907889843,63.10457229614258,499
288,True,10000,500,3904074.804975074,8230.972295161337,75.33269841223955,16.3439671277537,61.18465560921861,60.74616486000448,False,False,14.882872812449932,19.74392229070266,21.08586225348195,60.084252431988716,62.89174566045403,499
289,True,10000,500,3904074.80534042,8230.000356212258,74.82645381242037,16.343033872544765,61.18814950753636,60.753338804242524,False,False,14.881767681799829,19.739518656084936,21.63366906034433,60.016240645200014,63.46212022006508,499
290,True,10000,500,3904074.806090172,8229.305022861809,74.12413088604808,16.34304787971094,61.188097064896255,60.75847214448261,False,False,14.88188246730715,19.73969666287303,21.633657308605645,60.00912515446544,63.46822831779715,499
291,True,10000,500,3904074.806447438,8229.256694205105,73.81097506731749,16.343578595466507,61.18611013853397,60.758828965936985,False,False,14.88146756310016,19.742647962023813,21.63922423341605,60.04300881177187,63.45850564539429,499
292,True,10000,500,3904074.806802004,8228.750688955188,73.43464903533459,16.343318717274258,61.18708307040715,60.762565169353245,False,False,14.881485025398433,19.740591943264008,21.63729258502506,60.03596680238843,63.465741928666795,499
293,True,10000,500,3904074.80715992,8228.286243975163,73.06178286671638,16.343135192602094,61.18777016864312,60.76599490764012,False,False,14.881540322676301,19.739331677556038,21.635228390805256,60.02352060750127,63.46317468211051,499
294,True,10000,500,3904074.807509827,8227.306044194847,72.61969707906246,16.342056807847264,61.19180784635455,60.7732345574768,False,False,14.875272754579782,19.74084333827098,21.6254111596692,60.006287693977356,63.4675873816013,499
295,True,10000,500,3904074.807863703,8228.345143143088,72.45116913691163,16.344476901815984,61.18274729788955,60.76555993967561,False,False,14.88331239670515,19.744448581089575,21.546698155191866,60.103059746325016,63.27661320567128,499
296,True,10000,500,3904074.808286528,8227.213906124234,71.9426847063005,16.343228900637143,61.18741933309242,60.77391516802624,False,False,14.88137524574995,19.740268619110186,21.6363709761449,60.02963678911328,63.46469581127163,499
297,True,10000,500,3904074.80901168,8227.91139781475,71.383411064744,16.345747468436887,61.17799151926015,60.768763277251004,False,False,14.881595270708203,19.742479920387268,21.651487426521697,60.0503065623343,63.74957563355563,499
298,True,10000,500,3904074.809399286,8228.054216131568,71.07826415449381,16.346645194342834,61.17463174315884,60.767708484433854,False,False,14.882967458106577,19.744529202580452,21.55881647331001,60.11295625939965,63.704681582748876,499
299,True,10000,500,3904074.809755982,8227.055467199534,70.60053991153836,16.345601056689368,61.17853950624558,60.775085569004744,False,False,14.881427399814129,19.741078559309244,21.65021617896837,60.04257369786501,63.71572047471998,499
300,True,10000,500,3904074.810118798,8227.286074776202,70.35151170566678,16.346562250642357,61.174942147894356,60.773382067378876,False,False,14.88225522916764,19.74367117509246,21.662507266737336,60.06477475166321,63.904444221407154,499
301,True,10000,500,3904074.810471464,8226.83754004538,69.98299714177847,16.346401889586378,61.17554228475558,60.776695487928876,False,False,14.882075251080096,19.743472555031378,21.655705641023633,60.052244551479816,63.87107184156773,499
302,True,10000,500,3904074.81082315,8225.92733008787,69.51357191428542,16.345518553454077,61.17884830204322,60.783420511284646,False,False,14.881959999911487,19.740381898979347,21.646763171690026,60.006805416196585,63.72695555910466,499
303,True,10000,500,3904074.811180186,8225.846561137587,69.22968523576856,16.345925603009658,61.17732481395102,60.784017338982906,False,False,14.881839975714684,19.743129269530375,21.65272015457334,60.04566261544824,63.77537980675695,499
304,True,10000,500,3904074.811599672,8225.756220985204,68.86276928707957,16.346479863122493,61.17525047432326,60.78468490525175,False,False,14.879812486469746,19.745129719376564,21.452768895154012,60.093774273991585,63.48325852304696,499
305,True,10000,500,3904074.811956898,8225.017260294408,68.44644295051694,16.345833301290362,61.177670270322565,60.790145987134736,False,False,14.87976242788136,19.742628652602434,23.490347891735446,60.059016570448875,67.20099620521057,499
306,True,10000,500,3904074.812312594,8224.767012987286,68.10482684522867,16.346016405094304,61.176984974048224,60.79199559215197,False,False,14.879715046845376,19.742457599689562,23.49269619987648,60.058802645653486,67.20394399017084,499
307,True,10000,500,3904074.81266571,8224.566844757646,67.765180952847,16.346295919448497,61.175938874948415,60.79347513829265,False,False,14.87912517040968,19.744966737926006,23.49584317766121,60.05958262830973,67.2272603586315,499
308,True,10000,500,3904074.813017926,8224.109679926187,67.40570487454534,16.34610015040409,61.17667154849036,60.7968545483318,False,False,14.879775000736117,19.742504600435495,23.492563056449004,60.059206653386354,67.20265448093403,499
309,True,10000,500,3904074.813370683,8223.498395644128,66.99362862855196,16.345700935902958,61.17816567924125,60.801373812493594,False,False,14.880057540722191,19.761679756144684,23.48556444824975,60.059922467917204,67.19039168208826,499
310,True,10000,500,3904074.857687569,8236.095898784697,69.00873687118292,16.366908140107242,61.098894882258904,60.70837519919833,False,False,14.87968279980123,19.75662757953008,28.30328606069088,60.01532757654786,66.80984035134303,499
311,True,10000,500,3904074.858707468,8234.964660834521,67.98105780035257,16.3667006072829,61.09966962767176,60.71671471500044,False,False,14.8797178408131,19.7560777887702,28.232522075995803,60.014989133924246,66.80573834106313,499
312,True,10000,500,3904074.859259412,8234.697613865137,67.47494405135512,16.367179699025613,61.09788114928151,60.71868372654354,False,False,14.879767433740199,19.754271333416302,28.338410891592503,60.01707911491394,66.7462716810404,499
313,True,10000,500,3904074.859704817,8234.448076691478,67.04934779554605,16.367532522837543,61.09656410364266,60.72052374892078,False,False,14.878945308737457,19.825373776257038,24.87651351839304,60.059401858597994,67.83207554370156,499
314,True,10000,500,3904074.860106433,8233.795003034174,66.60321308299899,16.36711781553342,61.09811215820402,60.725339872531286,False,False,14.879782567732036,19.82504703725378,24.78831447660923,60.058396495878696,67.8347271680831,499
315,True,10000,500,3904074.860476669,8232.79787413776,66.18749722838402,16.365952659137026,61.10246197258216,60.73269472225033,False,False,14.880135306157172,19.825646964212257,24.50595749542117,60.059186071157455,67.8530769236385,499
316,True,10000,500,3904074.860840215,8233.249109238386,65.90721104294062,16.367418633658207,61.09698923100707,60.72936617925949,False,False,14.87984275445342,19.824847113341093,24.85716831870377,60.058826580643654,67.85935722291461,499
317,True,10000,500,3904074.861198861,8232.826663646847,65.54259499534965,16.36730274278857,61.09742183638656,60.732482345075624,False,False,14.879487454891205,19.825010405232508,24.837158853188157,60.05870075896382,67.83225934952489,499
318,True,10000,500,3904074.861554997,8232.657086104155,65.20575797185302,16.36763793212886,61.0961706354128,60.73373332213078,False,False,14.880957547575235,19.824576874574024,24.892868474125862,60.05984293296933,67.82423594966522,499
319,True,10000,500,3904074.863444416,8230.398220941424,63.25861997902393,16.367013228381563,61.09850258237276,60.750401934112986,False,False,14.879267779178917,19.825077150017023,24.773924611508846,60.05918066948652,67.80664367601267,499
320,True,10000,500,3904082.910716885,8203.196058049798,70.24867413565516,16.298491751330946,61.355370500361744,60.951852968252524,False,False,14.894557534717023,19.853513998289902,20.52930354761562,60.12100866064429,63.57106911018492,499
321,True,10000,500,3904082.973198174,8202.084648888558,107.98523109406233,16.220640115820633,61.64984814777195,60.960112142679925,False,False,14.894432504661381,19.85131424541275,20.4507796900967,60.11975393630564,63.57475426048042,499
322,True,10000,500,3904082.97448753,8200.434586964548,106.60232603549957,16.22010473132074,61.651883052827486,60.9723783169739,False,False,14.893222483806312,19.841791223734617,20.329236456503395,60.105509124696255,63.562300638295724,499
323,True,10000,500,3904082.974911365,8200.248879846185,106.23500077053905,16.22046869554238,61.65049967235623,60.973759129293484,False,False,14.895469998009503,19.85337960844239,20.369635624810975,60.12556911446154,63.571913959458485,499
324,True,10000,500,3904082.97539075,8199.440557975322,105.67471710965037,16.219971624981305,61.652388988143656,60.97977007878503,False,False,14.89173003938049,19.838210909316935,20.306606991216462,60.08640443906188,63.55315977707507,499
325,True,10000,500,3904082.975757676,8199.567956849933,105.45403882861137,16.220669174391425,61.64973770495005,60.97882261983074,False,False,14.893895015120506,19.848184597988926,20.446572064732436,60.12356886640191,63.5874012252316,499
326,True,10000,500,3904082.976135832,8199.104702100158,105.0345441326499,16.2205814788928,61.65007101017065,60.98226796297986,False,False,14.87857534084469,19.842128331462543,20.282607261712275,60.002665501087904,63.70625181589277,499
327,True,10000,500,3904082.976516167,8197.74840772152,104.37874170020223,16.219177687417467,61.65540690609618,60.99235730740972,False,False,14.87911504227668,19.841873397429783,20.18031811962517,60.01132563687861,63.50775030441584,499
328,True,10000,500,3904082.976880753,8197.790876962245,104.05855486169457,16.219904453107315,61.65264431064055,60.99204133214958,False,False,14.88216023426503,19.834363429496687,20.180075711881038,60.02425984479487,63.627281039953246,499
329,True,10000,500,3904082.97724489,8197.633577976376,103.83328702300787,16.220040663233203,61.652126573686786,60.99321166821747,False,False,14.89225251134485,19.839065335690975,20.318968609596215,60.10476965457201,63.557265233248486,499
330,True,10000,500,3904082.977908192,8197.057104669511,103.19348378106952,16.220167576930745,61.651644180437295,60.99750112942015,False,False,14.893832500092685,19.84487669542432,20.33990760644269,60.1058891043067,63.56608050409706,499
331,True,10000,500,3904082.978275048,8196.754737757146,102.83808782696724,16.22027384755547,61.65124025638496,60.99975124262575,False,False,14.894409920088947,19.847686650852363,20.339316278695986,60.10004389099777,63.57051914092155,499
332,True,10000,500,3904082.978633514,8196.484161075205,102.50256163999438,16.220404006884188,61.65074554096092,61.001764924341735,False,False,14.895397471264005,19.85322255641222,20.360100104783896,60.11515390127897,63.55786800850184,499
333,True,10000,500,3904082.97899633,8196.202874183655,102.16201609000564,16.22052276171072,61.650294179207684,61.00385845436997,False,False,14.89528245292604,19.854207305858534,20.378432404249832,60.1169690489769,63.5676472913474,499
334,True,10000,500,3904082.979356806,8195.426703430712,101.69522138312459,16.219902769634444,61.65265070960333,61.00963599499871,False,False,14.886019984260201,19.840770214796066,20.296002107982755,60.01390516757965,63.53492899797858,499
335,True,10000,500,3904082.979717312,8195.358423981816,101.40708414837718,16.220343366399675,61.650976025050916,61.0101442954424,False,False,14.895050087943673,19.851120033611853,20.350492090607606,60.10909401811659,63.55498931370677,499
336,True,10000,500,3904082.980128888,8194.606510922313,100.82591976970434,16.220001184674565,61.652276631449816,61.015742407346465,False,False,14.902397175319493,19.852609342585005,20.459607072795354,60.20906241610646,63.646174268797054,499
337,True,10000,500,3904082.981093167,8194.953848142177,100.21370695903897,16.22192413062753,61.644968374125654,61.01315629902561,False,False,14.904952491633594,19.852626013259094,20.514755339051213,60.21649297326803,63.6993129970506,499
338,True,10000,500,3904082.981471953,8194.659880828112,99.84633093699813,16.222071242266765,61.64440933994238,61.01534502606744,False,False,14.904372277669609,19.854117309053738,20.51419042361272,60.230833012610674,63.73735368251802,499
339,True,10000,500,3904082.981833459,8194.49059292674,99.51699525117874,16.222391979309744,61.6431905526271,61.016605526594454,False,False,14.906810014508665,19.852840838332973,20.513526368886158,60.22018799558282,63.77627504989506,499
340,True,10000,500,3904082.982199245,8193.430884741247,99.07300909981132,16.221158067417708,61.64787963003882,61.02449718971301,False,False,14.90318716969341,19.849648606032133,20.45748562862468,60.21367805078626,63.651349907740965,499
341,True,10000,500,3904082.982554492,8193.344864994287,98.72967191040516,16.221673733635033,61.64591992295699,61.025137869666445,False,False,14.903699746355414,19.849574783196054,20.45732613342496,60.22768816910684,63.66922734305264,499
342,True,10000,500,3904082.982914538,8193.366824649274,98.42484584078193,16.222328614846678,61.64343133110988,61.02497431163202,False,False,14.906277414411306,19.85318399965763,20.513436694939855,60.220777755603194,63.77491257153453,499
343,True,10000,500,3904082.983280614,8192.936598788947,98.0473100207746,16.22222302358351,61.64383257129569,61.02817884296925,False,False,14.905402204021811,19.85384002327919,20.513920880233176,60.23063766770065,63.7652116129175,499
344,True,10000,500,3904082.983733809,8192.240707110614,97.56244486197829,16.221800124746764,61.64543961273908,61.033362894966615,False,False,14.907342498190701,19.853233949591715,20.51424759129676,60.21695304661989,63.68492748588325,499
345,True,10000,500,3904083.037545381,8202.352786902338,80.39939310401678,16.276459707010666,61.43842199107191,60.95811933356595,False,False,14.903707429766655,19.853326709320147,20.47481435506285,60.22824300453067,63.22394073940815,499
346,True,10000,500,3904083.03862357,8200.785853900015,79.28330497816205,16.275556210264238,61.44183259121716,60.969766667205064,False,False,14.902267488650978,19.852381944656372,20.474590165540484,60.19728793762624,63.08063019532712,499
347,True,10000,500,3904083.039070525,8201.348887756467,79.03018686920404,16.277191785345217,61.435658754130195,60.96558100905012,False,False,14.90574749186635,19.853655962894358,20.53074586670837,60.22057286463678,63.42414263635875,499
348,True,10000,500,3904083.039457611,8201.153859961778,78.67731107398868,16.277508114003588,61.43446484537133,60.96703080294731,False,False,14.91189980879426,19.853048026561737,20.53115075764548,60.216323006898165,63.653344451449826,499
349,True,10000,500,3904083.039824357,8200.441747438163,78.248446341604,16.276940483159436,61.43660726870797,60.972325077024195,False,False,14.904842246323824,19.85409598176678,20.53125830211978,60.23078295402229,63.35648670792581,499
350,True,10000,500,3904083.040190583,8200.019292067736,77.87209982052445,16.276848080655736,61.436956039938266,60.97546629965535,False,False,14.903607429005206,19.852279592305422,20.53159514364467,60.229853028431535,63.35942384321244,499
351,True,10000,500,3904083.040547569,8199.492718093097,77.48605404049158,16.276566461027265,61.43801903149584,60.97938216308115,False,False,14.90385748911649,19.854340578118958,20.531475020882894,60.230503091588616,63.2401689188555,499
352,True,10000,500,3904083.040925975,8199.176400899887,77.11842795833945,16.276669284452,61.437630913545206,60.98173469534371,False,False,14.911584788933396,19.852051263054214,20.505165122449306,60.175308492034674,63.33413315005601,499
353,True,10000,500,3904083.041545028,8198.968953918666,76.57238421961665,16.277347835068234,61.43506977503919,60.98327763041802,False,False,14.910567319020629,19.854509613166254,20.50310524102912,60.145198134705424,66.51531858369712,499
354,True,10000,500,3904083.041916554,8198.400530032814,76.16567891091108,16.27702374974329,61.43629298419936,60.98750581511279,False,False,14.910909812897444,19.851473346352577,20.503926465753374,60.14531874097884,66.50121926795696,499
355,True,10000,500,3904083.04227811,8197.696467861533,75.67937392741442,16.27658736259342,61.43794013591468,60.99274374944392,False,False,14.91085474845022,19.852514285594225,20.50611469273757,60.145133174955845,66.46927923429762,499
356,True,10000,500,3904083.042634936,8197.928744833916,75.49134595319629,16.27742965707559,61.43476095842397,60.991015604409185,False,False,14.909109799191356,19.854109392811853,20.503002639549383,60.148818884044886,66.51900892611597,499
357,True,10000,500,3904083.042990872,8197.474099695683,75.11824974790215,16.277266232360283,61.4353777670561,60.99439826452903,False,False,14.91052214987576,19.85500669106841,20.503082376283814,60.14503794722259,66.51162833441053,499
358,True,10000,500,3904083.043439417,8196.717469021678,74.61386593058705,16.27676072763746,61.437285755637454,61.00002859555408,False,False,14.908809680491686,19.8559133335948,20.50295560620716,60.14942890033126,66.52407613582913,499
359,True,10000,500,3904083.043839823,8196.819026954472,74.32235917076468,16.27754843243228,61.43431267619792,60.99927281007386,False,False,14.903057483024895,19.85574821010232,20.503050366726924,60.14995416626334,66.52691895142202,499
360,True,10000,500,3904083.044462306,8195.907916873693,73.62913712859154,16.277111783056316,61.43596071146673,61.006053883377895,False,False,14.910697471350431,19.855360562602677,20.503699877299276,60.14539860188961,66.50675558485095,499
361,True,10000,500,3904083.045382106,8195.686989929527,72.84768484532833,16.278235080329054,61.43172125634308,61.00769839238326,False,False,14.909479999914765,19.84667194386323,20.505556943050184,60.14920421876013,66.44509821198885,499
362,True,10000,500,3904083.045772542,8196.163934189826,72.51987839117646,16.279847807211723,61.42563565962916,61.00414828384273,False,False,14.91140981670469,19.85222135360042,20.502929176824697,60.14509894885123,66.49159730877732,499
363,True,10000,500,3904083.046136808,8195.695728994906,72.13793275877833,16.27967494235697,61.426287904445104,61.007633339911514,False,False,14.911684673279524,19.851861459513504,20.503591370458313,60.14445377513766,66.48709839209918,499
364,True,10000,500,3904083.046494274,8195.68540994078,71.84145599603653,16.28024840469888,61.42412419895113,61.00771015362984,False,False,14.91046219598502,19.846973257760204,20.504372944900055,60.146203730255365,66.46297413390134,499
365,True,10000,500,3904083.04685064,8195.234464947134,71.46885991096497,16.280091392858054,61.424716598255216,61.01106711938661,False,False,14.910089666955173,19.847081943104662,20.504815437986114,60.14702399261296,66.45562541671102,499
366,True,10000,500,3904083.047213826,8194.022498093545,71.03521516546607,16.278531629114386,61.430602144206034,61.0200911843154,False,False,14.911189791746438,19.85232749332984,20.504193460413475,60.1451329421252,66.47568722255532,499
367,True,10000,500,3904083.047562912,8194.420513696969,70.73813769966364,16.279924601197003,61.42534590894074,61.01712734466706,False,False,14.911237172782421,19.85173262655735,20.502906504552723,60.14539394527674,66.49685003794734,499
368,True,10000,500,3904083.048035787,8193.25230596587,70.2213142067194,16.278619221962227,61.43027159520105,61.02582726958473,False,False,14.901737566106021,19.851102928320568,20.471158501847246,60.17650361172855,65.9838671330363,499
369,True,10000,500,3904083.048407433,8193.627991713583,69.90295695140958,16.280010089703755,61.42502335624762,61.02302917653355,False,False,14.900755020789802,19.85103820140163,20.471856525012512,60.18004845827818,66.24605704564605,499
370,True,10000,500,3904083.048764609,8193.120068404824,69.5185111835599,16.27976263972197,61.42595700750821,61.02681223092932,False,False,14.90053255110979,19.84947407618165,20.471668168126204,60.18106290139258,66.25213925726716,499
371,True,10000,500,3904083.049128155,8191.999749746174,69.11195581778884,16.27833225236149,61.431354545237916,61.03515811453636,False,False,14.901559916324914,19.846793295194704,20.475643611668207,60.1567889098078,66.30743243731563,499
372,True,10000,500,3904083.049484631,8192.647443152964,68.84289905428886,16.280169427051455,61.42442217698177,61.030332803821175,False,False,14.901280053891242,19.851119443774223,20.472015131575276,60.176823288202286,66.26010288018738,499
373,True,10000,500,3904083.049834507,8191.9374209828675,68.43154411762953,16.27957089552152,61.42668049531319,61.035622503572554,False,False,14.901444781571627,19.851115408043064,20.47243936530616,60.17227773554623,66.26483872532849,499
374,True,10000,500,3904083.09451635,8203.732411842793,68.78058891743422,16.302508663177072,61.34025263600857,60.94786798240847,False,False,14.90117225330323,19.842113523433607,20.37674778451522,60.15621405094862,66.41340493224565,499
375,True,10000,500,3904083.09545767,8203.186367172748,67.86070903763175,16.3032578319341,61.337433923252085,60.951924974042306,False,False,14.901167480275035,19.8435567629834,20.374890882521868,60.17569778487086,66.29712700378154,499
376,True,10000,500,3904083.095903835,8202.888521365821,67.42953415960073,16.30352502446136,61.33642868641152,60.954138130448165,False,False,14.901020098477602,19.842303668459255,20.373637632777292,60.17626356333494,66.28678832203154,499
377,True,10000,500,3904083.09629295,8202.657253947109,67.08622770383954,16.303749551589718,61.33558399162809,60.95585668405206,False,False,14.900259673595428,19.833996891975403,20.371034586181242,60.17770781181753,66.25818996690218,499
378,True,10000,500,3904083.096663396,8202.237649355084,66.70819222927094,16.303666246745117,61.33589739054191,60.958975023030874,False,False,14.900354784913361,19.833837014933426,20.37069434300065,60.17676345072687,66.26227977685635,499
379,True,10000,500,3904083.097031832,8202.02352060005,66.36165594682097,16.30393159249144,61.33489915159707,60.96056646804404,False,False,14.900272246450186,19.83379665762186,20.371864705036085,60.17906847409904,66.25552575569604,499
380,True,10000,500,3904083.097394238,8201.455356553197,65.96883060410619,16.303580212322828,61.3362210616883,60.964789572436764,False,False,14.90113721229136,19.83324329679211,20.37357756247123,60.17587333917618,66.28384767100219,499
381,True,10000,500,3904083.097750985,8200.985630974174,65.57487370446324,16.303428371281985,61.33679231304938,60.96828143577741,False,False,14.901077491231263,19.842790129284065,20.374254323542118,60.175778809934855,66.29088202025746,499
382,True,10000,500,3904083.098113851,8200.885511934757,65.27229677885771,16.303834098508815,61.33526592321387,60.96902575610274,False,False,14.900227426551282,19.833780359476805,20.371840956310432,60.17784378491342,66.25157382804905,499
383,True,10000,500,3904083.098707084,8200.397467706352,64.69419412314892,16.304014576319048,61.33458697052819,60.97265430962699,False,False,14.90026747342199,19.833783774326246,20.371670989940565,60.179613530635834,66.24782120343302,499
384,True,10000,500,3904091.115618115,8381.54693134129,68.56827111914754,16.659275872188662,60.02661866410536,59.65485895334425,False,False,14.935564482584596,19.90011955300967,28.627030202187598,60.03005690872669,62.86873430013657,499
385,True,10000,500,3904091.176450861,8382.725158706307,109.41001586616039,16.579789865411115,60.31439530402057,59.64647421139645,False,False,14.939146931283176,19.89792805785934,20.159342214465134,60.087099112570286,62.90792567655445,499
386,True,10000,500,3904091.177546989,8381.151855923235,108.1378199160099,16.57918644490426,60.316590522893705,59.65767099740993,False,False,14.935397077351809,19.902689351389803,20.174333658069365,60.06975593045354,62.84098942764104,499
387,True,10000,500,3904091.178007614,8380.9331683442,107.79700335115194,16.579431192370837,60.31570012246007,59.659227672708404,False,False,14.941714238375425,19.899886908630528,20.188979137067985,60.0671268068254,62.80848025344313,499
388,True,10000,500,3904091.178404709,8380.221666302532,107.26671991869807,16.57906802882532,60.31702133445273,59.664292892219734,False,False,14.935757033526897,19.894789562871058,20.175952029724908,60.03261087462306,62.88409898057581,499
389,True,10000,500,3904091.178771195,8380.537493154407,107.15090110898018,16.579933050191233,60.31387442716278,59.66204439851526,False,False,14.942574547603726,19.899995687107243,20.15795821634431,60.12629196047783,62.92838482186199,499
390,True,10000,500,3904091.179140001,8379.846720956266,106.67587583884597,16.579500691618076,60.31544728639262,59.66696249343121,False,False,14.945379341952503,19.900726278622944,20.16146185497442,60.07405091077089,62.86059482954443,499
391,True,10000,500,3904091.179498567,8379.250777419657,106.2593711540103,16.579141094720732,60.31675551144373,59.6712060877085,False,False,14.935721992515028,19.902669358998537,20.173841866975025,60.075969994068146,62.77781427837909,499
392,True,10000,500,3904091.179857584,8378.991839010268,105.92327360063791,16.579295722263787,60.31619296452582,59.67305012425699,False,False,14.94117930997163,19.900072924792767,20.164729328826063,60.058765951544046,62.802881635725505,499
393,True,10000,500,3904091.180514946,8378.615523688495,105.33477086573839,16.579720947540594,60.31464601630332,59.67573026669761,False,False,14.943801797926426,19.89650757362445,20.159832018737983,60.084232687950134,62.89683672599495,499
394,True,10000,500,3904091.180885252,8378.378316760063,105.02536408603191,16.579865636621303,60.31411966278052,59.67741979373296,False,False,14.939391985535622,19.896197660515707,20.158427540833745,60.11337582021952,62.91726929135621,499
395,True,10000,500,3904091.181253168,8376.937302295119,104.37596123665571,16.57827924059812,60.31989119540982,59.68768560115756,False,False,14.93587950244546,19.895822927355766,20.177831503873065,60.02259701490402,62.7207252662629,499
396,True,10000,500,3904091.181611384,8377.42774700746,104.21504313126206,16.579584576906207,60.31514211718582,59.68419126964209,False,False,14.945431961677969,19.89670693874359,20.160889085382216,60.07886417210102,62.87254347465933,499
397,True,10000,500,3904091.181968831,8377.251718193293,103.930305223912,16.579802430800363,60.31434959335198,59.685445396623955,False,False,14.939236920326948,19.897289977719385,20.158621088291202,60.101266112178564,62.90649856440724,499
398,True,10000,500,3904091.182331767,8376.46908685565,103.43796107918024,16.579220692938815,60.31646592568164,59.69102193483883,False,False,14.935759478248656,19.902722785870235,20.16543376880387,60.06362596526742,62.79757642187179,499
399,True,10000,500,3904091.182686533,8376.398867927492,103.15220430493355,16.579652632510136,60.31489453760657,59.691522321657445,False,False,14.945109491236508,19.896538835018873,20.16025937162339,60.082017071545124,62.88389501161874,499
400,True,10000,500,3904091.183090728,8375.804845243692,102.70279040560126,16.579362835346874,60.315948805223066,59.69575571999285,False,False,14.953989535570145,19.90426005795598,20.188184805835277,60.10029772296548,63.10687344521285,499
401,True,10000,500,3904091.184306715,8375.664236024022,101.7236397601664,16.581043279085883,60.309835947495955,59.696757882137,False,False,14.95383179280907,19.904643359283607,20.187806561589234,60.09900998324156,63.100098129361875,499
402,True,10000,500,3904091.185038367,8375.005203299224,101.00379819050431,16.581165140498438,60.30939270712429,59.701455445428444,False,False,14.954032027162611,19.904408293465774,20.188676078493387,60.101280733942986,63.11239517293871,499
403,True,10000,500,3904091.185412913,8374.809144996107,100.65898206084967,16.581463252375265,60.30830842728864,59.70285308516514,False,False,14.955076738260686,19.903085008263588,20.185358732317876,60.12489199638367,63.170895036309965,499
404,True,10000,500,3904091.185768109,8374.362280126661,100.28390632942319,16.58131938636721,60.30883168574496,59.706038892843026,False,False,14.954376732930541,19.903990129629772,20.18420899907747,60.07902389392257,63.13746609725059,499
405,True,10000,500,3904091.186123265,8373.73276706785,99.86903984099627,16.580889232919546,60.310396261173324,59.710527420506665,False,False,14.95959679596126,19.906657996277012,20.18673059530555,60.100039932876825,63.061832534149296,499
406,True,10000,500,3904091.186472291,8373.325421940535,99.5085439644754,16.58079534664541,60.310737759773254,59.713432215336496,False,False,14.959866763092577,19.907032698392868,20.18643523255983,60.09807996451855,63.053518552333124,499
407,True,10000,500,3904091.186819098,8373.106993269175,99.20179704204202,16.58097233712852,60.310093984101,59.714989955572186,False,False,14.95509676169604,19.90641135101517,20.18750152240196,60.09935596957803,63.091998612508185,499
408,True,10000,500,3904091.187176344,8373.001604806632,98.88614108785987,16.58139371486728,60.30856134266782,59.7157415702594,False,False,14.95504449121654,19.903245009481907,20.184830703462154,60.12921007350087,63.16334578208626,499
409,True,10000,500,3904091.242333222,8381.255014799535,79.6897797845304,16.636403276583177,60.109146392692054,59.65693671378631,False,False,14.960141736082733,19.970161995540064,21.272907964885235,60.09872695431113,63.11649535782636,499
410,True,10000,500,3904091.243663407,8380.424964241683,78.47368391230702,16.63717691448773,60.10635128422512,59.66284551600222,False,False,14.95414914097637,19.96350210780899,21.333440362165373,60.10148096829653,63.299495065584786,499
411,True,10000,500,3904091.244155832,8379.872669931501,77.97349896281958,16.637072486911183,60.106728559770715,59.666777729701124,False,False,14.954599202610552,19.962628992895286,21.305900998413563,60.128359869122505,63.26368041336537,499
412,True,10000,500,3904091.244549098,8379.712671041489,77.63068284839392,16.63743885409438,60.105404970663834,59.667916983346466,False,False,14.95740923564881,19.96292204906543,21.33187356715401,60.12660013511777,63.336525987833745,499
413,True,10000,500,3904091.244913234,8379.466784186661,77.2831360809505,16.63764258137417,60.104668982341245,59.66966787714663,False,False,14.962476794607937,19.963322362552088,21.357497045149405,60.12739185243845,63.39846934191883,499
414,True,10000,500,3904091.24527687,8378.443954978138,76.81044191122055,16.636540106346526,60.108652015843056,59.67695227022673,False,False,14.954981743358076,19.97042540460825,21.272717664639156,60.1002580486238,63.143945755437024,499
415,True,10000,500,3904091.245633866,8378.68733284995,76.55407395213842,16.63754160099762,60.10503378335884,59.675218818545964,False,False,14.957569423131645,19.963085340956848,21.344770677387714,60.12722626328468,63.36700890213252,499
416,True,10000,500,3904091.245989762,8377.796142362058,76.10616041347384,16.636653270438046,60.10824315109801,59.68156678720863,False,False,14.956702012568712,19.927012578894693,21.254374956091244,60.133891832083464,63.358330391347415,499
417,True,10000,500,3904091.247597174,8376.25047005713,74.50657710433006,16.636761308522644,60.10785281193655,59.692579846718665,False,False,14.956186758354306,19.927302685876686,21.11075632274151,60.13172371312976,63.097351444885135,499
418,True,10000,500,3904091.24798994,8376.215029973537,74.18079115450382,16.637343163965998,60.10575066852325,59.692832408288794,False,False,14.953686739318073,19.925215902427833,21.11859293654561,60.132020991295576,63.1524508073926,499
419,True,10000,500,3904091.248360486,8375.297520309687,73.71629634872079,16.636435318559048,60.10903062174825,59.699371728290785,False,False,14.957856736145914,19.92801607896884,21.115599665790796,60.13350207358599,63.086988143622875,499
420,True,10000,500,3904091.248726642,8375.421238597482,73.41738883405924,16.637282264054956,60.10597068251416,59.69848987365418,False,False,14.95344948489219,19.92484259729584,21.118663096179564,60.126050282269716,63.158862721174955,499
421,True,10000,500,3904091.249078248,8374.830234795809,73.03367275744677,16.63686685779231,60.10747146970308,59.702702739286124,False,False,14.9557568365708,19.9269390044113,21.11081297819813,60.132341738790274,63.10897883027792,499
422,True,10000,500,3904091.249424305,8374.075843021274,72.58751709014177,16.63624915016259,60.10970327348257,59.7080811510307,False,False,14.958421932533383,19.92903572196762,21.113619673997164,60.133858025074005,63.06495126336813,499
423,True,10000,500,3904091.249772451,8374.192472081631,72.34879024326801,16.636961286249225,60.10713031030009,59.707249584593264,False,False,14.956039260141551,19.926955612997215,21.11062966287136,60.13162191957235,63.10274397023022,499
424,True,10000,500,3904091.250176406,8372.753708157688,71.79719721898437,16.635183388654717,60.11355430454739,59.71750960652804,False,False,14.958421816118062,19.929719002296526,21.111473130683105,60.13471018522978,63.05316894315183,499
425,True,10000,500,3904091.25073214,8374.332809820771,71.50661991909146,16.638930240283926,60.1000175827972,59.70624900572838,False,False,14.958306681364775,19.928166021903355,21.124579788496096,60.13370407745242,63.36295099928975,499
426,True,10000,500,3904091.251121926,8374.11704286933,71.16595283150673,16.639180541157963,60.09911350660827,59.707787393031076,False,False,14.95533180423081,19.92688560858369,21.142819275458653,60.13251608237624,63.39205806143582,499
427,True,10000,500,3904091.251487182,8373.968543950468,70.83293702453375,16.63955031448083,60.09777795074993,59.70884621500167,False,False,14.95454425457865,19.92547931149602,21.1953519222637,60.13257382437587,63.49785899743438,499
428,True,10000,500,3904091.251838318,8373.775846790522,70.5157108604908,16.63979987160327,60.09687662809905,59.710220233759735,False,False,14.95405426248908,19.92537934953968,21.241614905496437,60.13249307870865,63.584212148562074,499
429,True,10000,500,3904091.252534921,8372.813216410577,69.76885814219713,16.639367451439643,60.098438412301526,59.71708517514856,False,False,14.95497697032988,19.926276057958603,21.173131962617237,60.132415778934956,63.44845877029002,499
430,True,10000,500,3904091.252898197,8372.094323858619,69.33244271203876,16.63880136502321,60.10048308540554,59.72221294438961,False,False,14.958429266698658,19.928565559287865,21.114592750867207,60.133929923176765,63.33514497615397,499
431,True,10000,500,3904091.253260383,8371.864526998252,68.98734718561172,16.639032424474227,60.099648494530705,59.72385224194209,False,False,14.957499224692583,19.927472652246554,21.130549255758524,60.133116971701384,63.37540717795491,499
432,True,10000,500,3904091.253609269,8371.683618985116,68.6870701611042,16.639271640929884,60.0987844648298,59.725142845354455,False,False,14.963046764023602,19.922629309197266,21.148389360557,60.114445723593235,63.277350133284926,499
433,True,10000,500,3904091.253955595,8371.802567970008,68.41510301455855,16.64005503999088,60.09595506725848,59.724294253303185,False,False,14.961284236051142,19.91995268811782,23.17984076216817,60.095668490976095,67.11476461030546,499
434,True,10000,500,3904091.254306541,8371.24784430489,68.03839839994907,16.639698288386654,60.09724351179673,59.728251904542404,False,False,14.961701701395214,19.914845936000347,23.177860615154106,60.10078266263008,67.08497555926445,499
435,True,10000,500,3904091.254655687,8371.046856977046,67.70634185522795,16.63996095214793,60.096294869665385,59.729685969116666,False,False,14.961494249291718,19.91920933748285,23.17955034474532,60.095839854329824,67.10974031127992,499
436,True,10000,500,3904091.255103593,8370.296683628112,67.20753572881222,16.639457210219035,60.098114221289336,59.735039138812766,False,False,14.962576795369387,19.910669419914484,23.17636723940571,60.10378785431385,67.05536268651488,499
437,True,10000,500,3904091.255476118,8369.705930817872,66.77948171272874,16.63913116053135,60.09929186519294,59.739255373233995,False,False,14.96135932393372,19.916222741206486,23.17878029619654,60.10493393987417,67.0973717235029,499
438,True,10000,500,3904091.299403599,8383.363471832126,69.68434015288949,16.66067962260368,60.02156110386348,59.64193270159244,False,False,14.942876994609833,19.909776126344997,23.179126903414726,60.07811017334461,67.10315826348963,499
439,True,10000,500,3904091.300297959,8382.538291160017,68.7962700612843,16.660805653504475,60.021107069912766,59.64780387908106,False,False,14.942312031053007,19.910862979789574,23.18028702090184,60.07908917963505,67.12053070776167,499
440,True,10000,500,3904091.300768514,8381.811218801886,68.30100482329726,16.660341110177534,60.02278064937795,59.65297797192229,False,False,14.944231952540576,19.909323037912447,23.175633667657774,60.08904669433832,67.06761747598651,499
441,True,10000,500,3904091.30117599,8380.56221185252,67.80994962900877,16.658822168784596,60.02825349044221,59.66186842367884,False,False,14.945564442314208,19.907149331023295,23.179444018751383,60.08617375046015,67.03740428201857,499
442,True,10000,500,3904091.301550406,8380.968918092549,67.51174293458462,16.66023481995584,60.02316358723752,59.65897319110886,False,False,14.944059192202985,19.91024302939574,23.17658377190431,60.0895419716835,67.07409670576456,499
443,True,10000,500,3904091.301915762,8380.792619194835,67.16621713712811,16.660573952019455,60.02194179383528,59.66022818114264,False,False,14.943449525162578,19.907956011593342,23.178516887128353,60.08982202038169,67.0915351994336,499
444,True,10000,500,3904091.302295438,8380.1612961106,66.7374711483717,16.66016798589625,60.02340437662784,59.66472271029675,False,False,14.944554422982037,19.90822935476899,23.177150636911392,60.08794279769063,67.06304796040061,499
445,True,10000,500,3904091.302646964,8380.003528203815,66.42891513183713,16.66047016647691,60.02231569743653,59.66584600080364,False,False,14.943971764296293,19.908159660796326,23.177276986340683,60.08937228471041,67.08039433695379,499
446,True,10000,500,3904091.30301552,8379.268686287105,65.99920894950628,16.659858672019237,60.02451879616073,59.67107855346174,False,False,14.945294475182891,19.908202656855185,23.181520402431488,60.087208077311516,67.04693959094587,499
447,True,10000,500,3904091.303642303,8378.726961556822,65.38231577724218,16.660009310179518,60.023976060384605,59.6749365737891,False,False,14.945279224775732,19.90849633390705,23.182373649130266,60.08687987923622,67.05425330437723,499
448,True,10000,500,3904099.499283623,8499.96538925916,69.42988187074661,16.894860736249324,59.18959709767936,58.82376893343786,False,False,14.969416777603328,19.81237359965841,28.423777548596263,59.92482602596283,62.870822101831415,499
449,True,10000,500,3904099.560616544,8500.713780988008,103.61137893050909,16.827860525165327,59.42526077539945,58.818590165717445,False,False,14.96901921927929,19.867868279106915,20.517316025992233,59.94742503389716,63.08995913714169,499
450,True,10000,500,3904099.561985589,8498.679913114756,101.9667568616569,16.827080473453105,59.428015547773086,58.83266638015439,False,False,14.948564465157688,19.81258869636804,20.48996292675535,59.86065696924925,63.0946835502982,499
451,True,10000,500,3904099.562491483,8498.624274041504,101.67503077536821,16.82755359371971,59.42634468109581,58.83305154779198,False,False,14.968654024414718,19.862353336066008,20.473459735512733,59.945765882730484,63.04342160001396,499
452,True,10000,500,3904099.562916539,8497.964510694146,101.18601564317942,16.827211412927788,59.42755311386492,58.83761921702331,False,False,14.967896742746234,19.818496075458825,20.481059948603313,59.91765623912215,63.07619977742432,499
453,True,10000,500,3904099.563329644,8497.698944061995,100.81178974360228,16.827429166970727,59.42678409621973,58.83945798637512,False,False,14.968194183893502,19.851363419244688,20.45802989353736,59.93991577997804,62.980560492724166,499
454,True,10000,500,3904099.56371224,8497.447406873107,100.46795383095741,16.827614134353006,59.426130883197146,58.84119972258706,False,False,14.96952900197357,19.86429071985185,20.481109929581482,59.94789581745863,63.05104782804845,499
455,True,10000,500,3904099.564097496,8496.826802846044,100.01784795895219,16.827272454683552,59.42733753750264,58.84549745471134,False,False,14.968611765652895,19.831419922411442,20.43747700129946,59.9265662021935,63.0201264284551,499
456,True,10000,500,3904099.564472932,8496.264609042555,99.49635388329625,16.827190892102724,59.427625585998214,58.84939123339581,False,False,14.948454452678561,19.831230398267508,20.50649592032035,59.879106003791094,63.11241704970597,499
457,True,10000,500,3904099.564843038,8496.229789685458,99.31087587028742,16.827492813256853,59.42655932749476,58.849632410720226,False,False,14.964666799642146,19.859908265061677,20.465883426368237,59.938866179436445,63.034894131124005,499
458,True,10000,500,3904099.56554714,8495.656305924058,98.64394413307309,16.82768008374947,59.42589798612242,58.853604947665765,False,False,14.97429155278951,19.867100520059466,20.4885130127271,59.94904600083828,63.05832415819167,499
459,True,10000,500,3904099.565912676,8494.87688485533,98.07109972462058,16.827266102466353,59.42735997105502,58.85900487756335,False,False,14.965374255552888,19.84071700523297,20.458263345062733,59.89878578111529,63.05179009214042,499
460,True,10000,500,3904099.566273282,8494.695457164198,97.85565221682191,16.82733427845166,59.427119200963155,58.860261974231626,False,False,14.96814179699868,19.8416233373185,20.44543034086625,59.94092579931021,62.96908883377908,499
461,True,10000,500,3904099.566639048,8494.19761216268,97.44804678484797,16.827153437630926,59.4277578621039,58.86371177473662,False,False,14.968851581215858,19.828853430226445,20.416307107855875,59.92190586403012,62.99625867977737,499
462,True,10000,500,3904099.567007824,8494.28056133911,97.2072291187942,16.827802268978587,59.42546649977353,58.86313695308126,False,False,14.969451818615198,19.869613305975992,20.509979377190273,59.94940595701337,63.08281728997825,499
463,True,10000,500,3904099.56736933,8492.86538688466,96.52894688770175,16.82632553105603,59.43068188918127,58.87294537508374,False,False,14.948631753213704,19.818676286377013,20.395414127657812,59.8705867305398,62.98489039763807,499
464,True,10000,500,3904099.567791285,8493.454121053219,96.41229780390859,16.827739124748117,59.42568948726606,58.8688645248134,False,False,14.995286474004388,19.906009702632826,20.356008006880682,60.04911521449685,62.912385817617164,499
465,True,10000,500,3904099.568841784,8493.3275221847,95.54949728772044,16.82921447875146,59.420479860340386,58.86974200559115,False,False,14.995191479101777,19.902122983088095,20.693777749935787,60.04641484469175,63.30540347844361,499
466,True,10000,500,3904099.56922733,8492.654219269753,95.09976208209991,16.828766447269846,59.42206180906572,58.87440923539601,False,False,14.982721535488963,19.900736398994923,20.644461270421743,60.040305368602276,63.27900756150483,499
467,True,10000,500,3904099.569593926,8492.16207396239,94.66804703697562,16.82864534453991,59.42248942363338,58.87782117736986,False,False,14.9964737938717,19.898766030867893,20.623551526417334,60.050774831324816,63.25123924762009,499
468,True,10000,500,3904099.569953562,8492.084584664553,94.41162971779704,16.829003917728972,59.4212233171164,58.878358430735126,False,False,14.988796436227858,19.903066257635754,20.668011003484327,60.04062481224537,63.28631499782203,499
469,True,10000,500,3904099.570312918,8491.636389866471,94.02748383581638,16.828875563187683,59.42167652528429,58.88146607368599,False,False,14.988488983362913,19.906736134241026,20.65282470236222,60.03998406231403,63.28513771295546,499
470,True,10000,500,3904099.570669514,8491.1422659643,93.60465873032808,16.8287326798276,59.42218104151646,58.884892554937935,False,False,14.996368787251413,19.899603134642046,20.635145095487434,60.049304738640785,63.262925576418624,499
471,True,10000,500,3904099.57104842,8491.032177116722,93.32970203831792,16.829063076309424,59.421014435896794,58.88565601570759,False,False,14.988681417889893,19.903406345595915,20.67585087691744,60.040295124053955,63.28738313168286,499
472,True,10000,500,3904099.571501175,8490.491272881627,92.8521272726357,16.828936163545073,59.42146255009304,58.88940744771565,False,False,14.988691313192248,19.902342930436134,20.658981365462143,60.040374752134085,63.284077588468776,499
473,True,10000,500,3904099.626341397,8492.809967137873,79.28027398884296,16.86078094819445,59.30923384109832,58.87332954990195,False,False,14.982383931055665,19.901282619684935,20.65155142918229,60.03398494794965,61.391632538288825,499
474,True,10000,500,3904099.627784411,8491.836057975888,77.99494918435812,16.861405027638334,59.307038669722495,58.88008159676835,False,False,14.987933682277799,19.898649770766497,20.710570582499106,60.04510493949056,61.54658226296305,499
475,True,10000,500,3904099.628375114,8491.123185958713,77.37771607935429,16.8612133664917,59.30771281189648,58.885024872424594,False,False,14.988311449997127,19.900719324747723,20.70154094447692,60.0419151596725,61.53070479631423,499
476,True,10000,500,3904099.628845939,8491.022997070104,76.97371998801827,16.861822198561295,59.30557138037686,58.88571967977581,False,False,14.987766509875655,19.8975697470208,20.71109103659789,60.04572473466396,61.54705118387937,499
477,True,10000,500,3904099.629285664,8490.252556279302,76.47533621639013,16.86127699411405,59.30748900863683,58.89106321462784,False,False,14.988199109211564,19.89937263230483,20.70257735128204,60.04104483872652,61.53223039582371,499
478,True,10000,500,3904099.62970397,8489.160446915776,75.88445162400603,16.86027253565485,59.31102227946045,58.898639403341306,False,False,14.981121523305774,19.900053118666012,20.64307453110814,60.03957521170378,61.37921372428536,499
479,True,10000,500,3904099.630114595,8489.21918682754,75.60023525729775,16.860959822786057,59.308604641153984,58.898231862811905,False,False,14.988561510108411,19.90318965787689,20.691927677641313,60.04007486626506,61.48311747238039,499
480,True,10000,500,3904099.630508691,8489.072008058429,75.26112906634808,16.86134444687792,59.307251752701255,58.89925300732101,False,False,14.981203945353627,19.886272959411144,20.619841602941353,59.9756957963109,61.41895372420549,499
481,True,10000,500,3904099.630894587,8488.523254171014,74.8405628837645,16.861087557689878,59.308155335681626,58.90306064182772,False,False,14.981206506490707,19.88477958366275,20.869302252928417,59.9767561070621,61.86734698712825,499
482,True,10000,500,3904099.631676398,8488.240857608616,74.15157090872526,16.861902378156095,59.305289377992075,58.90502029661591,False,False,14.980831532739103,19.886692985892296,20.86930861696601,59.97403617948294,61.867658328264945,499
483,True,10000,500,3904099.632056914,8487.146410159767,73.57610715553164,16.860862330669807,59.30894757268767,58.912616306637716,False,False,14.981414075009525,19.883296297242243,20.86706894139449,59.97767485678196,61.80607564747332,499
484,True,10000,500,3904099.63242397,8486.95302195847,73.30005010589957,16.86102799970455,59.30836482909124,58.91395872067862,False,False,14.981238986365497,19.884656338642042,20.86908540998896,59.97749604284763,61.866640578955405,499
485,True,10000,500,3904099.632792376,8486.86887184158,73.01824307069182,16.86142410575328,59.3069715658709,58.9145428720998,False,False,14.981226529926062,19.885183001557987,20.867745702465374,59.97312581166625,61.86472494155168,499
486,True,10000,500,3904099.633157892,8486.0915010795,72.53825897350907,16.860828140492966,59.30906783863124,58.91993975511529,False,False,14.980936422944069,19.885513000190258,20.868302322924137,59.973616153001785,61.86585891991853,499
487,True,10000,500,3904099.633516978,8485.941043123603,72.22804194316268,16.8611482989588,59.30794168163217,58.92098442106949,False,False,14.981259009800851,19.885366316884756,20.869888986150425,59.97628625482321,61.868655122816556,499
488,True,10000,500,3904099.633933244,8485.359468962997,71.77168596535921,16.86089736071671,59.30882435295798,58.925022779395036,False,False,14.981551561504602,19.88369630028804,20.867775660008192,59.977475088089705,61.86369908973574,499
489,True,10000,500,3904099.634714925,8486.56445601955,71.28459168598056,16.864288305277697,59.296898979546555,58.91665615587804,False,False,14.980826526880264,19.886169582605362,20.86878241971135,59.97391603887081,61.86647517606615,499
490,True,10000,500,3904099.635121411,8485.629115719348,70.7809366285801,16.863423204590717,59.29994093534762,58.92315032644621,False,False,14.981248998083174,19.884109652290743,20.86839887003104,59.97790535911918,61.865144781768315,499
491,True,10000,500,3904099.635499667,8485.863033216447,70.52914006635547,16.8643965794591,59.29651827673478,58.92152607729305,False,False,14.981008949689567,19.887016310046118,20.86964901536703,59.97299496084452,61.86782699078321,499
492,True,10000,500,3904099.635875782,8484.713396057487,69.99715697020292,16.863158795766097,59.3008707390619,58.92950965583945,False,False,14.981343992985785,19.883503050853808,20.857782724003,59.97893586754799,61.78589649498461,499
493,True,10000,500,3904099.636249418,8484.652247279882,69.7111701592803,16.863609372987177,59.29928628457447,58.92993436004361,False,False,14.98116145376116,19.887012895196676,20.864489022642374,59.97537495568395,61.85907898470759,499
494,True,10000,500,3904099.636627404,8484.316471032798,69.34316409751773,16.86367396179415,59.299059165017724,58.93226657764392,False,False,14.98116657603532,19.88685627778371,20.866482363392908,59.975134674459696,61.86267500743269,499
495,True,10000,500,3904099.63700531,8484.155371785164,68.97403718903661,16.86409085089404,59.29759326142302,58.93338559814638,False,False,14.981176471337676,19.885676292081673,20.867372397333384,59.97295491397381,61.86434915289282,499
496,True,10000,500,3904099.637445575,8483.785765711218,68.54403205215931,16.864211891100318,59.297167662351654,58.93595310018813,False,False,14.977739076130092,19.88401294996341,20.60375486811002,59.970765840262175,61.38295009732246,499
497,True,10000,500,3904099.637814021,8483.508498873562,68.20435589179397,16.864336959883303,59.296727904499825,58.9378793062316,False,False,14.977791579440236,19.88436623166005,20.850115766127903,59.97045570984483,61.82650756090879,499
498,True,10000,500,3904099.638196157,8482.666308060288,67.72354105487466,16.863612759529886,59.299274376119946,58.94373087915724,False,False,14.979384024627507,19.875286302218836,20.857169448087614,59.96742472052574,61.838847864419215,499
499,True,10000,500,3904099.638555983,8482.088095042855,67.32738576829433,16.863247914377876,59.300557346807665,58.947748997350374,False,False,14.9798640049994,19.874149623016518,20.856292297442753,59.971245005726814,61.82403322309254,499
500,True,10000,500,3904099.638915289,8481.77030775696,66.97675865143538,16.863313725662376,59.30032591863678,58.94995759820653,False,False,14.981226529926062,19.874059750388067,20.85658224920432,59.96544612571597,61.823955364525304,499
501,True,10000,500,3904099.639278405,8481.540621258318,66.63313321769238,16.863542060201656,59.29952298455867,58.95155400739213,False,False,14.97963652946055,19.874760104964178,20.85705893114209,59.97103592380881,61.83849284425377,499
502,True,10000,500,3904099.683157957,8488.377594854683,68.79870872944593,16.872903579409293,59.26662208988983,58.90407140972147,False,False,14.981066575273871,19.877663037429254,20.857229363173246,59.96009521186352,61.8255360983312,499
503,True,10000,500,3904099.684202135,8487.493125721812,67.80786998569965,16.873116744962147,59.26587334841815,58.91020971607301,False,False,14.979418949224055,19.87553636233012,20.85595903918147,59.96153596788645,61.83711299672722,499
504,True,10000,500,3904099.684759949,8486.858153250068,67.2333869151771,16.87299552371722,59.266299134280466,58.914617279013136,False,False,14.981056796386838,19.874723472942907,20.857289123038452,59.96095575392246,61.838735267519944,499
505,True,10000,500,3904099.685227144,8486.350078135729,66.73678196966648,16.872972537406937,59.2663798736723,58.91814447864958,False,False,14.981054002419114,19.876976342250902,20.857308991253376,59.961026068776846,61.82553935796021,499
506,True,10000,500,3904099.685656909,8485.831394325942,66.29211688414216,16.872824203290183,59.26690090239908,58.921745762510135,False,False,14.9796640034765,19.87411640584469,20.856615776817005,59.959265403449535,61.824531666934476,499
507,True,10000,500,3904099.686219983,8485.434868372977,65.78336236998439,16.873049110226436,59.26611091257471,58.9244991866718,False,False,14.979351428337395,19.875196429590385,20.85708888868491,59.96016599237919,61.83886267244815,499
508,True,10000,500,3904099.686626159,8485.145100858063,65.39842579513788,16.87323982978542,59.265441023054386,58.92651145699764,False,False,14.977948972955346,19.8848363943398,20.850396094222862,59.9608663469553,61.82749588042497,499
509,True,10000,500,3904099.687010124,8484.271571040154,64.91438206285238,16.8724592965477,59.26818268897004,58.93257845572488,False,False,14.980133972130716,19.874149933457375,20.856342433641355,59.96000627055764,61.82449953630565,499
510,True,10000,500,3904099.68738701,8484.345559962094,64.63028490543365,16.873176903921163,59.2656620442123,58.932064525933086,False,False,14.978348976001143,19.88372641305129,20.85604565218091,59.96136600151658,61.83686880394816,499
511,True,10000,500,3904099.688064703,8483.749136328697,63.967111986130476,16.873310670025184,59.265192205372195,58.93620756169278,False,False,14.978089020587504,19.884802866727114,20.85078600794077,59.961026068776846,61.82827353477477,499
