#0 building with "default" instance using docker driver

#1 [internal] load build definition from Dockerfile.sglang
#1 transferring dockerfile: 15.08kB done
#1 DONE 0.0s

#2 [internal] load metadata for docker.io/lmsysorg/sglang-rocm:v0.5.19-rocm720-mi35x-20260916
#2 ...

#3 [auth] lmsysorg/sglang-rocm:pull token for registry-1.docker.io
#3 DONE 0.0s

#2 [internal] load metadata for docker.io/lmsysorg/sglang-rocm:v0.5.19-rocm720-mi35x-20260916
#2 DONE 2.6s

#4 [internal] load .dockerignore
#4 transferring context: 854B done
#4 DONE 0.0s

#5 [ 1/21] FROM docker.io/lmsysorg/sglang-rocm:v0.5.19-rocm720-mi35x-20260916@sha256:eef7b70e015c94435d68dd92612229d52324b9e8d5edaac741802e7e78e66eb6
#5 resolve docker.io/lmsysorg/sglang-rocm:v0.5.19-rocm720-mi35x-20260916@sha256:eef7b70e015c94435d68dd92612229d52324b9e8d5edaac741802e7e78e66eb6 done
#5 sha256:4f4fb700ef54461cfa02571ae0db9a0dc1e0cdb5577484a6d75e68dc38e8acc1 0B / 32B 0.1s
#5 sha256:eef7b70e015c94435d68dd92612229d52324b9e8d5edaac741802e7e78e66eb6 10.40kB / 10.40kB done
#5 sha256:6394011a7e71ffab875ad1503ec6cb4dd15ff44139e7603957024ef8c7bba89d 0B / 1.19kB 0.2s
#5 sha256:1b9179e462147eb139e421402acceca2d860b842ecf836f9e1c2d46bc4c966d0 114.68kB / 114.68kB done
#5 sha256:8619e6afd35f1775cab0d0b663ddd0246ed8b3af80daabd4bf2a9724a3b39d44 0B / 1.33kB 0.2s
#5 ...

#6 [internal] load build context
#6 transferring context: 4.94MB 0.3s done
#6 DONE 0.3s

#5 [ 1/21] FROM docker.io/lmsysorg/sglang-rocm:v0.5.19-rocm720-mi35x-20260916@sha256:eef7b70e015c94435d68dd92612229d52324b9e8d5edaac741802e7e78e66eb6
#5 sha256:4f4fb700ef54461cfa02571ae0db9a0dc1e0cdb5577484a6d75e68dc38e8acc1 32B / 32B 0.5s done
#5 sha256:6394011a7e71ffab875ad1503ec6cb4dd15ff44139e7603957024ef8c7bba89d 1.19kB / 1.19kB 0.4s done
#5 sha256:1e643c628033d25d8d70b727153e1e5a52faf3cb7269883f2dec4f18d834ae85 0B / 2.16MB 0.6s
#5 sha256:2e4e6b50ad785ccd1197bcca8779f0a216cce05ee9149c5b57516a14a9825910 0B / 5.82MB 0.6s
#5 extracting sha256:8619e6afd35f1775cab0d0b663ddd0246ed8b3af80daabd4bf2a9724a3b39d44
#5 sha256:8619e6afd35f1775cab0d0b663ddd0246ed8b3af80daabd4bf2a9724a3b39d44 1.33kB / 1.33kB 0.7s done
#5 extracting sha256:8619e6afd35f1775cab0d0b663ddd0246ed8b3af80daabd4bf2a9724a3b39d44 done
#5 extracting sha256:6394011a7e71ffab875ad1503ec6cb4dd15ff44139e7603957024ef8c7bba89d done
#5 extracting sha256:4f4fb700ef54461cfa02571ae0db9a0dc1e0cdb5577484a6d75e68dc38e8acc1 done
#5 sha256:bcd22a6218e599e20ef56500ceaee8d72d6951ea2f194736e862e3217d532e59 0B / 103B 0.9s
#5 sha256:2e4e6b50ad785ccd1197bcca8779f0a216cce05ee9149c5b57516a14a9825910 1.05MB / 5.82MB 1.3s
#5 sha256:2e4e6b50ad785ccd1197bcca8779f0a216cce05ee9149c5b57516a14a9825910 2.10MB / 5.82MB 1.4s
#5 sha256:bcd22a6218e599e20ef56500ceaee8d72d6951ea2f194736e862e3217d532e59 103B / 103B 1.4s done
#5 sha256:2e4e6b50ad785ccd1197bcca8779f0a216cce05ee9149c5b57516a14a9825910 3.15MB / 5.82MB 1.6s
#5 sha256:f3494dfe5ce7d71c73713db7585e8c3ff621d960ffe5bc6862df896a2c4dffd3 0B / 693.18MB 1.5s
#5 sha256:2e4e6b50ad785ccd1197bcca8779f0a216cce05ee9149c5b57516a14a9825910 4.19MB / 5.82MB 1.7s
#5 sha256:1e643c628033d25d8d70b727153e1e5a52faf3cb7269883f2dec4f18d834ae85 1.05MB / 2.16MB 2.0s
#5 sha256:2e4e6b50ad785ccd1197bcca8779f0a216cce05ee9149c5b57516a14a9825910 5.82MB / 5.82MB 1.9s done
#5 extracting sha256:2e4e6b50ad785ccd1197bcca8779f0a216cce05ee9149c5b57516a14a9825910 0.1s
#5 sha256:7c9af543301d5896b52fab2647f94f18ede5e5682be71846763b570df2efd1a5 0B / 875.20MB 2.0s
#5 extracting sha256:2e4e6b50ad785ccd1197bcca8779f0a216cce05ee9149c5b57516a14a9825910 0.1s done
#5 extracting sha256:1e643c628033d25d8d70b727153e1e5a52faf3cb7269883f2dec4f18d834ae85
#5 sha256:1e643c628033d25d8d70b727153e1e5a52faf3cb7269883f2dec4f18d834ae85 2.16MB / 2.16MB 2.4s done
#5 extracting sha256:1e643c628033d25d8d70b727153e1e5a52faf3cb7269883f2dec4f18d834ae85 0.0s done
#5 extracting sha256:bcd22a6218e599e20ef56500ceaee8d72d6951ea2f194736e862e3217d532e59 done
#5 sha256:ccca6937f7bba233af53c8e700b4d37a60672f1e1304ed55190bba38baec243b 0B / 1.87kB 2.6s
#5 sha256:ccca6937f7bba233af53c8e700b4d37a60672f1e1304ed55190bba38baec243b 1.87kB / 1.87kB 2.8s done
#5 sha256:19ce6591ed6f1be153d7bd09847b8ccc976f7e80a461db2c604205455619c653 0B / 1.87GB 2.9s
#5 sha256:f3494dfe5ce7d71c73713db7585e8c3ff621d960ffe5bc6862df896a2c4dffd3 15.73MB / 693.18MB 6.6s
#5 sha256:7c9af543301d5896b52fab2647f94f18ede5e5682be71846763b570df2efd1a5 26.21MB / 875.20MB 7.1s
#5 sha256:19ce6591ed6f1be153d7bd09847b8ccc976f7e80a461db2c604205455619c653 19.92MB / 1.87GB 7.9s
#5 sha256:f3494dfe5ce7d71c73713db7585e8c3ff621d960ffe5bc6862df896a2c4dffd3 39.85MB / 693.18MB 11.6s
#5 sha256:7c9af543301d5896b52fab2647f94f18ede5e5682be71846763b570df2efd1a5 47.19MB / 875.20MB 12.1s
#5 sha256:19ce6591ed6f1be153d7bd09847b8ccc976f7e80a461db2c604205455619c653 42.99MB / 1.87GB 13.0s
#5 sha256:f3494dfe5ce7d71c73713db7585e8c3ff621d960ffe5bc6862df896a2c4dffd3 65.01MB / 693.18MB 16.7s
#5 sha256:7c9af543301d5896b52fab2647f94f18ede5e5682be71846763b570df2efd1a5 78.64MB / 875.20MB 17.1s
#5 sha256:19ce6591ed6f1be153d7bd09847b8ccc976f7e80a461db2c604205455619c653 66.06MB / 1.87GB 18.1s
#5 sha256:f3494dfe5ce7d71c73713db7585e8c3ff621d960ffe5bc6862df896a2c4dffd3 88.08MB / 693.18MB 21.7s
#5 sha256:7c9af543301d5896b52fab2647f94f18ede5e5682be71846763b570df2efd1a5 101.71MB / 875.20MB 22.1s
#5 sha256:19ce6591ed6f1be153d7bd09847b8ccc976f7e80a461db2c604205455619c653 90.18MB / 1.87GB 23.2s
#5 sha256:f3494dfe5ce7d71c73713db7585e8c3ff621d960ffe5bc6862df896a2c4dffd3 105.91MB / 693.18MB 26.8s
#5 sha256:7c9af543301d5896b52fab2647f94f18ede5e5682be71846763b570df2efd1a5 125.83MB / 875.20MB 27.2s
#5 sha256:19ce6591ed6f1be153d7bd09847b8ccc976f7e80a461db2c604205455619c653 115.34MB / 1.87GB 28.3s
#5 sha256:f3494dfe5ce7d71c73713db7585e8c3ff621d960ffe5bc6862df896a2c4dffd3 132.12MB / 693.18MB 31.9s
#5 sha256:7c9af543301d5896b52fab2647f94f18ede5e5682be71846763b570df2efd1a5 147.85MB / 875.20MB 32.2s
#5 sha256:19ce6591ed6f1be153d7bd09847b8ccc976f7e80a461db2c604205455619c653 139.46MB / 1.87GB 33.4s
#5 sha256:f3494dfe5ce7d71c73713db7585e8c3ff621d960ffe5bc6862df896a2c4dffd3 162.53MB / 693.18MB 37.0s
#5 sha256:7c9af543301d5896b52fab2647f94f18ede5e5682be71846763b570df2efd1a5 181.40MB / 875.20MB 37.3s
#5 sha256:19ce6591ed6f1be153d7bd09847b8ccc976f7e80a461db2c604205455619c653 161.48MB / 1.87GB 38.5s
#5 sha256:f3494dfe5ce7d71c73713db7585e8c3ff621d960ffe5bc6862df896a2c4dffd3 192.94MB / 693.18MB 42.2s
#5 sha256:7c9af543301d5896b52fab2647f94f18ede5e5682be71846763b570df2efd1a5 209.72MB / 875.20MB 42.3s
#5 sha256:19ce6591ed6f1be153d7bd09847b8ccc976f7e80a461db2c604205455619c653 182.45MB / 1.87GB 43.5s
#5 sha256:f3494dfe5ce7d71c73713db7585e8c3ff621d960ffe5bc6862df896a2c4dffd3 218.10MB / 693.18MB 47.3s
#5 sha256:7c9af543301d5896b52fab2647f94f18ede5e5682be71846763b570df2efd1a5 235.93MB / 875.20MB 47.3s
#5 sha256:19ce6591ed6f1be153d7bd09847b8ccc976f7e80a461db2c604205455619c653 205.52MB / 1.87GB 48.6s
#5 sha256:f3494dfe5ce7d71c73713db7585e8c3ff621d960ffe5bc6862df896a2c4dffd3 243.27MB / 693.18MB 52.5s
#5 sha256:7c9af543301d5896b52fab2647f94f18ede5e5682be71846763b570df2efd1a5 260.05MB / 875.20MB 52.5s
#5 sha256:19ce6591ed6f1be153d7bd09847b8ccc976f7e80a461db2c604205455619c653 232.78MB / 1.87GB 53.7s
#5 sha256:f3494dfe5ce7d71c73713db7585e8c3ff621d960ffe5bc6862df896a2c4dffd3 265.29MB / 693.18MB 57.5s
#5 sha256:7c9af543301d5896b52fab2647f94f18ede5e5682be71846763b570df2efd1a5 283.12MB / 875.20MB 57.5s
#5 sha256:19ce6591ed6f1be153d7bd09847b8ccc976f7e80a461db2c604205455619c653 255.85MB / 1.87GB 58.8s
#5 sha256:f3494dfe5ce7d71c73713db7585e8c3ff621d960ffe5bc6862df896a2c4dffd3 290.46MB / 693.18MB 62.5s
#5 sha256:7c9af543301d5896b52fab2647f94f18ede5e5682be71846763b570df2efd1a5 301.99MB / 875.20MB 62.5s
#5 sha256:19ce6591ed6f1be153d7bd09847b8ccc976f7e80a461db2c604205455619c653 281.02MB / 1.87GB 63.9s
#5 sha256:f3494dfe5ce7d71c73713db7585e8c3ff621d960ffe5bc6862df896a2c4dffd3 310.38MB / 693.18MB 67.5s
#5 sha256:7c9af543301d5896b52fab2647f94f18ede5e5682be71846763b570df2efd1a5 322.96MB / 875.20MB 67.5s
#5 sha256:19ce6591ed6f1be153d7bd09847b8ccc976f7e80a461db2c604205455619c653 304.09MB / 1.87GB 69.1s
#5 sha256:f3494dfe5ce7d71c73713db7585e8c3ff621d960ffe5bc6862df896a2c4dffd3 330.30MB / 693.18MB 72.7s
#5 sha256:7c9af543301d5896b52fab2647f94f18ede5e5682be71846763b570df2efd1a5 349.18MB / 875.20MB 72.7s
#5 sha256:19ce6591ed6f1be153d7bd09847b8ccc976f7e80a461db2c604205455619c653 325.06MB / 1.87GB 74.1s
#5 sha256:f3494dfe5ce7d71c73713db7585e8c3ff621d960ffe5bc6862df896a2c4dffd3 358.61MB / 693.18MB 77.9s
#5 sha256:7c9af543301d5896b52fab2647f94f18ede5e5682be71846763b570df2efd1a5 377.49MB / 875.20MB 77.9s
#5 sha256:19ce6591ed6f1be153d7bd09847b8ccc976f7e80a461db2c604205455619c653 349.18MB / 1.87GB 79.2s
#5 sha256:f3494dfe5ce7d71c73713db7585e8c3ff621d960ffe5bc6862df896a2c4dffd3 379.58MB / 693.18MB 82.9s
#5 sha256:7c9af543301d5896b52fab2647f94f18ede5e5682be71846763b570df2efd1a5 402.65MB / 875.20MB 82.9s
#5 sha256:19ce6591ed6f1be153d7bd09847b8ccc976f7e80a461db2c604205455619c653 370.15MB / 1.87GB 84.2s
#5 sha256:f3494dfe5ce7d71c73713db7585e8c3ff621d960ffe5bc6862df896a2c4dffd3 402.65MB / 693.18MB 87.9s
#5 sha256:7c9af543301d5896b52fab2647f94f18ede5e5682be71846763b570df2efd1a5 427.82MB / 875.20MB 87.9s
#5 sha256:19ce6591ed6f1be153d7bd09847b8ccc976f7e80a461db2c604205455619c653 397.41MB / 1.87GB 89.3s
#5 sha256:f3494dfe5ce7d71c73713db7585e8c3ff621d960ffe5bc6862df896a2c4dffd3 425.72MB / 693.18MB 93.1s
#5 sha256:7c9af543301d5896b52fab2647f94f18ede5e5682be71846763b570df2efd1a5 454.03MB / 875.20MB 93.1s
#5 sha256:19ce6591ed6f1be153d7bd09847b8ccc976f7e80a461db2c604205455619c653 417.33MB / 1.87GB 94.4s
#5 sha256:f3494dfe5ce7d71c73713db7585e8c3ff621d960ffe5bc6862df896a2c4dffd3 447.74MB / 693.18MB 98.1s
#5 sha256:7c9af543301d5896b52fab2647f94f18ede5e5682be71846763b570df2efd1a5 476.05MB / 875.20MB 98.1s
#5 sha256:19ce6591ed6f1be153d7bd09847b8ccc976f7e80a461db2c604205455619c653 438.30MB / 1.87GB 99.5s
#5 sha256:f3494dfe5ce7d71c73713db7585e8c3ff621d960ffe5bc6862df896a2c4dffd3 468.71MB / 693.18MB 103.2s
#5 sha256:7c9af543301d5896b52fab2647f94f18ede5e5682be71846763b570df2efd1a5 498.07MB / 875.20MB 103.2s
#5 sha256:19ce6591ed6f1be153d7bd09847b8ccc976f7e80a461db2c604205455619c653 458.23MB / 1.87GB 104.6s
#5 sha256:f3494dfe5ce7d71c73713db7585e8c3ff621d960ffe5bc6862df896a2c4dffd3 491.78MB / 693.18MB 108.2s
#5 sha256:7c9af543301d5896b52fab2647f94f18ede5e5682be71846763b570df2efd1a5 518.00MB / 875.20MB 108.2s
#5 sha256:19ce6591ed6f1be153d7bd09847b8ccc976f7e80a461db2c604205455619c653 481.30MB / 1.87GB 109.7s
#5 sha256:f3494dfe5ce7d71c73713db7585e8c3ff621d960ffe5bc6862df896a2c4dffd3 515.90MB / 693.18MB 113.3s
#5 sha256:7c9af543301d5896b52fab2647f94f18ede5e5682be71846763b570df2efd1a5 543.16MB / 875.20MB 113.3s
#5 sha256:19ce6591ed6f1be153d7bd09847b8ccc976f7e80a461db2c604205455619c653 503.32MB / 1.87GB 114.8s
#5 sha256:f3494dfe5ce7d71c73713db7585e8c3ff621d960ffe5bc6862df896a2c4dffd3 542.11MB / 693.18MB 118.4s
#5 sha256:7c9af543301d5896b52fab2647f94f18ede5e5682be71846763b570df2efd1a5 568.33MB / 875.20MB 118.4s
#5 sha256:19ce6591ed6f1be153d7bd09847b8ccc976f7e80a461db2c604205455619c653 526.39MB / 1.87GB 119.8s
#5 sha256:f3494dfe5ce7d71c73713db7585e8c3ff621d960ffe5bc6862df896a2c4dffd3 565.18MB / 693.18MB 123.4s
#5 sha256:7c9af543301d5896b52fab2647f94f18ede5e5682be71846763b570df2efd1a5 594.54MB / 875.20MB 123.4s
#5 sha256:19ce6591ed6f1be153d7bd09847b8ccc976f7e80a461db2c604205455619c653 548.41MB / 1.87GB 124.9s
#5 sha256:f3494dfe5ce7d71c73713db7585e8c3ff621d960ffe5bc6862df896a2c4dffd3 588.25MB / 693.18MB 128.4s
#5 sha256:7c9af543301d5896b52fab2647f94f18ede5e5682be71846763b570df2efd1a5 619.71MB / 875.20MB 128.5s
#5 sha256:19ce6591ed6f1be153d7bd09847b8ccc976f7e80a461db2c604205455619c653 572.52MB / 1.87GB 130.0s
#5 sha256:f3494dfe5ce7d71c73713db7585e8c3ff621d960ffe5bc6862df896a2c4dffd3 612.37MB / 693.18MB 133.5s
#5 sha256:7c9af543301d5896b52fab2647f94f18ede5e5682be71846763b570df2efd1a5 645.92MB / 875.20MB 133.5s
#5 sha256:19ce6591ed6f1be153d7bd09847b8ccc976f7e80a461db2c604205455619c653 595.59MB / 1.87GB 135.0s
#5 sha256:f3494dfe5ce7d71c73713db7585e8c3ff621d960ffe5bc6862df896a2c4dffd3 633.34MB / 693.18MB 138.5s
#5 sha256:7c9af543301d5896b52fab2647f94f18ede5e5682be71846763b570df2efd1a5 666.89MB / 875.20MB 138.5s
#5 sha256:19ce6591ed6f1be153d7bd09847b8ccc976f7e80a461db2c604205455619c653 615.51MB / 1.87GB 140.1s
#5 sha256:f3494dfe5ce7d71c73713db7585e8c3ff621d960ffe5bc6862df896a2c4dffd3 653.26MB / 693.18MB 143.7s
#5 sha256:7c9af543301d5896b52fab2647f94f18ede5e5682be71846763b570df2efd1a5 685.77MB / 875.20MB 143.7s
#5 sha256:19ce6591ed6f1be153d7bd09847b8ccc976f7e80a461db2c604205455619c653 637.53MB / 1.87GB 145.2s
#5 sha256:f3494dfe5ce7d71c73713db7585e8c3ff621d960ffe5bc6862df896a2c4dffd3 670.04MB / 693.18MB 148.7s
#5 sha256:7c9af543301d5896b52fab2647f94f18ede5e5682be71846763b570df2efd1a5 704.64MB / 875.20MB 148.7s
#5 sha256:19ce6591ed6f1be153d7bd09847b8ccc976f7e80a461db2c604205455619c653 661.65MB / 1.87GB 150.3s
#5 extracting sha256:f3494dfe5ce7d71c73713db7585e8c3ff621d960ffe5bc6862df896a2c4dffd3
#5 sha256:7cc1cde3ebf3e656875c47f4fd939863367293da17394c720a770a17c8c87b5b 0B / 14.31MB 153.7s
#5 sha256:f3494dfe5ce7d71c73713db7585e8c3ff621d960ffe5bc6862df896a2c4dffd3 693.18MB / 693.18MB 153.6s done
#5 sha256:7c9af543301d5896b52fab2647f94f18ede5e5682be71846763b570df2efd1a5 728.76MB / 875.20MB 153.8s
#5 sha256:7cc1cde3ebf3e656875c47f4fd939863367293da17394c720a770a17c8c87b5b 1.05MB / 14.31MB 154.8s
#5 sha256:7cc1cde3ebf3e656875c47f4fd939863367293da17394c720a770a17c8c87b5b 2.10MB / 14.31MB 155.2s
#5 sha256:19ce6591ed6f1be153d7bd09847b8ccc976f7e80a461db2c604205455619c653 679.48MB / 1.87GB 155.5s
#5 sha256:7cc1cde3ebf3e656875c47f4fd939863367293da17394c720a770a17c8c87b5b 3.15MB / 14.31MB 155.4s
#5 sha256:7cc1cde3ebf3e656875c47f4fd939863367293da17394c720a770a17c8c87b5b 4.19MB / 14.31MB 155.6s
#5 sha256:7cc1cde3ebf3e656875c47f4fd939863367293da17394c720a770a17c8c87b5b 5.24MB / 14.31MB 156.0s
#5 sha256:7cc1cde3ebf3e656875c47f4fd939863367293da17394c720a770a17c8c87b5b 6.29MB / 14.31MB 156.1s
#5 sha256:7cc1cde3ebf3e656875c47f4fd939863367293da17394c720a770a17c8c87b5b 7.34MB / 14.31MB 156.3s
#5 sha256:7cc1cde3ebf3e656875c47f4fd939863367293da17394c720a770a17c8c87b5b 8.39MB / 14.31MB 156.6s
#5 extracting sha256:f3494dfe5ce7d71c73713db7585e8c3ff621d960ffe5bc6862df896a2c4dffd3 3.0s done
#5 sha256:7cc1cde3ebf3e656875c47f4fd939863367293da17394c720a770a17c8c87b5b 9.44MB / 14.31MB 156.9s
#5 sha256:7cc1cde3ebf3e656875c47f4fd939863367293da17394c720a770a17c8c87b5b 10.49MB / 14.31MB 157.1s
#5 sha256:7cc1cde3ebf3e656875c47f4fd939863367293da17394c720a770a17c8c87b5b 11.53MB / 14.31MB 157.3s
#5 sha256:7cc1cde3ebf3e656875c47f4fd939863367293da17394c720a770a17c8c87b5b 12.58MB / 14.31MB 157.4s
#5 sha256:7cc1cde3ebf3e656875c47f4fd939863367293da17394c720a770a17c8c87b5b 13.63MB / 14.31MB 157.6s
#5 sha256:7cc1cde3ebf3e656875c47f4fd939863367293da17394c720a770a17c8c87b5b 14.31MB / 14.31MB 157.7s done
#5 sha256:049f582a96399f348926742c140222cca6370824c5e2b15db06bf3cc4afe5796 0B / 300.83MB 157.8s
#5 sha256:7c9af543301d5896b52fab2647f94f18ede5e5682be71846763b570df2efd1a5 745.54MB / 875.20MB 158.8s
#5 sha256:19ce6591ed6f1be153d7bd09847b8ccc976f7e80a461db2c604205455619c653 700.45MB / 1.87GB 160.5s
#5 sha256:049f582a96399f348926742c140222cca6370824c5e2b15db06bf3cc4afe5796 15.73MB / 300.83MB 162.2s
#5 sha256:7c9af543301d5896b52fab2647f94f18ede5e5682be71846763b570df2efd1a5 768.61MB / 875.20MB 163.8s
#5 sha256:19ce6591ed6f1be153d7bd09847b8ccc976f7e80a461db2c604205455619c653 717.23MB / 1.87GB 165.5s
#5 sha256:049f582a96399f348926742c140222cca6370824c5e2b15db06bf3cc4afe5796 31.46MB / 300.83MB 166.6s
#5 sha256:7c9af543301d5896b52fab2647f94f18ede5e5682be71846763b570df2efd1a5 785.38MB / 875.20MB 168.9s
#5 sha256:049f582a96399f348926742c140222cca6370824c5e2b15db06bf3cc4afe5796 47.19MB / 300.83MB 170.3s
#5 sha256:19ce6591ed6f1be153d7bd09847b8ccc976f7e80a461db2c604205455619c653 735.05MB / 1.87GB 170.6s
#5 sha256:049f582a96399f348926742c140222cca6370824c5e2b15db06bf3cc4afe5796 62.91MB / 300.83MB 173.6s
#5 sha256:7c9af543301d5896b52fab2647f94f18ede5e5682be71846763b570df2efd1a5 808.45MB / 875.20MB 173.9s
#5 sha256:19ce6591ed6f1be153d7bd09847b8ccc976f7e80a461db2c604205455619c653 759.17MB / 1.87GB 175.6s
#5 sha256:049f582a96399f348926742c140222cca6370824c5e2b15db06bf3cc4afe5796 78.64MB / 300.83MB 177.5s
#5 sha256:7c9af543301d5896b52fab2647f94f18ede5e5682be71846763b570df2efd1a5 832.57MB / 875.20MB 178.9s
#5 sha256:19ce6591ed6f1be153d7bd09847b8ccc976f7e80a461db2c604205455619c653 782.24MB / 1.87GB 180.8s
#5 sha256:049f582a96399f348926742c140222cca6370824c5e2b15db06bf3cc4afe5796 94.37MB / 300.83MB 180.8s
#5 sha256:7c9af543301d5896b52fab2647f94f18ede5e5682be71846763b570df2efd1a5 858.78MB / 875.20MB 184.2s
#5 sha256:049f582a96399f348926742c140222cca6370824c5e2b15db06bf3cc4afe5796 110.10MB / 300.83MB 184.3s
#5 sha256:19ce6591ed6f1be153d7bd09847b8ccc976f7e80a461db2c604205455619c653 805.31MB / 1.87GB 185.8s
#5 sha256:7c9af543301d5896b52fab2647f94f18ede5e5682be71846763b570df2efd1a5 875.20MB / 875.20MB 187.8s done
#5 extracting sha256:7c9af543301d5896b52fab2647f94f18ede5e5682be71846763b570df2efd1a5 0.1s
#5 sha256:736f4f7e3b2f4f8741ed8e3e2ae578e0efd3aca571ac9ea83160b8506bd4a785 0B / 412.71MB 187.9s
#5 sha256:049f582a96399f348926742c140222cca6370824c5e2b15db06bf3cc4afe5796 125.83MB / 300.83MB 188.4s
#5 sha256:19ce6591ed6f1be153d7bd09847b8ccc976f7e80a461db2c604205455619c653 827.33MB / 1.87GB 190.9s
#5 sha256:049f582a96399f348926742c140222cca6370824c5e2b15db06bf3cc4afe5796 141.56MB / 300.83MB 192.0s
#5 extracting sha256:7c9af543301d5896b52fab2647f94f18ede5e5682be71846763b570df2efd1a5 5.1s
#5 sha256:736f4f7e3b2f4f8741ed8e3e2ae578e0efd3aca571ac9ea83160b8506bd4a785 20.97MB / 412.71MB 192.9s
#5 sha256:049f582a96399f348926742c140222cca6370824c5e2b15db06bf3cc4afe5796 157.29MB / 300.83MB 194.9s
#5 sha256:19ce6591ed6f1be153d7bd09847b8ccc976f7e80a461db2c604205455619c653 851.44MB / 1.87GB 196.0s
#5 sha256:049f582a96399f348926742c140222cca6370824c5e2b15db06bf3cc4afe5796 173.02MB / 300.83MB 197.7s
#5 sha256:736f4f7e3b2f4f8741ed8e3e2ae578e0efd3aca571ac9ea83160b8506bd4a785 41.94MB / 412.71MB 197.7s
#5 extracting sha256:7c9af543301d5896b52fab2647f94f18ede5e5682be71846763b570df2efd1a5 10.1s
#5 extracting sha256:7c9af543301d5896b52fab2647f94f18ede5e5682be71846763b570df2efd1a5 11.7s done
#5 extracting sha256:ccca6937f7bba233af53c8e700b4d37a60672f1e1304ed55190bba38baec243b done
#5 sha256:049f582a96399f348926742c140222cca6370824c5e2b15db06bf3cc4afe5796 188.74MB / 300.83MB 200.6s
#5 sha256:19ce6591ed6f1be153d7bd09847b8ccc976f7e80a461db2c604205455619c653 882.90MB / 1.87GB 201.1s
#5 sha256:736f4f7e3b2f4f8741ed8e3e2ae578e0efd3aca571ac9ea83160b8506bd4a785 62.91MB / 412.71MB 201.9s
#5 sha256:049f582a96399f348926742c140222cca6370824c5e2b15db06bf3cc4afe5796 204.47MB / 300.83MB 203.7s
#5 sha256:19ce6591ed6f1be153d7bd09847b8ccc976f7e80a461db2c604205455619c653 910.16MB / 1.87GB 206.2s
#5 sha256:736f4f7e3b2f4f8741ed8e3e2ae578e0efd3aca571ac9ea83160b8506bd4a785 83.89MB / 412.71MB 206.5s
#5 sha256:049f582a96399f348926742c140222cca6370824c5e2b15db06bf3cc4afe5796 220.20MB / 300.83MB 207.6s
#5 sha256:736f4f7e3b2f4f8741ed8e3e2ae578e0efd3aca571ac9ea83160b8506bd4a785 104.86MB / 412.71MB 210.5s
#5 sha256:049f582a96399f348926742c140222cca6370824c5e2b15db06bf3cc4afe5796 235.93MB / 300.83MB 211.2s
#5 sha256:19ce6591ed6f1be153d7bd09847b8ccc976f7e80a461db2c604205455619c653 937.43MB / 1.87GB 211.3s
#5 sha256:049f582a96399f348926742c140222cca6370824c5e2b15db06bf3cc4afe5796 251.66MB / 300.83MB 214.4s
#5 sha256:736f4f7e3b2f4f8741ed8e3e2ae578e0efd3aca571ac9ea83160b8506bd4a785 125.83MB / 412.71MB 214.4s
#5 sha256:19ce6591ed6f1be153d7bd09847b8ccc976f7e80a461db2c604205455619c653 966.79MB / 1.87GB 216.3s
#5 sha256:049f582a96399f348926742c140222cca6370824c5e2b15db06bf3cc4afe5796 267.39MB / 300.83MB 218.0s
#5 sha256:736f4f7e3b2f4f8741ed8e3e2ae578e0efd3aca571ac9ea83160b8506bd4a785 146.80MB / 412.71MB 219.5s
#5 sha256:049f582a96399f348926742c140222cca6370824c5e2b15db06bf3cc4afe5796 283.12MB / 300.83MB 221.2s
#5 sha256:19ce6591ed6f1be153d7bd09847b8ccc976f7e80a461db2c604205455619c653 994.05MB / 1.87GB 221.4s
#5 sha256:736f4f7e3b2f4f8741ed8e3e2ae578e0efd3aca571ac9ea83160b8506bd4a785 167.77MB / 412.71MB 223.5s
#5 sha256:049f582a96399f348926742c140222cca6370824c5e2b15db06bf3cc4afe5796 298.84MB / 300.83MB 224.4s
#5 sha256:049f582a96399f348926742c140222cca6370824c5e2b15db06bf3cc4afe5796 300.83MB / 300.83MB 224.8s done
#5 sha256:7d1e68b66418598a959fe18198ebe5c7cf5b8321c3f78c559476f4c6695f65b9 0B / 429.16MB 225.0s
#5 sha256:19ce6591ed6f1be153d7bd09847b8ccc976f7e80a461db2c604205455619c653 1.02GB / 1.87GB 226.5s
#5 sha256:736f4f7e3b2f4f8741ed8e3e2ae578e0efd3aca571ac9ea83160b8506bd4a785 188.74MB / 412.71MB 227.9s
#5 sha256:7d1e68b66418598a959fe18198ebe5c7cf5b8321c3f78c559476f4c6695f65b9 19.92MB / 429.16MB 230.1s
#5 sha256:19ce6591ed6f1be153d7bd09847b8ccc976f7e80a461db2c604205455619c653 1.04GB / 1.87GB 231.6s
#5 sha256:736f4f7e3b2f4f8741ed8e3e2ae578e0efd3aca571ac9ea83160b8506bd4a785 209.72MB / 412.71MB 232.9s
#5 sha256:7d1e68b66418598a959fe18198ebe5c7cf5b8321c3f78c559476f4c6695f65b9 41.94MB / 429.16MB 235.2s
#5 sha256:19ce6591ed6f1be153d7bd09847b8ccc976f7e80a461db2c604205455619c653 1.06GB / 1.87GB 236.7s
#5 sha256:736f4f7e3b2f4f8741ed8e3e2ae578e0efd3aca571ac9ea83160b8506bd4a785 230.69MB / 412.71MB 237.3s
#5 sha256:7d1e68b66418598a959fe18198ebe5c7cf5b8321c3f78c559476f4c6695f65b9 63.96MB / 429.16MB 239.6s
#5 sha256:736f4f7e3b2f4f8741ed8e3e2ae578e0efd3aca571ac9ea83160b8506bd4a785 251.66MB / 412.71MB 241.3s
#5 sha256:19ce6591ed6f1be153d7bd09847b8ccc976f7e80a461db2c604205455619c653 1.09GB / 1.87GB 241.9s
#5 sha256:7d1e68b66418598a959fe18198ebe5c7cf5b8321c3f78c559476f4c6695f65b9 85.98MB / 429.16MB 243.9s
#5 sha256:736f4f7e3b2f4f8741ed8e3e2ae578e0efd3aca571ac9ea83160b8506bd4a785 272.63MB / 412.71MB 245.7s
#5 sha256:19ce6591ed6f1be153d7bd09847b8ccc976f7e80a461db2c604205455619c653 1.12GB / 1.87GB 247.1s
#5 sha256:7d1e68b66418598a959fe18198ebe5c7cf5b8321c3f78c559476f4c6695f65b9 108.00MB / 429.16MB 248.6s
#5 sha256:736f4f7e3b2f4f8741ed8e3e2ae578e0efd3aca571ac9ea83160b8506bd4a785 293.60MB / 412.71MB 249.7s
#5 sha256:19ce6591ed6f1be153d7bd09847b8ccc976f7e80a461db2c604205455619c653 1.14GB / 1.87GB 252.2s
#5 sha256:7d1e68b66418598a959fe18198ebe5c7cf5b8321c3f78c559476f4c6695f65b9 130.02MB / 429.16MB 253.4s
#5 sha256:736f4f7e3b2f4f8741ed8e3e2ae578e0efd3aca571ac9ea83160b8506bd4a785 314.57MB / 412.71MB 253.9s
#5 sha256:7d1e68b66418598a959fe18198ebe5c7cf5b8321c3f78c559476f4c6695f65b9 152.04MB / 429.16MB 256.9s
#5 sha256:19ce6591ed6f1be153d7bd09847b8ccc976f7e80a461db2c604205455619c653 1.17GB / 1.87GB 257.2s
#5 sha256:736f4f7e3b2f4f8741ed8e3e2ae578e0efd3aca571ac9ea83160b8506bd4a785 335.54MB / 412.71MB 257.7s
#5 sha256:7d1e68b66418598a959fe18198ebe5c7cf5b8321c3f78c559476f4c6695f65b9 174.06MB / 429.16MB 260.4s
#5 sha256:736f4f7e3b2f4f8741ed8e3e2ae578e0efd3aca571ac9ea83160b8506bd4a785 356.52MB / 412.71MB 261.4s
#5 sha256:19ce6591ed6f1be153d7bd09847b8ccc976f7e80a461db2c604205455619c653 1.20GB / 1.87GB 262.4s
#5 sha256:7d1e68b66418598a959fe18198ebe5c7cf5b8321c3f78c559476f4c6695f65b9 196.08MB / 429.16MB 264.3s
#5 sha256:736f4f7e3b2f4f8741ed8e3e2ae578e0efd3aca571ac9ea83160b8506bd4a785 377.49MB / 412.71MB 265.7s
#5 sha256:19ce6591ed6f1be153d7bd09847b8ccc976f7e80a461db2c604205455619c653 1.22GB / 1.87GB 267.5s
#5 sha256:7d1e68b66418598a959fe18198ebe5c7cf5b8321c3f78c559476f4c6695f65b9 218.10MB / 429.16MB 268.8s
#5 sha256:736f4f7e3b2f4f8741ed8e3e2ae578e0efd3aca571ac9ea83160b8506bd4a785 398.46MB / 412.71MB 269.7s
#5 sha256:7d1e68b66418598a959fe18198ebe5c7cf5b8321c3f78c559476f4c6695f65b9 240.12MB / 429.16MB 272.4s
#5 sha256:19ce6591ed6f1be153d7bd09847b8ccc976f7e80a461db2c604205455619c653 1.25GB / 1.87GB 272.5s
#5 sha256:736f4f7e3b2f4f8741ed8e3e2ae578e0efd3aca571ac9ea83160b8506bd4a785 412.71MB / 412.71MB 272.7s done
#5 sha256:0cf3bd6ce0b7304e47f8259cf1411ce442b1e24c774df91ae7a9fe2fefe5c675 0B / 227B 272.7s
#5 ...

#7 [auth] lmsysorg/sglang-rocm:pull token for registry-1.docker.io
#7 DONE 0.0s

#5 [ 1/21] FROM docker.io/lmsysorg/sglang-rocm:v0.5.19-rocm720-mi35x-20260916@sha256:eef7b70e015c94435d68dd92612229d52324b9e8d5edaac741802e7e78e66eb6
#5 sha256:7e4691dc175831baad1376aa97bc84e465119c246030d9d5febd999787a797d0 0B / 804.91MB 273.9s
#5 sha256:0cf3bd6ce0b7304e47f8259cf1411ce442b1e24c774df91ae7a9fe2fefe5c675 227B / 227B 273.9s done
#5 sha256:7d1e68b66418598a959fe18198ebe5c7cf5b8321c3f78c559476f4c6695f65b9 262.14MB / 429.16MB 276.3s
#5 sha256:19ce6591ed6f1be153d7bd09847b8ccc976f7e80a461db2c604205455619c653 1.28GB / 1.87GB 277.7s
#5 sha256:7e4691dc175831baad1376aa97bc84e465119c246030d9d5febd999787a797d0 20.97MB / 804.91MB 279.0s
#5 sha256:7d1e68b66418598a959fe18198ebe5c7cf5b8321c3f78c559476f4c6695f65b9 284.16MB / 429.16MB 280.7s
#5 sha256:19ce6591ed6f1be153d7bd09847b8ccc976f7e80a461db2c604205455619c653 1.30GB / 1.87GB 282.8s
#5 sha256:7e4691dc175831baad1376aa97bc84e465119c246030d9d5febd999787a797d0 49.28MB / 804.91MB 284.1s
#5 sha256:7d1e68b66418598a959fe18198ebe5c7cf5b8321c3f78c559476f4c6695f65b9 306.18MB / 429.16MB 285.5s
#5 sha256:19ce6591ed6f1be153d7bd09847b8ccc976f7e80a461db2c604205455619c653 1.33GB / 1.87GB 287.9s
#5 sha256:7e4691dc175831baad1376aa97bc84e465119c246030d9d5febd999787a797d0 72.35MB / 804.91MB 289.1s
#5 sha256:7d1e68b66418598a959fe18198ebe5c7cf5b8321c3f78c559476f4c6695f65b9 327.16MB / 429.16MB 290.6s
#5 sha256:19ce6591ed6f1be153d7bd09847b8ccc976f7e80a461db2c604205455619c653 1.36GB / 1.87GB 292.9s
#5 sha256:7e4691dc175831baad1376aa97bc84e465119c246030d9d5febd999787a797d0 99.61MB / 804.91MB 294.2s
#5 sha256:7d1e68b66418598a959fe18198ebe5c7cf5b8321c3f78c559476f4c6695f65b9 349.18MB / 429.16MB 295.6s
#5 sha256:19ce6591ed6f1be153d7bd09847b8ccc976f7e80a461db2c604205455619c653 1.38GB / 1.87GB 298.1s
#5 sha256:7e4691dc175831baad1376aa97bc84e465119c246030d9d5febd999787a797d0 135.27MB / 804.91MB 299.2s
#5 sha256:7d1e68b66418598a959fe18198ebe5c7cf5b8321c3f78c559476f4c6695f65b9 371.20MB / 429.16MB 299.4s
#5 sha256:19ce6591ed6f1be153d7bd09847b8ccc976f7e80a461db2c604205455619c653 1.41GB / 1.87GB 303.2s
#5 sha256:7d1e68b66418598a959fe18198ebe5c7cf5b8321c3f78c559476f4c6695f65b9 394.26MB / 429.16MB 304.2s
#5 sha256:7e4691dc175831baad1376aa97bc84e465119c246030d9d5febd999787a797d0 164.63MB / 804.91MB 304.3s
#5 sha256:19ce6591ed6f1be153d7bd09847b8ccc976f7e80a461db2c604205455619c653 1.44GB / 1.87GB 308.3s
#5 sha256:7d1e68b66418598a959fe18198ebe5c7cf5b8321c3f78c559476f4c6695f65b9 416.28MB / 429.16MB 308.3s
#5 sha256:7e4691dc175831baad1376aa97bc84e465119c246030d9d5febd999787a797d0 190.84MB / 804.91MB 309.4s
#5 sha256:7d1e68b66418598a959fe18198ebe5c7cf5b8321c3f78c559476f4c6695f65b9 429.16MB / 429.16MB 310.5s done
#5 sha256:ae3e62390bcc733d790ba9fc3c0095d15dfd449b276874c8373af92b34b5a2c0 0B / 187B 310.6s
#5 sha256:ae3e62390bcc733d790ba9fc3c0095d15dfd449b276874c8373af92b34b5a2c0 187B / 187B 311.0s done
#5 sha256:b330dd43ca5b69ec44afcb9868eaa7621269c397f93c7ee68679345f13f5563e 0B / 1.43GB 311.0s
#5 sha256:19ce6591ed6f1be153d7bd09847b8ccc976f7e80a461db2c604205455619c653 1.47GB / 1.87GB 313.5s
#5 sha256:7e4691dc175831baad1376aa97bc84e465119c246030d9d5febd999787a797d0 213.91MB / 804.91MB 314.4s
#5 sha256:b330dd43ca5b69ec44afcb9868eaa7621269c397f93c7ee68679345f13f5563e 26.21MB / 1.43GB 316.1s
#5 sha256:19ce6591ed6f1be153d7bd09847b8ccc976f7e80a461db2c604205455619c653 1.50GB / 1.87GB 318.5s
#5 sha256:7e4691dc175831baad1376aa97bc84e465119c246030d9d5febd999787a797d0 238.03MB / 804.91MB 319.6s
#5 sha256:b330dd43ca5b69ec44afcb9868eaa7621269c397f93c7ee68679345f13f5563e 52.43MB / 1.43GB 321.1s
#5 sha256:19ce6591ed6f1be153d7bd09847b8ccc976f7e80a461db2c604205455619c653 1.54GB / 1.87GB 323.6s
#5 sha256:7e4691dc175831baad1376aa97bc84e465119c246030d9d5febd999787a797d0 267.39MB / 804.91MB 324.6s
#5 sha256:b330dd43ca5b69ec44afcb9868eaa7621269c397f93c7ee68679345f13f5563e 84.93MB / 1.43GB 326.3s
#5 sha256:19ce6591ed6f1be153d7bd09847b8ccc976f7e80a461db2c604205455619c653 1.56GB / 1.87GB 328.6s
#5 sha256:7e4691dc175831baad1376aa97bc84e465119c246030d9d5febd999787a797d0 291.50MB / 804.91MB 329.7s
#5 sha256:b330dd43ca5b69ec44afcb9868eaa7621269c397f93c7ee68679345f13f5563e 112.20MB / 1.43GB 331.5s
#5 sha256:19ce6591ed6f1be153d7bd09847b8ccc976f7e80a461db2c604205455619c653 1.59GB / 1.87GB 333.6s
#5 sha256:7e4691dc175831baad1376aa97bc84e465119c246030d9d5febd999787a797d0 318.77MB / 804.91MB 334.8s
#5 sha256:b330dd43ca5b69ec44afcb9868eaa7621269c397f93c7ee68679345f13f5563e 131.07MB / 1.43GB 336.6s
#5 sha256:19ce6591ed6f1be153d7bd09847b8ccc976f7e80a461db2c604205455619c653 1.61GB / 1.87GB 338.6s
#5 sha256:7e4691dc175831baad1376aa97bc84e465119c246030d9d5febd999787a797d0 339.74MB / 804.91MB 339.9s
#5 sha256:b330dd43ca5b69ec44afcb9868eaa7621269c397f93c7ee68679345f13f5563e 154.14MB / 1.43GB 341.6s
#5 sha256:19ce6591ed6f1be153d7bd09847b8ccc976f7e80a461db2c604205455619c653 1.63GB / 1.87GB 343.7s
#5 sha256:7e4691dc175831baad1376aa97bc84e465119c246030d9d5febd999787a797d0 363.86MB / 804.91MB 344.9s
#5 sha256:b330dd43ca5b69ec44afcb9868eaa7621269c397f93c7ee68679345f13f5563e 178.26MB / 1.43GB 346.7s
#5 sha256:19ce6591ed6f1be153d7bd09847b8ccc976f7e80a461db2c604205455619c653 1.66GB / 1.87GB 348.8s
#5 sha256:7e4691dc175831baad1376aa97bc84e465119c246030d9d5febd999787a797d0 390.07MB / 804.91MB 350.1s
#5 sha256:b330dd43ca5b69ec44afcb9868eaa7621269c397f93c7ee68679345f13f5563e 203.42MB / 1.43GB 351.8s
#5 sha256:19ce6591ed6f1be153d7bd09847b8ccc976f7e80a461db2c604205455619c653 1.69GB / 1.87GB 353.8s
#5 sha256:7e4691dc175831baad1376aa97bc84e465119c246030d9d5febd999787a797d0 414.19MB / 804.91MB 355.3s
#5 sha256:b330dd43ca5b69ec44afcb9868eaa7621269c397f93c7ee68679345f13f5563e 227.54MB / 1.43GB 357.0s
#5 sha256:19ce6591ed6f1be153d7bd09847b8ccc976f7e80a461db2c604205455619c653 1.71GB / 1.87GB 358.8s
#5 sha256:7e4691dc175831baad1376aa97bc84e465119c246030d9d5febd999787a797d0 437.26MB / 804.91MB 360.4s
#5 sha256:b330dd43ca5b69ec44afcb9868eaa7621269c397f93c7ee68679345f13f5563e 253.76MB / 1.43GB 362.1s
#5 sha256:19ce6591ed6f1be153d7bd09847b8ccc976f7e80a461db2c604205455619c653 1.74GB / 1.87GB 364.0s
#5 sha256:7e4691dc175831baad1376aa97bc84e465119c246030d9d5febd999787a797d0 464.52MB / 804.91MB 365.6s
#5 sha256:b330dd43ca5b69ec44afcb9868eaa7621269c397f93c7ee68679345f13f5563e 278.92MB / 1.43GB 367.2s
#5 sha256:19ce6591ed6f1be153d7bd09847b8ccc976f7e80a461db2c604205455619c653 1.76GB / 1.87GB 369.1s
#5 sha256:7e4691dc175831baad1376aa97bc84e465119c246030d9d5febd999787a797d0 493.88MB / 804.91MB 370.7s
#5 sha256:b330dd43ca5b69ec44afcb9868eaa7621269c397f93c7ee68679345f13f5563e 308.28MB / 1.43GB 372.3s
#5 sha256:19ce6591ed6f1be153d7bd09847b8ccc976f7e80a461db2c604205455619c653 1.78GB / 1.87GB 374.2s
#5 sha256:7e4691dc175831baad1376aa97bc84e465119c246030d9d5febd999787a797d0 525.34MB / 804.91MB 375.8s
#5 sha256:b330dd43ca5b69ec44afcb9868eaa7621269c397f93c7ee68679345f13f5563e 332.40MB / 1.43GB 377.4s
#5 sha256:19ce6591ed6f1be153d7bd09847b8ccc976f7e80a461db2c604205455619c653 1.81GB / 1.87GB 379.3s
#5 sha256:7e4691dc175831baad1376aa97bc84e465119c246030d9d5febd999787a797d0 549.45MB / 804.91MB 380.8s
#5 sha256:b330dd43ca5b69ec44afcb9868eaa7621269c397f93c7ee68679345f13f5563e 356.52MB / 1.43GB 382.4s
#5 sha256:19ce6591ed6f1be153d7bd09847b8ccc976f7e80a461db2c604205455619c653 1.84GB / 1.87GB 384.4s
#5 sha256:7e4691dc175831baad1376aa97bc84e465119c246030d9d5febd999787a797d0 574.62MB / 804.91MB 385.9s
#5 sha256:b330dd43ca5b69ec44afcb9868eaa7621269c397f93c7ee68679345f13f5563e 377.49MB / 1.43GB 387.4s
#5 sha256:19ce6591ed6f1be153d7bd09847b8ccc976f7e80a461db2c604205455619c653 1.85GB / 1.87GB 389.6s
#5 sha256:7e4691dc175831baad1376aa97bc84e465119c246030d9d5febd999787a797d0 591.40MB / 804.91MB 391.1s
#5 sha256:b330dd43ca5b69ec44afcb9868eaa7621269c397f93c7ee68679345f13f5563e 402.65MB / 1.43GB 392.4s
#5 extracting sha256:19ce6591ed6f1be153d7bd09847b8ccc976f7e80a461db2c604205455619c653
#5 sha256:19ce6591ed6f1be153d7bd09847b8ccc976f7e80a461db2c604205455619c653 1.87GB / 1.87GB 393.9s done
#5 sha256:46c52282f27c924d47bb951c9f9d219c09ad8c045969c630bc20344197884e6b 0B / 236B 394.0s
#5 sha256:46c52282f27c924d47bb951c9f9d219c09ad8c045969c630bc20344197884e6b 236B / 236B 394.7s done
#5 sha256:92812c94caad5720ce6c5e5aa835dd105a62f0a429a3b086ae796a5081fbf97b 0B / 1.18GB 394.7s
#5 sha256:7e4691dc175831baad1376aa97bc84e465119c246030d9d5febd999787a797d0 617.61MB / 804.91MB 396.2s
#5 sha256:b330dd43ca5b69ec44afcb9868eaa7621269c397f93c7ee68679345f13f5563e 428.87MB / 1.43GB 397.5s
#5 extracting sha256:19ce6591ed6f1be153d7bd09847b8ccc976f7e80a461db2c604205455619c653 5.1s
#5 sha256:92812c94caad5720ce6c5e5aa835dd105a62f0a429a3b086ae796a5081fbf97b 22.02MB / 1.18GB 399.8s
#5 sha256:7e4691dc175831baad1376aa97bc84e465119c246030d9d5febd999787a797d0 641.73MB / 804.91MB 401.3s
#5 sha256:b330dd43ca5b69ec44afcb9868eaa7621269c397f93c7ee68679345f13f5563e 457.18MB / 1.43GB 402.5s
#5 extracting sha256:19ce6591ed6f1be153d7bd09847b8ccc976f7e80a461db2c604205455619c653 10.1s
#5 sha256:92812c94caad5720ce6c5e5aa835dd105a62f0a429a3b086ae796a5081fbf97b 46.14MB / 1.18GB 404.9s
#5 sha256:7e4691dc175831baad1376aa97bc84e465119c246030d9d5febd999787a797d0 665.85MB / 804.91MB 406.3s
#5 sha256:b330dd43ca5b69ec44afcb9868eaa7621269c397f93c7ee68679345f13f5563e 480.25MB / 1.43GB 407.5s
#5 extracting sha256:19ce6591ed6f1be153d7bd09847b8ccc976f7e80a461db2c604205455619c653 15.1s
#5 sha256:92812c94caad5720ce6c5e5aa835dd105a62f0a429a3b086ae796a5081fbf97b 72.35MB / 1.18GB 409.9s
#5 sha256:7e4691dc175831baad1376aa97bc84e465119c246030d9d5febd999787a797d0 688.91MB / 804.91MB 411.5s
#5 sha256:b330dd43ca5b69ec44afcb9868eaa7621269c397f93c7ee68679345f13f5563e 504.37MB / 1.43GB 412.6s
#5 extracting sha256:19ce6591ed6f1be153d7bd09847b8ccc976f7e80a461db2c604205455619c653 18.9s done
#5 extracting sha256:7cc1cde3ebf3e656875c47f4fd939863367293da17394c720a770a17c8c87b5b
#5 extracting sha256:7cc1cde3ebf3e656875c47f4fd939863367293da17394c720a770a17c8c87b5b 0.7s done
#5 extracting sha256:049f582a96399f348926742c140222cca6370824c5e2b15db06bf3cc4afe5796
#5 sha256:92812c94caad5720ce6c5e5aa835dd105a62f0a429a3b086ae796a5081fbf97b 95.42MB / 1.18GB 414.9s
#5 sha256:7e4691dc175831baad1376aa97bc84e465119c246030d9d5febd999787a797d0 711.98MB / 804.91MB 416.7s
#5 sha256:b330dd43ca5b69ec44afcb9868eaa7621269c397f93c7ee68679345f13f5563e 528.48MB / 1.43GB 417.7s
#5 sha256:92812c94caad5720ce6c5e5aa835dd105a62f0a429a3b086ae796a5081fbf97b 117.44MB / 1.18GB 420.0s
#5 extracting sha256:049f582a96399f348926742c140222cca6370824c5e2b15db06bf3cc4afe5796 6.6s
#5 sha256:7e4691dc175831baad1376aa97bc84e465119c246030d9d5febd999787a797d0 730.86MB / 804.91MB 421.8s
#5 extracting sha256:049f582a96399f348926742c140222cca6370824c5e2b15db06bf3cc4afe5796 8.6s done
#5 extracting sha256:736f4f7e3b2f4f8741ed8e3e2ae578e0efd3aca571ac9ea83160b8506bd4a785
#5 sha256:b330dd43ca5b69ec44afcb9868eaa7621269c397f93c7ee68679345f13f5563e 552.60MB / 1.43GB 422.8s
#5 extracting sha256:736f4f7e3b2f4f8741ed8e3e2ae578e0efd3aca571ac9ea83160b8506bd4a785 1.7s done
#5 extracting sha256:7d1e68b66418598a959fe18198ebe5c7cf5b8321c3f78c559476f4c6695f65b9
#5 sha256:92812c94caad5720ce6c5e5aa835dd105a62f0a429a3b086ae796a5081fbf97b 141.56MB / 1.18GB 425.0s
#5 extracting sha256:7d1e68b66418598a959fe18198ebe5c7cf5b8321c3f78c559476f4c6695f65b9 1.7s done
#5 extracting sha256:0cf3bd6ce0b7304e47f8259cf1411ce442b1e24c774df91ae7a9fe2fefe5c675 done
#5 sha256:7e4691dc175831baad1376aa97bc84e465119c246030d9d5febd999787a797d0 754.97MB / 804.91MB 426.9s
#5 sha256:b330dd43ca5b69ec44afcb9868eaa7621269c397f93c7ee68679345f13f5563e 572.52MB / 1.43GB 427.9s
#5 sha256:92812c94caad5720ce6c5e5aa835dd105a62f0a429a3b086ae796a5081fbf97b 167.77MB / 1.18GB 430.0s
#5 sha256:7e4691dc175831baad1376aa97bc84e465119c246030d9d5febd999787a797d0 775.95MB / 804.91MB 432.0s
#5 sha256:b330dd43ca5b69ec44afcb9868eaa7621269c397f93c7ee68679345f13f5563e 595.59MB / 1.43GB 433.0s
#5 sha256:92812c94caad5720ce6c5e5aa835dd105a62f0a429a3b086ae796a5081fbf97b 193.99MB / 1.18GB 435.0s
#5 sha256:7e4691dc175831baad1376aa97bc84e465119c246030d9d5febd999787a797d0 794.82MB / 804.91MB 437.0s
#5 sha256:b330dd43ca5b69ec44afcb9868eaa7621269c397f93c7ee68679345f13f5563e 619.71MB / 1.43GB 438.1s
#5 sha256:7e4691dc175831baad1376aa97bc84e465119c246030d9d5febd999787a797d0 804.91MB / 804.91MB 439.9s done
#5 extracting sha256:7e4691dc175831baad1376aa97bc84e465119c246030d9d5febd999787a797d0 0.1s
#5 sha256:aee076b390bf236b90bd5e96957676acc980b382f3bab45ca3e915b9ee1443a7 0B / 19.03MB 440.0s
#5 sha256:92812c94caad5720ce6c5e5aa835dd105a62f0a429a3b086ae796a5081fbf97b 217.06MB / 1.18GB 440.1s
#5 sha256:aee076b390bf236b90bd5e96957676acc980b382f3bab45ca3e915b9ee1443a7 1.05MB / 19.03MB 440.8s
#5 sha256:aee076b390bf236b90bd5e96957676acc980b382f3bab45ca3e915b9ee1443a7 2.10MB / 19.03MB 441.2s
#5 sha256:aee076b390bf236b90bd5e96957676acc980b382f3bab45ca3e915b9ee1443a7 3.15MB / 19.03MB 441.5s
#5 sha256:aee076b390bf236b90bd5e96957676acc980b382f3bab45ca3e915b9ee1443a7 4.19MB / 19.03MB 441.8s
#5 sha256:aee076b390bf236b90bd5e96957676acc980b382f3bab45ca3e915b9ee1443a7 5.24MB / 19.03MB 442.1s
#5 sha256:aee076b390bf236b90bd5e96957676acc980b382f3bab45ca3e915b9ee1443a7 6.29MB / 19.03MB 442.3s
#5 sha256:aee076b390bf236b90bd5e96957676acc980b382f3bab45ca3e915b9ee1443a7 7.34MB / 19.03MB 442.5s
#5 sha256:aee076b390bf236b90bd5e96957676acc980b382f3bab45ca3e915b9ee1443a7 8.39MB / 19.03MB 442.8s
#5 sha256:aee076b390bf236b90bd5e96957676acc980b382f3bab45ca3e915b9ee1443a7 9.44MB / 19.03MB 443.0s
#5 sha256:b330dd43ca5b69ec44afcb9868eaa7621269c397f93c7ee68679345f13f5563e 641.73MB / 1.43GB 443.2s
#5 sha256:aee076b390bf236b90bd5e96957676acc980b382f3bab45ca3e915b9ee1443a7 10.49MB / 19.03MB 443.2s
#5 sha256:aee076b390bf236b90bd5e96957676acc980b382f3bab45ca3e915b9ee1443a7 11.53MB / 19.03MB 443.5s
#5 sha256:aee076b390bf236b90bd5e96957676acc980b382f3bab45ca3e915b9ee1443a7 12.58MB / 19.03MB 443.7s
#5 sha256:aee076b390bf236b90bd5e96957676acc980b382f3bab45ca3e915b9ee1443a7 13.63MB / 19.03MB 443.9s
#5 sha256:aee076b390bf236b90bd5e96957676acc980b382f3bab45ca3e915b9ee1443a7 14.68MB / 19.03MB 444.0s
#5 sha256:aee076b390bf236b90bd5e96957676acc980b382f3bab45ca3e915b9ee1443a7 15.73MB / 19.03MB 444.2s
#5 sha256:aee076b390bf236b90bd5e96957676acc980b382f3bab45ca3e915b9ee1443a7 16.78MB / 19.03MB 444.4s
#5 sha256:aee076b390bf236b90bd5e96957676acc980b382f3bab45ca3e915b9ee1443a7 17.83MB / 19.03MB 444.7s
#5 sha256:aee076b390bf236b90bd5e96957676acc980b382f3bab45ca3e915b9ee1443a7 19.03MB / 19.03MB 444.9s done
#5 sha256:d04d18eab301488886a9d35474ecc1ce7bc8d3a2fbdbc47c57ee51c622caa342 0B / 6.94MB 444.9s
#5 extracting sha256:7e4691dc175831baad1376aa97bc84e465119c246030d9d5febd999787a797d0 5.1s
#5 sha256:92812c94caad5720ce6c5e5aa835dd105a62f0a429a3b086ae796a5081fbf97b 240.12MB / 1.18GB 445.2s
#5 sha256:d04d18eab301488886a9d35474ecc1ce7bc8d3a2fbdbc47c57ee51c622caa342 1.05MB / 6.94MB 445.6s
#5 sha256:d04d18eab301488886a9d35474ecc1ce7bc8d3a2fbdbc47c57ee51c622caa342 2.10MB / 6.94MB 445.8s
#5 sha256:d04d18eab301488886a9d35474ecc1ce7bc8d3a2fbdbc47c57ee51c622caa342 3.15MB / 6.94MB 446.2s
#5 sha256:d04d18eab301488886a9d35474ecc1ce7bc8d3a2fbdbc47c57ee51c622caa342 4.19MB / 6.94MB 446.4s
#5 sha256:d04d18eab301488886a9d35474ecc1ce7bc8d3a2fbdbc47c57ee51c622caa342 5.24MB / 6.94MB 446.5s
#5 sha256:d04d18eab301488886a9d35474ecc1ce7bc8d3a2fbdbc47c57ee51c622caa342 6.29MB / 6.94MB 446.8s
#5 sha256:d04d18eab301488886a9d35474ecc1ce7bc8d3a2fbdbc47c57ee51c622caa342 6.94MB / 6.94MB 446.9s done
#5 sha256:0cba64a64a16c608ebaaa10bcb8369a4bcd93900a3c9e401e2e3b4a22d8fdf21 0B / 619.77MB 446.9s
#5 sha256:b330dd43ca5b69ec44afcb9868eaa7621269c397f93c7ee68679345f13f5563e 666.89MB / 1.43GB 448.3s
#5 extracting sha256:7e4691dc175831baad1376aa97bc84e465119c246030d9d5febd999787a797d0 10.1s
#5 sha256:92812c94caad5720ce6c5e5aa835dd105a62f0a429a3b086ae796a5081fbf97b 262.14MB / 1.18GB 450.2s
#5 extracting sha256:7e4691dc175831baad1376aa97bc84e465119c246030d9d5febd999787a797d0 10.4s done
#5 extracting sha256:ae3e62390bcc733d790ba9fc3c0095d15dfd449b276874c8373af92b34b5a2c0
#5 extracting sha256:ae3e62390bcc733d790ba9fc3c0095d15dfd449b276874c8373af92b34b5a2c0 done
#5 sha256:0cba64a64a16c608ebaaa10bcb8369a4bcd93900a3c9e401e2e3b4a22d8fdf21 24.12MB / 619.77MB 451.9s
#5 sha256:b330dd43ca5b69ec44afcb9868eaa7621269c397f93c7ee68679345f13f5563e 693.11MB / 1.43GB 453.4s
#5 sha256:92812c94caad5720ce6c5e5aa835dd105a62f0a429a3b086ae796a5081fbf97b 287.31MB / 1.18GB 455.2s
#5 sha256:0cba64a64a16c608ebaaa10bcb8369a4bcd93900a3c9e401e2e3b4a22d8fdf21 49.28MB / 619.77MB 457.0s
#5 sha256:b330dd43ca5b69ec44afcb9868eaa7621269c397f93c7ee68679345f13f5563e 721.42MB / 1.43GB 458.4s
#5 sha256:92812c94caad5720ce6c5e5aa835dd105a62f0a429a3b086ae796a5081fbf97b 312.48MB / 1.18GB 460.2s
#5 sha256:0cba64a64a16c608ebaaa10bcb8369a4bcd93900a3c9e401e2e3b4a22d8fdf21 71.30MB / 619.77MB 462.0s
#5 sha256:b330dd43ca5b69ec44afcb9868eaa7621269c397f93c7ee68679345f13f5563e 747.63MB / 1.43GB 463.4s
#5 sha256:92812c94caad5720ce6c5e5aa835dd105a62f0a429a3b086ae796a5081fbf97b 334.50MB / 1.18GB 465.3s
#5 sha256:0cba64a64a16c608ebaaa10bcb8369a4bcd93900a3c9e401e2e3b4a22d8fdf21 99.61MB / 619.77MB 467.1s
#5 sha256:b330dd43ca5b69ec44afcb9868eaa7621269c397f93c7ee68679345f13f5563e 772.80MB / 1.43GB 468.4s
#5 sha256:92812c94caad5720ce6c5e5aa835dd105a62f0a429a3b086ae796a5081fbf97b 356.52MB / 1.18GB 470.3s
#5 sha256:0cba64a64a16c608ebaaa10bcb8369a4bcd93900a3c9e401e2e3b4a22d8fdf21 121.63MB / 619.77MB 472.2s
#5 sha256:b330dd43ca5b69ec44afcb9868eaa7621269c397f93c7ee68679345f13f5563e 796.92MB / 1.43GB 473.5s
#5 sha256:92812c94caad5720ce6c5e5aa835dd105a62f0a429a3b086ae796a5081fbf97b 381.68MB / 1.18GB 475.4s
#5 sha256:0cba64a64a16c608ebaaa10bcb8369a4bcd93900a3c9e401e2e3b4a22d8fdf21 146.80MB / 619.77MB 477.2s
#5 sha256:b330dd43ca5b69ec44afcb9868eaa7621269c397f93c7ee68679345f13f5563e 821.04MB / 1.43GB 478.6s
#5 sha256:92812c94caad5720ce6c5e5aa835dd105a62f0a429a3b086ae796a5081fbf97b 403.70MB / 1.18GB 480.4s
#5 sha256:0cba64a64a16c608ebaaa10bcb8369a4bcd93900a3c9e401e2e3b4a22d8fdf21 168.82MB / 619.77MB 482.3s
#5 sha256:b330dd43ca5b69ec44afcb9868eaa7621269c397f93c7ee68679345f13f5563e 846.20MB / 1.43GB 483.8s
#5 sha256:92812c94caad5720ce6c5e5aa835dd105a62f0a429a3b086ae796a5081fbf97b 429.92MB / 1.18GB 485.5s
#5 sha256:0cba64a64a16c608ebaaa10bcb8369a4bcd93900a3c9e401e2e3b4a22d8fdf21 191.89MB / 619.77MB 487.3s
#5 sha256:b330dd43ca5b69ec44afcb9868eaa7621269c397f93c7ee68679345f13f5563e 866.12MB / 1.43GB 488.9s
#5 sha256:92812c94caad5720ce6c5e5aa835dd105a62f0a429a3b086ae796a5081fbf97b 452.98MB / 1.18GB 490.6s
#5 sha256:0cba64a64a16c608ebaaa10bcb8369a4bcd93900a3c9e401e2e3b4a22d8fdf21 214.96MB / 619.77MB 492.3s
#5 sha256:b330dd43ca5b69ec44afcb9868eaa7621269c397f93c7ee68679345f13f5563e 889.19MB / 1.43GB 494.0s
#5 sha256:92812c94caad5720ce6c5e5aa835dd105a62f0a429a3b086ae796a5081fbf97b 477.10MB / 1.18GB 495.6s
#5 sha256:0cba64a64a16c608ebaaa10bcb8369a4bcd93900a3c9e401e2e3b4a22d8fdf21 242.22MB / 619.77MB 497.4s
#5 sha256:b330dd43ca5b69ec44afcb9868eaa7621269c397f93c7ee68679345f13f5563e 911.21MB / 1.43GB 499.0s
#5 sha256:92812c94caad5720ce6c5e5aa835dd105a62f0a429a3b086ae796a5081fbf97b 503.32MB / 1.18GB 500.6s
#5 sha256:0cba64a64a16c608ebaaa10bcb8369a4bcd93900a3c9e401e2e3b4a22d8fdf21 269.48MB / 619.77MB 502.4s
#5 sha256:b330dd43ca5b69ec44afcb9868eaa7621269c397f93c7ee68679345f13f5563e 935.33MB / 1.43GB 504.2s
#5 sha256:92812c94caad5720ce6c5e5aa835dd105a62f0a429a3b086ae796a5081fbf97b 533.73MB / 1.18GB 505.8s
#5 sha256:0cba64a64a16c608ebaaa10bcb8369a4bcd93900a3c9e401e2e3b4a22d8fdf21 292.55MB / 619.77MB 507.5s
#5 sha256:b330dd43ca5b69ec44afcb9868eaa7621269c397f93c7ee68679345f13f5563e 962.59MB / 1.43GB 509.3s
#5 sha256:92812c94caad5720ce6c5e5aa835dd105a62f0a429a3b086ae796a5081fbf97b 556.79MB / 1.18GB 511.0s
#5 sha256:0cba64a64a16c608ebaaa10bcb8369a4bcd93900a3c9e401e2e3b4a22d8fdf21 312.48MB / 619.77MB 512.6s
#5 sha256:b330dd43ca5b69ec44afcb9868eaa7621269c397f93c7ee68679345f13f5563e 987.76MB / 1.43GB 514.4s
#5 sha256:92812c94caad5720ce6c5e5aa835dd105a62f0a429a3b086ae796a5081fbf97b 577.77MB / 1.18GB 516.0s
#5 sha256:0cba64a64a16c608ebaaa10bcb8369a4bcd93900a3c9e401e2e3b4a22d8fdf21 337.64MB / 619.77MB 517.8s
#5 sha256:b330dd43ca5b69ec44afcb9868eaa7621269c397f93c7ee68679345f13f5563e 1.02GB / 1.43GB 519.5s
#5 sha256:92812c94caad5720ce6c5e5aa835dd105a62f0a429a3b086ae796a5081fbf97b 600.83MB / 1.18GB 521.2s
#5 sha256:0cba64a64a16c608ebaaa10bcb8369a4bcd93900a3c9e401e2e3b4a22d8fdf21 369.10MB / 619.77MB 522.9s
#5 sha256:b330dd43ca5b69ec44afcb9868eaa7621269c397f93c7ee68679345f13f5563e 1.04GB / 1.43GB 524.7s
#5 sha256:92812c94caad5720ce6c5e5aa835dd105a62f0a429a3b086ae796a5081fbf97b 619.71MB / 1.18GB 526.2s
#5 sha256:0cba64a64a16c608ebaaa10bcb8369a4bcd93900a3c9e401e2e3b4a22d8fdf21 391.12MB / 619.77MB 528.1s
#5 sha256:b330dd43ca5b69ec44afcb9868eaa7621269c397f93c7ee68679345f13f5563e 1.07GB / 1.43GB 529.8s
#5 sha256:92812c94caad5720ce6c5e5aa835dd105a62f0a429a3b086ae796a5081fbf97b 645.92MB / 1.18GB 531.3s
#5 sha256:0cba64a64a16c608ebaaa10bcb8369a4bcd93900a3c9e401e2e3b4a22d8fdf21 415.24MB / 619.77MB 533.1s
#5 sha256:b330dd43ca5b69ec44afcb9868eaa7621269c397f93c7ee68679345f13f5563e 1.09GB / 1.43GB 534.9s
#5 sha256:92812c94caad5720ce6c5e5aa835dd105a62f0a429a3b086ae796a5081fbf97b 672.14MB / 1.18GB 536.5s
#5 sha256:0cba64a64a16c608ebaaa10bcb8369a4bcd93900a3c9e401e2e3b4a22d8fdf21 441.45MB / 619.77MB 538.1s
#5 sha256:b330dd43ca5b69ec44afcb9868eaa7621269c397f93c7ee68679345f13f5563e 1.12GB / 1.43GB 539.9s
#5 sha256:92812c94caad5720ce6c5e5aa835dd105a62f0a429a3b086ae796a5081fbf97b 697.30MB / 1.18GB 541.5s
#5 sha256:0cba64a64a16c608ebaaa10bcb8369a4bcd93900a3c9e401e2e3b4a22d8fdf21 472.91MB / 619.77MB 543.3s
#5 sha256:b330dd43ca5b69ec44afcb9868eaa7621269c397f93c7ee68679345f13f5563e 1.15GB / 1.43GB 545.1s
#5 sha256:92812c94caad5720ce6c5e5aa835dd105a62f0a429a3b086ae796a5081fbf97b 722.47MB / 1.18GB 546.6s
#5 sha256:0cba64a64a16c608ebaaa10bcb8369a4bcd93900a3c9e401e2e3b4a22d8fdf21 501.22MB / 619.77MB 548.4s
#5 sha256:b330dd43ca5b69ec44afcb9868eaa7621269c397f93c7ee68679345f13f5563e 1.17GB / 1.43GB 550.1s
#5 sha256:92812c94caad5720ce6c5e5aa835dd105a62f0a429a3b086ae796a5081fbf97b 743.44MB / 1.18GB 551.6s
#5 sha256:0cba64a64a16c608ebaaa10bcb8369a4bcd93900a3c9e401e2e3b4a22d8fdf21 531.63MB / 619.77MB 553.5s
#5 sha256:b330dd43ca5b69ec44afcb9868eaa7621269c397f93c7ee68679345f13f5563e 1.20GB / 1.43GB 555.2s
#5 sha256:92812c94caad5720ce6c5e5aa835dd105a62f0a429a3b086ae796a5081fbf97b 768.61MB / 1.18GB 556.7s
#5 sha256:0cba64a64a16c608ebaaa10bcb8369a4bcd93900a3c9e401e2e3b4a22d8fdf21 556.79MB / 619.77MB 558.5s
#5 sha256:b330dd43ca5b69ec44afcb9868eaa7621269c397f93c7ee68679345f13f5563e 1.23GB / 1.43GB 560.2s
#5 sha256:92812c94caad5720ce6c5e5aa835dd105a62f0a429a3b086ae796a5081fbf97b 791.67MB / 1.18GB 561.7s
#5 sha256:0cba64a64a16c608ebaaa10bcb8369a4bcd93900a3c9e401e2e3b4a22d8fdf21 584.06MB / 619.77MB 563.6s
#5 sha256:b330dd43ca5b69ec44afcb9868eaa7621269c397f93c7ee68679345f13f5563e 1.26GB / 1.43GB 565.4s
#5 sha256:92812c94caad5720ce6c5e5aa835dd105a62f0a429a3b086ae796a5081fbf97b 817.89MB / 1.18GB 566.7s
#5 sha256:0cba64a64a16c608ebaaa10bcb8369a4bcd93900a3c9e401e2e3b4a22d8fdf21 611.32MB / 619.77MB 568.8s
#5 sha256:b330dd43ca5b69ec44afcb9868eaa7621269c397f93c7ee68679345f13f5563e 1.28GB / 1.43GB 570.5s
#5 sha256:0cba64a64a16c608ebaaa10bcb8369a4bcd93900a3c9e401e2e3b4a22d8fdf21 619.77MB / 619.77MB 570.9s done
#5 sha256:613120160416a7db67b85696da307345a8b266e57509a985223660b7a45605c6 0B / 234.37MB 570.9s
#5 ...

#8 [auth] lmsysorg/sglang-rocm:pull token for registry-1.docker.io
#8 DONE 0.0s

#5 [ 1/21] FROM docker.io/lmsysorg/sglang-rocm:v0.5.19-rocm720-mi35x-20260916@sha256:eef7b70e015c94435d68dd92612229d52324b9e8d5edaac741802e7e78e66eb6
#5 sha256:92812c94caad5720ce6c5e5aa835dd105a62f0a429a3b086ae796a5081fbf97b 846.20MB / 1.18GB 571.8s
#5 sha256:613120160416a7db67b85696da307345a8b266e57509a985223660b7a45605c6 12.58MB / 234.37MB 574.9s
#5 sha256:b330dd43ca5b69ec44afcb9868eaa7621269c397f93c7ee68679345f13f5563e 1.31GB / 1.43GB 575.6s
#5 sha256:92812c94caad5720ce6c5e5aa835dd105a62f0a429a3b086ae796a5081fbf97b 873.46MB / 1.18GB 576.9s
#5 sha256:613120160416a7db67b85696da307345a8b266e57509a985223660b7a45605c6 25.17MB / 234.37MB 577.6s
#5 sha256:613120160416a7db67b85696da307345a8b266e57509a985223660b7a45605c6 37.75MB / 234.37MB 580.1s
#5 sha256:b330dd43ca5b69ec44afcb9868eaa7621269c397f93c7ee68679345f13f5563e 1.33GB / 1.43GB 580.6s
#5 sha256:92812c94caad5720ce6c5e5aa835dd105a62f0a429a3b086ae796a5081fbf97b 893.39MB / 1.18GB 582.0s
#5 sha256:613120160416a7db67b85696da307345a8b266e57509a985223660b7a45605c6 50.33MB / 234.37MB 582.9s
#5 sha256:613120160416a7db67b85696da307345a8b266e57509a985223660b7a45605c6 62.91MB / 234.37MB 585.1s
#5 sha256:b330dd43ca5b69ec44afcb9868eaa7621269c397f93c7ee68679345f13f5563e 1.36GB / 1.43GB 585.6s
#5 sha256:92812c94caad5720ce6c5e5aa835dd105a62f0a429a3b086ae796a5081fbf97b 918.55MB / 1.18GB 587.1s
#5 sha256:613120160416a7db67b85696da307345a8b266e57509a985223660b7a45605c6 75.50MB / 234.37MB 587.5s
#5 sha256:613120160416a7db67b85696da307345a8b266e57509a985223660b7a45605c6 88.08MB / 234.37MB 590.2s
#5 sha256:b330dd43ca5b69ec44afcb9868eaa7621269c397f93c7ee68679345f13f5563e 1.38GB / 1.43GB 590.7s
#5 sha256:92812c94caad5720ce6c5e5aa835dd105a62f0a429a3b086ae796a5081fbf97b 944.77MB / 1.18GB 592.2s
#5 sha256:613120160416a7db67b85696da307345a8b266e57509a985223660b7a45605c6 100.66MB / 234.37MB 593.4s
#5 sha256:b330dd43ca5b69ec44afcb9868eaa7621269c397f93c7ee68679345f13f5563e 1.40GB / 1.43GB 595.7s
#5 sha256:613120160416a7db67b85696da307345a8b266e57509a985223660b7a45605c6 113.25MB / 234.37MB 596.0s
#5 sha256:92812c94caad5720ce6c5e5aa835dd105a62f0a429a3b086ae796a5081fbf97b 967.84MB / 1.18GB 597.2s
#5 sha256:613120160416a7db67b85696da307345a8b266e57509a985223660b7a45605c6 125.83MB / 234.37MB 598.6s
#5 sha256:613120160416a7db67b85696da307345a8b266e57509a985223660b7a45605c6 138.41MB / 234.37MB 600.2s
#5 sha256:b330dd43ca5b69ec44afcb9868eaa7621269c397f93c7ee68679345f13f5563e 1.43GB / 1.43GB 600.3s done
#5 extracting sha256:b330dd43ca5b69ec44afcb9868eaa7621269c397f93c7ee68679345f13f5563e 0.1s
#5 sha256:974c23d4166af43c6bda970033a19d18107aac53cc81619e37d6c4138b08a78d 0B / 924B 600.4s
#5 sha256:974c23d4166af43c6bda970033a19d18107aac53cc81619e37d6c4138b08a78d 924B / 924B 600.7s done
#5 sha256:77bca1733401d7fab27e1af4a38ee373d9584d4aa99c5a7bb856524bb01aa97e 0B / 1.67GB 600.7s
#5 sha256:613120160416a7db67b85696da307345a8b266e57509a985223660b7a45605c6 150.99MB / 234.37MB 601.9s
#5 sha256:92812c94caad5720ce6c5e5aa835dd105a62f0a429a3b086ae796a5081fbf97b 993.00MB / 1.18GB 602.3s
#5 sha256:613120160416a7db67b85696da307345a8b266e57509a985223660b7a45605c6 163.58MB / 234.37MB 603.9s
#5 extracting sha256:b330dd43ca5b69ec44afcb9868eaa7621269c397f93c7ee68679345f13f5563e 5.2s
#5 sha256:77bca1733401d7fab27e1af4a38ee373d9584d4aa99c5a7bb856524bb01aa97e 19.92MB / 1.67GB 605.7s
#5 sha256:613120160416a7db67b85696da307345a8b266e57509a985223660b7a45605c6 176.16MB / 234.37MB 606.2s
#5 sha256:92812c94caad5720ce6c5e5aa835dd105a62f0a429a3b086ae796a5081fbf97b 1.02GB / 1.18GB 607.3s
#5 sha256:613120160416a7db67b85696da307345a8b266e57509a985223660b7a45605c6 188.74MB / 234.37MB 608.9s
#5 extracting sha256:b330dd43ca5b69ec44afcb9868eaa7621269c397f93c7ee68679345f13f5563e 10.2s
#5 sha256:77bca1733401d7fab27e1af4a38ee373d9584d4aa99c5a7bb856524bb01aa97e 45.09MB / 1.67GB 610.8s
#5 sha256:613120160416a7db67b85696da307345a8b266e57509a985223660b7a45605c6 201.33MB / 234.37MB 611.6s
#5 sha256:92812c94caad5720ce6c5e5aa835dd105a62f0a429a3b086ae796a5081fbf97b 1.04GB / 1.18GB 612.4s
#5 extracting sha256:b330dd43ca5b69ec44afcb9868eaa7621269c397f93c7ee68679345f13f5563e 11.9s done
#5 extracting sha256:46c52282f27c924d47bb951c9f9d219c09ad8c045969c630bc20344197884e6b done
#5 sha256:613120160416a7db67b85696da307345a8b266e57509a985223660b7a45605c6 213.91MB / 234.37MB 614.2s
#5 sha256:77bca1733401d7fab27e1af4a38ee373d9584d4aa99c5a7bb856524bb01aa97e 68.16MB / 1.67GB 615.8s
#5 sha256:613120160416a7db67b85696da307345a8b266e57509a985223660b7a45605c6 226.49MB / 234.37MB 617.1s
#5 sha256:92812c94caad5720ce6c5e5aa835dd105a62f0a429a3b086ae796a5081fbf97b 1.07GB / 1.18GB 617.5s
#5 sha256:613120160416a7db67b85696da307345a8b266e57509a985223660b7a45605c6 234.37MB / 234.37MB 618.8s done
#5 sha256:bdf373f9133e13b333bcc8734922ff8cc003f0efa9a24b95b6a7594bf701bb99 0B / 9.64kB 618.8s
#5 sha256:bdf373f9133e13b333bcc8734922ff8cc003f0efa9a24b95b6a7594bf701bb99 9.64kB / 9.64kB 619.1s done
#5 sha256:bd7005e98dd1f0f6d48376f190a868a00d627bc325d7b60347ef102a76b5732d 0B / 443.54MB 619.2s
#5 sha256:77bca1733401d7fab27e1af4a38ee373d9584d4aa99c5a7bb856524bb01aa97e 90.18MB / 1.67GB 620.9s
#5 sha256:92812c94caad5720ce6c5e5aa835dd105a62f0a429a3b086ae796a5081fbf97b 1.09GB / 1.18GB 622.6s
#5 sha256:bd7005e98dd1f0f6d48376f190a868a00d627bc325d7b60347ef102a76b5732d 19.92MB / 443.54MB 624.3s
#5 sha256:77bca1733401d7fab27e1af4a38ee373d9584d4aa99c5a7bb856524bb01aa97e 111.15MB / 1.67GB 625.9s
#5 sha256:92812c94caad5720ce6c5e5aa835dd105a62f0a429a3b086ae796a5081fbf97b 1.12GB / 1.18GB 627.7s
#5 sha256:bd7005e98dd1f0f6d48376f190a868a00d627bc325d7b60347ef102a76b5732d 42.99MB / 443.54MB 629.1s
#5 sha256:77bca1733401d7fab27e1af4a38ee373d9584d4aa99c5a7bb856524bb01aa97e 135.27MB / 1.67GB 631.0s
#5 sha256:92812c94caad5720ce6c5e5aa835dd105a62f0a429a3b086ae796a5081fbf97b 1.14GB / 1.18GB 632.7s
#5 sha256:bd7005e98dd1f0f6d48376f190a868a00d627bc325d7b60347ef102a76b5732d 66.06MB / 443.54MB 634.0s
#5 sha256:77bca1733401d7fab27e1af4a38ee373d9584d4aa99c5a7bb856524bb01aa97e 160.43MB / 1.67GB 636.0s
#5 sha256:92812c94caad5720ce6c5e5aa835dd105a62f0a429a3b086ae796a5081fbf97b 1.17GB / 1.18GB 637.8s
#5 sha256:bd7005e98dd1f0f6d48376f190a868a00d627bc325d7b60347ef102a76b5732d 89.13MB / 443.54MB 638.4s
#5 sha256:92812c94caad5720ce6c5e5aa835dd105a62f0a429a3b086ae796a5081fbf97b 1.18GB / 1.18GB 639.7s done
#5 extracting sha256:92812c94caad5720ce6c5e5aa835dd105a62f0a429a3b086ae796a5081fbf97b
#5 sha256:77bca1733401d7fab27e1af4a38ee373d9584d4aa99c5a7bb856524bb01aa97e 182.45MB / 1.67GB 641.1s
#5 sha256:bd7005e98dd1f0f6d48376f190a868a00d627bc325d7b60347ef102a76b5732d 112.20MB / 443.54MB 643.1s
#5 extracting sha256:92812c94caad5720ce6c5e5aa835dd105a62f0a429a3b086ae796a5081fbf97b 5.1s
#5 sha256:77bca1733401d7fab27e1af4a38ee373d9584d4aa99c5a7bb856524bb01aa97e 208.67MB / 1.67GB 646.3s
#5 sha256:bd7005e98dd1f0f6d48376f190a868a00d627bc325d7b60347ef102a76b5732d 135.27MB / 443.54MB 647.2s
#5 extracting sha256:92812c94caad5720ce6c5e5aa835dd105a62f0a429a3b086ae796a5081fbf97b 8.6s done
#5 extracting sha256:aee076b390bf236b90bd5e96957676acc980b382f3bab45ca3e915b9ee1443a7
#5 extracting sha256:aee076b390bf236b90bd5e96957676acc980b382f3bab45ca3e915b9ee1443a7 0.1s done
#5 extracting sha256:d04d18eab301488886a9d35474ecc1ce7bc8d3a2fbdbc47c57ee51c622caa342 0.1s done
#5 extracting sha256:0cba64a64a16c608ebaaa10bcb8369a4bcd93900a3c9e401e2e3b4a22d8fdf21
#5 sha256:77bca1733401d7fab27e1af4a38ee373d9584d4aa99c5a7bb856524bb01aa97e 231.74MB / 1.67GB 651.3s
#5 extracting sha256:0cba64a64a16c608ebaaa10bcb8369a4bcd93900a3c9e401e2e3b4a22d8fdf21 3.2s done
#5 extracting sha256:613120160416a7db67b85696da307345a8b266e57509a985223660b7a45605c6 0.1s
#5 sha256:bd7005e98dd1f0f6d48376f190a868a00d627bc325d7b60347ef102a76b5732d 156.24MB / 443.54MB 652.4s
#5 extracting sha256:613120160416a7db67b85696da307345a8b266e57509a985223660b7a45605c6 2.4s done
#5 extracting sha256:974c23d4166af43c6bda970033a19d18107aac53cc81619e37d6c4138b08a78d
#5 extracting sha256:974c23d4166af43c6bda970033a19d18107aac53cc81619e37d6c4138b08a78d done
#5 sha256:77bca1733401d7fab27e1af4a38ee373d9584d4aa99c5a7bb856524bb01aa97e 255.85MB / 1.67GB 656.3s
#5 sha256:bd7005e98dd1f0f6d48376f190a868a00d627bc325d7b60347ef102a76b5732d 178.26MB / 443.54MB 657.5s
#5 sha256:77bca1733401d7fab27e1af4a38ee373d9584d4aa99c5a7bb856524bb01aa97e 276.82MB / 1.67GB 661.4s
#5 sha256:bd7005e98dd1f0f6d48376f190a868a00d627bc325d7b60347ef102a76b5732d 199.23MB / 443.54MB 662.6s
#5 sha256:77bca1733401d7fab27e1af4a38ee373d9584d4aa99c5a7bb856524bb01aa97e 297.80MB / 1.67GB 666.6s
#5 sha256:bd7005e98dd1f0f6d48376f190a868a00d627bc325d7b60347ef102a76b5732d 219.15MB / 443.54MB 667.7s
#5 sha256:77bca1733401d7fab27e1af4a38ee373d9584d4aa99c5a7bb856524bb01aa97e 319.82MB / 1.67GB 671.7s
#5 sha256:bd7005e98dd1f0f6d48376f190a868a00d627bc325d7b60347ef102a76b5732d 239.08MB / 443.54MB 672.8s
#5 sha256:77bca1733401d7fab27e1af4a38ee373d9584d4aa99c5a7bb856524bb01aa97e 342.88MB / 1.67GB 676.8s
#5 sha256:bd7005e98dd1f0f6d48376f190a868a00d627bc325d7b60347ef102a76b5732d 257.95MB / 443.54MB 677.9s
#5 sha256:77bca1733401d7fab27e1af4a38ee373d9584d4aa99c5a7bb856524bb01aa97e 360.71MB / 1.67GB 681.8s
#5 sha256:bd7005e98dd1f0f6d48376f190a868a00d627bc325d7b60347ef102a76b5732d 276.82MB / 443.54MB 683.0s
#5 sha256:77bca1733401d7fab27e1af4a38ee373d9584d4aa99c5a7bb856524bb01aa97e 381.68MB / 1.67GB 687.0s
#5 sha256:bd7005e98dd1f0f6d48376f190a868a00d627bc325d7b60347ef102a76b5732d 294.65MB / 443.54MB 688.1s
#5 sha256:77bca1733401d7fab27e1af4a38ee373d9584d4aa99c5a7bb856524bb01aa97e 400.56MB / 1.67GB 692.0s
#5 sha256:bd7005e98dd1f0f6d48376f190a868a00d627bc325d7b60347ef102a76b5732d 315.62MB / 443.54MB 693.2s
#5 sha256:77bca1733401d7fab27e1af4a38ee373d9584d4aa99c5a7bb856524bb01aa97e 419.43MB / 1.67GB 697.1s
#5 sha256:bd7005e98dd1f0f6d48376f190a868a00d627bc325d7b60347ef102a76b5732d 338.69MB / 443.54MB 697.9s
#5 sha256:77bca1733401d7fab27e1af4a38ee373d9584d4aa99c5a7bb856524bb01aa97e 437.26MB / 1.67GB 702.3s
#5 sha256:bd7005e98dd1f0f6d48376f190a868a00d627bc325d7b60347ef102a76b5732d 358.61MB / 443.54MB 703.0s
#5 sha256:77bca1733401d7fab27e1af4a38ee373d9584d4aa99c5a7bb856524bb01aa97e 459.28MB / 1.67GB 707.4s
#5 sha256:bd7005e98dd1f0f6d48376f190a868a00d627bc325d7b60347ef102a76b5732d 376.44MB / 443.54MB 708.1s
#5 sha256:77bca1733401d7fab27e1af4a38ee373d9584d4aa99c5a7bb856524bb01aa97e 478.15MB / 1.67GB 712.4s
#5 sha256:bd7005e98dd1f0f6d48376f190a868a00d627bc325d7b60347ef102a76b5732d 392.17MB / 443.54MB 713.2s
#5 sha256:77bca1733401d7fab27e1af4a38ee373d9584d4aa99c5a7bb856524bb01aa97e 495.98MB / 1.67GB 717.6s
#5 sha256:bd7005e98dd1f0f6d48376f190a868a00d627bc325d7b60347ef102a76b5732d 409.99MB / 443.54MB 718.3s
#5 sha256:77bca1733401d7fab27e1af4a38ee373d9584d4aa99c5a7bb856524bb01aa97e 514.85MB / 1.67GB 722.7s
#5 sha256:bd7005e98dd1f0f6d48376f190a868a00d627bc325d7b60347ef102a76b5732d 429.92MB / 443.54MB 723.4s
#5 sha256:bd7005e98dd1f0f6d48376f190a868a00d627bc325d7b60347ef102a76b5732d 443.54MB / 443.54MB 727.2s done
#5 sha256:77bca1733401d7fab27e1af4a38ee373d9584d4aa99c5a7bb856524bb01aa97e 534.77MB / 1.67GB 727.8s
#5 sha256:77bca1733401d7fab27e1af4a38ee373d9584d4aa99c5a7bb856524bb01aa97e 553.65MB / 1.67GB 732.8s
#5 sha256:77bca1733401d7fab27e1af4a38ee373d9584d4aa99c5a7bb856524bb01aa97e 574.62MB / 1.67GB 737.9s
#5 sha256:77bca1733401d7fab27e1af4a38ee373d9584d4aa99c5a7bb856524bb01aa97e 593.49MB / 1.67GB 742.9s
#5 sha256:77bca1733401d7fab27e1af4a38ee373d9584d4aa99c5a7bb856524bb01aa97e 616.56MB / 1.67GB 748.0s
#5 sha256:77bca1733401d7fab27e1af4a38ee373d9584d4aa99c5a7bb856524bb01aa97e 635.44MB / 1.67GB 753.0s
#5 sha256:77bca1733401d7fab27e1af4a38ee373d9584d4aa99c5a7bb856524bb01aa97e 654.31MB / 1.67GB 758.1s
#5 sha256:77bca1733401d7fab27e1af4a38ee373d9584d4aa99c5a7bb856524bb01aa97e 671.09MB / 1.67GB 763.1s
#5 sha256:77bca1733401d7fab27e1af4a38ee373d9584d4aa99c5a7bb856524bb01aa97e 685.77MB / 1.67GB 768.2s
#5 sha256:77bca1733401d7fab27e1af4a38ee373d9584d4aa99c5a7bb856524bb01aa97e 704.64MB / 1.67GB 773.3s
#5 sha256:77bca1733401d7fab27e1af4a38ee373d9584d4aa99c5a7bb856524bb01aa97e 722.47MB / 1.67GB 778.4s
#5 sha256:77bca1733401d7fab27e1af4a38ee373d9584d4aa99c5a7bb856524bb01aa97e 741.34MB / 1.67GB 783.4s
#5 sha256:77bca1733401d7fab27e1af4a38ee373d9584d4aa99c5a7bb856524bb01aa97e 758.12MB / 1.67GB 788.5s
#5 sha256:77bca1733401d7fab27e1af4a38ee373d9584d4aa99c5a7bb856524bb01aa97e 775.95MB / 1.67GB 793.5s
#5 sha256:77bca1733401d7fab27e1af4a38ee373d9584d4aa99c5a7bb856524bb01aa97e 793.77MB / 1.67GB 798.6s
#5 sha256:77bca1733401d7fab27e1af4a38ee373d9584d4aa99c5a7bb856524bb01aa97e 809.50MB / 1.67GB 803.7s
#5 sha256:77bca1733401d7fab27e1af4a38ee373d9584d4aa99c5a7bb856524bb01aa97e 826.28MB / 1.67GB 808.7s
#5 sha256:77bca1733401d7fab27e1af4a38ee373d9584d4aa99c5a7bb856524bb01aa97e 845.15MB / 1.67GB 813.8s
#5 sha256:77bca1733401d7fab27e1af4a38ee373d9584d4aa99c5a7bb856524bb01aa97e 864.03MB / 1.67GB 818.9s
#5 sha256:77bca1733401d7fab27e1af4a38ee373d9584d4aa99c5a7bb856524bb01aa97e 880.80MB / 1.67GB 824.0s
#5 sha256:77bca1733401d7fab27e1af4a38ee373d9584d4aa99c5a7bb856524bb01aa97e 899.68MB / 1.67GB 829.2s
#5 sha256:77bca1733401d7fab27e1af4a38ee373d9584d4aa99c5a7bb856524bb01aa97e 916.46MB / 1.67GB 834.3s
#5 sha256:77bca1733401d7fab27e1af4a38ee373d9584d4aa99c5a7bb856524bb01aa97e 933.23MB / 1.67GB 839.3s
#5 sha256:77bca1733401d7fab27e1af4a38ee373d9584d4aa99c5a7bb856524bb01aa97e 951.06MB / 1.67GB 844.3s
#5 sha256:77bca1733401d7fab27e1af4a38ee373d9584d4aa99c5a7bb856524bb01aa97e 969.93MB / 1.67GB 849.4s
#5 sha256:77bca1733401d7fab27e1af4a38ee373d9584d4aa99c5a7bb856524bb01aa97e 987.76MB / 1.67GB 854.4s
#5 sha256:77bca1733401d7fab27e1af4a38ee373d9584d4aa99c5a7bb856524bb01aa97e 1.01GB / 1.67GB 859.5s
#5 sha256:77bca1733401d7fab27e1af4a38ee373d9584d4aa99c5a7bb856524bb01aa97e 1.03GB / 1.67GB 864.5s
#5 sha256:77bca1733401d7fab27e1af4a38ee373d9584d4aa99c5a7bb856524bb01aa97e 1.06GB / 1.67GB 869.7s
#5 sha256:77bca1733401d7fab27e1af4a38ee373d9584d4aa99c5a7bb856524bb01aa97e 1.08GB / 1.67GB 874.7s
#5 sha256:77bca1733401d7fab27e1af4a38ee373d9584d4aa99c5a7bb856524bb01aa97e 1.10GB / 1.67GB 879.8s
#5 sha256:77bca1733401d7fab27e1af4a38ee373d9584d4aa99c5a7bb856524bb01aa97e 1.12GB / 1.67GB 884.9s
#5 sha256:77bca1733401d7fab27e1af4a38ee373d9584d4aa99c5a7bb856524bb01aa97e 1.14GB / 1.67GB 890.0s
#5 sha256:77bca1733401d7fab27e1af4a38ee373d9584d4aa99c5a7bb856524bb01aa97e 1.16GB / 1.67GB 895.0s
#5 sha256:77bca1733401d7fab27e1af4a38ee373d9584d4aa99c5a7bb856524bb01aa97e 1.19GB / 1.67GB 900.2s
#5 sha256:77bca1733401d7fab27e1af4a38ee373d9584d4aa99c5a7bb856524bb01aa97e 1.21GB / 1.67GB 905.3s
#5 sha256:77bca1733401d7fab27e1af4a38ee373d9584d4aa99c5a7bb856524bb01aa97e 1.23GB / 1.67GB 910.3s
#5 sha256:77bca1733401d7fab27e1af4a38ee373d9584d4aa99c5a7bb856524bb01aa97e 1.26GB / 1.67GB 915.4s
#5 sha256:77bca1733401d7fab27e1af4a38ee373d9584d4aa99c5a7bb856524bb01aa97e 1.28GB / 1.67GB 920.5s
#5 sha256:77bca1733401d7fab27e1af4a38ee373d9584d4aa99c5a7bb856524bb01aa97e 1.30GB / 1.67GB 925.6s
#5 sha256:77bca1733401d7fab27e1af4a38ee373d9584d4aa99c5a7bb856524bb01aa97e 1.33GB / 1.67GB 930.7s
#5 sha256:77bca1733401d7fab27e1af4a38ee373d9584d4aa99c5a7bb856524bb01aa97e 1.34GB / 1.67GB 935.7s
#5 sha256:77bca1733401d7fab27e1af4a38ee373d9584d4aa99c5a7bb856524bb01aa97e 1.36GB / 1.67GB 940.8s
#5 sha256:77bca1733401d7fab27e1af4a38ee373d9584d4aa99c5a7bb856524bb01aa97e 1.38GB / 1.67GB 945.8s
#5 sha256:77bca1733401d7fab27e1af4a38ee373d9584d4aa99c5a7bb856524bb01aa97e 1.40GB / 1.67GB 950.8s
#5 sha256:77bca1733401d7fab27e1af4a38ee373d9584d4aa99c5a7bb856524bb01aa97e 1.43GB / 1.67GB 955.9s
#5 sha256:77bca1733401d7fab27e1af4a38ee373d9584d4aa99c5a7bb856524bb01aa97e 1.45GB / 1.67GB 961.0s
#5 sha256:77bca1733401d7fab27e1af4a38ee373d9584d4aa99c5a7bb856524bb01aa97e 1.47GB / 1.67GB 966.1s
#5 sha256:77bca1733401d7fab27e1af4a38ee373d9584d4aa99c5a7bb856524bb01aa97e 1.49GB / 1.67GB 971.2s
#5 sha256:77bca1733401d7fab27e1af4a38ee373d9584d4aa99c5a7bb856524bb01aa97e 1.51GB / 1.67GB 976.3s
#5 sha256:77bca1733401d7fab27e1af4a38ee373d9584d4aa99c5a7bb856524bb01aa97e 1.53GB / 1.67GB 981.3s
#5 sha256:77bca1733401d7fab27e1af4a38ee373d9584d4aa99c5a7bb856524bb01aa97e 1.55GB / 1.67GB 986.4s
#5 sha256:77bca1733401d7fab27e1af4a38ee373d9584d4aa99c5a7bb856524bb01aa97e 1.57GB / 1.67GB 991.5s
#5 sha256:77bca1733401d7fab27e1af4a38ee373d9584d4aa99c5a7bb856524bb01aa97e 1.59GB / 1.67GB 996.5s
#5 sha256:77bca1733401d7fab27e1af4a38ee373d9584d4aa99c5a7bb856524bb01aa97e 1.62GB / 1.67GB 1001.6s
#5 sha256:77bca1733401d7fab27e1af4a38ee373d9584d4aa99c5a7bb856524bb01aa97e 1.64GB / 1.67GB 1006.6s
#5 sha256:77bca1733401d7fab27e1af4a38ee373d9584d4aa99c5a7bb856524bb01aa97e 1.66GB / 1.67GB 1011.7s
#5 sha256:77bca1733401d7fab27e1af4a38ee373d9584d4aa99c5a7bb856524bb01aa97e 1.67GB / 1.67GB 1015.7s done
#5 extracting sha256:77bca1733401d7fab27e1af4a38ee373d9584d4aa99c5a7bb856524bb01aa97e 0.1s
#5 extracting sha256:77bca1733401d7fab27e1af4a38ee373d9584d4aa99c5a7bb856524bb01aa97e 5.2s
#5 extracting sha256:77bca1733401d7fab27e1af4a38ee373d9584d4aa99c5a7bb856524bb01aa97e 7.7s done
#5 extracting sha256:bdf373f9133e13b333bcc8734922ff8cc003f0efa9a24b95b6a7594bf701bb99
#5 extracting sha256:bdf373f9133e13b333bcc8734922ff8cc003f0efa9a24b95b6a7594bf701bb99 done
#5 extracting sha256:bd7005e98dd1f0f6d48376f190a868a00d627bc325d7b60347ef102a76b5732d 0.1s
#5 extracting sha256:bd7005e98dd1f0f6d48376f190a868a00d627bc325d7b60347ef102a76b5732d 3.0s done
#5 DONE 1026.6s

#9 [ 2/21] WORKDIR /opt/infera
#9 DONE 0.5s

#10 [ 3/21] COPY deploy/docker/scripts/build_mooncake_sglang.sh /tmp/build_mooncake_sglang.sh
#10 DONE 0.0s

#11 [ 4/21] RUN if [ "1" = "1" ]; then         MOONCAKE_GIT_REF="faae8dd4a6309c3ecd47e0721a83b0250d686fa2" bash /tmp/build_mooncake_sglang.sh;     else         echo "BUILD_MOONCAKE=0 — leaving base Mooncake as-is";     fi     && rm -f /tmp/build_mooncake_sglang.sh
#11 0.055 Cloning into '/tmp/mooncake-upstream'...
#11 65.84 From https://github.com/kvcache-ai/Mooncake
#11 65.84  * branch              faae8dd4a6309c3ecd47e0721a83b0250d686fa2 -> FETCH_HEAD
#11 562.8 HEAD is now at faae8dd4 [Bugfix][TENT] Bound peer key lookups by the published vector length (#3265)
#11 562.8 Submodule 'extern/pybind11' (https://github.com/pybind/pybind11.git) registered for path 'extern/pybind11'
#11 562.8 Submodule 'extern/yalantinglibs' (https://github.com/alibaba/yalantinglibs.git) registered for path 'extern/yalantinglibs'
#11 562.8 Cloning into '/tmp/mooncake-upstream/extern/pybind11'...
#11 727.7 Cloning into '/tmp/mooncake-upstream/extern/yalantinglibs'...
#11 882.6 Submodule path 'extern/pybind11': checked out '58c382a8e3d7081364d2f5c62e7f429f0412743b'
#11 882.6 Submodule path 'extern/yalantinglibs': checked out '7801bc9ad9021781f15217552214e325a1cf7373'
#11 882.6 [mc-build] Mooncake faae8dd4a6309c3ecd47e0721a83b0250d686fa2
#11 883.8    Error: 'Failed to get device count'
#11 883.8 -- HIP dmabuf MR registration enabled (hsa-runtime64 found)
#11 883.8    Error: 'Failed to get device count'
#11 939.0 [40/49] Building CXX object mooncake-transfer-engine/src/CMakeFiles/transfer_engine.dir/transfer_metadata_plugin.cpp.o
#11 939.0 [41/49] Building CXX object mooncake-transfer-engine/src/CMakeFiles/transfer_engine.dir/show_links.cpp.o
#11 939.0 [42/49] Building CXX object mooncake-transfer-engine/src/CMakeFiles/transfer_engine.dir/transfer_engine.cpp.o
#11 939.0 [43/49] Building CXX object mooncake-transfer-engine/src/CMakeFiles/transfer_engine.dir/topology.cpp.o
#11 939.0 [44/49] Building CXX object mooncake-transfer-engine/src/CMakeFiles/transfer_engine.dir/transfer_engine_impl.cpp.o
#11 939.0 [45/49] Building CXX object mooncake-transfer-engine/src/CMakeFiles/transfer_engine.dir/multi_transport.cpp.o
#11 939.0 [46/49] Building CXX object mooncake-transfer-engine/src/CMakeFiles/transfer_engine.dir/transfer_metadata.cpp.o
#11 939.0 [47/49] Linking CXX static library mooncake-transfer-engine/src/libtransfer_engine.a
#11 939.0 [48/49] Building CXX object mooncake-integration/CMakeFiles/engine.dir/transfer_engine/transfer_engine_py.cpp.o
#11 939.0 [49/49] Linking CXX shared module mooncake-integration/engine.cpython-310-x86_64-linux-gnu.so
#11 939.1 /sbin/ldconfig.real: /usr/local/lib/libbnxt_re-rdmav34.so is not a symbolic link
#11 939.1 
#11 939.8 [mc-build] DONE: upstream Mooncake faae8dd4a6309c3ecd47e0721a83b0250d686fa2
#11 939.8 [mc-build] dma-buf=present cross-host-routing=present arch=gfx950
#11 DONE 940.0s

#12 [ 5/21] RUN set -eu;     if [ "1" != "1" ]; then         echo "skipping Mooncake cross-host routing assertion";     else         so_dir="$(python3 -c 'import mooncake, os; print(os.path.dirname(mooncake.__file__))')";         so="$(ls "$so_dir"/engine*.so | head -1)";         syms="$(strings "$so")";         printf '%s\n' "$syms" | grep -q "MC_DISABLE_HIP" || {             echo "ERROR: $so lacks upstream cross-host HIP locality routing" >&2;             exit 1; };         echo "MOONCAKE_CROSS_HOST_ROUTING=present ($so)";     fi
#12 0.428 MOONCAKE_CROSS_HOST_ROUTING=present (/opt/venv/lib/python3.10/site-packages/mooncake/engine.cpython-310-x86_64-linux-gnu.so)
#12 DONE 0.4s

#13 [ 6/21] RUN if [ "1" = "1" ]; then         (curl -4 -fsSL --retry 3 -o /tmp/libionic.deb "https://repo.radeon.com/amdainic/pensando/ubuntu/1.117.5-a-77/pool/main/r/rdma-core/libionic1_54.0-187-1_amd64.deb"           && dpkg -i --force-downgrade /tmp/libionic.deb           && ldconfig           && echo "libionic: $(dpkg -l | awk '/libionic1/{print $3}')"           && rm -f /tmp/libionic.deb)         || echo "[libionic] install failed (offline build?) — inject at runtime instead";     else         echo "INSTALL_LIBIONIC=0 — libionic injected at container start";     fi
#13 0.605 (Reading database ... 126510 files and directories currently installed.)
#13 0.606 Preparing to unpack /tmp/libionic.deb ...
#13 0.607 Unpacking libionic1:amd64 (54.0-187-1) over (54.0-149.g3304be71) ...
#13 0.617 Setting up libionic1:amd64 (54.0-187-1) ...
#13 0.618 Processing triggers for libc-bin (2.35-0ubuntu3.15) ...
#13 0.622 /sbin/ldconfig.real: /usr/local/lib/libbnxt_re-rdmav34.so is not a symbolic link
#13 0.622 
#13 0.647 /sbin/ldconfig.real: /usr/local/lib/libbnxt_re-rdmav34.so is not a symbolic link
#13 0.647 
#13 0.665 libionic: 54.0-187-1
#13 DONE 0.7s

#14 [ 7/21] COPY pyproject.toml README.md ./
#14 DONE 0.0s

#15 [ 8/21] COPY infera ./infera
#15 DONE 0.0s

#16 [ 9/21] RUN pip install --no-cache-dir ".[sglang]" "setuptools>=83.0.0"
#16 0.311 Processing ./.
#16 0.312   Installing build dependencies: started
#16 2.358   Installing build dependencies: finished with status 'done'
#16 2.358   Getting requirements to build wheel: started
#16 2.614   Getting requirements to build wheel: finished with status 'done'
#16 2.615   Preparing metadata (pyproject.toml): started
#16 2.736   Preparing metadata (pyproject.toml): finished with status 'done'
#16 3.107 Collecting setuptools>=83.0.0
#16 4.175   Downloading setuptools-84.0.0-py3-none-any.whl.metadata (6.6 kB)
#16 4.179 Requirement already satisfied: fastapi>=0.115 in /opt/venv/lib/python3.10/site-packages (from amd-infera==0.0.0) (0.141.1)
#16 4.179 Requirement already satisfied: uvicorn>=0.32 in /opt/venv/lib/python3.10/site-packages (from uvicorn[standard]>=0.32->amd-infera==0.0.0) (0.53.0)
#16 4.180 Requirement already satisfied: httpx>=0.28 in /opt/venv/lib/python3.10/site-packages (from amd-infera==0.0.0) (0.28.1)
#16 4.180 Requirement already satisfied: xxhash>=3.4 in /opt/venv/lib/python3.10/site-packages (from amd-infera==0.0.0) (4.0.1)
#16 4.180 Requirement already satisfied: pyzmq>=26 in /opt/venv/lib/python3.10/site-packages (from amd-infera==0.0.0) (27.2.0)
#16 4.180 Requirement already satisfied: msgspec>=0.18 in /opt/venv/lib/python3.10/site-packages (from amd-infera==0.0.0) (0.21.1)
#16 4.180 Requirement already satisfied: msgpack>=1.1 in /opt/venv/lib/python3.10/site-packages (from amd-infera==0.0.0) (1.2.2)
#16 4.180 Requirement already satisfied: transformers>=4.40 in /opt/venv/lib/python3.10/site-packages (from amd-infera==0.0.0) (5.12.1)
#16 4.181 Requirement already satisfied: prometheus-client>=0.20 in /opt/venv/lib/python3.10/site-packages (from amd-infera==0.0.0) (0.26.0)
#16 4.217 Collecting nats-py>=2.6 (from amd-infera==0.0.0)
#16 4.226   Downloading nats_py-2.16.0-py3-none-any.whl.metadata (8.0 kB)
#16 4.241 Requirement already satisfied: tiktoken>=0.7 in /opt/venv/lib/python3.10/site-packages (from amd-infera==0.0.0) (0.14.0)
#16 4.243 Requirement already satisfied: starlette>=0.46.0 in /opt/venv/lib/python3.10/site-packages (from fastapi>=0.115->amd-infera==0.0.0) (1.6.0)
#16 4.243 Requirement already satisfied: pydantic>=2.9.0 in /opt/venv/lib/python3.10/site-packages (from fastapi>=0.115->amd-infera==0.0.0) (2.13.5)
#16 4.244 Requirement already satisfied: typing-extensions>=4.8.0 in /opt/venv/lib/python3.10/site-packages (from fastapi>=0.115->amd-infera==0.0.0) (4.16.0)
#16 4.244 Requirement already satisfied: typing-inspection>=0.4.2 in /opt/venv/lib/python3.10/site-packages (from fastapi>=0.115->amd-infera==0.0.0) (0.4.4)
#16 4.244 Requirement already satisfied: annotated-doc>=0.0.2 in /opt/venv/lib/python3.10/site-packages (from fastapi>=0.115->amd-infera==0.0.0) (0.0.5)
#16 4.245 Requirement already satisfied: anyio in /opt/venv/lib/python3.10/site-packages (from httpx>=0.28->amd-infera==0.0.0) (4.15.1)
#16 4.245 Requirement already satisfied: certifi in /opt/venv/lib/python3.10/site-packages (from httpx>=0.28->amd-infera==0.0.0) (2026.7.22)
#16 4.245 Requirement already satisfied: httpcore==1.* in /opt/venv/lib/python3.10/site-packages (from httpx>=0.28->amd-infera==0.0.0) (1.0.9)
#16 4.246 Requirement already satisfied: idna in /opt/venv/lib/python3.10/site-packages (from httpx>=0.28->amd-infera==0.0.0) (3.19)
#16 4.246 Requirement already satisfied: h11>=0.16 in /opt/venv/lib/python3.10/site-packages (from httpcore==1.*->httpx>=0.28->amd-infera==0.0.0) (0.16.0)
#16 4.249 Requirement already satisfied: annotated-types>=0.6.0 in /opt/venv/lib/python3.10/site-packages (from pydantic>=2.9.0->fastapi>=0.115->amd-infera==0.0.0) (0.8.0)
#16 4.249 Requirement already satisfied: pydantic-core==2.46.5 in /opt/venv/lib/python3.10/site-packages (from pydantic>=2.9.0->fastapi>=0.115->amd-infera==0.0.0) (2.46.5)
#16 4.251 Requirement already satisfied: exceptiongroup>=1.0.2 in /opt/venv/lib/python3.10/site-packages (from anyio->httpx>=0.28->amd-infera==0.0.0) (1.3.1)
#16 4.253 Requirement already satisfied: regex in /opt/venv/lib/python3.10/site-packages (from tiktoken>=0.7->amd-infera==0.0.0) (2026.9.10)
#16 4.253 Requirement already satisfied: requests in /opt/venv/lib/python3.10/site-packages (from tiktoken>=0.7->amd-infera==0.0.0) (2.34.2)
#16 4.278 Requirement already satisfied: huggingface-hub<2.0,>=1.5.0 in /opt/venv/lib/python3.10/site-packages (from transformers>=4.40->amd-infera==0.0.0) (1.31.0)
#16 4.278 Requirement already satisfied: numpy>=1.17 in /opt/venv/lib/python3.10/site-packages (from transformers>=4.40->amd-infera==0.0.0) (2.2.6)
#16 4.279 Requirement already satisfied: packaging>=20.0 in /opt/venv/lib/python3.10/site-packages (from transformers>=4.40->amd-infera==0.0.0) (26.3)
#16 4.279 Requirement already satisfied: pyyaml>=5.1 in /opt/venv/lib/python3.10/site-packages (from transformers>=4.40->amd-infera==0.0.0) (6.0.1)
#16 4.279 Requirement already satisfied: tokenizers<=0.23.0,>=0.22.0 in /opt/venv/lib/python3.10/site-packages (from transformers>=4.40->amd-infera==0.0.0) (0.22.2)
#16 4.279 Requirement already satisfied: typer in /opt/venv/lib/python3.10/site-packages (from transformers>=4.40->amd-infera==0.0.0) (0.27.2)
#16 4.279 Requirement already satisfied: safetensors>=0.4.3 in /opt/venv/lib/python3.10/site-packages (from transformers>=4.40->amd-infera==0.0.0) (0.8.0)
#16 4.279 Requirement already satisfied: tqdm>=4.60 in /opt/venv/lib/python3.10/site-packages (from transformers>=4.40->amd-infera==0.0.0) (4.67.1)
#16 4.286 Requirement already satisfied: click<9.0.0,>=8.4.2 in /opt/venv/lib/python3.10/site-packages (from huggingface-hub<2.0,>=1.5.0->transformers>=4.40->amd-infera==0.0.0) (8.5.0)
#16 4.286 Requirement already satisfied: filelock>=3.10.0 in /opt/venv/lib/python3.10/site-packages (from huggingface-hub<2.0,>=1.5.0->transformers>=4.40->amd-infera==0.0.0) (3.32.7)
#16 4.286 Requirement already satisfied: fsspec>=2023.5.0 in /opt/venv/lib/python3.10/site-packages (from huggingface-hub<2.0,>=1.5.0->transformers>=4.40->amd-infera==0.0.0) (2026.1.0)
#16 4.287 Requirement already satisfied: hf-xet<2.0.0,>=1.5.2 in /opt/venv/lib/python3.10/site-packages (from huggingface-hub<2.0,>=1.5.0->transformers>=4.40->amd-infera==0.0.0) (1.6.0)
#16 4.355 Collecting httptools>=0.8.0 (from uvicorn[standard]>=0.32->amd-infera==0.0.0)
#16 4.364   Downloading httptools-0.8.0-cp310-cp310-manylinux1_x86_64.manylinux_2_28_x86_64.manylinux_2_5_x86_64.whl.metadata (3.5 kB)
#16 4.365 Requirement already satisfied: python-dotenv>=0.13 in /opt/venv/lib/python3.10/site-packages (from uvicorn[standard]>=0.32->amd-infera==0.0.0) (1.2.3)
#16 4.365 Requirement already satisfied: uvloop>=0.15.1 in /opt/venv/lib/python3.10/site-packages (from uvicorn[standard]>=0.32->amd-infera==0.0.0) (0.22.1)
#16 4.519 Collecting watchfiles>=0.20 (from uvicorn[standard]>=0.32->amd-infera==0.0.0)
#16 4.527   Downloading watchfiles-1.3.0-cp310-abi3-manylinux_2_17_x86_64.manylinux2014_x86_64.whl.metadata (4.9 kB)
#16 5.065 Collecting websockets>=13.0 (from uvicorn[standard]>=0.32->amd-infera==0.0.0)
#16 5.073   Downloading websockets-16.1.1-cp310-cp310-manylinux1_x86_64.manylinux_2_28_x86_64.manylinux_2_5_x86_64.whl.metadata (6.8 kB)
#16 5.094 Requirement already satisfied: grpcio>=1.81.1 in /opt/venv/lib/python3.10/site-packages (from amd-infera==0.0.0) (1.84.0)
#16 5.094 Requirement already satisfied: protobuf>=6.33.5 in /opt/venv/lib/python3.10/site-packages (from amd-infera==0.0.0) (7.36.1)
#16 5.094 Requirement already satisfied: grpcio-health-checking>=1.81.1 in /opt/venv/lib/python3.10/site-packages (from amd-infera==0.0.0) (1.84.0)
#16 5.095 Requirement already satisfied: cryptography>=41 in /opt/venv/lib/python3.10/site-packages (from amd-infera==0.0.0) (50.0.1)
#16 5.095 Requirement already satisfied: cffi>=2.0.0 in /opt/venv/lib/python3.10/site-packages (from cryptography>=41->amd-infera==0.0.0) (2.1.1)
#16 5.096 Requirement already satisfied: pycparser in /opt/venv/lib/python3.10/site-packages (from cffi>=2.0.0->cryptography>=41->amd-infera==0.0.0) (3.0)
#16 5.099 Requirement already satisfied: charset_normalizer<4,>=2 in /opt/venv/lib/python3.10/site-packages (from requests->tiktoken>=0.7->amd-infera==0.0.0) (3.5.1)
#16 5.099 Requirement already satisfied: urllib3<3,>=1.26 in /opt/venv/lib/python3.10/site-packages (from requests->tiktoken>=0.7->amd-infera==0.0.0) (2.8.0)
#16 5.102 Requirement already satisfied: shellingham>=1.3.0 in /opt/venv/lib/python3.10/site-packages (from typer->transformers>=4.40->amd-infera==0.0.0) (1.5.4)
#16 5.102 Requirement already satisfied: rich>=13.8.0 in /opt/venv/lib/python3.10/site-packages (from typer->transformers>=4.40->amd-infera==0.0.0) (15.0.0)
#16 5.103 Requirement already satisfied: markdown-it-py>=2.2.0 in /opt/venv/lib/python3.10/site-packages (from rich>=13.8.0->typer->transformers>=4.40->amd-infera==0.0.0) (4.2.0)
#16 5.103 Requirement already satisfied: pygments<3.0.0,>=2.13.0 in /opt/venv/lib/python3.10/site-packages (from rich>=13.8.0->typer->transformers>=4.40->amd-infera==0.0.0) (2.19.2)
#16 5.105 Requirement already satisfied: mdurl~=0.1 in /opt/venv/lib/python3.10/site-packages (from markdown-it-py>=2.2.0->rich>=13.8.0->typer->transformers>=4.40->amd-infera==0.0.0) (0.1.2)
#16 5.115 Downloading setuptools-84.0.0-py3-none-any.whl (818 kB)
#16 6.051    ━━━━━━━━━━━━━━━━━━━━━━━━━━━━━━━━━━━━━━━━ 818.2/818.2 kB 696.2 kB/s  0:00:00
#16 6.060 Downloading nats_py-2.16.0-py3-none-any.whl (93 kB)
#16 6.300 Downloading httptools-0.8.0-cp310-cp310-manylinux1_x86_64.manylinux_2_28_x86_64.manylinux_2_5_x86_64.whl (450 kB)
#16 7.299 Downloading watchfiles-1.3.0-cp310-abi3-manylinux_2_17_x86_64.manylinux2014_x86_64.whl (458 kB)
#16 8.772 Downloading websockets-16.1.1-cp310-cp310-manylinux1_x86_64.manylinux_2_28_x86_64.manylinux_2_5_x86_64.whl (186 kB)
#16 8.918 Building wheels for collected packages: amd-infera
#16 8.919   Building wheel for amd-infera (pyproject.toml): started
#16 9.184   Building wheel for amd-infera (pyproject.toml): finished with status 'done'
#16 9.185   Created wheel for amd-infera: filename=amd_infera-0.0.0-py3-none-any.whl size=1267250 sha256=d90fa4ed4ef72897d7ecc9933b7c450f0a460b09be725df3e07571fb8cefcb08
#16 9.185   Stored in directory: /tmp/pip-ephem-wheel-cache-65bhl70d/wheels/da/00/c3/1097a77ad14812f07fa32b433b917bba5802922bc6f6c040da
#16 9.189 Successfully built amd-infera
#16 9.369 Installing collected packages: websockets, setuptools, nats-py, httptools, watchfiles, amd-infera
#16 9.405   Attempting uninstall: setuptools
#16 9.406     Found existing installation: setuptools 79.0.1
#16 9.424     Uninstalling setuptools-79.0.1:
#16 9.773       Successfully uninstalled setuptools-79.0.1
#16 10.18 
#16 10.19 Successfully installed amd-infera-0.0.0 httptools-0.8.0 nats-py-2.16.0 setuptools-84.0.0 watchfiles-1.3.0 websockets-16.1.1
#16 DONE 10.3s

#17 [10/21] COPY deploy/docker/patches/sglang_dsa/ /tmp/sglang_dsa/
#17 DONE 0.0s

#18 [11/21] COPY deploy/docker/scripts/apply_sglang_dsa_patches.sh /tmp/apply_sglang_dsa_patches.sh
#18 DONE 0.0s

#19 [12/21] RUN if [ "1" = "1" ]; then         PATCH_DIR=/tmp/sglang_dsa bash /tmp/apply_sglang_dsa_patches.sh;     else         echo "APPLY_SGLANG_DSA_PATCHES=0 — stock sglang, GLM-5.2 PD+DPA+MTP will NOT work";     fi     && rm -rf /tmp/apply_sglang_dsa_patches.sh /tmp/sglang_dsa
#19 0.060 === sglang DSA patches (full): applying to /sgl-workspace/sglang ===
#19 0.060   --- patch_dsa_indexer_hip_dp_padded_rows.py
#19 0.077 [dsa-indexer-rows] patched /sgl-workspace/sglang/python/sglang/srt/layers/attention/dsa/dsa_indexer.py
#19 0.077 [dsa-indexer-rows] aiter paged-MQA now sees the real row count under DP-attention
#19 0.080   --- dsa_dp_sync.diff
#19 0.086       patching file python/sglang/srt/layers/attention/dsa_backend.py
#19 0.086       Hunk #1 succeeded at 848 (offset 57 lines).
#19 0.086       Hunk #2 succeeded at 926 (offset 67 lines).
#19 0.086   --- dsa_page_table_rows.diff
#19 0.091       patching file python/sglang/srt/layers/attention/dsa_backend.py
#19 0.091       Hunk #1 succeeded at 171 (offset 4 lines).
#19 0.091       Hunk #2 succeeded at 2298 (offset 11 lines).
#19 0.091       Hunk #3 succeeded at 3437 (offset 202 lines).
#19 0.092   --- draft_cuda_graph_dp_vote.diff
#19 0.100       patching file python/sglang/srt/managers/schedule_batch.py
#19 0.100       patching file python/sglang/srt/managers/scheduler_components/dp_attn.py
#19 0.100       patching file python/sglang/srt/model_executor/forward_batch_info.py
#19 0.100       patching file python/sglang/srt/speculative/eagle_draft_cuda_graph_runner.py
#19 0.100       patching file python/sglang/srt/disaggregation/decode.py
#19 0.100       Hunk #1 succeeded at 2679 (offset 444 lines).
#19 0.100       patching file python/sglang/srt/speculative/eagle_worker_v2.py
#19 0.100       Hunk #1 succeeded at 1227 (offset 169 lines).
#19 0.100       patching file python/sglang/srt/speculative/base_spec_worker.py
#19 0.100       Hunk #1 succeeded at 235 (offset 74 lines).
#19 0.100 === dropping __pycache__ so verification cannot read a stale .pyc ===
#19 0.105 === verifying every patch reached the bytecode ===
#19 0.138   dsa_indexer.py :: _p1v2_trim               -> pyc=1 (want >0)
#19 0.171   dsa_indexer.py :: _p1v2_rows               -> pyc=1 (want >0)
#19 0.206   dsa_backend.py :: must not be None for DRAFT_EXTEND_V2 -> pyc=1 (want >0)
#19 0.242   dsa_backend.py :: _glm52_match_page_table_rows -> pyc=1 (want >0)
#19 0.275   decode.py :: force_disable_draft_cuda_graph -> pyc=1 (want >0)
#19 0.304   dp_attn.py :: can_run_draft_cuda_graph     -> pyc=1 (want >0)
#19 0.335   eagle_draft_cuda_graph_runner.py :: can_run_dp_draft_cuda_graph -> pyc=1 (want >0)
#19 0.335 === all sglang DSA patches verified in bytecode ===
#19 DONE 0.3s

#20 [13/21] COPY deploy/docker/patches/sglang_disagg/ /tmp/sglang-disagg-patches/
#20 DONE 0.0s

#21 [14/21] RUN set -eu;     for f in /tmp/sglang-disagg-patches/*.py /tmp/sglang-disagg-patches/v0519/*.py; do         echo "[sglang-patch] $f"; python "$f";     done;     rm -rf /tmp/sglang-disagg-patches
#21 0.077 [sglang-patch] /tmp/sglang-disagg-patches/patch_mooncake_early_send_wait_event.py
#21 0.095 [mc-wait-event] patched /sgl-workspace/sglang/python/sglang/srt/disaggregation/mooncake/conn.py
#21 0.095 [mc-wait-event] patched /sgl-workspace/sglang/python/sglang/srt/disaggregation/prefill.py
#21 0.095 [mc-wait-event] mooncake now waits on the prefill write event before the RDMA read
#21 0.098 [sglang-patch] /tmp/sglang-disagg-patches/patch_responses_pd_bootstrap.py
#21 0.113 [responses-pd-bootstrap] patched /sgl-workspace/sglang/python/sglang/srt/entrypoints/openai/protocol.py
#21 0.113 [responses-pd-bootstrap] /v1/responses now carries bootstrap_host/port/room under PD
#21 0.116 [sglang-patch] /tmp/sglang-disagg-patches/v0519/patch_pd_disable_implicit_rocm_rejection_sampling.py
#21 0.133 [pd-rocm-rejection-sampling] implicit rejection sampling is disabled for PD decode
#21 DONE 0.1s

#22 [15/21] COPY deploy/docker/patches/sglang_responses/v0519/ /tmp/sglang-responses-patches/
#22 DONE 0.0s

#23 [16/21] RUN set -eu;     for f in /tmp/sglang-responses-patches/*.py; do echo "[sglang-patch] $f"; python "$f"; done;     rm -rf /tmp/sglang-responses-patches
#23 0.071 [sglang-patch] /tmp/sglang-responses-patches/patch_responses_unstreamed_tool_args.py
#23 0.087 [responses-unstreamed-tool-args] helper and close reconciliation inserted: /sgl-workspace/sglang/python/sglang/srt/entrypoints/openai/serving_responses.py
#23 DONE 0.1s

#24 [17/21] COPY deploy/docker/patches/sglang_rocm/patch_hicache_rocm_staged_write_back.py /tmp/sglang-rocm-patches/
#24 DONE 0.0s

#25 [18/21] RUN set -eu;     for f in /tmp/sglang-rocm-patches/*.py; do echo "[sglang-patch] $f"; python "$f"; done;     rm -rf /tmp/sglang-rocm-patches
#25 0.082 [sglang-patch] /tmp/sglang-rocm-patches/patch_hicache_rocm_staged_write_back.py
#25 0.099 [patch] applied to /sgl-workspace/sglang/python/sglang/srt/mem_cache/pool_host/mla.py
#25 0.099 [patch] removed 0 stale .pyc
#25 DONE 0.1s

#26 [19/21] COPY rust ./rust
#26 DONE 0.0s

#27 [20/21] RUN set -eu;     command -v cc >/dev/null || { apt-get update && apt-get install -y --no-install-recommends build-essential && rm -rf /var/lib/apt/lists/*; };     export LIBCLANG_PATH="$(dirname "$(find /opt/rocm* /usr/lib /usr/lib64 -name 'libclang.so*' 2>/dev/null | head -1)")";     case "$LIBCLANG_PATH" in ""|".") apt-get update && apt-get install -y --no-install-recommends libclang-dev && rm -rf /var/lib/apt/lists/* && export LIBCLANG_PATH="$(dirname "$(find /usr/lib -name 'libclang.so*' 2>/dev/null | head -1)")";; esac;     command -v cargo >/dev/null || { curl --proto '=https' --tlsv1.2 -sSf https://sh.rustup.rs | sh -s -- -y --profile minimal; . "$HOME/.cargo/env"; };     export PATH="$HOME/.cargo/bin:/root/.cargo/bin:/opt/venv/bin:/opt/rocm/bin:/usr/local/sbin:/usr/local/bin:/usr/sbin:/usr/bin:/sbin:/bin:/usr/local/go/bin";     export LIBCLANG_PATH="${LIBCLANG_PATH:-/opt/rocm/llvm/lib}";     ( cd rust && cargo build --release --bin infera-router );     cp rust/target/release/infera-router /usr/local/bin/infera-router;     rm -rf rust "$HOME/.cargo" "$HOME/.rustup" /usr/local/cargo /usr/local/rustup;     rm -f /usr/local/bin/cargo /usr/local/bin/rustc /usr/local/bin/rustup /usr/local/bin/rustdoc;     sed -i '/\.cargo\/env/d' "$HOME/.profile" "$HOME/.bashrc" 2>/dev/null || true;     ! command -v cargo >/dev/null || { echo "cargo still on PATH after cleanup: $(command -v cargo)" >&2; exit 1; };     ! bash -lc true 2>&1 | grep -q cargo || { echo "a login shell still references cargo" >&2; exit 1; };     /usr/local/bin/infera-router --help >/dev/null 2>&1 || { echo "infera-router unusable after cleanup" >&2; exit 1; }
#27 0.239     Updating crates.io index
#27 10.08  Downloading crates ...
#27 10.42   Downloaded anyhow v1.0.103
#27 10.47   Downloaded cfg_aliases v0.2.1
#27 10.47   Downloaded futures-executor v0.3.32
#27 10.54   Downloaded futures-sink v0.3.32
#27 10.81   Downloaded futures-macro v0.3.32
#27 11.05   Downloaded curve25519-dalek-derive v0.1.1
#27 11.11   Downloaded crossbeam v0.8.4
#27 11.32   Downloaded futures-task v0.3.32
#27 11.37   Downloaded futures-core v0.3.32
#27 11.48   Downloaded futures-io v0.3.32
#27 11.78   Downloaded nuid v0.5.0
#27 12.24   Downloaded rayon-cond v0.3.0
#27 12.67   Downloaded zmq-sys v0.12.0
#27 12.77   Downloaded serde_nanos v0.1.4
#27 13.07   Downloaded macro_rules_attribute-proc_macro v0.2.2
#27 13.64   Downloaded http-body v1.0.1
#27 15.92   Downloaded version-compare v0.2.1
#27 16.47   Downloaded serde_repr v0.1.21
#27 17.05   Downloaded tokio-macros v2.7.0
#27 18.90   Downloaded crossbeam-queue v0.3.13
#27 19.06   Downloaded dircpy v0.3.20
#27 19.31   Downloaded displaydoc v0.2.6
#27 19.66   Downloaded ed25519 v2.2.3
#27 19.91   Downloaded either v1.16.0
#27 20.89   Downloaded cexpr v0.6.0
#27 20.90   Downloaded glob v0.3.3
#27 20.90   Downloaded http-body-util v0.1.3
#27 20.90   Downloaded macro_rules_attribute v0.2.2
#27 21.40   Downloaded thiserror v2.0.18
#27 21.56   Downloaded system-deps v6.2.2
#27 21.87   Downloaded nkeys v0.4.5
#27 22.58   Downloaded quote v1.0.46
#27 23.05   Downloaded thiserror-impl v2.0.18
#27 23.43   Downloaded zmij v1.0.22
#27 24.83   Downloaded tryhard v0.5.2
#27 25.03   Downloaded target-lexicon v0.12.16
#27 25.16   Downloaded shlex v1.3.0
#27 26.40   Downloaded futures-channel v0.3.32
#27 26.57   Downloaded cfg-expr v0.15.8
#27 26.80   Downloaded clap_derive v4.6.1
#27 27.07   Downloaded async-trait v0.1.89
#27 27.39   Downloaded rustls-pki-types v1.15.0
#27 28.52   Downloaded xxhash-rust v0.8.16
#27 30.23   Downloaded libloading v0.8.9
#27 30.86   Downloaded clang-sys v1.8.1
#27 30.93   Downloaded bitflags v2.13.0
#27 30.99   Downloaded futures v0.3.32
#27 31.15   Downloaded proc-macro2 v1.0.106
#27 31.15   Downloaded serde_core v1.0.228
#27 31.56   Downloaded jwalk v0.8.1
#27 32.43   Downloaded socket2 v0.6.4
#27 33.65   Downloaded zmq v0.10.0
#27 34.46   Downloaded serde_derive v1.0.228
#27 35.63   Downloaded clap v4.6.1
#27 37.30   Downloaded cc v1.2.67
#27 40.55   Downloaded ed25519-dalek v2.2.0
#27 41.06   Downloaded serde v1.0.228
#27 42.43   Downloaded http v1.4.2
#27 44.93   Downloaded mio v1.2.1
#27 48.38   Downloaded signatory v0.27.1
#27 49.26   Downloaded itertools v0.12.1
#27 49.89   Downloaded tokio-websockets v0.10.1
#27 50.19   Downloaded serde_json v1.0.150
#27 50.54   Downloaded tokio-util v0.7.18
#27 50.75   Downloaded hyper v1.10.1
#27 52.03   Downloaded clap_builder v4.6.0
#27 52.71   Downloaded regex v1.13.0
#27 53.85   Downloaded tokenizers v0.20.4
#27 53.85   Downloaded futures-util v0.3.32
#27 55.32   Downloaded minijinja v2.21.0
#27 56.64   Downloaded webpki-roots v1.0.8
#27 56.92   Downloaded bindgen v0.72.1
#27 59.00   Downloaded curve25519-dalek v4.1.3
#27 59.20   Downloaded zerocopy v0.8.54
#27 59.74   Downloaded syn v2.0.118
#27 63.25   Downloaded rustls v0.23.41
#27 64.36   Downloaded async-nats v0.50.0
#27 70.65   Downloaded regex-automata v0.4.15
#27 75.88   Downloaded libc v0.2.186
#27 77.50   Downloaded tokio v1.52.3
#27 77.51   Downloaded zeromq-src v0.2.6+4.3.4
#27 77.59    Compiling proc-macro2 v1.0.106
#27 77.59    Compiling unicode-ident v1.0.24
#27 77.59    Compiling quote v1.0.46
#27 77.59    Compiling libc v0.2.186
#27 77.63    Compiling serde_core v1.0.228
#27 77.67    Compiling serde v1.0.228
#27 78.00    Compiling syn v2.0.118
#27 78.02    Compiling crossbeam-utils v0.8.22
#27 78.05    Compiling cfg-if v1.0.4
#27 78.06    Compiling jobserver v0.1.35
#27 78.09    Compiling find-msvc-tools v0.1.9
#27 78.16    Compiling shlex v2.0.1
#27 78.17    Compiling memchr v2.8.3
#27 78.22    Compiling cc v1.2.67
#27 78.49    Compiling crossbeam-epoch v0.9.20
#27 78.54    Compiling pin-project-lite v0.2.17
#27 78.56    Compiling crossbeam-deque v0.8.7
#27 78.57    Compiling futures-core v0.3.32
#27 78.61    Compiling once_cell v1.21.4
#27 78.62    Compiling itoa v1.0.18
#27 78.69    Compiling rayon-core v1.13.0
#27 78.69    Compiling either v1.16.0
#27 78.73    Compiling stable_deref_trait v1.2.1
#27 78.74    Compiling zeroize v1.9.0
#27 78.75    Compiling getrandom v0.2.17
#27 78.79    Compiling errno v0.3.14
#27 78.82    Compiling futures-sink v0.3.32
#27 78.84    Compiling signal-hook-registry v1.4.8
#27 78.85    Compiling mio v1.2.1
#27 78.89    Compiling socket2 v0.6.4
#27 78.96    Compiling smallvec v1.15.2
#27 79.03    Compiling version_check v0.9.5
#27 79.11    Compiling generic-array v0.14.7
#27 79.12    Compiling log v0.4.33
#27 79.18    Compiling futures-channel v0.3.32
#27 79.19    Compiling synstructure v0.13.2
#27 79.26    Compiling typenum v1.20.1
#27 79.41    Compiling tracing-core v0.1.36
#27 79.67    Compiling pkg-config v0.3.33
#27 79.68    Compiling futures-io v0.3.32
#27 79.71    Compiling serde_derive v1.0.228
#27 79.73    Compiling zerofrom-derive v0.1.7
#27 79.83    Compiling yoke-derive v0.8.2
#27 80.07    Compiling zerofrom v0.1.8
#27 80.10    Compiling tokio-macros v2.7.0
#27 80.11    Compiling zerovec-derive v0.11.3
#27 80.14    Compiling yoke v0.8.3
#27 80.20    Compiling displaydoc v0.2.6
#27 80.29    Compiling futures-macro v0.3.32
#27 80.39    Compiling futures-task v0.3.32
#27 80.44    Compiling zerovec v0.11.6
#27 80.44    Compiling slab v0.4.12
#27 80.51    Compiling futures-util v0.3.32
#27 80.66    Compiling tinystr v0.8.3
#27 80.68    Compiling tracing-attributes v0.1.31
#27 80.72    Compiling rustls-pki-types v1.15.0
#27 80.94    Compiling bytes v1.12.1
#27 80.95    Compiling ring v0.17.14
#27 81.06    Compiling writeable v0.6.3
#27 81.09    Compiling zerocopy v0.8.54
#27 81.12    Compiling glob v0.3.3
#27 81.18    Compiling tokio v1.52.3
#27 81.21    Compiling http v1.4.2
#27 81.23    Compiling litemap v0.8.2
#27 81.29    Compiling icu_locale_core v2.2.0
#27 81.61    Compiling clang-sys v1.8.1
#27 81.96    Compiling tracing v0.1.44
#27 82.03    Compiling potential_utf v0.1.5
#27 82.07    Compiling zerotrie v0.2.4
#27 82.08    Compiling block-buffer v0.10.4
#27 82.12    Compiling crypto-common v0.1.7
#27 82.15    Compiling crossbeam-channel v0.5.16
#27 82.20    Compiling crossbeam-queue v0.3.13
#27 82.24    Compiling equivalent v1.0.2
#27 82.26    Compiling prettyplease v0.2.37
#27 82.30    Compiling utf8_iter v1.0.4
#27 82.31    Compiling httparse v1.10.1
#27 82.35    Compiling target-lexicon v0.12.16
#27 82.39    Compiling icu_normalizer_data v2.2.0
#27 82.43    Compiling hashbrown v0.17.1
#27 82.46    Compiling subtle v2.6.1
#27 82.51    Compiling icu_properties_data v2.2.0
#27 82.55    Compiling percent-encoding v2.3.2
#27 82.62    Compiling indexmap v2.14.0
#27 82.66    Compiling icu_collections v2.2.0
#27 82.86    Compiling crossbeam v0.8.4
#27 82.88    Compiling icu_provider v2.2.0
#27 82.88    Compiling digest v0.10.7
#27 82.93    Compiling rayon v1.12.0
#27 83.67    Compiling http-body v1.0.1
#27 83.71    Compiling toml_datetime v0.6.11
#27 83.78    Compiling serde_spanned v0.6.9
#27 83.82    Compiling rand_core v0.6.4
#27 83.89    Compiling minimal-lexical v0.2.1
#27 83.97    Compiling winnow v0.7.15
#27 84.40    Compiling heck v0.5.0
#27 84.47    Compiling same-file v1.0.6
#27 84.51    Compiling zmij v1.0.22
#27 84.54    Compiling regex-syntax v0.8.11
#27 84.57    Compiling untrusted v0.9.0
#27 84.61    Compiling toml_edit v0.22.27
#27 84.78    Compiling nom v7.1.3
#27 85.16    Compiling regex-automata v0.4.15
#27 85.32    Compiling walkdir v2.5.0
#27 85.41    Compiling libloading v0.8.9
#27 85.47    Compiling ppv-lite86 v0.2.21
#27 85.57    Compiling jwalk v0.8.1
#27 85.76    Compiling fnv v1.0.7
#27 85.77    Compiling rustls v0.23.41
#27 85.80    Compiling tower-service v0.3.3
#27 85.83    Compiling ident_case v1.0.1
#27 85.85    Compiling base64ct v1.8.3
#27 85.89    Compiling serde_json v1.0.150
#27 85.93    Compiling bindgen v0.72.1
#27 85.97    Compiling strsim v0.11.1
#27 85.98    Compiling semver v1.0.28
#27 86.06    Compiling rustc_version v0.4.1
#27 86.07    Compiling darling_core v0.20.11
#27 86.11    Compiling cfg-expr v0.15.8
#27 86.28    Compiling pem-rfc7468 v0.7.0
#27 86.46    Compiling icu_properties v2.2.0
#27 86.64    Compiling icu_normalizer v2.2.0
#27 86.89    Compiling dircpy v0.3.20
#27 86.92    Compiling regex v1.13.0
#27 86.96    Compiling rand_chacha v0.3.1
#27 87.11    Compiling cexpr v0.6.0
#27 87.14    Compiling toml v0.8.23
#27 87.29    Compiling rustls-webpki v0.103.13
#27 87.83    Compiling form_urlencoded v1.2.2
#27 87.89    Compiling itertools v0.12.1
#27 87.91    Compiling aho-corasick v1.1.4
#27 88.20    Compiling const-oid v0.9.6
#27 88.25    Compiling bitflags v2.13.0
#27 88.27    Compiling try-lock v0.2.5
#27 88.30    Compiling base64 v0.22.1
#27 88.32    Compiling version-compare v0.2.1
#27 88.38    Compiling shlex v1.3.0
#27 88.43    Compiling rustc-hash v2.1.3
#27 88.45    Compiling system-deps v6.2.2
#27 88.68    Compiling want v0.3.1
#27 89.21    Compiling der v0.7.10
#27 90.54    Compiling rand v0.8.7
#27 90.78    Compiling zeromq-src v0.2.6+4.3.4
#27 90.82    Compiling darling_macro v0.20.11
#27 90.83    Compiling idna_adapter v1.2.2
#27 90.87    Compiling curve25519-dalek v4.1.3
#27 90.91    Compiling signature v2.2.0
#27 90.92    Compiling webpki-roots v1.0.8
#27 90.95    Compiling sync_wrapper v1.0.2
#27 90.96    Compiling rustversion v1.0.23
#27 90.98    Compiling atomic-waker v1.1.2
#27 91.01    Compiling autocfg v1.5.1
#27 91.04    Compiling tower-layer v0.3.3
#27 91.10    Compiling httpdate v1.0.3
#27 91.20    Compiling cpufeatures v0.2.17
#27 91.20    Compiling hyper v1.10.1
#27 91.21    Compiling num-traits v0.2.19
#27 91.35    Compiling darling v0.20.11
#27 91.37    Compiling idna v1.1.0
#27 91.93    Compiling tokio-rustls v0.26.4
#27 92.03    Compiling zmq-sys v0.12.0
#27 92.09    Compiling onig_sys v69.9.3
#27 92.16    Compiling spki v0.7.3
#27 92.23    Compiling curve25519-dalek-derive v0.1.1
#27 92.28    Compiling paste v1.0.15
#27 92.34    Compiling utf8parse v0.2.2
#27 92.37    Compiling rand_core v0.10.1
#27 92.42    Compiling ipnet v2.12.0
#27 92.49    Compiling getrandom v0.4.3
#27 92.55    Compiling hyper-util v0.1.20
#27 92.70    Compiling anstyle-parse v1.0.0
#27 93.15    Compiling pkcs8 v0.10.2
#27 93.44    Compiling url v2.5.8
#27 94.06    Compiling derive_builder_core v0.20.2
#27 94.49    Compiling sha2 v0.10.9
#27 94.51    Compiling tower v0.5.3
#27 94.71    Compiling ed25519 v2.2.3
#27 94.76    Compiling http-body-util v0.1.3
#27 94.77    Compiling tokio-util v0.7.18
#27 94.85    Compiling portable-atomic v1.15.0
#27 94.97    Compiling cpufeatures v0.3.0
#27 95.08    Compiling anstyle-query v1.1.5
#27 95.09    Compiling thiserror v1.0.69
#27 95.10    Compiling is_terminal_polyfill v1.70.2
#27 95.12    Compiling thiserror v2.0.18
#27 95.16    Compiling anstyle v1.0.14
#27 95.20    Compiling esaxx-rs v0.1.10
#27 95.23    Compiling lazy_static v1.5.0
#27 95.24    Compiling ryu v1.0.23
#27 95.26    Compiling colorchoice v1.0.5
#27 95.28    Compiling serde_urlencoded v0.7.1
#27 95.31    Compiling anstream v1.0.0
#27 95.44    Compiling chacha20 v0.10.1
#27 95.55    Compiling ed25519-dalek v2.2.0
#27 95.91    Compiling derive_builder_macro v0.20.2
#27 95.99    Compiling signatory v0.27.1
#27 96.43    Compiling itertools v0.11.0
#27 96.95    Compiling webpki-roots v0.26.11
#27 97.03    Compiling async-trait v0.1.89
#27 97.26    Compiling pin-project-internal v1.1.13
#27 97.28    Compiling thiserror-impl v2.0.18
#27 97.57    Compiling monostate-impl v0.1.18
#27 97.65    Compiling thiserror-impl v1.0.69
#27 97.67    Compiling deranged v0.5.8
#27 98.00    Compiling syn v3.0.3
#27 98.12    Compiling macro_rules_attribute-proc_macro v0.2.2
#27 98.23    Compiling time-core v0.1.9
#27 98.51    Compiling num-conv v0.2.2
#27 98.55    Compiling clap_lex v1.1.0
#27 98.65    Compiling openssl-probe v0.2.1
#27 98.71    Compiling data-encoding v2.11.1
#27 98.78    Compiling zmq v0.10.0
#27 98.82    Compiling unicode-segmentation v1.13.3
#27 99.00    Compiling powerfmt v0.2.0
#27 99.06    Compiling anyhow v1.0.103
#27 99.13    Compiling mime v0.3.17
#27 99.25    Compiling base64 v0.13.1
#27 99.35    Compiling spm_precompiled v0.1.4
#27 99.36    Compiling axum-core v0.4.5
#27 99.54    Compiling time v0.3.55
#27 100.2    Compiling nkeys v0.4.5
#27 100.3    Compiling serde_repr v0.1.21
#27 100.4    Compiling rustls-native-certs v0.8.4
#27 100.6    Compiling clap_builder v4.6.0
#27 100.6    Compiling macro_rules_attribute v0.2.2
#27 100.7    Compiling onig v6.5.3
#27 100.7    Compiling monostate v0.1.18
#27 100.8    Compiling pin-project v1.1.13
#27 100.8    Compiling rayon-cond v0.3.0
#27 100.9    Compiling tokio-websockets v0.10.1
#27 100.9    Compiling rand v0.10.2
#27 101.2    Compiling derive_builder v0.20.2
#27 101.2    Compiling rmp v0.8.15
#27 101.4    Compiling sharded-slab v0.1.7
#27 101.5    Compiling tower-http v0.6.11
#27 101.7    Compiling hyper-rustls v0.27.9
#27 101.8    Compiling nuid v0.5.0
#27 101.9    Compiling matchers v0.2.0
#27 101.9    Compiling clap_derive v4.6.1
#27 102.3    Compiling tryhard v0.5.2
#27 102.3    Compiling tokio-stream v0.1.19
#27 102.4    Compiling futures-executor v0.3.32
#27 102.5    Compiling serde_nanos v0.1.4
#27 102.5    Compiling tracing-log v0.2.0
#27 102.6    Compiling unicode-normalization-alignments v0.1.12
#27 102.6    Compiling serde_path_to_error v0.1.20
#27 102.8    Compiling thread_local v1.1.10
#27 102.8    Compiling unicode_categories v0.1.1
#27 102.8    Compiling matchit v0.7.3
#27 102.9    Compiling memo-map v0.3.3
#27 102.9    Compiling nu-ansi-term v0.50.3
#27 103.0    Compiling bitflags v1.3.2
#27 103.0    Compiling tracing-subscriber v0.3.23
#27 103.0    Compiling axum v0.7.9
#27 103.4    Compiling minijinja v2.21.0
#27 104.6    Compiling tokenizers v0.20.4
#27 105.0    Compiling async-nats v0.50.0
#27 111.2    Compiling futures v0.3.32
#27 111.2    Compiling clap v4.6.1
#27 111.2    Compiling reqwest v0.12.28
#27 113.8    Compiling rmpv v1.3.1
#27 114.1    Compiling arc-swap v1.9.2
#27 114.2    Compiling xxhash-rust v0.8.16
#27 118.6    Compiling infera-router v0.1.0 (/opt/infera/rust/router)
#27 157.1     Finished `release` profile [optimized] target(s) in 2m 36s
#27 DONE 159.7s

#28 [21/21] COPY deploy/docker/scripts/infera_inject_host_ionic.sh /usr/local/bin/infera-inject-host-ionic
#28 DONE 0.0s

#29 exporting to image
#29 exporting layers
#29 exporting layers 0.2s done
#29 writing image sha256:31e23d0eae6820164a767fdacabc457f6b1516c52072d81b1ee93641d065f4e6 done
#29 naming to docker.io/library/infera-sglang:v0519-llying-aus-base-83e0f6c8 done
#29 DONE 0.2s
