request_index,success,input_tokens,output_tokens,start_time_monotonic_s,e2e_ms,ttft_ms,tpot_ms,decode_tokens_s,e2e_tokens_s,pass_70,pass_80,itl_p50_ms,itl_p90_ms,itl_p99_ms,raw_chunk_gap_p90_ms,raw_chunk_gap_p99_ms,itl_samples
0,True,10000,500,3897466.873286407,7964.709199965,86.38708712533116,15.788220667013363,63.33835972341833,62.77693101490726,False,False,14.834438567049801,19.810871065904696,20.035569090396166,59.8342883400619,60.49328855704516,495
1,True,10000,500,3897466.87401771,8150.160267949104,85.69236425682902,16.161258324032616,61.87637001711364,61.348486847096,False,False,14.833006192930043,19.81381494551897,20.141724034522934,59.892213670536876,63.416030257940314,499
2,True,10000,500,3897466.874463886,8150.055218953639,85.2847471833229,16.161864672886406,61.87404858534844,61.34927758982638,False,False,14.85375571064651,19.81543954461813,20.190630902846618,59.938578167930245,63.47530423663559,499
3,True,10000,500,3897466.874884851,8148.630304262042,84.80906300246716,16.159962407333815,61.88133207204577,61.360005464781125,False,False,14.827776234596968,19.81182626138131,20.08081825139618,59.798010159283876,63.21893206331881,499
4,True,10000,500,3897466.875258728,8149.0549789741635,84.33631714433432,16.16176084535036,61.87444608102179,61.356807788151905,False,False,14.845755998976529,19.812750350683928,20.167599314202825,59.90793812088668,63.42761781997981,499
5,True,10000,500,3897466.875613764,8148.747222963721,84.1122199781239,16.161593192355905,61.875087938296765,61.3591250678345,False,False,14.848408522084355,19.813536945730448,20.17466086273388,59.909608447924256,63.436855911277256,499
6,True,10000,500,3897466.875964681,8148.298516869545,83.75309268012643,16.161413675730298,61.87577523009058,61.362503958936024,False,False,14.842465985566378,19.81216163064043,20.16087446982658,59.905927861109376,63.4183044312522,499
7,True,10000,500,3897466.876322087,8147.364156320691,83.37994711473584,16.16028899640472,61.880081490032524,61.36954116775326,False,False,14.827805920504034,19.81299572313825,20.086006817097427,59.801634633913636,63.27067592646929,499
8,True,10000,500,3897466.876708673,8147.856132127345,83.04709009826183,16.161941967994153,61.873752670336394,61.36583561269309,False,False,14.853870961815119,19.814152332643665,20.19107393609977,59.95126813650131,63.484681746922455,499
9,True,10000,500,3897466.87706774,8147.338525857776,82.666483707726,16.16166741913838,61.874803760397675,61.36973422831458,False,False,14.844653429463506,19.811500950405993,20.180073458080454,59.912943514063954,63.44495217781516,499
10,True,10000,500,3897466.877412766,8147.038829978555,82.32887787744403,16.161743390984192,61.87451290421111,61.371991767138304,False,False,14.847530983388424,19.815570240219436,20.180282124007704,59.92196896113455,63.461489928886316,499
11,True,10000,500,3897466.877756353,8344.378030858934,121.37360218912363,16.478966790921465,60.68341618061373,59.92058343365014,False,False,14.828451327048242,19.82632363215089,20.085926516912878,59.80835389345884,75.52501312457034,499
12,True,10000,500,3897466.87810705,8344.314300920814,121.1062241345644,16.47937490337926,60.68191335309327,59.92104107881266,False,False,14.839146053418517,19.813685926298298,20.112857998659212,59.92975854314864,75.51528906915345,499
13,True,10000,500,3897466.878450886,8343.916655983776,120.74595829471946,16.479299995368848,60.682189187709945,59.92389672797473,False,False,14.834770932793617,19.815408966193598,20.093468328317005,59.91040845401585,75.5086015909911,499
14,True,10000,500,3897466.878831572,8343.854727223516,120.5293103121221,16.479610053930646,60.68104747184138,59.92434148795146,False,False,14.850925887003541,19.825770054012537,20.149261069794495,59.96971274726093,75.44694554526367,499
15,True,10000,500,3897466.879185489,8343.126792926341,119.99554513022304,16.47922093746717,60.68248030623822,59.92956986149621,False,False,14.828153769485652,19.81598287820816,20.102241231749456,59.860348934307694,75.49858815036723,499
16,True,10000,500,3897466.879529435,8342.533439863473,119.58076991140842,16.4788630660362,60.683798147522225,59.93383228298843,False,False,14.85718332696706,19.81375701725483,20.167687286933262,60.051112435758114,75.67358361557135,499
17,True,10000,500,3897466.879875092,8341.587369330227,119.08166436478496,16.477967344620122,60.68709684186194,59.940629746127875,False,False,14.853558503091335,19.807854263732832,20.175908226519823,60.03538751974702,75.77037247829148,499
18,True,10000,500,3897466.880224459,8341.971823945642,118.92366595566273,16.479054424829616,60.68309347247874,59.93786727554621,False,False,14.857850736007094,19.813215608398117,20.166580720494192,60.05648709833622,75.68923656363049,499
19,True,10000,500,3897466.880603485,8342.18538319692,118.78777714446187,16.479754721548012,60.680514782932754,59.936332871134105,False,False,14.84971318859607,19.809537194669247,20.201944125195343,60.041756834834814,75.58992183767268,499
20,True,10000,500,3897466.880948392,8341.307100839913,118.2167218066752,16.47913903613875,60.68278189819262,59.94264375539577,False,False,14.85613570548594,19.812715674440067,20.165560611834128,60.03489741124213,75.697785941884,499
21,True,10000,500,3897466.881297318,8341.177843045443,117.932946421206,16.479448690629734,60.681641647915264,59.94357264746261,False,False,14.858195907436311,19.812118324140705,20.16466436907649,60.03580195829272,75.66238117869952,499
22,True,10000,500,3897466.881638905,8341.10003290698,117.73756705224514,16.479684300310087,60.680774083832645,59.94413183242254,False,False,14.850783161818981,19.809668355931837,20.161777269095182,60.04039756953716,75.58805546723315,499
23,True,10000,500,3897466.881975951,8340.556059032679,117.27000307291746,16.479531174268057,60.68133792309873,59.94804140888288,False,False,14.854548498988152,19.81137664988637,20.163454425831635,60.0368520244956,75.65763758029797,499
24,True,10000,500,3897466.882348868,8340.283990837634,116.99614487588406,16.47953476144639,60.68132471430468,59.94999697243929,False,False,14.85374360345304,19.80973699440559,20.16218410183986,60.03891187720001,75.60352205764511,499
25,True,10000,500,3897466.882694264,8339.889026246965,116.63271905854344,16.479471557491827,60.68155744626315,59.9528361140562,False,False,14.85109596978873,19.810571552564703,20.162087709953386,60.03772700205445,75.61027286574253,499
26,True,10000,500,3897466.883039321,8338.58315832913,115.9382052719593,16.478246398912166,60.686069123594145,59.96222505745078,False,False,14.856590772978961,19.806465165068705,20.180898252874613,60.056541580706835,75.78610761556783,499
27,True,10000,500,3897466.883376598,8339.971954002976,116.22588196769357,16.480453050170908,60.67794355869541,59.952239978458515,False,False,14.856313238851726,19.806707681467135,20.159417452911537,60.040532145649195,75.37441803142436,499
28,True,10000,500,3897466.883715864,8339.674668386579,115.90344598516822,16.48050345170623,60.6777579902433,59.95437710482436,False,False,14.856866095215082,19.8086383442084,20.169030874967575,60.06318680010736,75.3740122541786,499
29,True,10000,500,3897466.884061931,8339.1466117464,115.4850097373128,16.4802837715613,60.67856681725466,59.958173573265555,False,False,14.850283274427056,19.80481691037615,20.157461054623127,60.03539706580341,75.37497733719654,499
30,True,10000,500,3897466.884435287,8338.868504855782,115.14914268627763,16.480399523385778,60.67814063493998,59.96017321880618,False,False,14.855928253382444,19.807222361365955,20.15811111778021,60.041002463549376,75.36784599069513,499
31,True,10000,500,3897466.884773014,8339.031682815403,115.01897405833006,16.48098739229874,60.675976274775955,59.95899991966348,False,False,14.849445782601833,19.809695271154244,20.201013889163733,60.04074215888977,75.3236050251872,499
32,True,10000,500,3897466.88511882,8338.521589059383,114.6078291349113,16.480789098045033,60.67670631854763,59.96266780145159,False,False,14.854915789328516,19.80340788140893,20.180750638246536,60.061651980504394,75.44439847115434,499
33,True,10000,500,3897466.885456007,8337.803695816547,114.1100232489407,16.480348041217646,60.678330184470745,59.96783064716103,False,False,14.857820817269385,19.80233332142234,20.183744374662638,60.062026837840676,75.61437929980465,499
34,True,10000,500,3897466.885792804,8337.971744127572,113.98269422352314,16.48093997976763,60.67615082802451,59.96662202077498,False,False,14.856485766358674,19.80213299393654,20.182337301472824,60.06117211654782,75.46587353572257,499
35,True,10000,500,3897466.88617586,8337.668236810714,113.63319773226976,16.481032142441773,60.67581152425587,59.96880492228097,False,False,14.858035719953477,19.802313297986984,20.183767347286146,60.062632197514176,75.46164817176766,499
36,True,10000,500,3897466.886516657,8336.91641362384,113.11978287994862,16.480554370228237,60.67757051950135,59.974212909574206,False,False,14.851938234642148,19.804855218778055,20.194243950148422,60.05864217877388,75.50758039578803,499
37,True,10000,500,3897466.886854503,8336.619887966663,112.8018363378942,16.48059729785324,60.677412470375685,59.976346135406224,False,False,14.853230793960392,19.80412568276127,20.17968101426959,60.057882219552994,75.50513939931996,499
38,True,10000,500,3897466.88719787,8336.401149164885,112.5119193457067,16.48073993951739,60.67688730420457,59.977919854551196,False,False,14.854443492367864,19.80317672714591,20.18016731987397,60.060422169044614,75.47879947815098,499
39,True,10000,500,3897466.887531737,8336.150062270463,112.21185233443975,16.480838096064176,60.67652592490501,59.97972640427952,False,False,14.855513232760131,19.80205401778221,20.18104741970698,60.06247689947486,75.47804671339698,499
40,True,10000,500,3897466.88823321,8335.282190237194,111.44226882606745,16.4806411250724,60.677251110011476,59.98597151103431,False,False,14.85080097336322,19.805286669482786,20.19368391484022,60.06897194311023,75.45557182747878,499
41,True,10000,500,3897466.888576406,8334.982183761895,111.11769312992692,16.48069036198791,60.677069833583076,59.98813062541316,False,False,14.8526233388111,19.804403589417536,20.19467732558648,60.058451956138015,75.47603256534792,499
42,True,10000,500,3897466.888911893,8334.811264649034,110.84770504385233,16.480888897004373,60.67633889466749,59.98936078141108,False,False,14.856128254905343,19.802109617739916,20.181713936229546,60.06091181188822,75.47204815782614,499
43,True,10000,500,3897466.88925472,8336.13228192553,110.68319715559483,16.483865901342554,60.66538068103026,59.97985433653736,False,False,14.85030073672533,19.80549305056532,20.19307700296243,60.067722108215094,75.27155985590078,499
44,True,10000,500,3897466.889584146,8336.303690914065,110.44522002339363,16.484686314410162,60.66236147459146,59.97862104579538,False,False,14.857355738058686,19.8022425485154,20.183260863025982,60.061706928536296,75.30858996324248,499
45,True,10000,500,3897466.889919273,8335.57258779183,110.03465298563242,16.48404395752745,60.664725389994445,59.98388169905609,False,False,14.851495972834527,19.805256680895884,20.193883993973333,60.06893143057823,75.2805264201016,499
46,True,10000,500,3897466.890292959,8335.477299056947,109.7161271609366,16.48449132644491,60.66307902360143,59.9845674172214,False,False,14.856891008093953,19.802280981093645,20.182757327953976,60.06120191887021,75.31791629735388,499
47,True,10000,500,3897466.890630466,8334.943894296885,109.33843022212386,16.484179286722966,60.66422735437251,59.9884062017647,False,False,14.853748609311879,19.804140428702038,20.17976436764002,60.05757208913565,75.30635506846018,499
48,True,10000,500,3897466.890968903,8334.646476898342,109.00733293965459,16.484246781480337,60.66397896466076,59.99054685593217,False,False,14.86380328424275,19.803003997852407,20.160477763662737,60.06026710383594,75.3956146771089,499
49,True,10000,500,3897466.891312569,8334.380950313061,108.67749713361263,16.484375657674246,60.66350468872343,59.99245810586792,False,False,14.862215728498995,19.808956887573004,20.162337304403383,60.05806685425341,75.37827065680183,499
50,True,10000,500,3897466.891648056,8334.160432219505,108.36865985766053,16.484552650023737,60.66285335310935,59.99404547901688,False,False,14.861018513329327,19.805410659561556,20.162394270300865,60.063531855121255,75.36934681702412,499
51,True,10000,500,3897466.892023812,8333.94084405154,108.02135383710265,16.484808597624124,60.661911485227996,59.99562624168152,False,False,14.856578316539526,19.805548526346684,20.161760970950127,60.05198182538152,75.37545964587487,499
52,True,10000,500,3897466.892359239,8333.29610992223,107.62359714135528,16.484313652867485,60.663732871040565,60.00026800975709,False,False,14.862608280964196,19.809225667268038,20.162440681209166,60.05834206007421,75.37890933454044,499
53,True,10000,500,3897466.892693255,8332.753526046872,107.25361201912165,16.48396776358267,60.6650058009248,60.00417490293922,False,False,14.863465796224773,19.800871020803847,20.159380976110697,60.07180688902736,75.38463366217918,499
54,True,10000,500,3897466.893033612,8332.69799593836,106.96402378380299,16.484436817945006,60.66327961604348,60.00457477802711,False,False,14.861688250675797,19.806163975348074,20.162264350801706,60.057561844587326,75.37759130354978,499
55,True,10000,500,3897466.893367379,8332.480887882411,106.65571689605713,16.48461958113498,60.66260704883972,60.006138235147915,False,False,14.86138824839145,19.805070913086336,20.162494232257206,60.06267201155424,75.36939277779318,499
56,True,10000,500,3897466.893733705,8332.192881964147,106.30397126078606,16.4847473160388,60.662136994180806,60.00821237375569,False,False,14.857040718197823,19.805792377640802,20.161940871427458,60.05302211269736,75.37574893794961,499
57,True,10000,500,3897466.894077132,8331.930893938988,105.97462393343449,16.48488230462035,60.661640254460416,60.01009926327184,False,False,14.85618355218321,19.805307282755773,20.161657438923914,60.05142698995769,75.3716625506059,499
58,True,10000,500,3897466.894411629,8331.122091040015,105.54971685633063,16.484112974316,60.664471394857955,60.01592517024108,False,False,14.86416079569608,19.80245333785812,20.160140935331583,60.06888207048178,75.3796516684816,499
59,True,10000,500,3897466.894740645,8337.1321731247,105.32554006204009,16.49660647908349,60.61852789347483,59.97266081636359,False,False,14.85861325636506,19.804805020491283,20.162224303930998,60.0616920273751,75.34562442451723,499
60,True,10000,500,3897466.895081022,8336.709477007389,104.97823311015964,16.496455398591642,60.61908305982953,59.97570160972959,False,False,14.862880809232593,19.809355027973652,20.16173442825675,60.058322036638856,75.3252532565967,499
61,True,10000,500,3897466.895445568,8351.66034894064,122.66810890287161,16.49096641290134,60.63926000223203,59.868335050697084,False,False,14.859046088531613,19.803844392299652,40.666098706424236,60.05721678957343,102.62532215565474,499
62,True,10000,500,3897466.895784775,8351.264133118093,122.31139233335853,16.49088725608163,60.63955107274247,59.87117543285223,False,False,14.85861570108682,19.80158779770136,40.665325398246445,60.06981199607253,102.62399967759879,499
63,True,10000,500,3897466.896126082,8351.024524774402,121.99591472744942,16.49103929869129,60.63899199363128,59.87289326198059,False,False,14.85966076143086,19.80351796373725,40.67421176781257,60.05280697718263,102.64058962930025,499
64,True,10000,500,3897474.839644481,8239.54402608797,58.00642725080252,16.39586693153741,60.990980481581154,60.6829696421191,False,False,14.925470226444304,19.863571040332317,31.976194237358868,60.12769159860909,104.54360663425214,499
65,True,10000,500,3897475.025952011,8239.032601006329,212.9621673375368,16.084309486310204,62.172392346163655,60.686736442689785,False,False,14.924159971997142,19.858793665965397,20.028848977138598,60.056366957724094,61.071934504434466,499
66,True,10000,500,3897475.026499546,8238.638483919203,212.42076205089688,16.0846046530427,62.17125142773289,60.68963955342109,False,False,14.925722498446703,19.854077293227117,20.046405649433535,60.139626264572144,61.09369178302586,499
67,True,10000,500,3897475.02702982,8237.87000309676,211.87092829495668,16.084166482568744,62.17294511865147,60.6953010683637,False,False,14.924205257557333,19.85821407288313,20.019265667845804,60.04742253571749,61.05973755475134,499
68,True,10000,500,3897475.027428756,8237.332668155432,211.44899306818843,16.083935220615718,62.17383906882699,60.699260324029616,False,False,14.915460254997015,19.83894423271219,19.978482741862535,59.92386327125132,61.02908255998045,499
69,True,10000,500,3897475.027792633,8237.148298881948,211.11475490033627,16.08423555908139,62.17267810625826,60.70061893481588,False,False,14.924382790923119,19.85856704413891,20.024345722049475,60.04611193202436,61.06268495786935,499
70,True,10000,500,3897475.028155589,8236.236758995801,210.68204985931516,16.0832759702134,62.176387562585084,60.707336934418365,False,False,14.922540169209242,19.846560899168253,19.968666446705658,59.91774867288768,60.97972425632179,499
71,True,10000,500,3897475.028508016,8236.678154207766,210.41817218065262,16.084689342739708,62.17092408137675,60.70408368992437,False,False,14.928347547538579,19.85432409370939,20.050075370818377,60.15931093133986,61.10331143718213,499
72,True,10000,500,3897475.028861192,8235.83868285641,209.99044692143798,16.083864200270487,62.17411360531027,60.71027120052654,False,False,14.924365212209523,19.84984070683519,19.972579398502905,59.92354289628565,61.031567538157105,499
73,True,10000,500,3897475.029217059,8235.591765027493,209.66921001672745,16.084013136294118,62.173537880509826,60.7120914034683,False,False,14.914580271579325,19.842403940856457,20.007502442846697,60.006632236763835,61.03992068674415,499
74,True,10000,500,3897475.029562965,8235.29456788674,209.3308330513537,16.084095660992755,62.17321887889575,60.714282394916815,False,False,14.921045280061662,19.855530622104805,20.013509318232536,60.036737471818924,61.05156824924052,499
75,True,10000,500,3897475.224344822,8100.064903032035,73.7306117080152,16.08483825916637,62.17034849138899,61.72790045334561,False,False,14.92753776255995,19.85873080169161,20.03269859900077,60.089320316910744,63.84130285121499,499
76,True,10000,500,3897475.224789498,8099.792186170816,73.35310615599155,16.085048256542738,62.169536830157845,61.72997880781129,False,False,14.931947574950755,19.859374035149813,20.041789083431166,60.12226277962327,63.892251672223196,499
77,True,10000,500,3897475.226063575,8098.434679675847,72.02920876443386,16.084980903630086,62.16979715371115,61.740326344153864,False,False,14.929834986105561,19.859053970625002,20.041109062731266,60.11953465640545,63.90767008066176,499
78,True,10000,500,3897475.226453721,8098.001554142684,71.63046300411224,16.084912006289724,62.17006344883749,61.74362855539533,False,False,14.928217511624098,19.862347437689703,20.035619071374338,60.10257722809911,63.89965479262172,499
79,True,10000,500,3897475.226819948,8097.537838388234,71.24727638438344,16.08475062525822,62.17068721163007,61.74716438244171,False,False,14.92798246908933,19.860934000462294,20.035642043997843,60.09876253083348,63.85998105630277,499
80,True,10000,500,3897475.227179234,8096.814695280045,70.83098124712706,16.084135699464767,62.173064110201274,61.75267914819266,False,False,14.942080015316606,19.858967357625563,20.091828424483538,60.38229800760746,64.09819564782082,499
81,True,10000,500,3897475.227528521,8096.529887989163,70.4926042817533,16.084243053521867,62.17264913694749,61.754851389078105,False,False,14.944557449780405,19.855850686629612,20.087621640414,60.338534601032734,63.91174718737601,499
82,True,10000,500,3897475.227874667,8096.746906172484,70.27683593332767,16.085110361200716,62.16929679339498,61.753196165589586,False,False,14.940307475626469,19.85258065784971,20.114338025450706,60.39081197232008,63.9141660183668,499
83,True,10000,500,3897475.228222604,8096.556588076055,69.96303889900446,16.085357813982064,62.16834039779695,61.754647739553754,False,False,14.941190020181239,19.85235403602322,20.09971470882495,60.45175539329648,63.92750185914336,499
84,True,10000,500,3897475.228757669,8095.782614778727,69.37650498002768,16.08498218396533,62.16979220510869,61.76055160958221,False,False,14.940492575988173,19.852560789634783,20.11065122981866,60.399062279611826,63.91317301429807,499
85,True,10000,500,3897475.229116375,8094.987832941115,68.94108885899186,16.084262012188624,62.172575853477255,61.76661538209345,False,False,14.942794805392623,19.85414729764064,20.103608413288992,60.415189154446125,63.910441193729625,499
86,True,10000,500,3897475.229460232,8094.46088783443,68.52040300145745,16.084049067801548,62.173398985824235,61.77063635596473,False,False,14.945592149160802,19.854940318812925,20.078395027667284,60.27429895475507,63.9087000209838,499
87,True,10000,500,3897475.229805568,8094.856615178287,68.35538521409035,16.085172805539475,62.16905544562232,61.76761661997489,False,False,14.940244960598648,19.854767248034477,20.117494588096935,60.383271891623735,63.91546295024453,499
88,True,10000,500,3897475.230167275,8094.653456006199,68.026268389076,16.085425225685615,62.16807985922403,61.76916686025664,False,False,14.941129949875176,19.852383993566036,20.10039146989584,60.4498578235507,63.928418345749364,499
89,True,10000,500,3897475.230514601,8094.1871223039925,67.65451235696673,16.085235691276605,62.1688123937359,61.772725592446655,False,False,14.940697466954589,19.853660526374977,20.12098130459587,60.42069736868143,63.91670266166328,499
90,True,10000,500,3897475.230916667,8093.824265059084,67.26090610027313,16.085297312542707,62.168574230843575,61.77549494847478,False,False,14.940999681130052,19.852754039069016,20.123097579926252,60.41867574676871,63.91767749562858,499
91,True,10000,500,3897475.232065446,8154.117138590664,110.20448198541999,16.120065444098685,62.03448760600938,61.31871685208814,False,False,14.939177548512816,19.86078405752778,20.343479389945667,60.4498790577054,63.90857173129915,499
92,True,10000,500,3897475.232436472,8154.439686797559,110.06179405376315,16.12099778104969,62.03089992205722,61.3162913951678,False,False,14.940802473574877,19.857280577222507,20.530730641136568,60.44829906895757,64.05846858397125,499
93,True,10000,500,3897475.232790169,8153.623034246266,109.51726837083697,16.120452436624106,62.03299838707361,61.32243272713684,False,False,14.939205022528768,19.86073733617862,20.407124888151884,60.44709086418152,63.9307341724634,499
94,True,10000,500,3897475.233159675,8152.880812063813,109.08908303827047,16.119823104259606,62.03542021101668,61.32801540041531,False,False,14.941437519155443,19.862267343948286,20.302696308741968,60.359241254627705,63.910801718011484,499
95,True,10000,500,3897475.233506562,8153.849721886218,109.09264301881194,16.121757673080975,62.02797612258697,61.32072788365491,False,False,14.935147482901812,19.85866731653611,20.65134607255459,60.45357557013631,64.18745619244872,499
96,True,10000,500,3897475.233851838,8153.461006004363,108.73008705675602,16.121705248391997,62.02817782565163,61.323651346561974,False,False,14.943170011974871,19.87076069538792,20.643172630419333,60.35219840705395,64.172486346215,499
97,True,10000,500,3897475.234205595,8153.016719967127,108.34339959546924,16.12158982038408,62.02862193749673,61.32699308410299,False,False,14.94259003084153,19.871466948340338,20.6266896178325,60.35599587485194,64.18491151183842,499
98,True,10000,500,3897475.235395773,8150.905531365424,106.89374525099993,16.120264100429708,62.033723130711216,61.34287755832215,False,False,14.9421599926427,19.8712102137506,20.376095393051703,60.380030050873756,63.94342615269123,499
99,True,10000,500,3897475.235757929,8151.411747094244,106.7744861356914,16.121517557031165,62.028899975602144,61.33906806734875,False,False,14.942140085622668,19.872147279481094,20.61495992044608,60.357636120170355,64.17344817891716,499
100,True,10000,500,3897475.236110856,8150.413776282221,106.21499130502343,16.120638847649694,62.03228106842644,61.34657867984624,False,False,14.942854992114007,19.87401396036148,20.437291357666254,60.36521419882774,63.99222040548919,499
101,True,10000,500,3897475.236468602,8150.16411896795,105.97541416063905,16.12061864690844,62.03235880105487,61.348457859436905,False,False,14.942657435312867,19.87515700360139,20.46704463039835,60.36472050473094,64.0221925638616,499
102,True,10000,500,3897475.236816349,8149.9206610023975,105.6470270268619,16.120788845642355,62.03170388093707,61.35029048718403,False,False,14.942652429454029,19.87496701379617,20.495107707877953,60.36242013797164,64.05293506570159,499
103,True,10000,500,3897475.237161856,8150.104678701609,105.40403891354799,16.12164456871355,62.02841129128035,61.348905285429396,False,False,14.943180023692548,19.871147039035957,20.634726310769718,60.354064125567675,64.1930892691016,499
104,True,10000,500,3897475.237499842,8149.331487249583,104.9816939048469,16.12094146962873,62.031116599732336,61.35472594068585,False,False,14.942615060135722,19.87339711437623,20.522477415700752,60.37004431709647,64.07913661561905,499
105,True,10000,500,3897475.237887009,8149.032068904489,104.62880600243807,16.121048623050203,62.03070429116997,61.356980285784694,False,False,14.942824956960976,19.87287402153015,20.53902034337322,60.36052759736776,64.09582477062939,499
106,True,10000,500,3897475.238252065,8147.3997458815575,103.91941387206316,16.119199062143274,62.03782186352849,61.36927309265092,False,False,14.942262438125908,19.87171359360218,20.184727385640144,60.38346951827407,63.94018017686902,499
107,True,10000,500,3897475.239412073,8148.803242016584,103.49504789337516,16.12286211247136,62.0237271164454,61.358703253738774,False,False,14.943375019356608,19.871463688711327,20.80117103954156,60.35245805978775,64.36283000744878,499
108,True,10000,500,3897475.23977979,8148.513014893979,103.14217116683722,16.122987662779842,62.02324413536053,61.36088867822782,False,False,14.943044981919229,19.872246930996578,20.814924656103056,60.37216195836663,64.37655443325637,499
109,True,10000,500,3897475.240135366,8147.996159736067,102.75670606642962,16.12272435605138,62.02425706203107,61.36478100846284,False,False,14.94300493504852,19.871500320732594,20.786101308961708,60.352258291095495,64.34718105010687,499
110,True,10000,500,3897475.240483763,8147.432294674218,102.35132882371545,16.122406745191388,62.02547893776818,61.369027923906536,False,False,14.942437526769936,19.8714070332547,20.747314983357985,60.37827609106898,64.30647724308072,499
111,True,10000,500,3897475.240826719,8147.263697814196,102.05777315422893,16.12265716364723,62.024515552855824,61.37029787487343,False,False,14.942762558348477,19.87381372600794,20.778588329752285,60.360519867390394,64.34023728594183,499
112,True,10000,500,3897475.241175736,8146.69825322926,101.64214624091983,16.122356927832346,62.02567059371326,61.374557453604666,False,False,14.942214940674603,19.868163702388603,20.740012017389137,60.32210187986493,64.2969497013837,499
113,True,10000,500,3897475.241515963,8146.2227972224355,101.2484603561461,16.122193059852282,62.02630103036134,61.37813959255838,False,False,14.943297253921628,19.86810068289439,20.714388694614172,60.32703658565879,64.27634473890065,499
114,True,10000,500,3897475.241854879,8146.3172868825495,101.0448127053678,16.122790529413187,62.02400249359293,61.37742766355484,False,False,14.945125090889633,19.86838411539793,20.79325138280789,60.312844440340996,64.35630277730523,499
115,True,10000,500,3897475.242304205,8145.38286626339,100.4395978525281,16.12213079841856,62.02654056733563,61.38446874865808,False,False,14.943512505851686,19.868307281285524,20.70381569986542,60.328745283186436,64.26590296439825,499
116,True,10000,500,3897475.242646031,8145.140168722719,100.13735201209784,16.12225013368862,62.0260814531358,61.386297797550064,False,False,14.942875015549362,19.86773358657956,20.723435717324417,60.32597003504634,64.28554627113043,499
117,True,10000,500,3897475.242989858,8144.96974973008,99.86357390880585,16.122457266174898,62.025284576068415,61.38758219655386,False,False,14.943360001780093,19.867620741327602,20.754871579507988,60.31587449833751,64.3169304076582,499
118,True,10000,500,3897475.243333115,8144.715332426131,99.54387741163373,16.122588086201397,62.02478129772821,61.3894997667231,False,False,14.944097492843866,19.86837387084961,20.771278378864128,60.3139522485435,64.3336462881416,499
119,True,10000,500,3897475.243672641,8144.66647291556,99.25614017993212,16.123066799069395,62.02293970882257,61.38986803974235,False,False,14.946692157536745,19.86763362462322,20.823894379039604,60.31575798988342,64.38635080121456,499
120,True,10000,500,3897475.244031368,8144.223747309297,98.88359298929572,16.122926160961928,62.02348072654932,61.393205235206224,False,False,14.945900067687035,19.86800041049719,20.808301245172817,60.31272113323212,64.371290365234,499
121,True,10000,500,3897475.244414954,8143.417045008391,98.38569909334183,16.122307306442984,62.025861496906735,61.39928696228093,False,False,14.942497597075999,19.868256989866495,20.732092050214607,60.32320987433195,64.29385448805986,499
122,True,10000,500,3897475.244752441,8143.253826070577,98.11805095523596,16.122516583397477,62.02505637548994,61.400517616097524,False,False,14.943409943953156,19.86829734717806,20.762511684248846,60.314760729670525,64.32482319884001,499
123,True,10000,500,3897475.245952719,8143.684522248805,97.01717225834727,16.125585871724365,62.01325074045614,61.397270318365614,False,False,14.9462049594149,19.867937080562115,20.64466942101717,60.31805844977498,64.2349659372121,499
124,True,10000,500,3897475.246325545,8143.248886801302,96.63705620914698,16.12547461040512,62.013678614751605,61.400554858443215,False,False,14.944812515750527,19.86688406517108,20.634896277139585,60.320945084095,64.22970398329197,499
125,True,10000,500,3897475.248246716,8141.265617217869,94.70805525779724,16.125365855631404,62.01409685540707,61.41551246559943,False,False,14.94473754428327,19.868180621415377,20.622736308723688,60.33367048949003,64.22916551120578,499
126,True,10000,500,3897475.248641252,8141.042078845203,94.33555882424116,16.125664368779486,62.012948870254064,61.417198825107214,False,False,14.946782495826483,19.86778698240717,20.652899363388617,60.319528076797724,64.23502982594071,499
127,True,10000,500,3897475.248995219,8140.733051113784,93.98831194266677,16.12574096026276,62.0126543309986,61.41953026350519,False,False,14.94736724998802,19.867780307928722,20.66091898207863,60.32077865675092,64.23511858098207,499
128,True,10000,500,3897483.080708002,8371.585021726787,59.18856477364898,16.65810913217062,60.0308229502934,59.72584626475742,False,False,14.969197218306363,19.874351688971124,20.392518563506293,60.12679189443588,61.40739183872939,499
129,True,10000,500,3897483.2662552,8372.35777406022,66.31682487204671,16.645372643663674,60.07675655015545,59.72033368534875,False,False,14.979769592173398,19.909176665047806,22.21355742464463,60.20382111892104,64.40829692408445,499
130,True,10000,500,3897483.267324839,8371.46279308945,65.259856171906,16.64569726837183,60.07558493209418,59.72671829978681,False,False,14.975509489886463,19.879437051713467,22.159994579851627,60.23201523348689,64.35270383022728,499
131,True,10000,500,3897483.267759455,8370.804599951953,64.80609020218253,16.645287594688916,60.07706351190197,59.731414588613134,False,False,14.978597173467278,19.915456728388865,22.22457031408946,60.19236370921135,64.42678577266636,499
132,True,10000,500,3897483.268145211,8370.295784901828,64.40662406384945,16.64506845859314,60.077854440048434,59.735045552618345,False,False,14.970449730753899,19.925699879725773,22.25879703958829,60.152463894337416,64.48230453766885,499
133,True,10000,500,3897483.268509947,8370.006387587637,64.04878757894039,16.64520561123987,60.07735941241472,59.737110922815866,False,False,14.977809740230441,19.9163433474799,22.236200670401256,60.17987783998251,64.44597860798243,499
134,True,10000,500,3897483.268866334,8369.791589677334,63.71225090697408,16.64544957669411,60.07647888346229,59.73864398447652,False,False,14.973764540627599,19.903283566236496,22.20274057860176,60.21811105310917,64.3939345236868,499
135,True,10000,500,3897483.26922399,8369.61586214602,63.36669530719519,16.645789913504657,60.075250570638545,59.739898250455305,False,False,14.976102276705205,19.875630425910156,22.149114559094112,60.23638779297471,64.34183408506217,499
136,True,10000,500,3897483.269576677,8368.778239935637,62.96766782179475,16.644910966160005,60.07842289051912,59.74587755402698,False,False,14.94848495349288,19.917430045704048,22.231580689549446,60.061448998749256,64.41016254946592,499
137,True,10000,500,3897483.269928443,8368.162116035819,62.60738242417574,16.64439826375079,60.080273504261335,59.750276472519026,False,False,14.941554749384522,19.91658005863428,22.28844305500388,60.09987499564886,64.50800373218956,499
138,True,10000,500,3897483.270782955,8367.214004974812,61.74051994457841,16.644235440942353,60.080861241613306,59.75704693374878,False,False,14.947209972888231,19.90783369789521,22.29266334325075,60.08845278993249,64.4886567629874,499
139,True,10000,500,3897483.32592564,8371.859920211136,78.38065596297383,16.620198926349026,60.16775156731959,59.72388510621307,False,False,14.97399469371885,19.897153601050377,21.57820446882397,60.225725825876,64.38625262118879,499
140,True,10000,500,3897483.326371656,8371.164625976235,77.89335120469332,16.619782113770626,60.169260532689634,59.72884566724079,False,False,14.96999233495444,19.925790062795084,21.565926959738135,60.14103004708886,64.49874835088852,499
141,True,10000,500,3897483.326750242,8371.447533834726,77.60932389646769,16.620918256389295,60.16514759138455,59.726827168080455,False,False,14.974499703384936,19.891086655358475,21.56764699611813,60.2239852771163,64.39060835167768,499
142,True,10000,500,3897483.327113519,8370.55252213031,77.17310823500156,16.6199988254415,60.16847597300812,59.733213390404686,False,False,14.971666969358921,19.917636644095182,21.565509494394064,60.166077967733145,64.46479368023577,499
143,True,10000,500,3897483.327770492,8370.094066951424,76.54816377907991,16.62033247128726,60.16726811738376,59.736485157819885,False,False,14.975004713051021,19.88531711200873,21.58048702403903,60.2278009057045,64.38124800100925,499
144,True,10000,500,3897483.328155898,8369.747650809586,76.16857811808586,16.62039894326954,60.16702748311297,59.73895759588835,False,False,15.004601678811014,19.904516637325287,21.619949024170637,60.41049789637327,64.43185498006645,499
145,True,10000,500,3897483.328525785,8368.646610993892,75.7071622647345,16.619117131721758,60.171668090072544,59.74681728622044,False,False,14.993309392593801,19.912630319595337,21.615929203107953,60.35830629989505,64.32218959555033,499
146,True,10000,500,3897483.328876511,8368.561431765556,75.3712859004736,16.61961953079175,60.16984914409534,59.74742541795652,False,False,14.993439428508282,19.912210448334616,21.614841418340802,60.396333038806915,64.32603853754702,499
147,True,10000,500,3897483.329228808,8368.91843797639,75.10174764320254,16.62087513092823,60.16530369927355,59.74487667738585,False,False,15.003934153355658,19.904186638693016,21.623436477966607,60.40599178522825,64.32879548519853,499
148,True,10000,500,3897483.329580784,8368.664081208408,74.78620205074549,16.620997753822973,60.164859824374346,59.74669256025409,False,False,15.002686996012926,19.903883648415405,21.616699057631195,60.40677595883608,64.33870556764307,499
149,True,10000,500,3897483.329930551,8367.560332175344,74.32656595483422,16.619706946333686,60.16953266559254,59.75457363329381,False,False,14.999704551883042,19.91079996029536,21.6154441004619,60.41163010522723,64.33523968793455,499
150,True,10000,500,3897483.330282067,8367.464582901448,74.01773985475302,16.620133954001393,60.167986778424506,59.755257407569836,False,False,15.002334490418434,19.905097006509703,21.62114146631211,60.39986480027437,64.31101333349946,499
151,True,10000,500,3897483.330820672,8366.80316971615,73.4589546918869,16.61992828662177,60.16873134193672,59.75998118490015,False,False,14.999266830272973,19.90514698748787,21.62088407203555,60.39904598146677,64.30651796981695,499
152,True,10000,500,3897483.331176528,8366.530483122915,73.11672903597355,16.620067643460803,60.16822683591494,59.76192891529017,False,False,14.999519567936659,19.90513689815998,21.620153915137053,60.39933515712619,64.3069952912629,499
153,True,10000,500,3897483.331518535,8366.061356849968,72.75381218641996,16.619854798924948,60.16899738887519,59.76528006104207,False,False,14.999584411270916,19.90965334698558,21.61394408904016,60.408016853034496,64.34059428051117,499
154,True,10000,500,3897483.331869182,8365.95559772104,72.44326360523701,16.620265198628864,60.16751165213043,59.7660355902683,False,False,15.005186665803194,19.90471004197995,21.620561718009412,60.407383274286985,64.31540404446426,499
155,True,10000,500,3897483.38877808,8431.63192877546,81.68626297265291,16.733358047701014,59.76086791123133,59.300501281798226,False,False,15.003321808762848,19.91024032856027,20.31076590841015,60.430881241336465,64.83326412271703,499
156,True,10000,500,3897483.3897859,8430.458051152527,80.63075412064791,16.733120835735228,59.76171509288342,59.30875842880744,False,False,15.005366993136704,19.911562620351713,20.310976387312014,60.43359413743019,64.80682838708157,499
157,True,10000,500,3897483.390234555,8428.888686932623,80.05903987213969,16.73112153719536,59.76885636607659,59.319801052202074,False,False,14.99360951129347,19.91543136537075,20.309352781623602,60.3502148296684,64.51347165275358,499
158,True,10000,500,3897483.390605152,8428.691907785833,79.71315272152424,16.731420350830277,59.76778892835456,59.32118595272597,False,False,14.99351451639086,19.916705631961424,20.310646078238886,60.414652759209275,64.55486583057784,499
159,True,10000,500,3897483.390961748,8428.918546065688,79.36474680900574,16.73257274400137,59.76367264612671,59.319590913994745,False,False,15.002137050032616,19.912831236918766,20.311292726546526,60.40246714837849,64.77585077751422,499
160,True,10000,500,3897483.391319085,8428.615279030055,79.01587011292577,16.73266414612651,59.76334618725332,59.32172527128784,False,False,14.994594501331449,19.923847137639918,20.311329358567793,60.329883499071,64.78405341040337,499
161,True,10000,500,3897483.391678471,8428.351151756942,78.7001526914537,16.73276753319737,59.762976926322935,59.323584292732264,False,False,14.994782046414912,19.921313257267077,20.284529620160658,60.3216702118516,64.75613992195571,499
162,True,10000,500,3897483.392033328,8428.086334373802,78.35980597883463,16.732918894579093,59.76243632687221,59.325448288392444,False,False,14.994391705840826,19.91920666769147,20.284496402988832,60.32353867776692,64.76658438332373,499
163,True,10000,500,3897483.392616932,8427.586439065635,77.79175229370594,16.733055484512885,59.76194849324083,59.32896726900079,False,False,14.994501951150596,19.916722644120455,20.284009631723166,60.32425300218165,64.78044035844499,499
164,True,10000,500,3897483.392970858,8427.105753682554,77.41504581645131,16.732847109952107,59.762692710270166,59.33235141632172,False,False,14.994669239968061,19.92035796865821,20.284729699293774,60.32216125167906,64.76096266880626,499
165,True,10000,500,3897483.393322905,8427.12891381234,77.14868802577257,16.733427306185508,59.76062056518154,59.33218835426662,False,False,14.994659228250384,19.92114121094346,20.283503147463005,60.334882559254766,64.81926837470377,499
166,True,10000,500,3897483.39384107,8426.444119773805,76.6026726923883,16.733149192547927,59.7616138177593,59.337010118738164,False,False,14.994437107816339,19.915905936310686,20.28397625933091,60.3260638192296,64.79268328286702,499
167,True,10000,500,3897483.394221736,8426.104933954775,76.2296668253839,16.733216968195173,59.761371761371414,59.3393986805391,False,False,14.994467026554048,19.91510894149542,20.283923018723726,60.32760217785835,64.8000609222799,499
168,True,10000,500,3897483.394582023,8425.580059178174,75.81814099103212,16.732989816006295,59.762183028607886,59.343095251387325,False,False,14.99442954082042,19.918568059802055,20.284366328269243,60.32475489191711,64.77369176223868,499
169,True,10000,500,3897483.394926839,8425.051934085786,75.4440650343895,16.7326811003034,59.76328563280082,59.346815178327525,False,False,14.994772034697235,19.922011966506638,20.284789924820263,60.3234370239079,64.77000605314964,499
170,True,10000,500,3897483.395283716,8425.082394387573,75.17411699518561,16.73328312102683,59.76113550265654,59.34660061402823,False,False,14.994517085142434,19.914396355549496,20.283646415919065,60.32905108295381,64.80694996658707,499
171,True,10000,500,3897483.395912569,8425.525350030512,74.79782216250896,16.7349249055471,59.755272619629835,59.3434805816814,False,False,14.994629542343318,19.91348418717583,20.283419638872147,60.33078897744417,65.01815045252438,499
172,True,10000,500,3897483.396280846,8424.70669792965,74.29769588634372,16.734286577241097,59.75755198073495,59.349247152173696,False,False,14.994517085142434,19.924800594647728,20.285153140624363,60.33491715788841,64.93414162192488,499
173,True,10000,500,3897483.396642792,8424.47570990771,73.98138009011745,16.734457574784756,59.756941360727815,59.3508744303184,False,False,14.994662022218108,19.922876575340826,20.284869708120823,60.32670377753675,64.95780653785908,499
174,True,10000,500,3897483.396992319,8424.285312183201,73.68932198733091,16.734661302997736,59.7562138781301,59.352215822617026,False,False,14.994452008977532,19.917527896662552,20.28422662988305,60.32632905989885,64.98698554001743,499
175,True,10000,500,3897483.397346695,8424.130894243717,73.37129581719637,16.73498917520345,59.755043133324456,59.35330377423912,False,False,14.994717086665332,19.91270985454321,20.283226544658344,60.33195201307535,65.02616524230685,499
176,True,10000,500,3897483.397708052,8423.181092366576,72.84318003803492,16.73414411288285,59.758060720305735,59.3599964807975,False,False,14.994966913945973,19.91218797241648,20.28572636966904,60.34602983854711,64.91653335746372,499
177,True,10000,500,3897483.398067628,8422.968115191907,72.54103384912014,16.734322808302178,59.757422601163356,59.361497415404635,False,False,14.996164478361607,19.907729048281908,20.293702992300194,60.33686585724354,64.98730337247247,499
178,True,10000,500,3897483.398521524,8422.796805854887,72.16805685311556,16.73472695190736,59.75597945958861,59.3627047553181,False,False,14.996721991337836,19.902380711088576,20.71493538096547,60.3360696695745,65.03759643062943,499
179,True,10000,500,3897483.39887503,8422.20260296017,71.74147199839354,16.734391044011574,59.75717893588076,59.36689291044411,False,False,14.996349578723311,19.906124348441757,20.712388679385185,60.334940906614065,64.99646252486849,499
180,True,10000,500,3897483.399235307,8421.962404157966,71.40246545895934,16.734589055509034,59.75647186094478,59.36858608548851,False,False,14.996634563431144,19.903422612696886,20.714312326163054,60.336312744766474,65.0156056368723,499
181,True,10000,500,3897483.399576843,8421.82170599699,71.12680841237307,16.73485951419763,59.75550611295024,59.36957791969892,False,False,14.997146790847182,19.900692254304886,20.719565295924742,60.33198814839125,65.05240219645196,499
182,True,10000,500,3897483.39993047,8421.428199857473,70.76639076694846,16.734793204590233,59.755742886963624,59.37235206831807,False,False,14.99685668386519,19.9015646862487,20.715588703751564,60.334236873313785,65.04514906089747,499
183,True,10000,500,3897483.400279546,8420.663597993553,70.2914260327816,16.734212769460463,59.75781554690018,59.377743117435344,False,False,14.994969475083053,19.911047381659348,20.29282956694563,60.34411396831274,64.96915677096689,499
184,True,10000,500,3897483.400621113,8420.61677807942,70.02409920096397,16.734654667091096,59.75623757366875,59.37807326674713,False,False,14.997324557043612,19.89883764957388,20.72028908878565,60.32674806192517,65.02341010607773,499
185,True,10000,500,3897483.401013949,8420.501889195293,69.71124187111855,16.735051397443236,59.7548209593655,59.37888341805034,False,False,14.997464488260448,19.897915609180927,20.72047535330057,60.32441118732095,65.07274082861836,499
186,True,10000,500,3897483.401356496,8419.801756273955,69.27448604255915,16.73452358763807,59.756705636885194,59.383820958424415,False,False,14.996471931226552,19.904124985138576,20.713708984355133,60.335970064625144,65.00989846885199,499
187,True,10000,500,3897483.402242507,8421.045814175159,68.50674329325557,16.738555252268345,59.74231257888783,59.37504806806172,False,False,14.998514205217361,19.909969934572775,20.293259682754677,60.34154095686972,65.75182089582083,499
188,True,10000,500,3897483.402617773,8420.746297109872,68.13882710412145,16.73869232466082,59.74182335179897,59.377159975904696,False,False,14.996159472502768,19.90708215162158,20.71153201783697,60.33399379812181,65.7739529199898,499
189,True,10000,500,3897483.40296897,8420.458568725735,67.79436999931931,16.738806009471777,59.74141760374919,59.37918890273274,False,False,14.996382058598101,19.90541104848186,20.713172387331724,60.33498011529446,65.79281761310992,499
190,True,10000,500,3897483.403319036,8420.223321765661,67.45098391547799,16.739022721142653,59.74064416179591,59.380847857982175,False,False,14.997229329310358,19.899730818967026,20.719869062304497,60.329241305589676,65.82464228849857,499
191,True,10000,500,3897483.403663153,8419.925395399332,67.1137273311615,16.73910153921477,59.740362865790345,59.38294895976171,False,False,14.998914208263159,19.908969942480326,20.292329601943493,60.33875294961035,65.82952918950467,499
192,True,10000,500,3897491.454258404,8495.155132841319,58.550561778247356,16.90702318850315,59.147017712733984,58.85707702582805,False,False,14.980207080952823,19.947799543539684,21.251620414356392,60.14334596693516,64.48274990543723,499
193,True,10000,500,3897491.639964111,8496.415039990097,66.02938799187541,16.894560424846137,59.190649229875255,58.848349291630505,False,False,14.980059582740068,19.96211629981796,29.405272332951427,60.20704610273242,65.13982275500892,499
194,True,10000,500,3897491.640526105,8495.264731813222,65.43491361662745,16.893446529452092,59.19455205642002,58.85631769985824,False,False,14.986849506385624,19.948966335505247,29.3730900157243,60.149325989186764,65.15544122084974,499
195,True,10000,500,3897491.641370887,8494.29232114926,64.57346212118864,16.893224166388922,59.19533122573599,58.863055460793355,False,False,14.999297098256648,19.95089976117015,29.34647281654179,60.11495739221573,65.156084112823,499
196,True,10000,500,3897491.641789833,8494.526377879083,64.19765576720238,16.894446336897555,59.19104894346226,58.861433558210955,False,False,14.980362029746175,19.961836126943428,29.35210522264242,60.20753504708409,65.14244088903068,499
197,True,10000,500,3897491.642168999,8493.380330037326,63.762880861759186,16.893020940231594,59.19604335648746,58.86937598116516,False,False,14.984631910920143,19.930823395649593,29.383072163909674,60.16281619668007,65.15557700768112,499
198,True,10000,500,3897491.642535375,8493.305671028793,63.432624097913504,16.893533160182123,59.19424850433237,58.86989346274583,False,False,14.984724461100996,19.94820296143492,29.376529972068965,60.16647629439831,65.15689808875321,499
199,True,10000,500,3897491.642901722,8493.526668287814,63.097487203776836,16.894647657483038,59.19034360903505,58.86836169795575,False,False,14.9804069660604,19.96234975134333,29.406464542262256,60.20787637680769,65.1288866996765,499
200,True,10000,500,3897491.643269078,8492.662786971778,62.71212128922343,16.893688708782676,59.193703473423234,58.874349840785875,False,False,14.982004766352475,19.951159600168467,29.37848260626197,60.192456003278494,65.1566327549517,499
201,True,10000,500,3897491.643628715,8492.259760852903,62.34604399651289,16.893614663038857,59.19396292303722,58.877143902835996,False,False,14.982979511842132,19.95065963516633,29.377487488090992,60.18224637955427,65.15645412728189,499
202,True,10000,500,3897491.643992891,8491.72482592985,61.96026783436537,16.89331574768634,59.19501031862008,58.88085285962497,False,False,14.994671917520463,19.94221331551671,29.38809001352638,60.188526287674904,65.15350881963967,499
203,True,10000,500,3897491.699219816,8498.038904275745,71.21355691924691,16.887425545804607,59.21565707500235,58.83710414039497,False,False,14.984757173806429,19.960122959067423,26.462421170435846,60.22242596372962,65.14299660921095,499
204,True,10000,500,3897491.699973158,8496.455709915608,70.35186607390642,16.885979646977358,59.220727544759484,58.84806760264584,False,False,14.995777048170567,19.951296349366505,26.429903926327825,60.149526223540306,65.1711176149547,499
205,True,10000,500,3897491.700395664,8496.596067678183,70.01322880387306,16.886939556862345,59.21736124137603,58.84709547415641,False,False,14.984501991420984,19.95185964430372,26.46251628175378,60.21246500313282,65.12151705101131,499
206,True,10000,500,3897491.700767411,8496.361030265689,69.65392222627997,16.887188593265346,59.216487959328084,58.84872337920939,False,False,14.984646928496659,19.95506975799799,26.46231628023088,60.22768607363105,65.11901924386619,499
207,True,10000,500,3897491.701130167,8495.507238898426,69.20906668528914,16.886369082591457,59.219361788729515,58.85463762665603,False,False,14.991179457865655,19.94146623959144,26.464405935257673,60.20134501159191,65.15267491340636,499
208,True,10000,500,3897491.701493943,8495.570837985724,68.92154971137643,16.88707272199268,59.21689427544548,58.85419703222068,False,False,14.997584512457252,19.948499742895365,26.51862322818488,60.23419601842761,65.18411021679638,499
209,True,10000,500,3897491.70185202,8494.701577350497,68.48078407347202,16.886214014583217,59.21990560680939,58.86021956711872,False,False,14.99737671110779,19.946929688254993,26.528473012149334,60.19872613251209,65.17255073413251,499
210,True,10000,500,3897491.702207736,8494.712846819311,68.19437677040696,16.886810561220248,59.21781359331715,58.860141480499344,False,False,14.997201971709728,19.94862298791607,26.519655832089484,60.194105841219425,65.1769397780299,499
211,True,10000,500,3897491.702561273,8492.912494111806,67.73373112082481,16.884125777537037,59.22722995409209,58.8726188273638,False,False,14.99661197885871,19.945946366836626,26.531900512054563,60.20052591338754,65.20081162452696,499
212,True,10000,500,3897491.703102307,8493.608888238668,67.24451715126634,16.886501745666138,59.218896551895156,58.867791839622335,False,False,14.997194521129131,19.947719760239124,26.527917943894863,60.1966748945415,65.17066489905118,499
213,True,10000,500,3897491.703456104,8494.006634224206,66.99658837169409,16.887795683071165,59.214359219328436,58.86503525737676,False,False,14.997999416664243,19.961092931528885,26.51995071209967,60.25796523317695,65.18790256232022,499
214,True,10000,500,3897491.703807721,8493.517998140305,66.63180189207196,16.88754748747141,59.215229490361665,58.86842179053218,False,False,14.997821999713778,19.95127306630214,26.517938007600605,60.28551422059536,65.18093440681695,499
215,True,10000,500,3897491.704164577,8493.232220876962,66.28204602748156,16.887675701101166,59.21477991993858,58.87040257429496,False,False,14.997906750068069,19.961086412270863,26.518887956626713,60.2703751064837,65.19811647012828,499
216,True,10000,500,3897491.704587053,8492.19498084858,65.80117996782064,16.886560723207936,59.21868972559086,58.87759302837364,False,False,14.996929443441331,19.94600302229325,26.51173819322139,60.19994616508484,65.20145386457442,499
217,True,10000,500,3897491.704961949,8492.233531083912,65.46544376760721,16.887310796225062,59.21605944645354,58.87732575533426,False,False,14.99780430458486,19.948419959594805,26.518260478042066,60.23324513807893,65.1766488328576,499
218,True,10000,500,3897491.705322515,8491.525418590754,65.07283775135875,16.886678518716224,59.218276636915746,58.88223556457063,False,False,14.997266931459308,19.947983014086883,26.518710772506893,60.19478477537632,65.16978284344076,499
219,True,10000,500,3897491.822018443,8493.533608969301,77.29193707928061,16.8662157753307,59.290122533748544,58.868313592353644,False,False,14.99768695794046,19.96041601523757,20.506070616344612,60.282304883003235,64.36780821532008,499
220,True,10000,500,3897491.822609347,8493.137553334236,76.75032317638397,16.866507475266236,59.289097133264995,58.871058764815366,False,False,14.996254467405379,19.94527969509363,20.632896417131025,60.23484608158469,64.39681239426133,499
221,True,10000,500,3897491.823675747,8491.97182385251,75.6684229709208,16.866339480724626,59.28968767306213,58.879140248155885,False,False,14.997711987234652,19.956599610547226,20.535483956336975,60.273464769124985,64.3683664500713,499
222,True,10000,500,3897491.824109883,8491.393828764558,75.19272714853287,16.866134472176405,59.290408341619255,58.88314805353301,False,False,14.998081722296774,19.949152910461027,20.5136276781559,60.23362511768937,64.36918433755633,499
223,True,10000,500,3897491.824509799,8491.185821127146,74.8421810567379,16.86642012038158,59.28940420448725,58.8845905074809,False,False,14.997549471445382,19.948179523150127,20.580479875206947,60.257254634052515,64.36889646574852,499
224,True,10000,500,3897491.824890925,8489.729335997254,74.2792570963502,16.864629416635076,59.295699614579824,58.89469265880513,False,False,14.993516961112618,19.966129679232836,20.458767966677744,60.2584951557219,64.36687642708418,499
225,True,10000,500,3897491.825259281,8490.533178206533,74.10885905846953,16.866581801899926,59.2888358616537,58.889116796975486,False,False,14.996599522419274,19.964513058463734,20.418412052094936,60.248575173318386,64.33286229148504,499
226,True,10000,500,3897491.825620258,8489.577356725931,73.59908288344741,16.865687923532032,59.29197815908471,58.895746983667124,False,False,14.991531963460147,19.961632943401735,20.332079380750656,60.251085087656975,64.33545220643279,499
227,True,10000,500,3897491.825975134,8489.166461862624,73.23507685214281,16.865593957936834,59.292308500609124,58.89859767107148,False,False,14.992031850852072,19.96152273689707,20.324909283469122,60.251455288380384,64.33648234233257,499
228,True,10000,500,3897491.827546949,8487.704955972731,71.71335211023688,16.865714636998984,59.29188424700727,58.908739475935,False,False,14.996769488789141,19.965252683808405,20.298503028849762,60.249434784054756,64.33315677568314,499
229,True,10000,500,3897491.827941325,8487.513477914035,71.35352492332458,16.86605201000142,59.29069822665131,58.91006845539459,False,False,14.996466925367713,19.964566454291344,20.36130568012595,60.24954514577985,64.33404115959999,499
230,True,10000,500,3897491.828313441,8486.755785066634,70.88707014918327,16.865468366568038,59.292750030130975,58.91532791361855,False,False,14.992921962402761,19.966986030340195,20.330095974107582,60.25762530043721,64.3388010561466,499
231,True,10000,500,3897491.828687237,8486.617486923933,70.58282382786274,16.865800928048237,59.29158088999946,58.916287999358204,False,False,14.994334196671844,19.962233025580645,20.353475740800302,60.25101477280259,64.33519292622802,499
232,True,10000,500,3897491.829049204,8486.551216803491,70.26788592338562,16.866299260280773,59.28982905900088,58.91674806722346,False,False,14.996821992099285,19.96555272489786,20.390685337285202,60.24942500516772,64.33374891057608,499
233,True,10000,500,3897491.82941597,8485.939903184772,69.86206118017435,16.865887458927048,59.29127669298563,58.920992336081724,False,False,14.99477680772543,19.9626162648201,20.36025235429406,60.24940498173237,64.33564089238641,499
234,True,10000,500,3897491.829782637,8485.621876083314,69.50375298038125,16.86596818257101,59.29099291396637,58.92320059761886,False,False,14.995126985013485,19.96298972517252,20.366668701171875,60.24955492466688,64.33554869145152,499
235,True,10000,500,3897491.830522399,8486.460598185658,68.96310904994607,16.86873244315774,59.28127696432923,58.91737718158925,False,False,14.996016980148852,19.963426360239584,20.635662600398064,60.250584967434406,64.35787975788114,499
236,True,10000,500,3897491.830902016,8486.174590419978,68.59137210994959,16.868904245110276,59.2806732120651,58.91936286161833,False,False,14.996241894550622,19.96405639996131,20.652196370065212,60.250124894082546,64.37740260735151,499
237,True,10000,500,3897491.831261362,8486.061102245003,68.26865626499057,16.869323539038103,59.27919976671575,58.92015081858462,False,False,14.996634447015822,19.964696063349646,20.683009022225935,60.24830508977175,64.41269749775526,499
238,True,10000,500,3897491.831616109,8484.54402713105,67.77642015367746,16.86726975346167,59.28641769630618,58.93068600989618,False,False,14.994179480709136,19.965619624902804,20.60778330390652,60.25825487449765,64.34363834559915,499
239,True,10000,500,3897491.831973605,8484.95955299586,67.50360410660505,16.868649196170853,59.281569518144806,58.92780005338511,False,False,14.992487034760416,19.961189323415358,20.6620660610497,60.25128485634923,64.39224611967799,499
240,True,10000,500,3897491.832329902,8483.942172024399,67.12389690801501,16.867371292818405,59.28606079986918,58.93486658227567,False,False,14.995501725934446,19.96315938110153,20.61917632818222,60.23860489949584,64.34197258204219,499
241,True,10000,500,3897491.832679708,8484.591917134821,66.84332014992833,16.869235665300387,59.279508558705835,58.930353384496776,False,False,14.995929202996194,19.961582651982706,20.661592638740938,60.23971503600478,64.46174364536998,499
242,True,10000,500,3897491.833135464,8483.989921864122,66.36606389656663,16.86898568730973,59.2803870094148,58.93453488333928,False,False,14.996004407294095,19.961572717875242,20.641263108700514,60.23935601115227,64.4622856751084,499
243,True,10000,500,3897491.83349195,8483.87838434428,66.04558834806085,16.86940440079403,59.2789156179652,58.93530969546602,False,False,14.995779260061681,19.96166305616498,20.676802688588698,60.240425169467926,64.46114387363193,499
244,True,10000,500,3897491.833846436,8482.935883104801,65.61547331511974,16.86837757472882,59.28252409396735,58.94185773534307,False,False,14.995096833445132,19.963346266498167,20.598923011372488,60.23774482309818,64.45913771167395,499
245,True,10000,500,3897491.834200723,8482.97629179433,65.30849495902658,16.86907374115291,59.280077575359236,58.94157696558166,False,False,14.997032005339861,19.961186063786347,20.648859286059935,60.239724814891815,64.46274165064094,499
246,True,10000,500,3897491.83455094,8482.67683526501,64.96465811505914,16.869162679659222,59.27976503574754,58.94365772857824,False,False,14.996679499745369,19.96075299878915,20.655856002122164,60.23926520720124,64.46205731481311,499
247,True,10000,500,3897491.834899556,8481.979331932962,64.5691929385066,16.86855739277446,59.28189214498827,58.94850487522407,False,False,14.995682053267956,19.96298631032308,20.606803086896736,60.23867521435022,64.4635393284261,499
248,True,10000,500,3897491.835254743,8480.966411996633,64.14570566266775,16.867376164997925,59.286043674957256,58.95554536010565,False,False,14.99543443787843,19.961669264982145,20.432274943838518,60.23956509307027,64.45893570780751,499
249,True,10000,500,3897491.835648039,8537.24334621802,94.10898108035326,16.920108948171677,59.101274292211706,58.5669143683832,False,False,14.99582699034363,19.957012962549925,20.634546255071957,60.23880513384938,64.4637652672827,499
250,True,10000,500,3897491.835998805,8537.278367206454,93.80419412627816,16.920789926012375,59.098895759157045,58.56667411954246,False,False,14.99537704512477,19.957192707806826,20.60732323055466,60.23887498304248,64.45914786309001,499
251,True,10000,500,3897491.836830957,8536.342605948448,92.96316234394908,16.920600087383765,59.099558812078655,58.5730942490032,False,False,14.996037003584206,19.956013032545645,23.189074359834194,60.23850617930293,68.12822148203848,499
252,True,10000,500,3897491.837218883,8535.488624125719,92.52994693815708,16.91975686811135,59.10250411958928,58.57895452953222,False,False,14.995137113146484,19.9592395996054,23.162038065493107,60.239364858716726,68.05980000644921,499
253,True,10000,500,3897491.83757945,8535.43079411611,92.18552894890308,16.920331192719853,59.10049801095266,58.57935141887325,False,False,14.996034558862448,19.956736204524834,23.186837633450825,60.23878511041403,68.12436301261185,499
254,True,10000,500,3897491.837949976,8534.287586342543,91.77458425983787,16.918863731628665,59.10562410468311,58.58719839722206,False,False,14.99507192056626,19.959486400087673,23.159927998979885,60.23887498304248,68.05653013288973,499
255,True,10000,500,3897491.838312382,8534.79397110641,91.4735272526741,16.920481851410294,59.09997178458908,58.58372231276983,False,False,14.996086829341948,19.960392887393635,23.190004595865805,60.239994898438454,68.12859149649738,499
256,True,10000,500,3897499.95111597,8365.615561138839,58.71355999261141,16.647098198689836,60.07052929373014,59.76846489607674,False,False,14.91505280137062,19.788831006735563,30.101682525128126,59.870368894189596,67.55589663982394,499
257,True,10000,500,3897500.138074974,8365.32700387761,70.61067316681147,16.62267801745651,60.15877820347826,59.77052657573735,False,False,14.92690749000758,19.788246725996338,22.334280420715462,59.94845796376467,65.67642644979061,499
258,True,10000,500,3897500.138845066,8364.470763131976,69.8317508213222,16.622523070762835,60.15933897296786,59.77664506926688,False,False,14.918232685886323,19.77904535209139,22.33571227019017,59.90000879392028,65.68493882194163,499
259,True,10000,500,3897500.139377991,8363.74152963981,69.26396582275629,16.62219952668748,60.16050994902736,59.781856986861335,False,False,14.92071500979364,19.77877865235011,22.30922767892465,59.88563885912299,65.65150565467776,499
260,True,10000,500,3897500.139844986,8363.384143915027,68.81474098190665,16.622383573012268,60.15984383993988,59.78441159656483,False,False,14.917640248313546,19.778564075628914,22.328511353892438,59.8802549764514,65.66636065952481,499
261,True,10000,500,3897500.140299692,8362.881897948682,68.3512450195849,16.62230591769358,60.160124891911174,59.78800204300914,False,False,14.917405205778778,19.778864613423742,22.31895259736712,59.88799501210451,65.66861322149636,499
262,True,10000,500,3897500.140732328,8362.715380266309,67.96294916421175,16.622750362930052,60.15851638066304,59.789192536656394,False,False,14.928922522813082,19.788300649573404,22.33461355014379,59.94920898228884,65.67472481168808,499
263,True,10000,500,3897500.141165003,8361.555072013289,67.45026400312781,16.621452521062444,60.16321369825024,59.797489305970736,False,False,14.902367955073714,19.779703952372074,22.277202120361085,59.83073357492685,65.59327085502447,499
264,True,10000,500,3897500.141663528,8361.84318875894,67.04050814732909,16.62285106334992,60.158151943308994,59.7954289159792,False,False,14.92890773806721,19.78806198264162,22.334387501080684,59.96356988325715,65.6727017555386,499
265,True,10000,500,3897500.142077664,8360.75195018202,66.55307300388813,16.62164103642912,60.162531353452515,59.803233366959844,False,False,14.91391530726105,19.77970873316129,22.28811671802139,59.8610014654696,65.62045968137683,499
266,True,10000,500,3897500.14247927,8360.793698579073,66.18896685540676,16.622454372191715,60.1595876041588,59.802934748285395,False,False,14.917927794158459,19.778640009462833,22.33787283456559,59.89995803683996,65.68252738565208,499
267,True,10000,500,3897500.199759415,8363.995807245374,68.22072621434927,16.62479976158522,60.151100424721584,59.78003953168786,False,False,14.92305495776236,19.78236126403014,22.17305436109503,59.9651881493628,65.68162874318661,499
268,True,10000,500,3897500.20129888,8361.72090889886,66.54578307643533,16.623597446537925,60.15545090140899,59.796303350412124,False,False,14.885407988913357,19.774538309623797,22.067282038430374,59.83665520325303,65.52047482691707,499
269,True,10000,500,3897500.202074522,8361.331963911653,65.81284990534186,16.624286801615852,60.15295645060706,59.799084901550394,False,False,14.886090531945229,19.78222467005253,22.062535708149273,59.80702703818679,65.49477841705085,499
270,True,10000,500,3897500.202598607,8360.873247962445,65.29733492061496,16.62440062733834,60.15254458891765,59.802365754300915,False,False,14.91460029501468,19.779301714152098,22.13750158747037,59.88754881545901,65.63770018517972,499
271,True,10000,500,3897500.203070612,8360.72893999517,64.91637881845236,16.62487487209763,60.1508286644822,59.803397955907045,False,False,14.924537506885827,19.787291375299294,22.173031078030665,59.97172752395272,65.67942698486151,499
272,True,10000,500,3897500.203518948,8360.451932065189,64.4998331554234,16.625154506833198,60.14981692885828,59.80537942958911,False,False,14.939215034246445,19.812274413804214,22.172031458467245,60.17579389736056,65.68653186783196,499
273,True,10000,500,3897500.203945434,8359.896406996995,64.04822692275047,16.6249462526538,60.15057040201693,59.80935356824688,False,False,14.94324253872037,19.811494275927544,22.1999140145878,60.180745739489794,65.73979558423163,499
274,True,10000,500,3897500.204370919,8359.292483888566,63.55623295530677,16.624721945758036,60.15138197575449,59.813674538088485,False,False,14.939184999093413,19.8124876866738,22.20065441603462,60.12216983363032,65.74151813983919,499
275,True,10000,500,3897500.204780185,8359.461192041636,63.2521859370172,16.62566935091106,60.14795428042129,59.81246739634481,False,False,14.9438549997285,19.810054296006758,22.198944352567196,60.198717191815376,65.74409807100893,499
276,True,10000,500,3897500.205656157,8357.962856069207,62.26426502689719,16.624646475034687,60.15165504431658,59.82319000579437,False,False,14.943607267923653,19.810767689098913,22.19944726675749,60.182259883731604,65.74783038347961,499
277,True,10000,500,3897500.206060363,8357.51213086769,61.85277923941612,16.624567838934414,60.15193956849931,59.826416303159974,False,False,14.933432452380657,19.812084423998993,22.201000712811947,60.08806275203824,65.7244773861021,499
278,True,10000,500,3897500.206452089,8357.476321049035,61.55990203842521,16.625083004029275,60.15007562714958,59.82667264527048,False,False,14.943524962291121,19.81097801278035,22.199710986266535,60.200072173029184,65.74583579786123,499
279,True,10000,500,3897500.206833265,8357.186075299978,61.19241612032056,16.62523779394721,60.14951559754967,59.828750430455464,False,False,14.943627291359007,19.810530977944534,22.199197361866634,60.181252006441355,65.7457620278001,499
280,True,10000,500,3897500.207218921,8356.48993216455,60.752980411052704,16.624723350207407,60.151376894192,59.833734505617585,False,False,14.939144952222705,19.8116743316253,22.200367258240778,60.17531417310238,65.73779235593976,499
281,True,10000,500,3897500.207589028,8356.297622900456,60.41647307574749,16.625012324298012,60.1503313497378,59.835111500785786,False,False,14.943315065465868,19.81124437103669,22.19978425030907,60.19982313737273,65.74728345498444,499
282,True,10000,500,3897500.208033253,8355.491471011192,59.87165914848447,16.62448860092727,60.15222627324745,59.840884493116405,False,False,14.933582744561136,19.812217603127163,22.201647361119587,60.08488880470395,65.72664913721384,499
283,True,10000,500,3897500.317469093,8366.565842181444,80.2212180569768,16.605901050349633,60.219556708664435,59.76167634744069,False,False,14.951499993912876,19.831094269951183,23.094751755706966,60.116426553577185,64.79537192732099,499
284,True,10000,500,3897500.318671771,8364.97328709811,78.8773512467742,16.605402677056784,60.22136406132877,59.77305400020648,False,False,14.947619987651706,19.830994307994843,23.13244645483792,60.12061405926943,64.75924475118521,499
285,True,10000,500,3897500.319171846,8364.798218943179,78.50796496495605,16.605792092140728,60.21995183676213,59.7743049996932,False,False,14.94988752529025,19.83138732612133,23.123563965782523,60.20178813487291,64.77823314256969,499
286,True,10000,500,3897500.319604602,8363.517730962485,77.86558102816343,16.604513326521687,60.224589564015844,59.78345668461437,False,False,14.95216740295291,19.819270974646013,23.127569002099335,60.09708680212498,64.69523209147158,499
287,True,10000,500,3897500.320021117,8364.105036947876,77.68891286104918,16.60604433684735,60.219037099707606,59.77925884374758,False,False,14.939479995518923,19.83124405766527,23.101267055608332,60.1805254817009,64.8085954692215,499
288,True,10000,500,3897500.320414384,8363.756919279695,77.30493601411581,16.606116198929016,60.21877650503815,59.78174698590608,False,False,14.939024928025901,19.82832420617342,23.17324874456972,60.13041790574789,64.81283457018438,499
289,True,10000,500,3897500.32080226,8362.725558690727,76.72359189018607,16.605214362325732,60.22204701366707,59.789119766149575,False,False,14.94128000922501,19.829407644768555,23.191985907033086,60.148084349930286,64.6865251567215,499
290,True,10000,500,3897500.321186896,8362.646110821515,76.46194519475102,16.605579490234,60.22072283524436,59.7896877823139,False,False,14.939822489395738,19.828504261871178,23.177741328254342,60.131904762238264,64.70087945461276,499
291,True,10000,500,3897500.32184041,8362.241713795811,75.85942978039384,16.605976521072982,60.219283023253716,59.79257920458253,False,False,14.939054963178933,19.82869766652584,23.176058661192656,60.13039220124483,64.74119897000493,499
292,True,10000,500,3897500.322224926,8361.370112746954,75.31467592343688,16.605321516680394,60.22165840001827,59.798812067623615,False,False,14.93942504748702,19.82911101852854,23.190848529338837,60.14614421874285,64.69892785884443,499
293,True,10000,500,3897500.322606042,8361.088085919619,74.95489018037915,16.605477346170822,60.22109326658997,59.80082913395189,False,False,14.939210028387606,19.828750596692164,23.19021348375827,60.14898410066962,64.71273098140958,499
294,True,10000,500,3897500.322968898,8360.955958254635,74.70116298645735,16.60572103260156,60.220209531204766,59.80177416272097,False,False,14.939410029910505,19.829390725741785,23.177125956863165,60.13091243803501,64.71284545958045,499
295,True,10000,500,3897500.323336705,8360.542911104858,74.3221458978951,16.605652836086097,60.220456845085835,59.80472863022771,False,False,14.939610031433403,19.828667708983023,23.177360999397933,60.13143239542842,64.70724132843318,499
296,True,10000,500,3897500.323694361,8360.04493618384,73.8778910599649,16.605545180608967,60.2208472605732,59.80829096215815,False,False,14.93894006125629,19.82876394564907,23.18950358312577,60.149103961884975,64.71706764772537,499
297,True,10000,500,3897500.324109157,8359.676629770547,73.52826371788979,16.605507747600516,60.22098301357267,59.81092596565231,False,False,14.93896753527224,19.828747647504013,23.177958675660193,60.13174504041672,64.72021459601822,499
298,True,10000,500,3897500.324484693,8359.733819961548,73.24434723705053,16.606191328105204,60.21850406526069,59.8105167901506,False,False,14.938954962417483,19.828444346785545,23.17324874456972,60.13027261942625,64.76218610070647,499
299,True,10000,500,3897500.325338075,8368.971787858754,72.54356425255537,16.62610866454148,60.14636498393043,59.74449582030765,False,False,14.939334942027926,19.82878427952528,23.107854183763266,60.14593793079257,69.75825339555743,499
300,True,10000,500,3897500.325740461,8368.369004223496,72.09202833473682,16.625805562903324,60.14746149992701,59.74879928784823,False,False,14.941304689273238,19.829594374944765,23.11279426794499,60.147799737751484,69.70111316069963,499
301,True,10000,500,3897500.326119607,8368.49154299125,71.83311134576797,16.62657000329756,60.14469609797266,59.747924393704885,False,False,14.93912748992443,19.82888424148162,23.110671783797443,60.130386147648096,69.81993516907099,499
302,True,10000,500,3897500.326943109,8367.5222620368,70.98007900640368,16.626337040141077,60.1455388270846,59.7548455016947,False,False,14.939112472347915,19.829187386979658,23.11606681905687,60.13098182156682,69.78954769670966,499
303,True,10000,500,3897500.327342465,8367.045446764678,70.55825274437666,16.626226841724048,60.14593747094007,59.758250768595644,False,False,14.942342415452003,19.828850869089365,23.109414498321712,60.13249075040221,69.77773053571585,499
304,True,10000,500,3897500.327710652,8366.463862359524,70.13484742492437,16.625909849568338,60.1470842226396,59.762404789613136,False,False,14.937764964997768,19.829824101179838,23.15913629718125,60.07227096706629,69.72592367790642,499
305,True,10000,500,3897500.328078658,8366.269425023347,69.81266103684902,16.62616585969238,60.146158076309604,59.76379370529352,False,False,14.940254972316325,19.8310276803871,23.15592870581895,60.052972845733166,69.75732075981799,499
306,True,10000,500,3897500.328439674,8365.782970096916,69.4168652407825,16.625984178068403,60.14681532772753,59.767268860216156,False,False,14.937944943085313,19.83018747220437,23.15942128188908,60.05594106391072,69.72969482652846,499
307,True,10000,500,3897500.328802541,8365.463582333177,69.06686816364527,16.626045519377822,60.14659341780882,59.76955073427587,False,False,14.93795495480299,19.83057412629326,23.159076226875186,60.05349485203624,69.73903520032766,499
308,True,10000,500,3897500.329161227,8365.51213171333,68.79988079890609,16.62667785754394,60.14430595022775,59.769203860755816,False,False,14.938445063307881,19.834670703858137,23.148031439632177,60.04846878349781,69.82158339582386,499
309,True,10000,500,3897500.329647332,8364.85769925639,68.28565616160631,16.626396879949464,60.14532235820413,59.77387996025903,False,False,14.937282539904118,19.834750952819984,23.150426452048123,60.050059016793966,69.79280768893662,499
310,True,10000,500,3897500.330014019,8364.55644108355,67.92976940050721,16.62650635607824,60.144926335316654,59.776032778521085,False,False,14.938045060262084,19.834570741901796,23.150234017521143,60.04795590415597,69.80339579284194,499
311,True,10000,500,3897500.330378825,8364.047646988183,67.5317533314228,16.62628435602557,60.145729411730386,59.77966901946636,False,False,14.940597582608461,19.83426759640376,23.15359900239855,60.05133083090186,69.7743199206889,499
312,True,10000,500,3897500.330741342,8363.972987048328,67.22887605428696,16.626741705398878,60.14407499187225,59.78020263506991,False,False,14.938712469302118,19.83476399133603,23.147556581534445,60.04821304231882,69.83251642435792,499
313,True,10000,500,3897500.373989115,8366.479361895472,58.05731611326337,16.65014438032507,60.05953925430624,59.76229407523719,False,False,14.948897529393435,19.83492433403929,23.94461693863074,60.04968089982867,69.80191597715023,499
314,True,10000,500,3897500.375028374,8365.49890274182,57.02507682144642,16.65024814813702,60.05916495075714,59.76929837814256,False,False,14.948857482522726,19.834703921029966,23.955250314126413,60.04800256341696,69.82217253185812,499
315,True,10000,500,3897500.375601859,8364.732810296118,56.41588335856795,16.649933721317737,60.0602991421912,59.77477240929344,False,False,14.948742580600083,19.83478432521224,24.078411981463432,60.06454508751631,70.05074060522023,499
316,True,10000,500,3897500.376073354,8364.328204188496,55.964797269552946,16.650026867573033,60.05996314321645,59.777663883349476,False,False,14.948625001125038,19.834894066055615,24.076595747222502,60.06495896726847,70.04749176092449,499
317,True,10000,500,3897500.37651129,8363.748938776553,55.49932178109884,16.649798831654216,60.060785725460114,59.781804028318895,False,False,14.948712312616408,19.834677688777447,24.07694902891914,60.0647309795022,70.04829272627833,499
318,True,10000,500,3897500.376926736,8362.84742783755,55.04671623930335,16.648899221639773,60.064031062199476,59.78824847810108,False,False,14.940297463908792,19.83121099571387,24.05982231721282,60.051954817026854,70.01647933386269,499
319,True,10000,500,3897500.377330642,8362.803388852626,54.667419753968716,16.64957108035803,60.06160730348954,59.788563326322546,False,False,14.948389725759625,19.831564277410507,24.077412361900013,60.064376797527075,70.0490752514452,499
320,True,10000,500,3897508.318614232,8384.661694057286,58.86800913140178,16.68495728442061,59.93422595895638,59.63269816293007,False,False,14.944097492843866,19.90430026004712,30.11184767819941,60.11609183624387,69.0311399288476,499
321,True,10000,500,3897508.504603326,8385.261848103255,67.88728013634682,16.66808530654691,59.994893331102574,59.62843010240639,False,False,14.956057188101113,19.88876940061649,22.182841075894576,60.150738805532455,65.19746493548156,499
322,True,10000,500,3897508.505331339,8384.702793322504,67.18040723353624,16.668381535248432,59.99382710824753,59.63240586156437,False,False,14.959952561184764,19.887390981117882,22.183154424031418,60.11613579466939,65.19249630160631,499
323,True,10000,500,3897508.506432958,8383.497824892402,66.0644480958581,16.668203159912913,59.994469134201786,59.640976886210055,False,False,14.955349848605692,19.891640295584995,22.182513267422557,60.130658093839884,65.1937686558813,499
324,True,10000,500,3897508.506921223,8383.054000325501,65.58350287377834,16.668277550003452,59.99420138044155,59.644134462283766,False,False,14.95828980114311,19.887521645675104,22.18287022629116,60.12987615540624,65.1931932102889,499
325,True,10000,500,3897508.507348719,8382.473384961486,65.13511715456843,16.668012560735306,59.995155172590366,59.648265737058146,False,False,14.956254744902253,19.882300278792776,22.182574793696244,60.151545610278845,65.19829884171487,499
326,True,10000,500,3897508.507749255,8382.007140200585,64.7280509583652,16.667893966417274,59.99558204622703,59.65158364062606,False,False,14.95996001176536,19.881723696986835,22.18282352356845,60.124954022467136,65.2011836320162,499
327,True,10000,500,3897508.508148011,8381.039989180863,64.29521506652236,16.666823194617916,59.99943650466767,59.65846728394723,False,False,14.956642407923937,19.881177010635536,22.187264988509163,60.118003096431494,65.23309646174313,499
328,True,10000,500,3897508.508531297,8381.177447736263,63.9392388984561,16.66781204175913,59.99587693301462,59.65748883351096,False,False,14.960137195885181,19.881860228876274,22.182641763550382,60.124972090125084,65.21593792364003,499
329,True,10000,500,3897508.508905474,8380.647632759064,63.55004198849201,16.667530242025194,59.99689128978564,59.66126031185859,False,False,14.96024476364255,19.881804939359426,22.18326108064487,60.125698801130056,65.21129477769138,499
330,True,10000,500,3897508.50927558,8380.38432598114,63.1880359724164,16.667728036089628,59.99617931338694,59.66313483379082,False,False,14.960152329877019,19.882037738958996,22.182673329176843,60.12467797845602,65.20524592138828,499
331,True,10000,500,3897508.56495701,8384.853311814368,71.19537703692913,16.66063714384256,60.021714137720124,59.631335386093575,False,False,14.960392145439982,19.879930342237156,21.99454962586363,60.14497084543109,65.18016545102002,499
332,True,10000,500,3897508.566172788,8383.163088932633,69.88157005980611,16.659882803352357,60.024431852472375,59.64335832379248,False,False,14.960227184928954,19.880243577063084,22.0106093523403,60.12533577159047,65.20880159921946,499
333,True,10000,500,3897508.566617274,8383.929930627346,69.83846984803677,16.66150593342547,60.018584394214365,59.63790300458611,False,False,14.955762191675603,19.88513038183252,22.00785931199789,60.1594359613955,65.19146609120072,499
334,True,10000,500,3897508.56701669,8383.24276683852,69.33986488729715,16.66112806002249,60.01994561217304,59.642791447939835,False,False,14.95590980630368,19.888796998808782,22.008289427806933,60.150361713021994,65.19567471928896,499
335,True,10000,500,3897508.567394186,8382.667923346162,68.83145123720169,16.66099493408609,60.02042518806235,59.646881466874554,False,False,14.960357453674078,19.880336864540975,22.008796067287523,60.158478282392025,65.19966806285085,499
336,True,10000,500,3897508.567767492,8382.116319146007,68.40623496100307,16.660741651673355,60.02133763952597,59.65080666536746,False,False,14.958399813622236,19.88055044785142,22.010172717273235,60.157669801265,65.1970306877047,499
337,True,10000,500,3897508.568139839,8382.070438936353,68.13878705725074,16.661185675108424,60.019738060658305,59.651133170797806,False,False,14.957772451452911,19.895353354513645,21.99242279554407,60.1203503087163,65.17294161021711,499
338,True,10000,500,3897508.568501865,8381.810422055423,67.87256011739373,16.66119812011629,60.01969322918179,59.652983642331996,False,False,14.958207262679935,19.89556693782409,21.989892857770126,60.12106081470847,65.17447575926782,499
339,True,10000,500,3897508.568859112,8381.591244135052,67.56511284038424,16.661375012614563,60.01905600485469,59.6545435629387,False,False,14.957874780520797,19.89501342177391,21.989216096699238,60.12271577492356,65.16647920943798,499
340,True,10000,500,3897508.569423976,8380.57396421209,66.785401199013,16.6608989238739,60.020771062182604,59.66178475784243,False,False,14.957772218622267,19.8808837061127,22.003339293102425,60.11940706521273,65.1913653034717,499
341,True,10000,500,3897508.569785633,8380.573403090239,66.6070319712162,16.66125525274353,60.0194874173922,59.66178875250121,False,False,14.957944746129215,19.895403645932674,21.990229686101276,60.12173295021057,65.17422458156945,499
342,True,10000,500,3897508.570154639,8380.249977111816,66.25347584486008,16.661315633801514,60.01926990514829,59.66409132968619,False,False,14.957679668441415,19.8954736503462,21.99082604298989,60.12067096307874,65.16838705167176,499
343,True,10000,500,3897508.570508685,8379.651702940464,65.75093092396855,16.661123791616223,60.01996098865756,59.66835111112641,False,False,14.957675011828542,19.895553744087618,21.99559969206651,60.119702108204365,65.1797361019999,499
344,True,10000,500,3897508.570866592,8379.07334882766,65.32600475475192,16.66081632078739,60.02106864069551,59.67246963770241,False,False,14.957952196709812,19.880763720721006,22.00520597398281,60.12311223894358,65.18663723021747,499
345,True,10000,500,3897508.571228038,8378.884250763804,65.01266779378057,16.661065296533113,60.020171711834244,59.6738163502403,False,False,14.95753217022866,19.89588374271989,21.998592962821323,60.119456239044666,65.18558086827399,499
346,True,10000,500,3897508.571807233,8378.690731711686,64.63262066245079,16.661439100299066,60.018825143504586,59.67519461096696,False,False,14.958012267015874,19.895450367281835,21.989712957292795,60.12247586622834,65.16859708353878,499
347,True,10000,500,3897508.684710628,8386.510584969074,78.74663220718503,16.64882555663705,60.064296823709,59.61955153268835,False,False,14.957517269067466,19.89320044716199,21.98808640241623,60.14058282598853,64.39703260548414,499
348,True,10000,500,3897508.686041005,8384.330025874078,77.21014693379402,16.64753482753564,60.068953773621956,59.63505711929252,False,False,14.95849504135549,19.880480443437893,22.00571959838271,60.157157853245735,64.41470296122135,499
349,True,10000,500,3897508.686572939,8384.488565847278,76.83706190437078,16.64860020830242,60.065109828351474,59.633929496506326,False,False,14.957627514377236,19.89309365550677,21.988412986199062,60.13907864689827,64.41937621682884,499
350,True,10000,500,3897508.687016015,8383.522274903953,76.25857694074512,16.647823042010437,60.067913833329484,59.6408029470797,False,False,14.957484789192677,19.8957536680003,22.00139593333006,60.13735784217715,64.42466892302038,499
351,True,10000,500,3897508.687424301,8383.527074940503,75.9652596898377,16.64842047144422,60.06575829312004,59.64076879939562,False,False,14.957662438973784,19.893203396350145,21.988832702239353,60.13782173395157,64.4116106722504,499
352,True,10000,500,3897508.687824287,8383.347757160664,75.60509396716952,16.64878289217133,60.06445074553917,59.642044501007774,False,False,14.956509694457054,19.895606984694798,21.98844961822033,60.15457371249795,64.39577817916872,499
353,True,10000,500,3897508.688219853,8382.517284713686,75.13635791838169,16.648057969529667,60.0670661905589,59.64795335546726,False,False,14.957007253542542,19.887380301952362,21.97706637283166,60.1475840434432,64.38990773633124,499
354,True,10000,500,3897508.688601529,8382.51340482384,74.81807190924883,16.648688041913005,60.06479294239306,59.647980963832126,False,False,14.956489787437022,19.89556693782409,21.976349720110495,60.15367787331343,64.36949481256308,499
355,True,10000,500,3897508.688984706,8381.483223754913,74.27907595410943,16.647703703007622,60.06834442994905,59.655312389445974,False,False,14.95666231494397,19.890283700078726,21.978323037425678,60.14433475211263,64.37773318029942,499
356,True,10000,500,3897508.691366072,8379.23976732418,71.9706192612648,16.647833964053937,60.067874424937415,59.671284494066896,False,False,14.956722152419388,19.889446906745434,21.977213056137163,60.146500170230865,64.37987103126945,499
357,True,10000,500,3897508.691760438,8378.906570840627,71.58529292792082,16.647938432690793,60.06749748883897,59.673657388667685,False,False,14.956782222725451,19.889190327376127,21.977496333420277,60.14721421524882,64.38337760977448,499
358,True,10000,500,3897508.692148374,8377.617333084345,71.05909893289208,16.646409286876658,60.07301531317981,59.68284061214306,False,False,14.956632279790938,19.895523320883512,21.976006372521322,60.12931810691953,64.34646707028152,499
359,True,10000,500,3897508.692531431,8378.257305826992,70.83366997539997,16.648143558820824,60.066757381495655,59.678281741509075,False,False,14.956672210246325,19.8899336780111,21.977529550592106,60.145190358161926,64.39310234971346,499
360,True,10000,500,3897508.692912397,8378.097468055785,70.48857398331165,16.648514817780505,60.06541790334394,59.67942028681479,False,False,14.956317259930074,19.895533720652264,21.976389766981203,60.15243399888277,64.39224773086609,499
361,True,10000,500,3897508.693285823,8377.613413147628,70.0961179099977,16.648331252981226,60.06608018572008,59.68286853811037,False,False,14.956497238017619,19.89542692899704,21.976509752372902,60.151687916368246,64.39715993590654,499
362,True,10000,500,3897508.693655849,8377.186838071793,69.71716182306409,16.64823582414575,60.06642448863267,59.68590765191609,False,False,14.956559985876083,19.892973670115072,21.97678294032812,60.14849869534373,64.39364401623608,499
363,True,10000,500,3897508.696097955,8375.912359915674,67.44108395650983,16.65024303799432,60.05918338357538,59.69498945486028,False,False,14.956832397729158,19.892733699331682,21.97679302965601,60.14801999554038,64.51768192462625,499
364,True,10000,500,3897508.696518081,8375.597343314439,67.04066833481193,16.650414178315884,60.0585660687238,59.69723465743127,False,False,14.95647500269115,19.892890316744644,21.976832921306293,60.149020049721,64.52967290766539,499
365,True,10000,500,3897508.696890368,8375.17331680283,66.65808102115989,16.650331133831003,60.058865614278886,59.70025706773934,False,False,14.95639979839325,19.89291002973914,21.976843010634184,60.14982219785452,64.52363480813803,499
366,True,10000,500,3897508.697265444,8374.94283914566,66.31105532869697,16.650564697027985,60.05802314791722,59.70190001332662,False,False,14.956444734707475,19.895083426187437,21.9767396338284,60.150751657783985,64.5400711707771,499
367,True,10000,500,3897508.69764034,8374.198897276074,65.87041029706597,16.64995688773348,60.06021557549676,59.707203773561915,False,False,14.957285020500422,19.890939972052973,21.97723633920153,60.14336608350277,64.50187801383437,499
368,True,10000,500,3897508.697998757,8374.163346830755,65.56899193674326,16.650489689166356,60.058293699953474,59.70745724577101,False,False,14.955585007555783,19.894386641681194,21.97778970003128,60.15998376533389,64.5360314846039,499
369,True,10000,500,3897508.698365883,8374.219747260213,65.28791505843401,16.65116599639635,60.055854359773974,59.707055115622516,False,False,14.955912483856082,19.88137373700738,21.975383007278044,60.12164764106274,64.75466229952873,499
370,True,10000,500,3897508.698842518,8373.112537898123,64.68696193769574,16.650151454830514,60.05951373552711,59.71495041263514,False,False,14.955315040424466,19.881857093423605,21.967229899019003,60.13243878260255,64.74738246761264,499
371,True,10000,500,3897508.699213345,8373.188825789839,64.41687373444438,16.65084559530139,60.057009974447446,59.71440635137417,False,False,14.956559985876083,19.881030234197777,21.975733029345673,60.121953673660755,64.76097525097431,499
372,True,10000,500,3897508.699573451,8372.681931592524,64.03913768008351,16.650586761347576,60.05794356276892,59.718021547355924,False,False,14.955617254599929,19.8808837061127,21.966596289227407,60.133288241922855,64.74720744416119,499
373,True,10000,500,3897508.699942737,8372.508644126356,63.69526218622923,16.6509286211225,60.05671051471881,59.719257543050695,False,False,14.955502236261964,19.881620382269222,21.974733099341393,60.13419674709439,64.75373500026764,499
374,True,10000,500,3897508.700301564,8371.602982282639,63.21889627724886,16.650068308628036,60.05981365744918,59.725718128079194,False,False,14.955214806832373,19.881587009876966,21.96725644171238,60.12962991371751,64.74643223918976,499
375,True,10000,500,3897508.70065745,8371.64619192481,62.96425871551037,16.650665196812223,60.05766065078591,59.725409858134476,False,False,14.955717255361378,19.88210032383601,21.96674297253291,60.133261885493994,64.74748770706357,499
376,True,10000,500,3897508.701055336,8371.443984098732,62.590922228991985,16.65100814001952,60.05642370665658,59.72685249399419,False,False,14.955769758671522,19.88132034117977,21.975066357602675,60.121707897633314,64.75420285947622,499
377,True,10000,500,3897508.74116503,8331.378110218793,59.70855103805661,16.576492102566608,60.32639437901133,60.01408091018322,False,False,14.956485014408827,19.880933687090874,21.975459686170023,60.126883815974,64.79128553532063,499
378,True,10000,500,3897508.742107991,8330.245350953192,58.75838967040181,16.57612617491541,60.32772611934484,60.0222417149799,False,False,14.955429709516466,19.88187696163853,21.966280105213325,60.13741078786552,64.7775917034596,499
379,True,10000,500,3897508.742613476,8331.92112436518,58.19954536855221,16.58060436672671,60.31143243528322,60.01016962796748,False,False,14.955937396734953,19.894307013601065,21.96729959299167,60.158481961116195,65.2968029771,499
380,True,10000,500,3897508.743057342,8331.617817282677,57.77431931346655,16.58084869332507,60.31054371798041,60.01235425883625,False,False,14.956037513911724,19.894226919859648,21.967183022449415,60.1582420989871,65.33592821564525,499
381,True,10000,500,3897508.743467348,8331.46814769134,57.41238268092275,16.581274078177188,60.30899647911326,60.01343234307997,False,False,14.956082217395306,19.89438369249304,21.9674330825607,60.158105939626694,65.38491160143167,499
382,True,10000,500,3897508.743862524,8330.866954755038,56.97628669440746,16.580943222566393,60.310199882900285,60.01776318305183,False,False,14.95569001417607,19.89456033334136,21.966769670446713,60.16196315176785,65.34171485342085,499
383,True,10000,500,3897508.74425049,8330.547468271106,56.60952115431428,16.58103797017393,60.30985525748182,60.020064936232615,False,False,14.955524820834398,19.894673644254606,21.966412973900635,60.16468279995024,65.35337613429874,499
384,True,10000,500,3897516.705210627,8266.606168821454,58.49275179207325,16.449125084227216,60.79350694213414,60.48431360935192,False,False,14.951187302358449,19.924319659670193,20.190493979801733,60.01901337876916,63.08707302436227,499
385,True,10000,500,3897516.891167811,8325.101220980287,68.32764483988285,16.546640433147104,60.435228772890184,60.05932981810936,False,False,14.957544743083417,19.92728452508648,20.260757027038526,60.019994620233774,64.01190334465352,499
386,True,10000,500,3897516.892518607,8324.530897196382,67.04018916934729,16.548077571196462,60.42998020148257,60.063444556184535,False,False,14.961114735342562,19.923579040914774,20.24814445835833,60.01670551486313,64.09188928548244,499
387,True,10000,500,3897516.892989133,8324.105340987444,66.5755127556622,16.548155968400366,60.42969391330105,60.066515201102405,False,False,14.958524843677878,19.929744613667328,20.262147982915085,60.023121163249016,64.10039617214349,499
388,True,10000,500,3897516.893402459,8323.417358100414,66.12955685704947,16.547670944375483,60.4314651506832,60.07148007703784,False,False,14.96154221240431,19.923955419411264,20.273481444455523,59.996543591842055,64.05662037432191,499
389,True,10000,500,3897516.893785665,8322.810593992472,65.72351139038801,16.547268702609387,60.43293415802857,60.075859513240324,False,False,14.951404766179621,19.927665311843157,20.250291724999588,60.0307569373399,64.03101011645046,499
390,True,10000,500,3897516.894166231,8322.49347679317,65.35181496292353,16.547378079820135,60.43253469983383,60.07814862147064,False,False,14.957059756852686,19.919684746613104,20.266356652136736,60.02707979641855,64.06323746312407,499
391,True,10000,500,3897516.894546617,8322.378959041089,64.99961903318763,16.54785438879339,60.430795226070174,60.07897530991672,False,False,14.953834703192115,19.923825934529305,20.261376747706127,60.01051594503224,64.0760051924735,499
392,True,10000,500,3897516.894910054,8321.953022386879,64.62866207584739,16.547744209040143,60.43119759209798,60.08205028975175,False,False,14.956122264266014,19.92365171511968,20.273650112406504,60.00067223794758,64.0654656058177,499
393,True,10000,500,3897516.89527755,8321.688725147396,64.27505612373352,16.54792318441616,60.430543993686165,60.08395849859715,False,False,14.953222242183983,19.92743934194247,20.261622664208055,60.019694874063134,64.07668117433784,499
394,True,10000,500,3897516.896203131,8320.568676106632,63.32179484888911,16.547588940396277,60.431764627581586,60.09204652511329,False,False,14.961634762585163,19.922218720118206,20.27311484406997,60.00043414533138,64.04640170745549,499
395,True,10000,500,3897516.95197493,8326.592357363552,70.04260923713446,16.54619188001286,60.43686712034086,60.04857431958095,False,False,14.955169754102826,19.9232567101717,20.099094913651545,60.01876420341432,64.41149877849965,499
396,True,10000,500,3897516.95308044,8325.603076256812,68.95290920510888,16.546393120344096,60.436132075846885,60.055709528828494,False,False,14.954479993321002,19.927666367342074,20.089115016162395,60.02679914236069,64.37785779591648,499
397,True,10000,500,3897516.953552705,8324.900333303958,68.44368437305093,16.546005308478772,60.43754860199179,60.06077910623606,False,False,14.953440055251122,19.924656643221777,20.086788417150576,60.02410086803138,64.32312371209262,499
398,True,10000,500,3897516.953965641,8323.953262064606,67.91581911966205,16.545165216322534,60.44061736013708,60.06761261847643,False,False,14.961312292143703,19.9220166541636,20.097265020012856,60.01556878909469,64.27561621647325,499
399,True,10000,500,3897516.954357107,8322.87508295849,67.47230375185609,16.543893345103474,60.44526394967191,60.07539402144524,False,False,14.961809734813869,19.921980022142332,20.09824492658178,60.012421011924744,64.072595750913,499
400,True,10000,500,3897516.954736923,8323.439108207822,67.21680704504251,16.545535673672905,60.43926408446178,60.071323103324595,False,False,14.962702291086316,19.929309996465843,20.089918281883,60.0733398925513,64.35413786675778,499
401,True,10000,500,3897516.955116349,8322.709855157882,66.75546104088426,16.544998785805607,60.44122534828631,60.07658667689011,False,False,14.961437322199345,19.92888965954383,20.09068165595333,60.024410067126155,64.1671588271856,499
402,True,10000,500,3897516.955551095,8323.073901236057,66.47448427975178,16.546291416746104,60.43650355317229,60.0739589643371,False,False,14.962979825213552,19.930549897253513,20.083011593669653,60.073321126401424,64.16905407328156,499
403,True,10000,500,3897516.956005881,8322.113869711757,65.8991988748312,16.545520382438728,60.43931994193373,60.080889041874876,False,False,14.962029759772122,19.929496726642054,20.08983865380287,60.03483287058771,64.16819567326453,499
404,True,10000,500,3897516.956637494,8321.593246422708,65.32602524384856,16.545625693745208,60.43893525151079,60.08464787857065,False,False,14.962047338485718,19.92906630039215,20.08936833590269,60.04642187617719,64.16856970638034,499
405,True,10000,500,3897516.956999561,8321.346138138324,64.98119840398431,16.54582152251371,60.43821992394343,60.08643213486868,False,False,14.963012305088341,19.92944333081444,20.08886154120167,60.07386650890112,64.16932928841558,499
406,True,10000,500,3897516.957371967,8320.61534607783,64.5177629776299,16.54528573767575,60.44017709061808,60.091709471426284,False,False,14.961832319386303,19.92889338483413,20.089765079319477,60.035820212215185,64.16824115905908,499
407,True,10000,500,3897516.957730544,8320.555846206844,64.24228521063924,16.54571855911063,60.4385960287815,60.09213918417949,False,False,14.962839777581394,19.929309996465843,20.088871630529564,60.07376662455499,64.1686066240072,499
408,True,10000,500,3897516.95809198,8320.416518021375,63.916709274053574,16.546091801096836,60.43723267229245,60.09314544735097,False,False,14.963159803301096,19.930452884485323,20.08264201382796,60.07387526333332,64.16882289107886,499
409,True,10000,500,3897516.958446107,8319.952812045813,63.54238232597709,16.545912684809288,60.43788693011142,60.09649469118249,False,False,14.963157242164016,19.929963319251936,20.0888483474652,60.074043832719326,64.16965365409848,499
410,True,10000,500,3897516.958855913,8319.203708786517,63.04150680080056,16.545415234440316,60.43970404069627,60.10190608410196,False,False,14.961387496441603,19.929033393661182,20.090024918317795,60.0327730178833,64.16748526040462,499
411,True,10000,500,3897517.073267973,8325.30306885019,80.4157960228622,16.52282018602671,60.52235567180574,60.05787367318691,False,False,14.966987306252122,19.925846718251705,20.088668291767437,60.08287565782666,64.54128725919871,499
412,True,10000,500,3897517.075037725,8323.364759329706,78.58278416097164,16.52260916867482,60.52312862885469,60.07185969346678,False,False,14.96724714525044,19.923413327584665,20.082434949775536,60.08985098451376,64.47742256801574,499
413,True,10000,500,3897517.07561524,8322.429866995662,77.87398109212518,16.522156083975023,60.524788345869,60.078607809343595,False,False,14.962182263843715,19.922273078312475,20.089348312467337,60.0443281698972,64.45780531503259,499
414,True,10000,500,3897517.076058405,8321.515026967973,77.38618599250913,16.52130028251596,60.527923522961004,60.08521265414094,False,False,14.962497283704579,19.922723372777302,20.09027497842908,60.025927145034075,64.46079937275498,499
415,True,10000,500,3897517.076468731,8322.01721239835,77.19580829143524,16.522688184582996,60.52283919108761,60.08158686034528,False,False,14.962087268941104,19.922176686426003,20.089244935661554,60.0543562322855,64.55994545482098,499
416,True,10000,500,3897517.076860787,8321.28235930577,76.69565314427018,16.522217848019036,60.5245620895803,60.08689266995552,False,False,14.967712224461138,19.931280054152012,20.08203494672974,60.09031664580107,64.45142596494405,499
417,True,10000,500,3897517.077249564,8321.194508578628,76.38007495552301,16.52267421567757,60.52289035942791,60.087527035274974,False,False,14.968656934797764,19.929593428969383,20.078501974542935,60.084281116724014,64.3493836885318,499
418,True,10000,500,3897517.07761997,8320.992932189256,76.07418904080987,16.522883252802497,60.52212466189198,60.08898265804077,False,False,14.96874971780926,19.928662882496912,20.079224991301697,60.082157934084535,64.36806931160389,499
419,True,10000,500,3897517.078264924,8319.964500609785,75.31300559639931,16.52234768539757,60.52408647009642,60.09641026273058,False,False,14.968289760872722,19.930380086104076,20.08373166124026,60.08544000796974,64.32241891045122,499
420,True,10000,500,3897517.07864739,8319.32532787323,74.82951087877154,16.522035705399716,60.52522932589844,60.10102746250231,False,False,14.967659721150994,19.915593322366476,20.0816683160762,60.09235470555723,64.30650759954004,499
421,True,10000,500,3897517.079014936,8319.081581197679,74.5314541272819,16.52214454322725,60.52483062254286,60.10278840516145,False,False,14.967649476602674,19.931383275737364,20.081858305881422,60.09086784906685,64.31755671743302,499
422,True,10000,500,3897517.079375033,8318.899251986295,74.21345729380846,16.522416422229433,60.52383467678429,60.10410570612639,False,False,14.968302333727479,19.93020996451378,20.083715052654345,60.08534678258002,64.32788641657679,499
423,True,10000,500,3897517.079736739,8318.449187092483,73.82979104295373,16.52228335881669,60.52432210989626,60.10735760408764,False,False,14.968107221648097,19.930593048532803,20.08323169623812,60.08974560536444,64.31746176443993,499
424,True,10000,500,3897517.080116005,8318.414077628404,73.55812378227711,16.522757422537328,60.52258557254993,60.107611298733396,False,False,14.968819683417678,19.929146704574425,20.078821883847315,60.08219746872783,64.34793841093777,499
425,True,10000,500,3897517.080477412,8317.839943338186,73.12175817787647,16.52248133298659,60.523596900880314,60.11176019327631,False,False,14.968589530326426,19.9298900552094,20.083338332672913,60.08575796149671,64.33379693888126,499
426,True,10000,500,3897517.080886718,8317.472096066922,72.72232230752707,16.522544636792375,60.523365013231775,60.11441868695113,False,False,14.968589530326426,19.92953335866332,20.078925260653097,60.082121612504125,64.33624571654944,499
427,True,10000,500,3897517.081783179,8324.60319576785,71.95368874818087,16.53837576557048,60.46542986898362,60.06292290955025,False,False,14.967732015065849,19.931446760892868,20.08190502723058,60.091074695810676,67.98273278865962,499
428,True,10000,500,3897517.082200425,8324.426417704672,71.65541173890233,16.538619250432404,60.464539684826164,60.06419840970461,False,False,14.968764735385776,19.929610037555296,20.083601586520672,60.08534310385585,68.04825061466543,499
429,True,10000,500,3897517.082583651,8323.90617299825,71.24020624905825,16.538408751000386,60.46530927224249,60.06795242622266,False,False,14.967752154916525,19.931452969710033,20.08231170475483,60.09117215871811,68.01195598673074,499
430,True,10000,500,3897517.082959687,8324.234110303223,70.941680110991,16.53966418876199,60.46071967286121,60.065586019635234,False,False,14.96802968904376,19.930426341791946,20.08295866350333,60.09036600589752,68.2697045849636,499
431,True,10000,500,3897517.083331764,8324.032020755112,70.60697162523866,16.5399299581761,60.45974816874452,60.06704428254261,False,False,14.967859722673893,19.931379705667496,20.082831848412752,60.09123935364187,68.3144142385572,499
432,True,10000,500,3897517.08370233,8323.578735813498,70.21757680922747,16.53980192185225,60.46021619393206,60.07031540996565,False,False,14.969317242503166,19.92046336332957,20.076951788117487,60.071970941498876,68.29103900585322,499
433,True,10000,500,3897517.084064986,8322.68659491092,69.81817074120045,16.538814477294025,60.46382595154508,60.07675457895236,False,False,14.96930979192257,19.922136639555294,20.07782831788063,60.076536890119314,68.07511705905198,499
434,True,10000,500,3897517.084503142,8322.033811826259,69.33155469596386,16.538481477215022,60.46504338247104,60.081467019451544,False,False,14.968189527280629,19.924330059438944,20.079911996920902,60.07610596716404,68.022743021138,499
435,True,10000,500,3897517.084869528,8322.36803881824,69.0421387553215,16.539731262651138,60.460474485346076,60.07905414274361,False,False,14.969217241741717,19.92120003948609,20.077298395335674,60.07234207354486,68.27903274912386,499
436,True,10000,500,3897517.085229685,8321.088211145252,68.49717302247882,16.53825859343241,60.46585826134772,60.088294621165154,False,False,14.963974710553885,19.92787995065252,20.080454957981903,60.08751690387726,67.95458476524799,499
437,True,10000,500,3897517.085593081,8321.117710787803,68.28070571646094,16.53875151316902,60.46405614134462,60.088081598915686,False,False,14.968409785069525,19.92211335649093,20.078265108168125,60.07724888622761,68.06594969239084,499
438,True,10000,500,3897517.085949318,8320.493185892701,67.86449998617172,16.538334039892845,60.465582421292005,60.09259172854611,False,False,14.968217234127223,19.925940005729597,20.08070160324375,60.07666611112654,67.99749582074581,499
439,True,10000,500,3897517.086313894,8320.355157833546,67.5513930618763,16.538684899342027,60.46429967595452,60.093588616737605,False,False,14.968159724958241,19.922836683690548,20.079495385289192,60.07484765723348,68.05534134618937,499
440,True,10000,500,3897517.086670051,8320.472416002303,67.22199590876698,16.53958000018745,60.46102742564604,60.092741734036366,False,False,14.969254727475345,19.921720027923584,20.077715006967384,60.07170821540058,68.24989983811973,499
441,True,10000,500,3897517.087091586,8319.489866960794,66.75316113978624,16.53855051266735,60.464790988428604,60.09983881171019,False,False,14.96817939914763,19.92376334965229,20.079911996920902,60.07552398368716,68.03373975213616,499
442,True,10000,500,3897517.087455253,8319.86677274108,66.47421279922128,16.53986484958288,60.45998616640565,60.09711617476647,False,False,14.96942201629281,19.919240071127813,20.080048746118944,60.0714860484004,68.2958278339356,499
443,True,10000,500,3897517.088370504,8319.144919980317,65.61201205477118,16.540146108067226,60.45895806883253,60.10233080555387,False,False,14.968177187256515,19.926843388626974,20.081064974268276,60.0861357524991,68.37586463894694,499
444,True,10000,500,3897517.08874578,8319.220168981701,65.27194613590837,16.540978402496577,60.45591594805946,60.101787168015484,False,False,14.969349489547312,19.920036662369967,20.07637203981479,60.07057693786919,68.59976252075283,499
445,True,10000,500,3897517.089121846,8318.34527803585,64.85163979232311,16.54006741130967,60.4592457293267,60.10810843837218,False,False,14.968139701522887,19.927409943193197,20.08130168542266,60.08638562634587,68.36135182529686,499
446,True,10000,500,3897517.089490743,8318.156729917973,64.50213305652142,16.540389973670244,60.45806668354532,60.10947091218496,False,False,14.968152274377644,19.925469687829416,20.080334972590208,60.076707880944014,68.44348862767218,499
447,True,10000,500,3897517.089845049,8317.846862599254,64.16124664247036,16.540452136185937,60.4578394693502,60.11171018887386,False,False,14.968239818699658,19.922126705447834,20.078411636253197,60.07735189050436,68.45552631188183,499
448,True,10000,500,3897524.973589538,8233.542274683714,58.85792896151543,16.382132957359115,61.042112318517354,60.72720383514484,False,False,14.884378178976476,19.821369741111994,20.73138623032701,59.97485341504216,67.21898883581152,499
449,True,10000,500,3897525.218231433,8227.010078728199,72.03404884785414,16.34263733442955,61.189634178154854,60.775420865570915,False,False,14.887645607814193,19.8018583158652,20.69588900388513,59.88190267235041,61.34367693215608,499
450,True,10000,500,3897525.21949775,8225.858850870281,70.78377110883594,16.342835831185262,61.18889098131968,60.783926525447356,False,False,14.880275586619973,19.800161849707365,20.708975008843925,59.848421066999435,61.36919012293219,499
451,True,10000,500,3897525.219980805,8225.19112797454,70.27272693812847,16.342521845764352,61.190066590559866,60.788860978495634,False,False,14.891000464558601,19.79495296254754,20.695940091584962,59.84082389622927,61.34353337809443,499
452,True,10000,500,3897525.220395601,8224.372756201774,69.84424125403166,16.34174051091732,61.192992223315294,60.794909815215235,False,False,14.885720564052463,19.79618724435568,20.694040523376156,59.83406500890851,61.33487787097692,499
453,True,10000,500,3897525.220782238,8224.746622145176,69.52423276379704,16.343131040844447,61.18778571259196,60.79214630803911,False,False,14.862193260341883,19.798652331034344,20.714127971635353,59.878808818757534,61.3866507820785,499
454,True,10000,500,3897525.221154234,8224.458305165172,69.1594872623682,16.343284204214033,61.1872122827158,60.794277440252465,False,False,14.861965668387711,19.820871017873287,20.71358687710001,59.881836734712124,61.38289561495184,499
455,True,10000,500,3897525.22152443,8223.959660157561,68.77384101971984,16.34305775378325,61.188060096557535,60.79796359195913,False,False,14.865865814499557,19.798645190894604,20.713510211401772,59.87578062340617,61.3794232904911,499
456,True,10000,500,3897525.221910826,8223.746322095394,68.41020518913865,16.343358951715945,61.18693243869593,60.799540795246834,False,False,14.863645774312317,19.821626972407103,20.712360992717084,59.8826807923615,61.392733547836535,499
457,True,10000,500,3897525.222292893,8222.995138727129,67.98098795115948,16.342713729009958,61.18934814509414,60.805094927661244,False,False,14.887197990901768,19.802013753602903,20.695909822825183,59.886640310287476,61.34354716166853,499
458,True,10000,500,3897525.223348452,8222.054819110781,66.94150902330875,16.342912445065075,61.18860413414019,60.81204893426814,False,False,14.876362984068692,19.800272025167942,20.709038722173464,59.84791712835431,61.36954639106988,499
459,True,10000,500,3897525.280502338,8224.764621816576,68.05386813357472,16.346113734835672,61.17662070764082,60.79201326609718,False,False,14.887227909639478,19.79846429700653,20.542850252240896,59.90582853555679,61.387659385800355,499
460,True,10000,500,3897525.281922374,8223.848131019622,66.75750110298395,16.346875009852983,61.17377170849204,60.79878811405145,False,False,14.886393095366657,19.796084612607956,20.5390773092707,59.93364593014121,61.380883380770676,499
461,True,10000,500,3897525.282462519,8222.387614659965,66.05026684701443,16.34536542647886,61.1794214389382,60.809587607927114,False,False,14.887545490637422,19.78949798891942,20.52557406326135,59.818233363330364,61.35446378961205,499
462,True,10000,500,3897525.282890284,8222.42249501869,65.67340204492211,16.346190567081702,61.176333158247935,60.80932964742569,False,False,14.886335469782352,19.795767962932587,20.53899069627126,59.874910954385996,61.380681041628115,499
463,True,10000,500,3897525.28328845,8222.31772588566,65.36318501457572,16.346602286314795,61.17479231981986,60.810104482570694,False,False,14.884948031976819,19.814520919074614,20.53785401706894,59.937390591949224,61.38451782986521,499
464,True,10000,500,3897525.283666897,8221.982229035348,64.99123806133866,16.346675332613245,61.17451895584544,60.81258583049297,False,False,14.883707975968719,19.79750767350197,20.52910067141056,59.93044264614582,61.367887761443846,499
465,True,10000,500,3897525.284043213,8221.163746900856,64.50371304526925,16.346012091894963,61.177001116733656,60.818640206319415,False,False,14.884925563819706,19.813204339394968,20.543617351601522,59.87964300438762,61.487753186374896,499
466,True,10000,500,3897525.284408639,8221.279996912926,64.25595562905073,16.346741565699148,61.174271091330496,60.81778022251389,False,False,14.883535797707736,19.795634628583986,20.529900677502155,59.87368477508426,61.470169052481644,499
467,True,10000,500,3897525.284775466,8220.954198855907,63.89631889760494,16.34680937867395,61.174017316467896,60.82019044329233,False,False,14.881185488775373,19.79591092094779,20.531496964395046,59.86785516142845,61.47434586659073,499
468,True,10000,500,3897525.287315601,8218.496023211628,61.37116393074393,16.346943605773316,61.17351500783462,60.838381936043056,False,False,14.880417962558568,19.79692466557026,20.53250077491005,59.87842222675681,61.47910324856638,499
469,True,10000,500,3897525.287707977,8217.688121832907,60.90863794088364,16.346251470725498,61.17610522454643,60.84436310883966,False,False,14.880525530315936,19.806880969554186,20.528633923580248,59.85575886443257,61.46695535629987,499
470,True,10000,500,3897525.288101693,8217.252905946225,60.46950304880738,16.346259324443725,61.17607583189561,60.84758564972323,False,False,14.880753005854785,19.80749098584056,20.529210567474365,59.884504321962595,61.4674724265933,499
471,True,10000,500,3897525.288474529,8216.963719110936,60.15037605538964,16.34631932476061,61.17585128079864,60.84972711235231,False,False,14.880558010190725,19.807414306948584,20.528974011540413,59.85558480024338,61.46720146760344,499
472,True,10000,500,3897525.288844645,8216.676251962781,59.79346018284559,16.346458500560992,61.17533042191867,60.851855989891426,False,False,14.880950562655926,19.79651441797614,20.531883618483942,59.86766880378127,61.4752684533596,499
473,True,10000,500,3897525.289213002,8216.26709587872,59.41864289343357,16.346389685341254,61.17558795852991,60.85488630850377,False,False,14.884328003972769,19.797677639871836,20.528587357451517,59.86263919621706,61.467510350048535,499
474,True,10000,500,3897525.289580658,8215.983639005572,59.063656721264124,16.346533030629875,61.17505150029158,60.85698584235715,False,False,14.883845462463796,19.797404296696186,20.528940639148157,59.86295659095049,61.46835444495081,499
475,True,10000,500,3897525.399088767,8211.365504190326,82.3919759131968,16.290528112779818,61.38536412551943,60.891212277037965,False,False,14.892312930896878,19.805751275271177,20.321729282538097,59.92497410625219,61.48007988929748,499
476,True,10000,500,3897525.400323565,8209.772119764239,81.06501866132021,16.28999419058701,61.38737609727564,60.90303027976842,False,False,14.88941302523017,19.79421762128671,20.323792627702158,59.934816136956215,61.467215176671736,499
477,True,10000,500,3897525.40081316,8209.526091814041,80.63383400440216,16.2903652461115,61.38597783979702,60.90485545792523,False,False,14.889513025991619,19.791877983758848,20.324666053056717,59.93017666041851,61.48220488801598,499
478,True,10000,500,3897525.401207386,8208.641631063074,80.07133891806006,16.289720024338706,61.388409285480996,60.91141780485387,False,False,14.892250532284379,19.805700983852148,20.32161255677541,59.909490030258894,61.479640863835805,499
479,True,10000,500,3897525.401584912,8208.832330070436,79.8830920830369,16.290479434844485,61.3855475524589,60.91000277450054,False,False,14.889842947013676,19.791927964737017,20.32450943564375,59.92095377296209,61.475520059466355,499
480,True,10000,500,3897525.401951889,8207.949338015169,79.33970587328076,16.289798862007792,61.388112184262134,60.916555330604545,False,False,14.885807991959155,19.795083665909864,20.32389600450794,59.925569873303175,61.49425081908702,499
481,True,10000,500,3897525.402322455,8207.896449137479,79.09614918753505,16.290180961823534,61.38667227476025,60.91694785605417,False,False,14.884395757690072,19.788499983648457,20.32471603403489,59.88321704789996,61.454539000988,499
482,True,10000,500,3897525.402680772,8206.837859004736,78.55315413326025,16.28914770515326,61.39056616716899,60.92480545980182,False,False,14.883533003740013,19.79369729136427,20.324852783232927,59.865926671773195,61.49341564625501,499
483,True,10000,500,3897525.403049968,8207.003886811435,78.32710584625602,16.289933428787936,61.38760507349757,60.92357295011088,False,False,14.885095530189574,19.79328949625293,20.324232677618664,59.885916672647,61.47011378780007,499
484,True,10000,500,3897525.403679912,8206.699289847165,77.77864206582308,16.29042213984237,61.38576345141147,60.925834168015626,False,False,14.885025564581156,19.788961415179074,20.324696010599535,59.866620507091284,61.494515594094985,499
485,True,10000,500,3897525.404054038,8206.083295866847,77.3450955748558,16.290056513611205,61.38714123947004,60.930407597962684,False,False,14.885038021020591,19.791023689322174,20.3245726103584,59.88282496109605,61.455653291195624,499
486,True,10000,500,3897525.404418534,8205.572351813316,76.8927508033812,16.28993908018023,61.38758377658317,60.93420160867962,False,False,14.885532902553678,19.796429993584752,20.32432270546754,59.88598894327879,61.47130355238914,499
487,True,10000,500,3897525.404784001,8205.477391835302,76.6445929184556,16.29024609001372,61.38642685164971,60.934906785254825,False,False,14.885438256897032,19.791545307574175,20.32434257368247,59.86540503799915,61.494472548365586,499
488,True,10000,500,3897525.405151057,8205.027067102492,76.25846704468131,16.290117434985593,61.38691166537219,60.93825113688127,False,False,14.884625445120037,19.79291473980993,20.324935981382925,59.884446952492,61.45348493009805,499
489,True,10000,500,3897525.405510624,8204.78941919282,75.9269199334085,16.2903056097383,61.38620256468379,60.94001618498449,False,False,14.88474803045392,19.787895485448338,20.32426930963993,59.88347893580794,61.455142069607966,499
490,True,10000,500,3897525.40592461,8204.021376091987,75.37654507905245,16.289869400827524,61.38784635984866,60.94572126019699,False,False,14.885633019730449,19.7951834804068,20.324162673205137,59.88752469420433,61.46996978670358,499
491,True,10000,500,3897525.408846021,8202.57357088849,72.75185082107782,16.292227895926676,61.3789597339242,60.956478558697135,False,False,14.886360499076545,19.778054673224688,20.32416934768359,59.926426876336336,61.465180534869425,499
492,True,10000,500,3897525.409268367,8202.194624114782,72.34004512429237,16.292293745471923,61.37871165488454,60.959294788004655,False,False,14.886102988384664,19.777358354379732,20.324089253942173,59.92598012089729,61.46726768463849,499
493,True,10000,500,3897525.409648833,8202.296084258705,72.07145821303129,16.29303532273682,61.37591800371947,60.958540738314284,False,False,14.885390526615083,19.779014711578686,20.324576025207836,59.92241874337196,61.49351766332983,499
494,True,10000,500,3897525.410017039,8201.96636673063,71.71199191361666,16.293094939513054,61.375693427947745,60.960991260356025,False,False,14.888010453432798,19.77930807818969,20.324099343270063,59.92690287530422,61.4626951701939,499
495,True,10000,500,3897525.410381336,8201.284202747047,71.2750256061554,16.292603561404594,61.377544493189,60.966061855596145,False,False,14.884775504469872,19.777627972265083,20.3245859593153,59.92453200742602,61.452145855873816,499
496,True,10000,500,3897525.410739882,8200.764369219542,70.87920000776649,16.29235504852059,61.37848070594336,60.96992639816384,False,False,14.88336082547903,19.779914679626625,20.324666053056717,59.91995809599757,61.463338118046515,499
497,True,10000,500,3897525.411111268,8200.794018805027,70.6002525985241,16.29297347937175,61.376150968764705,60.96970596425944,False,False,14.880470698699355,19.7814479470253,20.325752596060436,59.86570110544562,61.62674376741052,499
498,True,10000,500,3897525.411604663,8200.100285932422,70.06112905219197,16.292663641042544,61.3773181618332,60.97486403401293,False,False,14.88308550324291,19.78016458451748,20.324605982750654,59.88757889717817,61.62867274135351,499
499,True,10000,500,3897525.41196471,8199.580680113286,69.66328201815486,16.292419635461183,61.37823738737094,60.97872799918495,False,False,14.881637995131314,19.78006788219015,20.324689180900652,59.88793121650815,61.625845804810524,499
500,True,10000,500,3897525.412328336,8199.41701227799,69.346166215837,16.292727146417143,61.377078926894406,60.979945190162766,False,False,14.883000520057976,19.7803412253658,20.324882585555315,59.88707663491368,61.62903068587184,499
501,True,10000,500,3897525.413087429,8198.737878818065,68.60597198829055,16.292849512684917,61.37661795878264,60.984996397040604,False,False,14.882940449751914,19.780424578736227,20.32541933779915,59.88565282896161,61.62992782890797,499
502,True,10000,500,3897525.413469395,8198.315342888236,68.21448588743806,16.292787288578754,61.376852363438154,60.988139524754104,False,False,14.880358357913792,19.78489465545863,20.326029354085524,59.865938406437635,61.62728736177087,499
503,True,10000,500,3897525.413835611,8198.029296007007,67.8666396997869,16.292911134884207,61.37638582333721,60.990267532165774,False,False,14.883857918903232,19.780521436283987,20.325512780497473,59.868377074599266,61.632332876324654,499
504,True,10000,500,3897525.414203488,8197.42243224755,67.44347419589758,16.292543002107518,61.37777263320068,60.99478270548407,False,False,14.883263036608696,19.78017467384537,20.324696010599535,59.88776311278343,61.62758497521281,499
505,True,10000,500,3897525.414559324,8196.805928368121,67.02736811712384,16.292141403308612,61.37928558592793,60.99937028758512,False,False,14.881690731272101,19.78000975213945,20.324896089732647,59.88739375025034,61.61832744255662,499
506,True,10000,500,3897525.414912411,8196.672569029033,66.72499096021056,16.29248011637039,61.37800953921178,61.00036274344302,False,False,14.883460476994514,19.779871217906475,20.32477253427108,59.887442737817764,61.62246059626341,499
507,True,10000,500,3897525.415272327,8197.185123804957,66.52695266529918,16.293904150580477,61.372645300873124,60.99654850394678,False,False,14.884840580634773,19.786478020250797,20.323419477790594,59.896105993539095,61.628868225961924,499
508,True,10000,500,3897525.415629044,8196.707998868078,66.14256696775556,16.293718300401448,61.37334533243783,61.00009907258467,False,False,14.883902971632779,19.78112788250049,20.32546605914831,59.910400584340096,61.63327185437083,499
509,True,10000,500,3897525.416070729,8196.218694094568,65.69070182740688,16.293643271076476,61.37362794576101,61.00374070792589,False,False,14.883073046803474,19.780501257628202,20.325589459389448,59.916514717042446,61.63101451471448,499
510,True,10000,500,3897525.416428366,8195.947855710983,65.35297492519021,16.293777316203993,61.373123039156205,61.00575660100096,False,False,14.883980504237115,19.7813146126767,20.325479252884787,59.91071667522192,61.63262439891696,499
511,True,10000,500,3897525.416881411,8195.53538132459,64.90927934646606,16.29383988372369,61.37288736947293,61.00882696929903,False,False,14.884743024595082,19.78653467570742,20.326062726477783,59.89646418020129,61.62801116704941,499
